EVENT_ID,CZ_NAME_STR,BEGIN_LOCATION,BEGIN_DATE,BEGIN_TIME,EVENT_TYPE,MAGNITUDE,TOR_F_SCALE,DEATHS_DIRECT,INJURIES_DIRECT,DAMAGE_PROPERTY_NUM,DAMAGE_CROPS_NUM,STATE_ABBR,CZ_TIMEZONE,MAGNITUDE_TYPE,EPISODE_ID,CZ_TYPE,CZ_FIPS,WFO,INJURIES_INDIRECT,DEATHS_INDIRECT,SOURCE,FLOOD_CAUSE,TOR_LENGTH,TOR_WIDTH,BEGIN_RANGE,BEGIN_AZIMUTH,END_RANGE,END_AZIMUTH,END_LOCATION,END_DATE,END_TIME,BEGIN_LAT,BEGIN_LON,END_LAT,END_LON,EVENT_NARRATIVE,EPISODE_NARRATIVE,ABSOLUTE_ROWNUMBER
265838,OCONEE CO.,LONG CREEK,10/26/2010,1702,Tornado, ,EF0,0,0,0,0,SC,EST-5, ,45824,C,73,GSP,0,0,NWS Storm Survey, ,0.8,150,2,SE,3,SE,LONG CREEK,10/26/2010,1703,34.751,-83.225,34.752,-83.211,"A short tornado path was surveyed in the Sumter National Forest in the area around Spy Rock Rd and Forest Service Rd 748. Several trees were snapped off or uprooted in this area.","Scattered supercell thunderstorms developed over the western Carolinas and northeast Georgia as strong wind shear and moderate instability overspread the region ahead of a strong cold front. A number of tornadoes were spawned by the storms. Only weak tornadoes affected the Upstate, though two strong tornadoes occurred in the western piedmont and foothills of North Carolina.",1
265843,OCONEE CO.,TAMASSEE,10/26/2010,1716,Tornado, ,EF0,0,0,0,0,SC,EST-5, ,45824,C,73,GSP,0,0,NWS Storm Survey, ,0.46,200,3,S,3,S,TAMASSEE,10/26/2010,1717,34.827,-83.032,34.828,-83.024,"A short tornado damage path was surveyed near the Falcon's Lair area north of Walhalla. Several trees were snapped or uprooted and one residence sustained minor damage.","Scattered supercell thunderstorms developed over the western Carolinas and northeast Georgia as strong wind shear and moderate instability overspread the region ahead of a strong cold front. A number of tornadoes were spawned by the storms. Only weak tornadoes affected the Upstate, though two strong tornadoes occurred in the western piedmont and foothills of North Carolina.",2
266021,GREENVILLE CO.,CLEVELAND,10/26/2010,1817,Tornado, ,EF0,0,0,0,0,SC,EST-5, ,45824,C,45,GSP,0,0,NWS Storm Survey, ,4.73,40,2,NE,2,NE,LIMA,10/26/2010,1827,35.086,-82.481,35.103,-82.4,"This tornado touched down near highway 11 near the Pleasant Ridge County Park, where the tops of numerous small trees were snapped off and several large trees were uprooted. The intermittent damage path continued east northeast, crossing highway 25 just north of the highway 11 junction. Damage again appeared near the intersection of Chinquapin Rd and highway 11, where the tops of several trees were snapped off along a ridge line. The most significant damage was observed just east/northeast of this location along Look Up Lodge Rd. Numerous small trees and large limbs were snapped off and several large trees were uprooted. Some minor structural damage was observed due to falling trees and limbs. Some boat docks were flipped on Chinquapin Lake as well. Sporadic tree damage continued to the east northeast, with the tornado apparently lifting between Chestnut Mountain Rd and Old Highway 11.","Scattered supercell thunderstorms developed over the western Carolinas and northeast Georgia as strong wind shear and moderate instability overspread the region ahead of a strong cold front. A number of tornadoes were spawned by the storms. Only weak tornadoes affected the Upstate, though two strong tornadoes occurred in the western piedmont and foothills of North Carolina.",3
268819,PICKENS CO.,EASLEY,11/30/2010,1945,Tornado, ,EF1,0,0,1500000,0,SC,EST-5, ,46362,C,77,GSP,0,0,NWS Storm Survey, ,2.66,125,0,WSW,2,NNE,EASLEY,11/30/2010,1949,34.829,-82.605,34.863,-82.583,"A tornado damage path was surveyed starting in the Old Market Square area near downtown Easley. Numerous buildings in the downtown area received minor to significant roof damage. Some trees fell on homes as well. The tornado appeared to lift briefly as it traveled north northeast from the downtown area. However, the damage path appeared again in the Lenhardt Rd area just north of downtown. An anchored mobile home was rolled 60 to 80 feet and completely destroyed at this location. Numerous trees were also uprooted or snapped in this area.","A strong cold front crossed the western Carolinas during the evening hours. The combination of strong wind shear and weak instability contributed to the development of a broken line of thunderstorms, a couple of which produced QLCS (non-supercell) tornadoes over the Upstate.",4
268825,LAURENS CO.,OWINGS,11/30/2010,2139,Tornado, ,EF1,0,0,50000,0,SC,EST-5, ,46362,C,59,GSP,0,0,NWS Storm Survey, ,1.99,200,3,NE,4,NNW,MARTIN XRDS,11/30/2010,2142,34.658,-82.086,34.681,-82.065,"This tornado touched down along Wynfield Court north of Gray Court and moved along an intermittent path in a north northeast direction. Some trees were snapped and an outbuilding overturned near the beginning of the damage path. The tornado skipped to Robert Harris Ct, tearing the underskirting off a mobile home. Damage intensified toward Bramlett Church Rd, where a mobile home was moved from its foundation and had some siding and underskirting removed. Some shingles were torn off homes on Harris Bridge Rd, while the roofs of a well house and storage shed were blown off as well. The tornado lifted near Christmastree Lane, where several large oak trees were uprooted, one of which fell on and damaged a home. Also, a detached garage was completely destroyed at this location.","A strong cold front crossed the western Carolinas during the evening hours. The combination of strong wind shear and weak instability contributed to the development of a broken line of thunderstorms, a couple of which produced QLCS (non-supercell) tornadoes over the Upstate.",5
285541,GREENVILLE CO.,LIMA,02/28/2011,1702,Tornado, ,EF0,0,0,0,0,SC,EST-5, ,48798,C,45,GSP,0,0,NWS Storm Survey, ,1.53,50,2,SSW,2,SSE,LIMA,02/28/2011,1703,35.053,-82.444,35.051,-82.417,"NWS survey found a short tornado path embedded within a larger area of downburst winds. The track began along Goodwin Rd, just east of Goodwin Bridge Rd. Numerous trees were snapped off or uprooted toward the northeast along the east/southeast oriented damage path that roughly paralleled Goodwin Rd. One tree fell on and damaged a mobile home. The underpinning was blown out from underneath and a metal awning tossed from another mobile home. The tornado crossed highway 25 before lifting in the Boswell Rd area just before its intersection with highway 414.","A line of showers and thunderstorms entered the mountains of the western Carolinas and northeast Georgia during the late afternoon hours. The line intensified and expanded northward as it moved out of the mountains. An environment of high shear and moderate instability supported several strong to severe storms within the line. Most the severe weather was the result of straight line winds, though there were a few reports of large hail. One QLCS tornado was spawned along a strong bowing segment over the upstate. The storms crossed the foothills and western piedmont during the early evening hours, a little ways ahead of a strong cold front.",6
276006,NEWBERRY CO.,TRINITY,02/28/2011,1924,Tornado, ,EF1,0,0,120000,0,SC,EST-5, ,47384,C,71,CAE,0,0,NWS Storm Survey, ,3.38,100,0,ESE,1,ESE,SPEARMAN,02/28/2011,1930,34.2496,-81.728,34.2447,-81.6691,"Storm Survey with Sheriff found numerous trees down from a microburst and an EF1 tornado from the northwest to northeast side of Silverstreet.  One mobile home was destroyed, one was severely damaged, and there were no injuries.","Severe thunderstorms produced wind damage and spawned one tornado as they moved across the Midlands of South Carolina.",7
292900,LAURENS CO.,CROSS HILL,03/19/2011,1715,Tornado, ,EF0,0,0,0,0,SC,EST-5, ,49840,C,59,GSP,0,0,NWS Storm Survey, ,0.2,30,3,SSW,4,SSW,CROSS HILL,03/19/2011,1716,34.2511,-81.9934,34.2483,-81.9926,"An area of weak tornado damage was embedded within downburst damage near Lake Greenwood off Amber Hill Circle. Damage was mainly limited to several trees knocked down and some windows blown out of a home due to flying debris. However, some siding was stripped off a couple of homes. Parts of trees also fell on two homes. A pontoon boat was also tossed.","Thunderstorms developed during the afternoon hours over the southeast slopes of the North Carolina Blue Ridge. The storms intensified and consolidated into a single, large supercell thunderstorm that moved southward across Upstate South Carolina. Large hail, damaging winds and a brief tornado were produced by the storm.",8
298723,DILLON CO.,LITTLE ROCK,04/16/2011,1425,Tornado, ,EF1,0,3,180000,0,SC,EST-5, ,50655,C,33,ILM,0,0,NWS Storm Survey, ,1.51,440,1,NW,2,NNE,LITTLE ROCK,04/16/2011,1426,34.4754,-79.4086,34.49,-79.3888,"A National Weather Service Storm Survey Team concluded an EF1 tornado touched down in Little Rock, South Carolina. The maximum wind speed was estimated to 105 mph. The path length was one and a half miles and the maximum path width was 440 yards. Several pine trees and a few hardwood trees were snapped. A few large hardwood trees were uprooted. As several of these trees fell, they caused significant damage to many homes near the intersection of Highway 9 and Harllees Bridge Road. There people were admitted to the hospital and later released.","A powerful storm system that had moved across the deep south during previous days, swept across the eastern Carolinas during the afternoon and evening hours. Instability and shear values were highly supportive of super-cell thunderstorms. The result was a large outbreak of severe weather including tornadoes across eastern South Carolina.",9
285479,CLARENDON CO.,GABLE,04/16/2011,1427,Tornado, ,EF0,0,0,12000,0,SC,EST-5, ,48791,C,27,CAE,0,0,NWS Storm Survey, ,9.63,40,3,S,3,SW,CENTRAL XRDS,04/16/2011,1440,33.7717,-80.0963,33.8465,-79.9547,"A NWS storm survey found an EF0 tornado in eastern Clarendon County.  The path consisted of intermittent touchdowns the took down trees.  The tornado formed near Brewington road and ended just north northeast of Union Crossroads.","Supercell thunderstorms produced very large hail and 2 tornadoes in the east Midlands and Pee Dee region of SCs.  No injuries or deaths occurred and only trees were taken down by the tornadoes.",10
285482,CLARENDON CO.,MANNING CLARENDON AR,04/16/2011,1513,Tornado, ,EF1,0,0,14000,0,SC,EST-5, ,48791,C,27,CAE,0,0,Utility Company, ,8.86,50,6,S,6,S,FORESTON,04/16/2011,1521,33.4979,-80.2256,33.5391,-80.08,"Santee Cooper Dam Operations at Lake marion reported a tornado was sighted over the lake then touched down below the dam on the Clarendon County side fo the lake uprooting trees and snapping some of the them off.","Supercell thunderstorms produced very large hail and 2 tornadoes in the east Midlands and Pee Dee region of SCs.  No injuries or deaths occurred and only trees were taken down by the tornadoes.",11
304137,BERKELEY CO.,RUSSELLVILLE,04/16/2011,1603,Tornado, ,EF1,0,0,0,0,SC,EST-5, ,50506,C,15,CHS,0,0,NWS Storm Survey, ,7.92,120,5,SW,1,ESE,ST STEPHEN,04/16/2011,1614,33.3548,-80.0368,33.3973,-79.9093,"NWS personnel confirmed a EF-1 tornado with estimated wind speeds between 105 to 110 miles per hour. A tornadic waterspout formed over northern Lake Moultrie in South Carolina at 503 PM and traveled east northeast for 2 miles before coming onshore 2.5 miles southwest of Russellville South Carolina. The tornado then traveled east northeast before dissipating 1 mile southeast of Saint Stephen, South Carolina. The tornado lifted a roof off a church, destroyed a mobile home, shifted two other mobile homes off their foundations, tore half the roof off a house, destroyed a barn, tore shingles and/or siding off of a dozen homes/mobile homes, uprooted or snapped off many hundred trees, damaged or destroyed sections of several fences and knocked down several power poles.","A cold front in combination with outflow boundaries from upstream convection, resulted in scattered strong to severe thunderstorms across southern South Carolina.",12
301068,GEORGETOWN CO.,OCEDA,04/16/2011,1641,Tornado, ,EF0,0,0,28000,0,SC,EST-5, ,50655,C,43,ILM,0,0,NWS Storm Survey, ,0.17,30,2,SW,2,SW,OCEDA,04/16/2011,1642,33.3577,-79.6514,33.3584,-79.6486,"A National Weather Service Storm Survey Team concluded an EF0 tornado briefly touched down near the Georgetown-Williamsburg County line in southwest Georgetown County, South Carolina. The maximum wind speed was estimated to 75 mph. The path length was less than one-quarter of a mile and the maximum path width was 30 yards. A dozen trees were uprooted and snapped near the intersection of Saints Delight Road and Highway 41. One home suffered minor siding and flashing damage. The tornado moved across Saints Delight Road and then lifted.","A powerful storm system that had moved across the deep south during previous days, swept across the eastern Carolinas during the afternoon and evening hours. Instability and shear values were highly supportive of super-cell thunderstorms. The result was a large outbreak of severe weather including tornadoes across eastern South Carolina.",13
301075,GEORGETOWN CO.,PUNCHEON CREEK,04/16/2011,1645,Tornado, ,EF0,0,0,40000,0,SC,EST-5, ,50655,C,43,ILM,0,0,NWS Storm Survey, ,0.63,30,3,SSW,3,SSW,PUNCHEON CREEK,04/16/2011,1647,33.3915,-79.541,33.3931,-79.5302,"A National Weather Service Storm Survey Team concluded an EF0 tornado 4 miles south-southeast of Andrews, South Carolina. The maximum wind speed was estimated to 80 mph. The path length was almost two-thirds of a mile and the maximum path width was 30 yards. A tornado touched down near two doublewide trailers on Dave McKenzie Drive. The tornado caused damage to the roof deck of one of the trailers and damaged the skirt and swing set of the other trailer. It also knocked down six trees and tossed two aluminum boats across the yard. The tornado then moved into a wooded area before crossing Gallop Lane and lifting just to the east of the roadway. A dozen trees were snapped and uprooted, some of the fallen trees blocked Gallop Lane.","A powerful storm system that had moved across the deep south during previous days, swept across the eastern Carolinas during the afternoon and evening hours. Instability and shear values were highly supportive of super-cell thunderstorms. The result was a large outbreak of severe weather including tornadoes across eastern South Carolina.",14
301088,GEORGETOWN CO.,OLIN,04/16/2011,1653,Tornado, ,EF1,0,0,100000,0,SC,EST-5, ,50655,C,43,ILM,0,0,NWS Storm Survey, ,0.45,60,1,ESE,2,E,OLIN,04/16/2011,1655,33.4164,-79.4516,33.4181,-79.4441,"A National Weather Service Storm Survey Team concluded an EF1 tornado touched down 7 miles east-southeast of Andrews, South Carolina. The maximum wind speed was estimated to 110 mph. The path length was a little less than one-half of a mile and the maximum path width was 60 yards. The tornado touched down west of Indian Hut Road and then crossed the roadway before lifting east of the roadway. There were more than 400 trees snapped on both sides of Indian Hut Road. The road was blocked by dozens of trees before it was finally cleared.","A powerful storm system that had moved across the deep south during previous days, swept across the eastern Carolinas during the afternoon and evening hours. Instability and shear values were highly supportive of super-cell thunderstorms. The result was a large outbreak of severe weather including tornadoes across eastern South Carolina.",15
301091,GEORGETOWN CO.,OATLAND,04/16/2011,1659,Tornado, ,EF1,0,0,60000,0,SC,EST-5, ,50655,C,43,ILM,0,0,NWS Storm Survey, ,0.5,60,3,SSW,2,SSW,OATLAND,04/16/2011,1701,33.4631,-79.3701,33.4678,-79.3635,"A National Weather Service Storm Survey Team concluded an EF1 tornado touched down 11 miles east of Andrews, South Carolina. The maximum wind speed was estimated to 105 mph. The path length was a half mile and the maximum path width was 60 yards. The tornado touched down west of Johnson Road and caused significant damage to over 50 large trees which were either snapped or uprooted. A roof was ripped off a small shed and another small shed was rolled over. Damage also occurred to a pickup truck. the tornado moved across Johnson Road and then lifted east of the roadway.","A powerful storm system that had moved across the deep south during previous days, swept across the eastern Carolinas during the afternoon and evening hours. Instability and shear values were highly supportive of super-cell thunderstorms. The result was a large outbreak of severe weather including tornadoes across eastern South Carolina.",16
287937,CALHOUN CO.,FT MOTTE,04/28/2011,637,Tornado, ,EF1,0,0,250000,12000,SC,EST-5, ,49151,C,17,CAE,0,0,NWS Storm Survey, ,4.68,440,1,SW,4,ENE,FT MOTTE,04/28/2011,645,33.7186,-80.7152,33.7418,-80.6386,"NWS Storm Survey confirmed a HAM radio report of a tornado touchdown southwest of Ft. Motte.  An EF1 tornado with winds of near 100mph took down numerous trees and powerlines, damaged a farm, and rolled over a large section of a field irrigation system.  Nickel size hail was also reported.","A line of thunderstorms developed ahead of a cold front and moved through the area producing some large hail and wind damage.  Most of the damage was due to trees falling, some on homes or vehicles.  Three small tornadoes also touched down in the Midlands.",17
287957,SUMTER CO.,PRIVATEER,04/28/2011,650,Tornado, ,EF1,0,0,48000,0,SC,EST-5, ,49151,C,85,CAE,0,0,NWS Storm Survey, ,10.75,220,2,NW,4,NE,BRITTON,04/28/2011,704,33.85,-80.43,33.8854,-80.2476,"NWS Storm Survey confirmed an EF1 tornado of winds near 90 mph had intermittent touch downs along its path.  Numerous trees were either blown over or snapped.  Minor damage was done to several homes.","A line of thunderstorms developed ahead of a cold front and moved through the area producing some large hail and wind damage.  Most of the damage was due to trees falling, some on homes or vehicles.  Three small tornadoes also touched down in the Midlands.",18
287946,SUMTER CO.,SHILOH,04/28/2011,718,Tornado, ,EF0,0,0,18000,0,SC,EST-5, ,49151,C,85,CAE,0,0,Emergency Manager, ,1.65,80,2,WSW,1,WSW,SHILOH,04/28/2011,720,33.9121,-80.0629,33.9271,-80.0406,"Emergency Manager reported trees down on Forge road and Pudding Swamp road in the Shiloh Community from an EF0 tornado.","A line of thunderstorms developed ahead of a cold front and moved through the area producing some large hail and wind damage.  Most of the damage was due to trees falling, some on homes or vehicles.  Three small tornadoes also touched down in the Midlands.",19
317551,YORK CO.,BETHANY,05/26/2011,2052,Tornado, ,EF0,0,0,0,0,SC,EST-5, ,53016,C,91,GSP,0,0,NWS Storm Survey, ,0.76,100,2,NE,2,WSW,BOWLING GREEN,05/26/2011,2054,35.139,-81.276,35.142,-81.263,"A short tornado track was found, embedded within downburst wind damage, in the Knox Rd area of York County. Multiple trees fell in a concentrated area, with one tree on a recreational vehicle. A home also incurred some minor damage.","Numerous showers and thunderstorms affected the western Carolinas and northeast Georgia during the afternoon and evening hours. Some of the thunderstorms were severe, producing large hail and damaging straight line wind.",20
331121,NEWBERRY CO.,BROWNS XRDS,09/05/2011,1616,Tornado, ,EF0,0,0,0,0,SC,EST-5, ,55103,C,71,CAE,0,0,NWS Storm Survey, ,0.06,50,1,WSW,1,W,BROWNS XRDS,09/05/2011,1617,34.3675,-81.5443,34.3682,-81.5438,"A NWS Survey concluded a brief EF0 tornado touched down near the intersection of Epps and Spur Roads. The track length was 100 yards and width 50 yards. Estimated winds were between 65 and 75 mph. Three trees were topped and several other smaller trees were bent over or knocked down. Law enforcement reported a persistent funnel cloud from near Newberry northeastward to the Fairfield County line.","Bands associated with Tropical Depression Lee produced scattered severe thunderstorms and at least one confirmed tornado across the Midlands.",21
354819,UNION CO.,CAREM,11/16/2011,1706,Tornado, ,EF0,0,0,1000000,0,SC,EST-5, ,59312,C,87,GSP,0,0,NWS Storm Survey, ,0.09,50,0,NNE,0,NNE,CAREM,11/16/2011,1707,34.704,-81.567,34.705,-81.566,"An area of weak tornado damage was surveyed near the intersection of Neal Shoals Rd and Fairview Church Circle. Part of the roof was blown off a barn and shingles were removed from a house. Numerous trees were uprooted or snapped in the area as well.","An environment of strong wind shear and weak to moderate instability supported the development of a mini-supercell thunderstorm over the eastern Upstate of South Carolina. The storm produced an EF2 tornado in Chester County, along with a couple of weaker tornadoes.",22
354820,CHESTER CO.,DINBER,11/16/2011,1730,Tornado, ,EF1,0,0,20000,0,SC,EST-5, ,59312,C,23,GSP,0,0,NWS Storm Survey, ,1.39,100,1,N,2,NE,DINBER,11/16/2011,1732,34.8095,-81.201,34.82,-81.18,"This tornado initially touched down in a rural area of extreme northern Chester County, near the Lowrys community, just west of Darby Rd. The open farmland in this area made it difficult to follow the track, but several trees were blown down and part of the roof was removed from a home. The tornado traveled northeast, across Darby Rd before crossing into York County.","An environment of strong wind shear and weak to moderate instability supported the development of a mini-supercell thunderstorm over the eastern Upstate of South Carolina. The storm produced an EF2 tornado in Chester County, along with a couple of weaker tornadoes.",23
354821,YORK CO.,MC CONNELLS,11/16/2011,1732,Tornado, ,EF2,3,5,1000000,0,SC,EST-5, ,59312,C,91,GSP,0,0,NWS Storm Survey, ,5.8,200,4,SSE,0,SE,OGDEN,11/16/2011,1741,34.82,-81.18,34.8655,-81.094,"The tornado that touched down near Lowrys in extreme northern Chester County moved into York County southeast of McConnells, just east of Darby Rd. The damage path was non-continuous for the first three miles of its track across York County, although open farmland made it difficult to determine if the tornado was in constant contact with the ground in this area. Damage was generally confined to scattered downed trees. Damage intensified as the tornado approached the Williamson Rd area, near its intersection with Erby Rd, where tree damage became more concentrated. The tornado became very strong and increased in size as it approached and crossed highway 324 in the Ogden Community, near its intersection with Skyline Rd and Williamson Rd. Around a dozen homes were damaged in this area, with one double-wide mobile home being rolled about 75 yards. Two occupants of this home were killed. Another man was killed when the roof of his home was blown off, causing a chimney to collapse on him. Five other people were injured in the Ogden area. A number of sheds and outbuildings were damaged or destroyed and several automobiles were also flipped. The tornado lifted east of Skyline Rd, just short of Vernsdale Rd. The tornado was the strongest to hit York County in almost 40 years, and was the county's first known killer tornado since 1926. The thunderstorm that spawned the tornado was a mini-supercell that traveled over 110 miles before dissipating shortly after the second tornado lifted.","An environment of strong wind shear and weak to moderate instability supported the development of a mini-supercell thunderstorm over the eastern Upstate of South Carolina. The storm produced an EF2 tornado in Chester County, along with a couple of weaker tornadoes.",24
348355,AIKEN CO.,ELLENTON,11/16/2011,1753,Tornado, ,EF0,0,0,20000,0,SC,EST-5, ,58093,C,3,CAE,0,0,NWS Storm Survey, ,7.39,70,2,S,7,E,ELLENTON,11/16/2011,1801,33.2065,-81.7545,33.2339,-81.6309,"NWS Storm Survey Team and SRS Emergency Management confirmed an EF0 tracked through the Savannah River Site taking down trees and overturning a few outbuildings.  Damage was mainly in the woods and along a couple of roads.","A couple of supercell thunderstorms moved through the CSRA and produced a tornado at the Savannah River Site.  Other storms took down trees and damaged mobile homes and frame built homes.",25
358537,AIKEN CO.,SEIVERN,02/24/2012,1307,Tornado, ,EF2,0,0,240000,0,SC,EST-5, ,60065,C,3,CAE,0,0,NWS Storm Survey, ,3.23,150,2,SE,4,E,SEIVERN,02/24/2012,1311,33.7063,-81.3797,33.7119,-81.3239,"NWS storm survey confirmed an EF2 tornado touched down north of Wagener near the Aiken/Lexington county line.  A two story home that was built up off the ground was destroyed and a brick home was severely damaged.  Other homes also suffered damage.  Many trees were down as well.","A squall line moved through the CSRA and Midlands producing wind damage, large hail, and two book end tornadoes.  Several homes were severely damaged and there were widespread trees and powerlines down.",26
358538,LEXINGTON CO.,FAIRVIEW XRDS,02/24/2012,1311,Tornado, ,EF1,0,0,60000,0,SC,EST-5, ,60065,C,63,CAE,0,0,NWS Storm Survey, ,5.96,80,4,SE,4,SSE,PELION,02/24/2012,1317,33.7119,-81.3239,33.7222,-81.221,"NWS storm survey found the tornado in Aiken county crossed into Lexington county and took down many trees and did minor damage to a couple of homes.","A squall line moved through the CSRA and Midlands producing wind damage, large hail, and two book end tornadoes.  Several homes were severely damaged and there were widespread trees and powerlines down.",27
358539,SUMTER CO.,PINEWOOD,02/24/2012,1351,Tornado, ,EF0,0,0,10000,0,SC,EST-5, ,60065,C,85,CAE,0,0,Emergency Manager, ,4.77,50,4,WSW,1,NNE,PINEWOOD,02/24/2012,1357,33.7026,-80.537,33.7375,-80.4653,"EM and Sheriff conducted a damage survey and found an EF0 tornado took downs some trees and tops out of trees from near Lake Marion to the southwest side of Pinewood.  There was no structural damage.","A squall line moved through the CSRA and Midlands producing wind damage, large hail, and two book end tornadoes.  Several homes were severely damaged and there were widespread trees and powerlines down.",28
364837,COLLETON CO.,ISLANDTON,02/24/2012,1709,Tornado, ,EF1,0,0,125000,0,SC,EST-5, ,61029,C,29,CHS,0,0,NWS Storm Survey, ,2,150,2,ESE,1,WNW,SNIDERS XRDS,02/24/2012,1713,32.8819,-80.8933,32.8875,-80.8681,"A National Weather Service damage survey team confirmed that an EF-1 tornado touched down near Islandton, South Carolina. The tornado initially touched down along Jamison Road and traveled east/northeast before lifting along Highway 63. The worst damage occurred along Forks Road and Jamison Road where the tornado damaged or destroyed several structures. At least 3 mobile homes sustained roof damage and at least 30-35 trees were either completely uprooted or snapped. The tornado also snapped several power poles. The most significant damage occurred around 591 Jamison Road.","A high shear environment ahead of an approaching cold front and strong upper dynamics set the stage for severe weather across Southeast GA and Southern SC during the afternoon. A few supercells and a line of thunderstorms with small bows and breaks swept through the region to the west of Interstate 95. Record high temperatures occurred preceding the front which allowed for enough instability to develop in the mid to late afternoon hours.",29
359288,RICHLAND CO.,DENNY TERRACE,03/03/2012,535,Tornado, ,EF0,0,0,30000,0,SC,EST-5, ,60190,C,79,CAE,0,0,NWS Storm Survey, ,2.54,80,0,WNW,1,N,EAU CLAIRE,03/03/2012,538,34.072,-81.076,34.0709,-81.0317,"An EF0 tornado touched down just west of Monticello road on the back end of Columbia International University then crossed the intersection of Houston Street and Bishopville Ave. Theo tornado continued with intermittent touchdown east to Patton Lane.  Many trees and large branches were down, some which fell on a mobile home doing minor damage.","A squll line pushed through the Midlands, CSRA, and Pee Dee region taking down trees and powerlines.  An EF0 also occurred in Northern Richland county.",30
370697,ORANGEBURG CO.,BOLEN,05/14/2012,1650,Tornado, ,EF0,0,0,10000,0,SC,EST-5, ,61985,C,75,CAE,0,0,NWS Storm Survey, ,3.2,60,3,WNW,1,E,BOLEN,05/14/2012,1656,33.4826,-81.0645,33.4713,-81.0106,"NWS storm survey and interviews with public found an EF0 intermittently touched down between Albee road and Jamison Farm road topping trees and taking several down.  No structural damage occurred.","Scattered thunderstorms produced large hail and wind damage in the Midlands and Pee Dee regions.  Damage was limited mainly to trees.",31
373906,ORANGEBURG CO.,HOLLY HILL ARPT,05/29/2012,2103,Tornado, ,EF1,0,0,20000,2000,SC,EST-5, ,62496,C,75,CAE,0,0,NWS Storm Survey, ,1.52,60,1,ESE,1,NNE,HOLLY HILL ARPT,05/29/2012,2105,33.31,-80.36,33.329,-80.3733,"NWS storm survey found a weak EF1 tornado touched down just southeast of Holly Hill taking out tops of trees, uprooting trees, and causing minor damage to a home.  The tornado continued through a corn field leaving flattened swirls of corn in its wake.","Remnants of Tropical Storm Beryl produced an EF1 tornado in the Holly Hill area taking down trees, corn crops, and doing minor damage to a home.",32
375768,NEWBERRY CO.,NEWBERRY ARPT,06/10/2012,2048,Tornado, ,EF0,0,0,6000,0,SC,EST-5, ,62821,C,71,CAE,0,0,Law Enforcement, ,1.5,50,0,N,1,NE,NEWBERRY ARPT,06/10/2012,2050,34.32,-81.63,34.3347,-81.6123,"Sheriff conducted a damage survey of the trees down from just east of the airport to I-26.","Isolated severe storms produced locally heavy rain with amounts up to 5 inches and a weak tornado.",33
375770,CALHOUN CO.,CAMERON,06/11/2012,1242,Tornado, ,EF0,0,0,16000,0,SC,EST-5, ,62822,C,17,CAE,0,0,Utility Company, ,1.24,50,2,ESE,3,ESE,CAMERON,06/11/2012,1244,33.5322,-80.6847,33.5335,-80.6633,"SCEG reported several trees and powerlines down from a weak tornado near Cameron.","A couple of supercells producing weak tornadoes developed ahead of an approaching squall line. The squall line also produced heavy rain.",34
393363,JASPER CO.,SWITZERLAND,06/11/2012,1621,Tornado, ,EF1,0,0,400000,0,SC,EST-5, ,65591,C,53,CHS,0,0,NWS Storm Survey, ,4.11,525,4,SSE,5,S,OLD HOUSE,06/11/2012,1629,32.381,-80.9795,32.3845,-80.9092,"A National Weather Service damage survey team evaluated damage that occurred with a severe thunderstorm that moved through portions of central Jasper County Monday afternoon.  The team found considerable damage to trees south of Ridgeland with a damage pattern consistent with a tornado.||The tornado touched down just west of Jasper Road between the communities of Okatie and Switzerland and moved rapidly east-northeast before lifting near the intersection of South Carolina Highway 462 and Snake road. The worst damage occurred between Jasper Road and Riley Field Road where the team estimated between 300 and 500 medium to large-size trees were either snapped or uprooted.  Some debarking of trees was also noted.  This degree of|tree damage was consistent with an ef-1 tornado on the enhanced Fujita scale with winds estimated to be between 85 and 95 mph.","Scattered to numerous thunderstorms developed within a warm and unstable atmosphere along an early afternoon seabreeze and various meso-scale outflow boundaries.",35
403499,CHARLESTON CO.,ROCKVILLE,08/01/2012,1917,Tornado, ,EF0,0,0,0,0,SC,EST-5, ,67307,C,19,CHS,0,0,Broadcast Media, ,0.03,50,5,E,5,E,ROCKVILLE,08/01/2012,1918,32.61,-80.12,32.6102,-80.1196,"A funnel cloud first appeared over Kiawah Island then moved into the waterway east of the bridge on Kiawah Island Parkway. Based on photographs and video taken, it appears that the funnel briefly touched down near the Intracoastal Waterway before dissipating. There were no reports of damage associated with this tornado.","With a very weak pressure pattern in place across much of the Southeastern portion of the country, the environment was conducive to the development of waterspouts.",36
437865,FAIRFIELD CO.,RIDGEWAY,04/28/2013,1842,Tornado, ,EF0,0,0,10000,0,SC,EST-5, ,72571,C,39,CAE,0,0,NWS Storm Survey, ,0.25,50,2,ENE,2,ENE,RIDGEWAY,04/28/2013,1843,34.31,-80.91,34.31,-80.91,"NWS Storm Survey revealed a weak tornado occurred along Mood Harrison Road where around 6 trees were toppled falling on a outbuilding and a car. Several large limbs were also down and an antenna on a mobile home was damaged.","A small tornado briefly touched down in Fairfield County just northeast of Ridgeway taking down trees and damaging a few homes and cars.",37
462409,ANDERSON CO.,(AND)ANDERSON CO ARP,06/02/2013,1509,Tornado, ,EF1,0,0,150000,0,SC,EST-5, ,76628,C,7,GSP,0,0,NWS Storm Survey, ,4.82,125,4,W,1,NNE,(AND)ANDERSON CO ARP,06/02/2013,1522,34.49,-82.79,34.517,-82.712,"An NWS storm survey found the path of a weak tornado that began in a field east of Lake Hartwell, just west of highway 187 north of the Country Meadows intersection. The tornado traveled east northeast to a farmstead on highway 187, blowing away a small outbuilding and peeling some metal panels off the roof of a larger shed. The tornado continued ENE to Busby Rd, where a portion of the roof was removed from a home. The house also shifted slightly on its foundation while a deck was lifted and tossed and a garage door caved in. The track has lost at this point, as the tornado moved over open fields. However, the path was picked up again at Mar-Mac Rd, near the Martin Rd intersection, where numerous trees were uprooted or snapped. Some shingles were removed from a home and some outbuildings damaged in this areas we well. The end of the damage path was found near Tiffany Dr and Oak Noll Terrace, where two large pine trees were blown onto a home, causing substantial damage.","Despite effective bulk shear values of less than 25 knots, a mini-supercell thunderstorm developed in an airmass characterized by high surface dewpoints ahead of a tropical cyclone over the Gulf of Mexico. The storm produced an E1 tornado over western Anderson County. A few other reports of straight line wind damage and low end flooding also occurred with other storms on this day.",38
444307,ORANGEBURG CO.,PROVIDENCE,06/04/2013,1429,Tornado, ,EF1,0,0,340000,0,SC,EST-5, ,73483,C,75,CAE,0,0,NWS Storm Survey, ,2.28,220,5,SSW,6,SW,WELLS,06/04/2013,1433,33.33,-80.59,33.3082,-80.5604,"NWS storm survey found an EF1 tornado that began near Ayshire Road and Ebenezer Road.  The tornado continued to move southeast across Ebenezer Road between 4 Holes Farm Road and Duncan Chape Road.  The tornado continued into Dorchester County.  Numerous trees and powerlines were down and three homes were damaged.  Five homes had moderate damage and 28 agricultural buildings were badly damaged or destroyed.","A severe thunderstorm in eastern Orangeburg county produced an intense macroburst and EF1 tornado that destroyed a chicken barn and damaged several homes.",39
459671,DORCHESTER CO.,ROSINVILLE,06/04/2013,1439,Tornado, ,EF1,0,0,0,0,SC,EST-5, ,76083,C,35,CHS,0,0,NWS Storm Survey, ,3.12,264,5,NNW,2,N,ROSINVILLE,06/04/2013,1440,33.3082,-80.5604,33.2807,-80.5176,"An NWS storm survey team determined a tornado initially touched down 5 miles east of Bowman, South Carolina and traveled southeast out of Orangeburg County and into northern Dorchester County. The tornado crossed Interstate 95 just north of the Duncan Chapel Road Bridge and continued southeast across Pinebreak Road, Weathers Farm Road and Hinkle Road before lifting near the intersection of U.S. Highway 15 and Duncan Chapel Road. The tornado damaged corn crops and numerous trees along its path. One house sustained minor roof|damage and a tree fell through a trailer. Based on the level and type of damage observed, the tornado was rated an ef-1 on the Enhanced Fujita Scale with maximum winds of 100 to 110 mph.","Deep moisture and strong surface heating set up an environment favorable for strong to severe thunderstorms as a cold front stalled over the region and interacted with an inland moving seabreeze.  A few storms showed strong rotation with one eventually producing a few tornadoes.",40
459661,DORCHESTER CO.,ROSINVILLE,06/04/2013,1441,Tornado, ,EF1,0,0,0,0,SC,EST-5, ,76083,C,35,CHS,0,0,NWS Storm Survey, ,2.06,176,4,NW,2,NW,ROSINVILLE,06/04/2013,1444,33.2991,-80.5621,33.2715,-80.5486,"An NWS survey team determined a tornado touched down just north of the Duncan Chapel Cemetery near Duncan Chapel Road. The tornado moved south|southeast while crossing Interstate 95 just south of the Duncan Chapel|Road Bridge. The tornado crossed a number of fields and forested areas, including a livestock field before lifting in an open area off Quail Ridge Road. The tornado damaged corn crops and trees along its path. No significant structures were known have been damaged. Based on the level and type of damage observed, the tornado was rated ef-1 on the Enhanced Fujita Scale with maximum winds of 85 to 90 mph.","Deep moisture and strong surface heating set up an environment favorable for strong to severe thunderstorms as a cold front stalled over the region and interacted with an inland moving seabreeze.  A few storms showed strong rotation with one eventually producing a few tornadoes.",41
465516,GREENVILLE CO.,GOLDEN GROVE,06/10/2013,1220,Tornado, ,EF0,0,0,5000,0,SC,EST-5, ,77096,C,45,GSP,0,0,NWS Storm Survey, ,1.34,80,1,SSE,2,ESE,GOLDEN GROVE,06/10/2013,1223,34.716,-82.423,34.72,-82.4,"NWS survey team found the path of a weak tornado that began in a wooded area just northeast of Lauren Trace Circle. A few trees were downed at this location, with one tree taking down a power line. The tornado intensified as it moved east/northeast from there, downing multiple trees and snapping numerous large limbs along a creek bed before uprooting multiple large trees at a home site on Prince Lake. The tornado continued east northeast, snapping large limbs and knocking down a few trees as it crossed Old Gunter Rd and Mellyn St. About a half-dozen medium to large trees were uprooted at a home between Mellyn St and Mellwood Dr. The tornado lifted shortly after crossing Mellwood Dr.","An upper low increased wind shear and instability across western South Carolina. Numerous thunderstorms developed across the region during the afternoon hours. Some of the storms became severe and a weak tornado was spawned over Greenville County.",42
454339,HORRY CO.,BURGESS,06/29/2013,1515,Tornado, ,EF0,0,0,35000,0,SC,EST-5, ,75177,C,51,ILM,0,0,NWS Storm Survey, ,0.11,30,3,N,3,SW,SOCASTEE,06/29/2013,1516,33.6466,-79.0416,33.6469,-79.0397,"A National Weather Service Storm Survey Team concluded an EF0 tornado briefly touched down in the Cameron Village subdivision off of Bay Road, between Highway 707 and Enterprise Road in Socastee, South Carolina. The maximum wind speed was estimated to 60 mph. The path length was just over a tenth of a mile and the maximum path width was 30 yards. Significant damage occurred to the framing of a two-story house under construction. The framing of the first floor collapsed and construction debris became airborne and caused moderate damage to the house next door to include broken windows. Otherwise the weak tornado caused mainly minor damage to approximately 6 homes. Damage was limited primarily to the loss of a small number of shingles, the loss of small amounts of vinyl siding, soffit trim, fencing, patio furniture and an air compressor. The monetary damage estimate is $35,000 dollars.","Modest instability and an approaching weak shortwave helped support a cluster of thunderstorms across coastal Horry County. As the storms encountered stronger south winds near the beaches and increased low-level vorticity, a tornadic circulation developed southwest of Socastee and moved north several miles to near Highway 31. The circulation then weakened, but continued moving north as a funnel cloud before dissipating northwest of Myrtle Beach.",43
454341,HORRY CO.,SOCASTEE,06/29/2013,1526,Tornado, ,EF0,0,0,15000,0,SC,EST-5, ,75177,C,51,ILM,0,0,NWS Storm Survey, ,0.07,50,1,NNW,2,NNW,SOCASTEE,06/29/2013,1527,33.6998,-79.0091,33.7008,-79.0093,"A National Weather Service Storm Survey Team concluded an EF0 tornado briefly touched down near the intersection of Highway 31 and Highway 544 near the retention pond off of Breezewood Boulevard in Socastee, South Carolina. The maximum wind speed was estimated to 60 mph. The path length was slightly less than a tenth of a mile and the maximum path width was 50 yards.  The weak tornado caused mainly minor damage to approximately 4 homes. Damage was limited primarily to the loss of a small number of shingles, the loss of small amounts of vinyl siding and soffit trim. A few downed trees were also observed. The monetary damage estimate is $15,000 dollars.","Modest instability and an approaching weak shortwave helped support a cluster of thunderstorms across coastal Horry County. As the storms encountered stronger south winds near the beaches and increased low-level vorticity, a tornadic circulation developed southwest of Socastee and moved north several miles to near Highway 31. The circulation then weakened, but continued moving north as a funnel cloud before dissipating northwest of Myrtle Beach.",44
463141,FLORENCE CO.,(FLO)FLORENCE CITY-C,07/02/2013,1759,Tornado, ,EF1,0,9,88000,0,SC,EST-5, ,76738,C,41,ILM,0,0,NWS Storm Survey, ,3.08,90,1,NE,3,NW,MARS BLUFF,07/02/2013,1810,34.1919,-79.71,34.2329,-79.6887,"A National Weather Service Storm Survey Team concluded an EF1 tornado developed near the South Carolina Armory between South Stadium Road and South Greer Road. The tornado snapped a large tree and limbs were down in this location. The tornado then moved north and across Highway 76 and then across East Sammys Lane, snapping trees and downing tree limbs along its path. A couple homes were damaged in the Battery Park subdivision. One home had approximately 30 percent of its roof structure removed. Trees were down across the subdivision. The tornado continued north and nearly parallel to Williamson Road causing dozens of snapped trees and large limbs to block a large section of the roadway. After crossing Williamson Road, the tornado downed and snapped trees in a stand in the middle of a large field. Then it entered a mobile home park on the south side of East Old Marion Highway, west of Highway 327. The tornado destroyed 10 mobile homes and 2 other homes sustained major damage. In addition, there were 18 mobile homes that sustained minor damage. Nine people sustained minor injuries and were transported to the hospital, two of which were actually trapped in their homes and had to be extricated. The tornado exited the mobile home park and crossed East Old Marion Highway, snapping more trees and damaging a section of fence along the road. The tornado dissipated on the north side of East Old Marion Highway prior to reaching Highway 327. The maximum wind speed was estimated to 105 mph. The maximum path width was 90 yards. The tornado covered a little more than 3 miles in approximately 11 minutes. The monetary damage estimate is $87,979 dollars.","A supercell moved north with no reports of damage until it spawned a tornado 2 miles east of Quinby in Florence County, South Carolina.",45
471291,BEAUFORT CO.,FROGMORE,07/13/2013,801,Tornado, ,EF0,0,0,0,0,SC,EST-5, ,78220,C,13,CHS,0,0,Law Enforcement, ,0.01,25,7,ESE,7,ESE,FROGMORE,07/13/2013,805,32.38,-80.46,32.38,-80.46,"Law Enforcement reported a waterspout that possibly moved onshore on Hunting island before moving back over the water and dissipating. No damage was reported since it moved over marshland.","A waterspout formed offshore and possibly moved inland at Fripp Island.|Several rip currents were observed near Isle of Palms.",46
519042,CHARLESTON CO.,ROCKVILLE,05/31/2014,930,Tornado, ,EF0,0,0,0,0,SC,EST-5, ,85966,C,19,CHS,0,0,Public, ,0.11,30,6,E,6,E,ROCKVILLE,05/31/2014,931,32.6005,-80.0889,32.6,-80.0908,"A weak and brief tornado moved onto the south-central part of Kiawah Island, possibly starting as a waterspout.  The tornado traveled west about a tenth of a mile before dissipating.  Beach chairs and umbrellas were thrown but there were no apparent injuries or structural damage.  Winds were estimated to range from 55 to 65 mph.  Video of the event was recorded by the public and relayed to the National Weather Service by local television media. The event took place on the beach area nearly right in front of The Sanctuary Hotel and Resort.","Showers and thunderstorms developed beginning in the morning hours along a weak lingering front and moved southward through the day. With the lingering front and relaxed pressure gradient in the area, the environment was supportive of waterspouts along the southeast South Carolina coast.",47
510850,BAMBERG CO.,FARRELLS XRDS,06/06/2014,1946,Tornado, ,EF0,0,0,4000,0,SC,EST-5, ,84586,C,9,CAE,0,0,NWS Storm Survey, ,0.83,40,6,WSW,5,WSW,FARRELLS XRDS,06/06/2014,1948,33.19,-80.96,33.1856,-80.9468,"An EF0 Snapped off trees about 50 yards into the woods off of Turkey Cut Road southeast of Bamberg.  Other scattered trees and large branches were down along and east of hwy 362...mainly on other rural roads.","Severe thunderstorms produced damaging winds and large hail.  Most of the wind damage was mainly trees and powerlines down.  One small EF0 tornado touched down just southeast of Bamberg snapping off trees.",48
511839,ORANGEBURG CO.,PROVIDENCE,06/09/2014,2117,Tornado, ,EF0,0,0,0,0,SC,EST-5, ,84739,C,75,CAE,0,0,NWS Storm Survey, ,1.87,75,6,SSW,7,S,PROVIDENCE,06/09/2014,2119,33.3226,-80.5837,33.2978,-80.5708,"An EF0 Tornado snapped off a few trees and uprooted a couple of trees along a path from near Ditch Bank Road southeast across Old School House Road then across Ebenezer Road to near Fiesta Court. The estimated wind speeds ranged from 75 to 85 mph.","The region was under a mid/upper level northwest flow as the main ridge axis was to our west. At the surface, there was a stalled frontal boundary aligning west to east across the central Midlands. The atmosphere became moderately unstable with some indices in the strong category. The K Index and Cape were in the strong category. The wind field was relatively weak, but there was some mid level dry air that may enhance thunderstorm downdrafts leading to strong damaging winds. PW values were around 1.75 inches. This combined with slow storm movement could potentially produce locally heavy rain and localized flooding.",49
531051,BEAUFORT CO.,BEAUFORT,06/23/2014,1330,Tornado, ,EF0,0,0,0,0,SC,EST-5, ,87031,C,13,CHS,0,0,Public, ,0.01,50,0,ESE,0,ESE,BEAUFORT,06/23/2014,1335,32.4281,-80.6726,32.4281,-80.6725,"A waterspout developed and remained nearly stationary over the river near Waterfront Park.","The combination of the a very unstable atmosphere, the presence of a weak surface trough and the passing of a Mesoscale Convective Vortex (MCV) produced numerous showers and thunderstorms. A line of stationary thunderstorms produced between 3-6 inches of rain across the Tri-county area, which resulted in flash flooding.",50
532956,ORANGEBURG CO.,VANCE,09/07/2014,1327,Tornado, ,EF0,0,0,6000,2000,SC,EST-5, ,88363,C,75,CAE,0,0,NWS Storm Survey, ,0.43,30,1,E,1,E,VANCE,09/07/2014,1329,33.4296,-80.3952,33.4317,-80.4023,"NWS storm survey found an EF0 tornado touched down 3 times producing crop damage and taking 2/3 of the roof off of a mobile home.  Other damage was done to yard items around the home.","Heavy rains over Richland County produced flash flooding in Columbia.  Water levels rose up to 4 feet in some areas.",51
544967,OCONEE CO.,MADISON,10/14/2014,711,Tornado, ,EF0,0,0,0,0,SC,EST-5, ,90898,C,73,GSP,0,0,NWS Storm Survey, ,0.89,100,2,NNW,3,N,MADISON,10/14/2014,712,34.68,-83.21,34.69,-83.2,"NWS Storm Survey team found the short path of a weak tornado on the grounds of a wilderness school off of Highway 76 near Westminster. Damage was confined to a couple of dozen uprooted trees in this rural area.","Widespread rain, along with multiple embedded lines of showers and low-topped thunderstorms developed across the Upstate throughout the 14th within a highly sheared, weakly unstable air mass. A couple of brief, weak tornadoes occurred across the foothills, while some isolated wind damage was also reported.",52
544968,GREENVILLE CO.,GOWENSVILLE,10/14/2014,1900,Tornado, ,EF0,0,0,1000,0,SC,EST-5, ,90898,C,45,GSP,0,0,NWS Storm Survey, ,1,50,1,W,1,NW,GOWENSVILLE,10/14/2014,1902,35.12,-82.24,35.13,-82.23,"NWS Storm Survey team found the short path of a weak tornado near Gowensville. The tornado touched down near the intersection of Highway 11 and Tugaloo Rd and moved quickly northeast, blowing down numerous trees and blowing the roof off a shed on Good Rd, where the tornado lifted.","Widespread rain, along with multiple embedded lines of showers and low-topped thunderstorms developed across the Upstate throughout the 14th within a highly sheared, weakly unstable air mass. A couple of brief, weak tornadoes occurred across the foothills, while some isolated wind damage was also reported.",53
561166,AIKEN CO.,GLOVERVILLE,04/19/2015,1510,Tornado, ,EF2,0,0,0,0,SC,EST-5, ,93460,C,3,CAE,0,0,NWS Storm Survey, ,19.54,660,5,SE,1,NNE,FOXTOWN,04/19/2015,1536,33.481,-81.7618,33.7169,-81.5744,"NWS storm survey found an EF2 tornado touched down near Glenwood Drive and continued across south and southeast Aiken to I-20. Numerous trees and many homes, vehicles, and other structures were damaged on the south side of Aiken.","Supercell thunderstorms produced four tornadoes in SC.  One occurred in Edgefield county, one in Aiken County, one in Lexington County, and one in Calhoun County. Therre were two injuries in Calhoun county when a mobile home was destroyed. Numerous trees and homes were damaged in and around the town of Aiken.",54
561167,EDGEFIELD CO.,BOUKNIGHT,04/19/2015,1521,Tornado, ,EF0,0,0,5000,0,SC,EST-5, ,93460,C,37,CAE,0,0,NWS Storm Survey, ,2.86,50,3,WNW,3,NNW,BOUKNIGHT,04/19/2015,1528,33.7905,-81.8643,33.824,-81.835,"NWS storm survey found an EF0 tornado intermittently touched down in wooded areas from Two Mile Road to near Bland Baptist Road.  One tree fell on a home causing minor damage.","Supercell thunderstorms produced four tornadoes in SC.  One occurred in Edgefield county, one in Aiken County, one in Lexington County, and one in Calhoun County. Therre were two injuries in Calhoun county when a mobile home was destroyed. Numerous trees and homes were damaged in and around the town of Aiken.",55
561169,LEXINGTON CO.,CLUBHOUSE XRDS,04/19/2015,1615,Tornado, ,EF1,0,0,0,0,SC,EST-5, ,93460,C,63,CAE,0,0,NWS Storm Survey, ,9.55,200,4,NE,5,ENE,SYRUP,04/19/2015,1628,34.0192,-81.3603,34.1271,-81.256,"NWS storm survey found an EF1 tornado took down numerous trees and damaged several homes on the south side of Lake Murray.  The tornado continued across the lake and touched down on Shadowood Road taking down a few trees, some on homes, and also lifted a pontoon boat out of the water dropping it down on a dock on its side.","Supercell thunderstorms produced four tornadoes in SC.  One occurred in Edgefield county, one in Aiken County, one in Lexington County, and one in Calhoun County. Therre were two injuries in Calhoun county when a mobile home was destroyed. Numerous trees and homes were damaged in and around the town of Aiken.",56
561168,CALHOUN CO.,HAMMOND XRDS,04/19/2015,1620,Tornado, ,EF1,0,2,200000,0,SC,EST-5, ,93460,C,17,CAE,0,0,NWS Storm Survey, ,0.26,200,5,SW,4,SW,HAMMOND XRDS,04/19/2015,1623,33.6978,-80.9298,33.7016,-80.929,"NWS storm survey found an EF1 tornado destroyed a mobile home on Otts Sisters Road injuring two people, damaged another, and also did minor damage to industrial facility. Numerous trees were also down along the path of the tornado.","Supercell thunderstorms produced four tornadoes in SC.  One occurred in Edgefield county, one in Aiken County, one in Lexington County, and one in Calhoun County. Therre were two injuries in Calhoun county when a mobile home was destroyed. Numerous trees and homes were damaged in and around the town of Aiken.",57
568796,DARLINGTON CO.,ENOCH XRDS,04/19/2015,1734,Tornado, ,EF0,0,0,32000,0,SC,EST-5, ,94597,C,31,ILM,0,0,NWS Storm Survey, ,0.46,75,0,NNE,1,NNE,ENOCH XRDS,04/19/2015,1735,34.1356,-80.1172,34.1422,-80.1156,"A National Weather Service Storm Survey team found evidence of an EF-0 tornado with winds to 75 mph. Two chicken houses were damaged and one other was partially destroyed off of U.S. Highway 401 near the intersection of Lynches River Road. A  trailer near U.S. Highway 401 and West Lynches River Road sustained damage to its underpinning.  Two disease ridden trees alongside the trailer were snapped.  The tornado crossed U.S. Highway 401 knocking down numerous trees. The tornado knocked down more trees which in turn toppled a nearby power pole and power line as it crossed West Lynches Road and lifted. A piece of sheet metal from a chicken house was found 1.75 miles away, in a field off of Hudson Street.","A long-lived and organized line of thunderstorms moved into the area from the west during the late afternoon and evening.  Thunderstorms were able to develop and blossom in the warm and increasingly unstable sector ahead of a cold front. Shear values were also notably high.",58
586580,BERKELEY CO.,RUSSELLVILLE,06/09/2015,1325,Tornado, ,EF0,0,0,0,0,SC,EST-5, ,97447,C,15,CHS,0,0,Social Media, ,0.21,25,3,SW,2,SW,RUSSELLVILLE,06/09/2015,1330,33.37,-80,33.3725,-79.9978,"Several videos and pictures were taken of a waterspout on the northern end of Lake Moultrie. The waterspout did not make landfall.","A broken line of strong thunderstorms developed within an inland trough of low pressure and moved southward across southeast South Carolina. These storms produced large hail and damaging wind gusts.",59
602300,CHARLESTON CO.,MORRIS ACRES,09/24/2015,2342,Tornado, ,EF2,0,0,1540000,0,SC,EST-5, ,100608,C,19,CHS,0,0,NWS Storm Survey, ,6.85,880,3,SE,0,NE,JOHNS IS,09/24/2015,2359,32.7192,-80.0552,32.805,-80.1144,"A National Weather Service storm survey team confirmed a tornado on Johns Island. The tornado touched down near Cane Slash Road where one home had a portion of its roof ripped off. The tornado then tracked to the north-northwest and crossed Maybank Highway and Brownswood Road, causing minor damage to a few homes and extensive damage to trees. The tornado then tracked further north-northwest and caused the most significant damage along its path on Sonny Boy Lane, where damage to two homes was consistent with a high end EF-2 tornado. At one home, only a small portion of the roof was left intact as the rest of the roof and most of the exterior walls of the well built brick home were knocked down. A large portion of this roof and a ground level air condition unit were hurled about 150 yards. At another well built home across the street, the entire back portion of the two story house was ripped off.  From there, the tornado continued its north-northwest track crossing River Road, the Stono River, Main Road, and eventually Highway 17 where it dissipated. Along this portion of the path the tornado produced widespread destruction to numerous acres of trees and damage to the roofs of two businesses near Highway 17. According to a damage assessment performed by the Charleston County Building Services Department, 51 total structures were damaged including 33 with moderate or worse damage and 18 with only minor damage.  The total damage estimate resulting solely from structures was $1,539,000. Thousands and thousands of trees were uprooted or snapped off with many falling onto structures, vehicles, and roadways. The tree damage was so extensive and widespread that several roads along the path were impassable for a few days following the event.","A large mid and upper level low helped to draw deep moisture into southeast South Carolina while a low pressure system at the surface became centered off the southeast coast. The low tracked slowly west-northwest and aided in backing the low level wind field along the South Carolina coast. Overnight, coastal front lifted northward and allowed for surface based instability to spread inland from the adjacent coastal waters. Scattered to numerous thunderstorms developed over the coastal waters late in the evening and a few of these exhibited supercell characteristics including strong low level rotation. One thunderstorm in particular quickly strengthened as it moved onshore at Kiawah Island near the coastal front. The storm deepened and rapidly developed strengthening low and mid-level rotation. The thunderstorm soon showed numerous radar characteristics suggestive of a ongoing tornado. Ultimately the thunderstorm spawned a tornado that created a 7 mile path of damage.",60
609953,BERKELEY CO.,MONCKS CORNER ARPT,12/23/2015,327,Tornado, ,EF0,0,0,18000,0,SC,EST-5, ,101978,C,15,CHS,0,0,NWS Storm Survey, ,0.2,100,2,S,2,S,MONCKS CORNER ARPT,12/23/2015,328,33.154,-80.0254,33.1568,-80.0245,"The National Weather Service office in Charleston, South Carolina examined photographs provided by Berkeley County Emergency Management and drone footage provided by Skyview Aerial Solutions LLC to determine an EF0 tornado with estimated maximum wind speeds around 70 mph occurred for one minute at Carolina Nurseries, about 3 miles south southwest of Moncks Corner, South Carolina. The tornado initially formed at or near Emerald Isle Drive. Straight-line wind damage just south of this road included numerous wooden pallets that were tossed toward the northeast. A telephone pole was blown over and a two by six piece of wood pierced the east side of a building just north of Emerald Isle Drive. Roofing material was also missing from a building situated just north of Emerald Isle Drive. Emergency management personnel reported a 200 square foot shed destroyed with its roof found 300 feet from the original location. Multiple carts weighing 150 pounds each were also tossed away from the shed sight.  Vegetation revealed a swirling, convergent damage signature produced by a weak tornadic circulation farther north-northeast along the tornado path.","A series of shortwaves rounding the southern periphery of a longwave trough along with upper jet divergence helped spawn thunderstorms within an unseasonably warm and moist airmass over southeast South Carolina.",61
616091,LEXINGTON CO.,DIXIANA,02/03/2016,1428,Tornado, ,EF0,0,0,50000,0,SC,EST-5, ,103101,C,63,CAE,0,0,NWS Storm Survey, ,0.69,75,1,S,1,SE,DIXIANA,02/03/2016,1429,33.9033,-81.0696,33.9114,-81.0625,"Survey determined that an EF0 tornado touched down near the rail freight automobile storage yard then crossed hwy. 321 and headed northeast down Dixiana Road before lifting near Grace Chapel Church.","A strong cold front pushing eastward into the region produced several strong to severe thundertorms across the Midlands. The storms produced damaging winds...a microburst and an EF0 Tornado.",62
616117,CHESTERFIELD CO.,PATRICK,02/24/2016,1516,Tornado, ,EF0,0,0,0,0,SC,EST-5, ,103106,C,25,CAE,0,0,NWS Storm Survey, ,8.89,70,1,SE,2,E,KIMBERLY,02/24/2016,1525,34.5585,-80.0328,34.6501,-79.9231,"Survey indicated that an EF0 tornado briefly touched down three separate times between the towns of Patrick and Cheraw along Highway 1. The tornado damaged several trees along with one topped tree. There was no structural damage or injuries.","An intense area of low pressure tracked just west of the CWA producing strong wind gusts and a few scattered strong to severe thunderstorms. One storm produced a brief EF0 Tornado just south of Cheraw.",63
664404,HORRY CO.,OCEAN DRIVE BEACH,10/08/2016,546,Tornado, ,EF0,0,0,0,0,SC,EST-5, ,111078,C,51,ILM,0,0,NWS Storm Survey, ,1.53,25,1,ENE,1,WSW,NIXONS XRDS,10/08/2016,549,33.8243,-78.651,33.8402,-78.6694,"A storm survey team from the National Weather Service, with the aid of the North Myrtle Beach Safety Department, confirmed an EF-0 tornado with winds to 85 mph. The weak tornado was spawned by Hurricane Matthew. The tornado moved ashore on the east side of North Ocean Boulevard , between 17th Avenue North and 18th Avenue North, causing minor structural damage. The tornado rapidly moved across 17th Avenue North and North Hillside Drive, causing downed trees and additional minor structural damage. It then moved near the intersection of 16th Avenue North and Springland Lane, downing more trees. The tornado then moved across a large tract of the Surf Golf and Beach Club, causing more tree damage. The tornado then crossed near North Kings Highway and 11th Avenue North where it impacted a couple of businesses and a small subdivision, but the structural damage was minor. The tornado lifted northeast of Vereen Road near the Intra-coastal Waterway.","Major Hurricane Matthew moved up the southeast coast and slowly weakened to a category 1 storm as it moved up along the South Carolina coast and then eastward near the North Carolina coast. The hurricane brought 6 to 12 inches of rain and up to 15 inches to some areas of northeast South Carolina, with the bulk of the rainfall occurring within a 12 hour period. This rain fell on wet to in some cases saturated soil due to much above normal rainfall in September. The result was historic flooding; widespread flash flooding, and an extended period of major to record river flooding. Matthew's flooding rains, surge and wind brought loss of life, displaced tens of thousands of people, and caused hundreds of millions of dollars in structural damage as homes and businesses were devastated or totally destroyed. Major infrastructure will have to be repaired or rebuilt.",64
665289,GREENVILLE CO.,WOODVILLE,11/30/2016,1641,Tornado, ,EF1,0,0,500000,0,SC,EST-5, ,111535,C,45,GSP,0,0,NWS Storm Survey, ,14.71,150,2,N,4,NNE,GAYLORD XRDS,11/30/2016,1658,34.678,-82.378,34.785,-82.154,"This tornado touched down in the vicinity of Sandy Springs Rd, just north of the Preston Rd intersection and tracked east/northeast along an intermittent path. Initial damage was limited to downed large limbs and trees, although some greenhouses were damaged to Woodmont High School (intersection of W Georgia Rd and Reedy Fork Rd. The most significant damage, rated EF1 occurred along a 2.5 mile stretch from near the Fork Shoals Rd/W Georgia Rd intersection, along W Georgia Rd to just outside the city limits of Simpsonville. A garage attached to a frame home collapsed near the intersection of W Georgia Rd and Sullivan Rd. Two frame homes near the intersection of Rivereen Way and Riverchase Ct, and three houses on Leafmore Ct had large sections of roofing removed, as did a home on Plamondon Dr. A house on Glenbow Ct had one side of the exterior wall of its second story and attic removed. At least a dozen additional houses and mobile homes received mostly minor roof damage in this area. The tornado appeared to weaken as it moved into the city of Simpsonville, although numerous large trees were uprooted and large limbs downed across the city. One tree fell on a carport. The tornado continued east/northeast from Simpsonville, roughly paralleling E Georgia Rd. Numerous trees and large limbs were blown down east of the city, while minor structural damage to homes and outbuildings was reported. The tornado crossed into Spartanburg County near the confluence of Gilder Creek with the Enoree River.","A strong cold front brought a line of showers and strong to severe thunderstorms to Upstate South Carolina during the afternoon. Although severe weather was primarily in the form of sporadic straight-line wind damage, one tornado tracked across southern Greenville and part of Spartanburg County.",65
665290,SPARTANBURG CO.,CRESCENT,11/30/2016,1659,Tornado, ,EF0,0,0,0,0,SC,EST-5, ,111535,C,83,GSP,0,0,NWS Storm Survey, ,1.73,100,2,WNW,2,S,CASHVILLE,11/30/2016,1702,34.785,-82.154,34.795,-82.126,"A weak tornado crossed into Spartanburg from Greenville County near the confluence of Gilder Creek with the Enoree River. Damage in Spartanburg County was limited to the downing of a few trees and numerous large limbs.","A strong cold front brought a line of showers and strong to severe thunderstorms to Upstate South Carolina during the afternoon. Although severe weather was primarily in the form of sporadic straight-line wind damage, one tornado tracked across southern Greenville and part of Spartanburg County.",66
670132,BARNWELL CO.,ASHLEIGH,01/21/2017,1547,Tornado, ,EF2,0,1,0,0,SC,EST-5, ,112399,C,11,CAE,0,0,NWS Storm Survey, ,9.3,1600,3,WNW,3,E,BLACKVILLE,01/21/2017,1556,33.3089,-81.3711,33.3491,-81.2174,"The tornado initially touched down just west of Monarch Road in Barnwell County about 4.5 miles north of the town of Barnwell. It tracked to the ENE through Barnwell State Park, then across Highway 3, and Bufords Branch Road, just south of Blackville, then continued to the ENE and moved out of Barnwell County and into Bamberg County near US Hwy 78.  Most of the damage observed along the path was rated EF0 or EF1, but the tornado did briefly strengthen into a weak EF2 as it crossed|through Barnwell State Park. Hundreds of hardwood and softwood trees were either snapped at the trunk or uprooted. Numerous trees fell on homes resulting in roof damage. Several structures were either heavily damaged or destroyed. The greatest structural damage occurred to a single wide mobile home along Highway 3 just SW of Blackville which rolled several times and had the floors separated from the undercarriage. The female resident of this home was trapped and sustained injuries. Other structures suffered extensive roof damage, including several chicken houses.","Upper energy interacted with a warm front to produce severe thunderstorms, including tornadoes, mainly across southern portions of the CSRA and Southern Midlands.",67
740128,BAMBERG CO.,LEES,01/21/2017,1556,Tornado, ,EF1,0,0,0,0,SC,EST-5, ,112399,C,9,CAE,0,0,NWS Storm Survey, ,4.48,1000,0,ESE,3,WNW,OTSIDE,01/21/2017,1602,33.3491,-81.2174,33.3991,-81.1681,"The tornado touched down in Barnwell County, tracked to the ENE and moved out of Barnwell County and into Bamberg County near US Hwy 78.  The tornado then moved northeast across northern Bamberg County across Fox Glove Road and Char-Augusta Road, before dissipating just prior to the Orangeburg County line. A power pole was snapped, a pivot irrigation system was flipped over and several softwood trees were uprooted.","Upper energy interacted with a warm front to produce severe thunderstorms, including tornadoes, mainly across southern portions of the CSRA and Southern Midlands.",68
671921,ORANGEBURG CO.,COPE,01/21/2017,1609,Tornado, ,EF1,0,0,0,0,SC,EST-5, ,112399,C,75,CAE,0,0,Emergency Manager, ,5.47,400,5,W,1,NNE,COPE,01/21/2017,1619,33.3761,-81.0839,33.399,-80.9941,"The National Weather Service in Columbia has confirmed a tornado|near Cope in Orangeburg County South Carolina on January 21 2017|based on information provided by the Orangeburg County Emergency|Manager. The tornado touched down near Highway 70 near the |Orangeburg-Bamberg County line, then continued northeast across |Cope Road before dissipating near the intersection of Deer Trail |Road and Whisenhunt Road. Most of the damage observed along the |path was rated EF0, but the tornado did briefly strengthen into an|EF1 near the intersection of Highway 70 and Cope Road/Highway 332.|In this vicinity, three mobile homes were heavily damaged and a |metal farm building collapsed. Numerous trees were either snapped |or uprooted.","Upper energy interacted with a warm front to produce severe thunderstorms, including tornadoes, mainly across southern portions of the CSRA and Southern Midlands.",69
679654,HORRY CO.,ADRIAN,02/15/2017,1130,Tornado, ,EF1,0,0,997000,0,SC,EST-5, ,113534,C,51,ILM,0,0,NWS Storm Survey, ,4.92,60,1,ESE,4,NNW,SHELL,02/15/2017,1140,33.9429,-79.0012,33.9543,-78.9165,"A survey conducted by the National Weather Service concluded an EF-1 tornado first touched down near Adrian Highway, just east of Sabrina Lane and caused some minor tree damage. The tornado then moved nearly parallel to Adrian Highway and caused extensive tree damage and damage to numerous farm buildings and sheds. Power lines were also reportedly down in the area. As the tornado continued to move east, just east of Hucks Road, it snapped dozens of trees. Two homes sustained damage in this area, one of which had windows blown out. The tornado crossed Johnson Shelly Road and stayed just north of New Dawn Lane causing dozens of snapped trees. Near the intersection of New Dawn Lane and Highway 19, a small barn was destroyed and a large shed was completely damaged. The tornado continued east and crossed New Home Circle where it nearly toppled a single wide trailer and caused damage to a couple other trailers. The tornado lifted in a field just west of Gause Road after being on the ground for about 10 minutes and just under 5 miles. The tornado had estimated maximum winds of 110 mph.","A system originating from the Gulf of Mexico tracked northeast toward the area in an environment that was characterized by low instability and moderate shear.",70
690882,PICKENS CO.,CENTRAL,04/03/2017,1251,Tornado, ,EF0,0,0,0,0,SC,EST-5, ,115103,C,77,GSP,0,0,NWS Storm Survey, ,0.09,40,1,N,1,N,CENTRAL,04/03/2017,1252,34.728,-82.781,34.729,-82.78,"NWS Storm survey found a short tornado path within large area of downburst damage in central. The tornado very briefly touched down near the intersection of Joseph St and Wood St, bringing down dozens of trees in a wooded area behind residences.","A line of showers and thunderstorms developing ahead of a cold front pushes across Upstate South Carolina during the afternoon. In addition to locally damaging winds, several brief, weak tornadoes touched down, including a fatal tornado in Union County.",71
690883,PICKENS CO.,LATHAM,04/03/2017,1313,Tornado, ,EF0,0,0,30000,0,SC,EST-5, ,115103,C,77,GSP,0,0,NWS Storm Survey, ,1.36,50,4,NE,5,NE,LATHAM,04/03/2017,1314,34.859,-82.507,34.87,-82.487,"NWS storm survey determined a tornado touched down in eastern Pickens County near Saluda Dam and Pistol Club Roads, downing trees, damaging outbuildings, and ripping metal sheeting off  roofs at a farm site. Some minor structural damage, mainly in the form of missing shingles, occurred to a nearby house. The tornado weakened as it moved E/NE and may have lifted briefly before crossing into Greenville County at Saluda Lake.","A line of showers and thunderstorms developing ahead of a cold front pushes across Upstate South Carolina during the afternoon. In addition to locally damaging winds, several brief, weak tornadoes touched down, including a fatal tornado in Union County.",72
690884,GREENVILLE CO.,CROSWELL,04/03/2017,1314,Tornado, ,EF0,0,0,20000,0,SC,EST-5, ,115103,C,45,GSP,0,0,NWS Storm Survey, ,1.48,50,1,NNW,2,W,BEREA,04/03/2017,1315,34.87,-82.487,34.88,-82.464,"A weak tornado moved into the Berea area, crossing from Pickens County at Saluda Lake. Multiple trees were blown down, with trees down on vehicles and a trailer on  White Horse Rd.","A line of showers and thunderstorms developing ahead of a cold front pushes across Upstate South Carolina during the afternoon. In addition to locally damaging winds, several brief, weak tornadoes touched down, including a fatal tornado in Union County.",73
690886,LAURENS CO.,BARKSDALE,04/03/2017,1349,Tornado, ,EF0,0,0,20000,0,SC,EST-5, ,115103,C,59,GSP,0,0,NWS Storm Survey, ,0.74,75,1,SSE,2,SE,BARKSDALE,04/03/2017,1350,34.554,-82.07,34.555,-82.057,"NWS storm survey found a tornado path that roughly paralleled Owens Rd, touching down just east of highway 14 and lifting after about 3/4 mile. Most of the damage consisted of downed trees, but some Minor Structural damage occurred, mainly in the form of minor roof damage. One tree fell on a mobile home.","A line of showers and thunderstorms developing ahead of a cold front pushes across Upstate South Carolina during the afternoon. In addition to locally damaging winds, several brief, weak tornadoes touched down, including a fatal tornado in Union County.",74
690887,UNION CO.,ADA,04/03/2017,1421,Tornado, ,EF1,1,0,50000,0,SC,EST-5, ,115103,C,87,GSP,0,0,NWS Storm Survey, ,0.74,150,4,W,4,WNW,ADA,04/03/2017,1423,34.582,-81.606,34.586,-81.594,"NWS Storm survey found the path of an EF1 tornado that began around healing springs Church Road and Eaves Road, moving northeast between these Two Roads, then lifting near the intersection of Eaves Rd and old highway 176. A mobile home on Eaves Rd was overturned off its frame and flipped multiple times. A 65-year-old male occupant of the home was killed.","A line of showers and thunderstorms developing ahead of a cold front pushes across Upstate South Carolina during the afternoon. In addition to locally damaging winds, several brief, weak tornadoes touched down, including a fatal tornado in Union County.",75
696529,UNION CO.,CARLISLE,04/03/2017,1430,Tornado, ,EF0,0,0,0,0,SC,EST-5, ,115103,C,87,GSP,0,0,NWS Storm Survey, ,0.01,50,2,NW,2,NW,CARLISLE,04/03/2017,1430,34.62,-81.49,34.62,-81.49,"NWS survey team reported a weak tornado touched down briefly, knocking down a few trees.","A line of showers and thunderstorms developing ahead of a cold front pushes across Upstate South Carolina during the afternoon. In addition to locally damaging winds, several brief, weak tornadoes touched down, including a fatal tornado in Union County.",76
679547,AIKEN CO.,AIKEN,04/03/2017,1508,Tornado, ,EF0,0,0,0,0,SC,EST-5, ,113518,C,3,CAE,0,0,NWS Storm Survey, ,0.06,25,2,SW,2,SW,AIKEN,04/03/2017,1509,33.53,-81.74,33.53,-81.74,"Several trees downed in multiple directions along Longwood Dr indicates that a brief tornado occurred in the Aiken Estates subdivision.","An upper level trough over northern Texas lifted into the Midwest. A series of upper level disturbances embedded in the trough moved over the Southeast during the afternoon and evening. The associated surface low developed across Missouri/Illinois with a trailing cold front which moved eastward from Mississippi to South Carolina through the day. The main area of thunderstorms developed ahead of the cold front in a quickly advancing line with some discrete supercells developing in southeastern Georgia. The main and most significant band of convection, enhanced by a strong low level jet and moisture transport off of the Gulf of Mexico, pushed quickly across the Midlands and Central Savannah River Area (CSRA) during the afternoon and early evening. The combination of moderate atmospheric instability and very strong vertical wind shear set the stage for a severe weather outbreak, which included a few tornadoes, strong damaging straight-line wind gusts, and a few hail reports across the Midlands and CSRA.",77
679548,AIKEN CO.,MONETTA,04/03/2017,1514,Tornado, ,EF1,0,0,0,0,SC,EST-5, ,113518,C,3,CAE,0,0,NWS Storm Survey, ,0.87,100,3,S,3,SSE,MONETTA,04/03/2017,1516,33.801,-81.62,33.803,-81.605,"The tornado touched down near Old Shoals Road just south of Abney Rd where it snapped numerous pine trees, resulting in EF1 damage. The tornado then weakened as it moved in a general eastward direction, snapping additional pine trees as it crossed|Shealy Pond Rd and then Alberta Peach Rd before dissipating.","An upper level trough over northern Texas lifted into the Midwest. A series of upper level disturbances embedded in the trough moved over the Southeast during the afternoon and evening. The associated surface low developed across Missouri/Illinois with a trailing cold front which moved eastward from Mississippi to South Carolina through the day. The main area of thunderstorms developed ahead of the cold front in a quickly advancing line with some discrete supercells developing in southeastern Georgia. The main and most significant band of convection, enhanced by a strong low level jet and moisture transport off of the Gulf of Mexico, pushed quickly across the Midlands and Central Savannah River Area (CSRA) during the afternoon and early evening. The combination of moderate atmospheric instability and very strong vertical wind shear set the stage for a severe weather outbreak, which included a few tornadoes, strong damaging straight-line wind gusts, and a few hail reports across the Midlands and CSRA.",78
693739,HAMPTON CO.,GIFFORD,04/03/2017,1543,Tornado, ,EF0,0,0,0,0,SC,EST-5, ,115363,C,49,CHS,0,0,NWS Storm Survey, ,0.28,240,2,ENE,3,ENE,GIFFORD,04/03/2017,1544,32.86,-81.19,32.8605,-81.1853,"The National Weather Service in Charleston South Carolina confirmed a weak, brief tornado just east of Gifford in Hampton County, South Carolina on 04/03/2017. A National Weather Service storm survey team found that a tornado touched down about 2.7 miles east of Gifford, SC, then traveled approximately one third of a mile east-northeast before lifting near Thomas Hamilton Road. The damage was limited to uprooting of small soft and hardwood trees. Maximum wind speeds were estimated to be 80 mph. More widespread tree damage was just south of the tornado, associated with straight-line winds.","A warm front lifted north over the area early, increasing instability over much of the Southeast well ahead of a cold front approaching from the west late. Aloft, a mid/upper trough of low pressure over the Central United States took on a negative tilt while tracking east. As this occurred, an embedded H5 shortwave rounded the southern periphery of the longwave trough, shifting over the Southeast United States in a dampening state. The combination of surface based instability advecting north into the area, strong shear, modest mid-level lapse rates and forcing associated with the approaching H5 shortwave and entrance region of an upper level jet helped produce an environment capable of damaging straight-line winds, small to moderate size hail and isolated tornadoes.",79
679549,CALHOUN CO.,RILEY,04/03/2017,1611,Tornado, ,EF2,0,0,0,0,SC,EST-5, ,113518,C,17,CAE,0,0,NWS Storm Survey, ,6.72,600,2,SSE,2,NW,CRESTON,04/03/2017,1622,33.59,-80.787,33.62,-80.676,"The tornado touched down near the Orangeburg and Calhoun County line near Pasture Lane. The tornado moved east-northeast for about 6.5 miles. The tornado lifted just before Highway 6 near Kings Grant Rd.||The most significant damage occurred along Sikes Rd near Belleville Rd and extended eastward to Mossdale Rd. A row of power poles along Sikes Rd and Mossdale Rd were snapped near their base. Several structures were heavily damaged. This includes|several barns...large metal storage buildings with anchors removed from the ground and roof damage to homes. There were numerous hardwood and softwood trees that were either uprooted or snapped along the path of the tornado. A pivot tilt irrigation system along US Highway 176 was overturned.","An upper level trough over northern Texas lifted into the Midwest. A series of upper level disturbances embedded in the trough moved over the Southeast during the afternoon and evening. The associated surface low developed across Missouri/Illinois with a trailing cold front which moved eastward from Mississippi to South Carolina through the day. The main area of thunderstorms developed ahead of the cold front in a quickly advancing line with some discrete supercells developing in southeastern Georgia. The main and most significant band of convection, enhanced by a strong low level jet and moisture transport off of the Gulf of Mexico, pushed quickly across the Midlands and Central Savannah River Area (CSRA) during the afternoon and early evening. The combination of moderate atmospheric instability and very strong vertical wind shear set the stage for a severe weather outbreak, which included a few tornadoes, strong damaging straight-line wind gusts, and a few hail reports across the Midlands and CSRA.",80
680193,EDGEFIELD CO.,JOHNSTON,04/05/2017,1217,Tornado, ,EF1,0,1,0,0,SC,EST-5, ,113553,C,37,CAE,0,0,NWS Storm Survey, ,1.07,1000,1,NW,1,N,JOHNSTON,04/05/2017,1219,33.839,-81.794,33.8465,-81.7777,"Tornado damage began in Edgefield County on the east side of Johnston near Winthrow Avenue and continued northeast into Saluda County. Widespread hardwood and pine trees were uprooted and snapped causing damage to multiple homes and vehicles. Most of the damage was EF-0 and EF-1 in Edgefield County. Widespread large hardwoods were uprooted and snapped with some trees having the bark stripped off. One female received minor injuries when a branch fell on her vehicle causing her windshield to shatter.","With a mean upper trough axis to our west, a lead impulse moved through our region in a SW flow aloft Wednesday.  At the surface, a stationary front was stretched across central SC/GA, with a cold front to our west, that came through late Wednesday night. Upper energy, diurnal heating, strong low to mid level jets, and the surface front, contributed to moderate to strong instabilities, along with strong shear. This produced severe thunderstorm activity, including a few tornadoes, along with numerous reports of strong damaging straight-line wind gusts and large hail. In addition, training cells in a moisture-rich environment, contributed to locally heavy rainfall and flash flooding in a few locations.",81
680202,LEXINGTON CO.,PROVIDENCE,04/05/2017,1306,Tornado, ,EF0,0,0,0,0,SC,EST-5, ,113553,C,63,CAE,0,0,NWS Employee, ,0.01,75,1,SSW,1,SSW,PROVIDENCE,04/05/2017,1310,34.0054,-81.278,34.0056,-81.2776,"Brief tornado touchdown uprooted a tree at the intersection of Old Cherokee Rd and Rollingwood Dr.","With a mean upper trough axis to our west, a lead impulse moved through our region in a SW flow aloft Wednesday.  At the surface, a stationary front was stretched across central SC/GA, with a cold front to our west, that came through late Wednesday night. Upper energy, diurnal heating, strong low to mid level jets, and the surface front, contributed to moderate to strong instabilities, along with strong shear. This produced severe thunderstorm activity, including a few tornadoes, along with numerous reports of strong damaging straight-line wind gusts and large hail. In addition, training cells in a moisture-rich environment, contributed to locally heavy rainfall and flash flooding in a few locations.",82
740129,SALUDA CO.,WARD,04/05/2017,1619,Tornado, ,EF2,0,0,0,0,SC,EST-5, ,113553,C,81,CAE,0,0,NWS Storm Survey, ,6.13,1000,3,W,1,N,RIDGE SPG,04/05/2017,1628,33.8465,-81.7777,33.871,-81.675,"The tornado touched down in Edgefield County near Johnston and moved to the ENE  into Saluda County through Ward before dissipating northwest of Ridge Spring off of|Murphy Farm Road. Widespread hardwood and pine trees were uprooted and snapped causing damage to multiple homes and vehicles. Most of the damage was EF-0 and EF-1, but EF-2 damage with peak wind speeds near 115 mph was noted near Ward. |Widespread large hardwoods were uprooted and snapped with some trees having the bark stripped off. In addition, the top of a concrete silo was destroyed.","With a mean upper trough axis to our west, a lead impulse moved through our region in a SW flow aloft Wednesday.  At the surface, a stationary front was stretched across central SC/GA, with a cold front to our west, that came through late Wednesday night. Upper energy, diurnal heating, strong low to mid level jets, and the surface front, contributed to moderate to strong instabilities, along with strong shear. This produced severe thunderstorm activity, including a few tornadoes, along with numerous reports of strong damaging straight-line wind gusts and large hail. In addition, training cells in a moisture-rich environment, contributed to locally heavy rainfall and flash flooding in a few locations.",83
693267,ANDERSON CO.,SAYLORS XRDS,04/05/2017,2320,Tornado, ,EF0,0,0,0,0,SC,EST-5, ,115448,C,7,GSP,0,0,NWS Storm Survey, ,0.14,50,3,WNW,3,WNW,SAYLORS XRDS,04/05/2017,2321,34.42,-82.55,34.421,-82.549,"National Weather Service storm survey found a small area of tornado damage within a broader swath of less intense downburst damage. The tornado briefly touched down on Bryant Rd near Highway 413. Damage was mainly confined to uprooted or snapped trees.","An intensifying cluster of thunderstorms moved into the Upstate from northeast Georgia during the late evening and early part of the overnight, in advance of a strong storm system and attendant cold front. Anderson County bore the brunt of the storms, as virtually the entire county was impacted by 60 to 80 mph wind gusts. Brief, weak tornadoes enhanced the damage in a couple of locations.  Almost as quickly as they intensified, the storms weakened and were generally sub-severe by the time they reached the I-26 corridor.",84
693269,ANDERSON CO.,HONEA PATH,04/05/2017,2330,Tornado, ,EF0,0,0,1000,0,SC,EST-5, ,115448,C,7,GSP,0,0,NWS Storm Survey, ,0.06,30,1,WSW,1,WSW,HONEA PATH,04/05/2017,2331,34.44,-82.4,34.441,-82.399,"NWS Storm survey found a small area of tornado damage within a wider swatch of less intense downburst damage. The tornado briefly touched down off Brook St on the southwest side of honea path. Numerous trees were blown down, while a patio and carport structure were also damaged.","An intensifying cluster of thunderstorms moved into the Upstate from northeast Georgia during the late evening and early part of the overnight, in advance of a strong storm system and attendant cold front. Anderson County bore the brunt of the storms, as virtually the entire county was impacted by 60 to 80 mph wind gusts. Brief, weak tornadoes enhanced the damage in a couple of locations.  Almost as quickly as they intensified, the storms weakened and were generally sub-severe by the time they reached the I-26 corridor.",85
698717,COLLETON CO.,HENDERSONVILLE,05/04/2017,1846,Tornado, ,EF1,0,0,0,0,SC,EST-5, ,116217,C,29,CHS,0,0,NWS Storm Survey, ,12.52,440,3,WNW,2,ESE,STOKES,05/04/2017,1910,32.7928,-80.7776,32.9555,-80.6825,"A National Weather Service storm survey team confirmed a EF1 tornado in Colleton County. The tornado initially touched down approximately half of a mile southwest of the Hendersonville rest area off of Interstate 95, with a north-northeast intermittent path. Along the path, the tornado crossed State Road S-15-28, snapping several trees. The tornado then continued north-northeast where it caused damage to a house and barn just north of Black Creek Road. Several snapped and uprooted trees along with a few down power poles also occurred at this location. The tornado then continued north-northeast crossing Magellan Road, where approximately 100 trees were snapped. The tornado then continued north-northeast where it produced tree and home damage along Cane Branch Road. At this point, the tornado path became continuous from the damage along Cane Branch Road until the tornado dissipated along Interstate 95. Damage to a house on Cane Branch road included a 6,500 pound boat and trailer being displaced about 30 yards from their original position, a golf cart being lifted up and moved about 20 yards, two large branches being driven through the side of the house, several windows being broken out, and significant damage to metal rooting material. In addition, the house was shifted a bit on its foundation. Numerous trees were snapped near the property of this home. The tornado then continued north-northeast toward Sniders Highway, where it produced minor roof and siding damage to a mobile home, tossed a trampoline into a tree line about 20 feet off the ground, snapped a few trees and severe damaged an old barn. The tornado then crossed Highway 63, snapping 2 power poles and causing minor roof and siding damage to a 2 story home. The tornado continued north crossing Donald Duck Point, where a mobile home was seen leaning on cinder blocks along with skirting destroyed. Two adjacent mobile homes also received minor skirt damage. The tornado then continued north, gaining strength and width while approaching Walterboro. The maximum tornado strength and width was surveyed about one fourth of a mile west of a large shopping complex along Highway 64, where approximately 1,000 trees were either snapped uprooted and severely damaged. The tornado then continued on a north-northeast track damaging dozens of trees while crossing Mount Carmel Road, before lifting approximately 2 miles of exit 57 on Interstate 95 off of Windmere Lane where damage to trees, power lines, and a large billboard occurred.","A strong line of thunderstorms developed in the afternoon hours well ahead of a cold front to the west. Large scale forcing was strong and the near storm environment was supportive of severe thunderstorms, with some embedded supercell thunderstorms. Damaging wind gusts occurred as well as a few tornadoes across southeast South Carolina.",86
698720,COLLETON CO.,STOKES,05/04/2017,1915,Tornado, ,EF1,0,0,0,0,SC,EST-5, ,116217,C,29,CHS,0,0,NWS Storm Survey, ,6.03,125,4,ENE,2,ENE,CANADYS,05/04/2017,1925,32.988,-80.6494,33.0571,-80.5859,"A National Weather Service storm survey team confirmed an EF1 tornado near Walterboro in Colleton County. The tornado touched down just west of McLeod Road, damaging the roofing and siding of a home. The tornado then traveled north-northeast producing intermittent damage along the path. The tornado produced extensive tree damage along Allen Creek just to the west of Highway 15 where approximately 100 trees were snapped off, uprooted, or severely damaged. The tornado produced fence damage along Highway 15 just north of Allen Creek and thereafter produced intermittent tree damage along the path. The tornado crossed a corn field about 2 miles east of Canadys where a convergent wind pattern was clearly evident. The tornado snapped off, uprooted, or damaged numerous trees in this area before dissipating just south of the Edisto River.","A strong line of thunderstorms developed in the afternoon hours well ahead of a cold front to the west. Large scale forcing was strong and the near storm environment was supportive of severe thunderstorms, with some embedded supercell thunderstorms. Damaging wind gusts occurred as well as a few tornadoes across southeast South Carolina.",87
698901,COLLETON CO.,CANADYS,05/04/2017,1926,Tornado, ,EF1,0,0,0,0,SC,EST-5, ,116217,C,29,CHS,0,0,NWS Storm Survey, ,0.4,150,2,E,2,ENE,CANADYS,05/04/2017,1927,33.0529,-80.5846,33.0586,-80.5831,"A National Weather Service storm survey team confirmed an EF1 tornado that touched down in Colleton County near Canadys and continued into Dorchester County where it eventually dissipated. The tornado touched down just north of Highway 61 and west of Sandy Landing Lane where it snapped off, uprooted, and damaged trees. The tornado then moved to the north-northeast and crossed the Edisto River into Dorchester County.","A strong line of thunderstorms developed in the afternoon hours well ahead of a cold front to the west. Large scale forcing was strong and the near storm environment was supportive of severe thunderstorms, with some embedded supercell thunderstorms. Damaging wind gusts occurred as well as a few tornadoes across southeast South Carolina.",88
698902,DORCHESTER CO.,GROVER,05/04/2017,1927,Tornado, ,EF1,0,0,0,0,SC,EST-5, ,116217,C,35,CHS,0,0,NWS Storm Survey, ,1.62,150,3,S,1,S,GROVER,05/04/2017,1928,33.0586,-80.5831,33.0819,-80.5802,"A National Weather Service storm survey team confirmed that an EF1 tornado that touched down near Canadys in Colleton County crossed the Edisto River and continued into Dorchester County. The tornado snapped off, uprooted and damaged trees on the Dorchester County side of the Edisto River before dissipating near Utsey Hill Road.","A strong line of thunderstorms developed in the afternoon hours well ahead of a cold front to the west. Large scale forcing was strong and the near storm environment was supportive of severe thunderstorms, with some embedded supercell thunderstorms. Damaging wind gusts occurred as well as a few tornadoes across southeast South Carolina.",89
696423,ORANGEBURG CO.,SOUTH FOUR HOLES,05/04/2017,2001,Tornado, ,EF1,0,0,0,0,SC,EST-5, ,115888,C,75,CAE,0,0,NWS Storm Survey, ,3.08,150,1,WNW,0,NE,HOLLY HILL,05/04/2017,2006,33.287,-80.445,33.3234,-80.4144,"An NWS Storm Survey Team confirmed that a tornado touched down on White Sands Road about 3 miles SSW of Holly Hill, South Carolina in Orangeburg County. The tornado traveled NE snapping hardwood and pine trees. Two trees fell on a mobile home located on Cocoa Circle about 2 miles SSW of Holly Hill. The two people in the mobile home at the time, a mother and her daughter, sought shelter in a room located near the end of the mobile home and were not injured. The local fire department |rescued the two residents that evening. In the same area, a tree fell onto three vehicles located on Caufield Court. Damage patterns showed a cross wind component typical of tornadic storms. The tornado continued NE into the town limits of Holly |Hill where it ripped the metal roof off of a section of a strip mall at the intersection of Old State Road and Pine Street. The tornado then lifted at approximately 906 PM. Damage surveyed was consistent with EF-1 damage with wind speeds no greater than 103 MPH.","A warm front stretched over central portions of SC as an upper trough and surface cold front approached from the west. Thunderstorms developed in the early afternoon ahead of the cold front over south Georgia along a previously decaying MCV.  The activity developed and tracked to the NE across the Southern and Eastern Midlands of SC during the late afternoon and evening hours. Combination of sufficient instability and shear allowed 2 tornadoes to develop over this region.",90
701399,DARLINGTON CO.,OATS,05/04/2017,2037,Tornado, ,EF1,0,0,80000,0,SC,EST-5, ,116655,C,31,ILM,0,0,NWS Storm Survey, ,2.07,75,2,SSE,1,NE,OATS,05/04/2017,2044,34.2296,-80.0709,34.2595,-80.069,"A survey conducted by the National Weather Service concluded an EF1 tornado with winds to 95 mph first touched down along Fisherman Road, north of Andrews Mill Road where winds estimated up to 80 mph uprooted a few large trees which fell onto a garage. The tornado lifted and then touched down again near Mineral Springs St. where it damaged several trees as it moved north across Oates Highway. After crossing Oates Highway, the tornado caused significant roof and awning damage to a home on Dudley Drive. A tin carport at this location was blown a few hundred yards. As the tornado continued north, the most significant damage occurred to two mobile homes on Philadelphia St. One home was destroyed while the other sustained heavy damage. Although four occupants were inside the destroyed home at the time, none were injured. The tornado crossed E 7 Pines St. and into a wooded area before dissipating.","Powerful low pressure moved across Kentucky and created an environment favorable for tornado development. Clusters of thunderstorms developed during the evening hours and persisted overnight. The atmosphere was moderately unstable and strongly sheared.",91
701400,DARLINGTON CO.,HARTSVILLE,05/04/2017,2107,Tornado, ,EF1,0,1,60000,0,SC,EST-5, ,116655,C,31,ILM,0,0,NWS Storm Survey, ,0.86,75,1,SE,1,E,HARTSVILLE,05/04/2017,2110,34.357,-80.0505,34.3695,-80.0504,"A survey conducted by the National Weather Service concluded an EF1 tornado with winds to 100 mph first touched down south of Swift Creek Rd. and damaged a few trees before overturning a RV trailer where one occupant was injured. A mobile home was destroyed in this area and a utility trailer was flipped. Numerous trees were snapped or uprooted as the tornado continued north across Swift Creek Rd. It was in this area where several homes sustained damage to siding and awnings and one business was also damaged. The tornado continued across Hartland Dr. and lifted in a stand of trees after crossing S Marquis Highway.","Powerful low pressure moved across Kentucky and created an environment favorable for tornado development. Clusters of thunderstorms developed during the evening hours and persisted overnight. The atmosphere was moderately unstable and strongly sheared.",92
696426,CHESTERFIELD CO.,PATRICK,05/04/2017,2127,Tornado, ,EF0,0,0,0,0,SC,EST-5, ,115888,C,25,CAE,0,0,NWS Storm Survey, ,0.2,75,4,SE,4,ESE,PATRICK,05/04/2017,2128,34.5396,-79.9972,34.5422,-79.9958,"An NWS Storm Survey Team confirmed that an EF-0 tornado touched down near L E Byrd Road and uprooted a few trees and snapped large limbs. A few farm buildings were |destroyed. A couple of single wide mobile homes experienced roof and skirting damage. The tornado was on the ground for approximately 0.20 miles and had a width of 75 yards.","A warm front stretched over central portions of SC as an upper trough and surface cold front approached from the west. Thunderstorms developed in the early afternoon ahead of the cold front over south Georgia along a previously decaying MCV.  The activity developed and tracked to the NE across the Southern and Eastern Midlands of SC during the late afternoon and evening hours. Combination of sufficient instability and shear allowed 2 tornadoes to develop over this region.",93
696751,SALUDA CO.,MAYSON,05/24/2017,1340,Tornado, ,EF1,0,0,0,0,SC,EST-5, ,115946,C,81,CAE,0,0,NWS Storm Survey, ,2.88,75,3,S,2,ESE,MAYSON,05/24/2017,1347,33.99,-81.88,34.02,-81.85,"An NWS Storm Survey Team determined that a tornado touched down near Fruit Hill Road just north of Highway 378. Then continued northeast crossing Henley Road and Old Charleston Road. The tornado produced EF-0 and EF-1 damage, traveling a total of 3 miles before lifting near the intersection of Old Chappell Ferry Road and Simmons Road. Numerous trees were either snapped or uprooted along the damage path and sheet metal was lifted off the roof of a small outbuilding. The strongest wind speeds of up to 110 mph occurred on Fruit Hill Road where 2 cedar trees were snapped at the trunks and thrown up to 20 yards.","An upper disturbance ahead of an upper trough, combined with considerable atmospheric instability, moisture, and shear ahead of an approaching surface cold front, to produce shower and thunderstorm activity. Some severe thunderstorms produced tornadoes, strong damaging wind gusts, locally heavy rain, and some hail.",94
696750,SALUDA CO.,PERRYS XRDS,05/24/2017,1404,Tornado, ,EF0,0,0,0,0,SC,EST-5, ,115946,C,81,CAE,0,0,NWS Storm Survey, ,1.92,250,2,SE,3,E,PERRYS XRDS,05/24/2017,1407,34.1058,-81.6403,34.1243,-81.6153,"An NWS Storm Survey Team found that a tornado touched down near Denny Highway in Northern Saluda County, about 2 miles southwest of the Saluda River. The tornado|then continued northeast across the Saluda River and into Newberry County. The tornado had a path length of 1.92 miles in Saluda County and a maximum width of 250 yards, producing EF-0 and EF-1 damage along its path. Numerous trees were either snapped or uprooted along the damage path.","An upper disturbance ahead of an upper trough, combined with considerable atmospheric instability, moisture, and shear ahead of an approaching surface cold front, to produce shower and thunderstorm activity. Some severe thunderstorms produced tornadoes, strong damaging wind gusts, locally heavy rain, and some hail.",95
740130,NEWBERRY CO.,STOCKMAN,05/24/2017,1407,Tornado, ,EF2,0,0,0,0,SC,EST-5, ,115946,C,71,CAE,0,0,NWS Storm Survey, ,10.18,250,4,SW,1,S,JOLLYSTREET,05/24/2017,1420,34.1243,-81.6153,34.22,-81.48,"An NWS Storm Survey Team found that a tornado touched down in Northern Saluda County, about 2 miles southwest of the Saluda River. The tornado|then continued northeast across the Saluda River and into Newberry County, eventually passing about 2 miles south of Prosperity and dissipating about 3 miles east of Prosperity near Mid Carolina High School. The tornado had a path length of 10.18 miles in Newberry County, for a total path length of 12 miles across both Saluda and Newberry Counties. The maximum width was 250 yards. The tornado produced EF-0 and EF-1 damage along most of its path. However, there was a small area of EF-2 wind damage with winds up to 115 mph near Stoney Hill Road and Fire Tower Road, and also near Macedonia Church Road and Cy Schumpert Road. ||Numerous trees were either snapped or uprooted along the damage path, with several trees down on homes and vehicles. Where the tornado was strongest, several masonry outbuildings had their walls blown out. Small outbuildings were moved as much as 20 yards, and a few very large hardwood trees were splintered with |the tops thrown as far as 30 yards.","An upper disturbance ahead of an upper trough, combined with considerable atmospheric instability, moisture, and shear ahead of an approaching surface cold front, to produce shower and thunderstorm activity. Some severe thunderstorms produced tornadoes, strong damaging wind gusts, locally heavy rain, and some hail.",96
696752,LANCASTER CO.,SAPPS XRDS,05/24/2017,1519,Tornado, ,EF0,0,0,0,0,SC,EST-5, ,115946,C,57,CAE,0,0,NWS Storm Survey, ,0.67,50,1,NNW,1,N,SAPPS XRDS,05/24/2017,1521,34.8103,-80.6373,34.819,-80.632,"An NWS Storm Survey Team determined that a tornado touched down northeast of Lancaster close to the North Carolina State Line near Shiloh Unity Road. The tornado continued northward causing EF-0 damage to crops and trees near Locker Road. The tornado was in Lancaster County for 0.5 miles having a path width of no more than 50 yards. The maximum wind speed during this time was 75 mph.||The tornado moved across the state line, into Union County North Carolina, and tracked northeast for over 7 miles. Most of the damage was to trees but a few structures were damaged. The most significant damage was to a barn that had the sides and much of the roof torn off. This area received a rating of EF-1 with maximum winds speeds of 100 mph.","An upper disturbance ahead of an upper trough, combined with considerable atmospheric instability, moisture, and shear ahead of an approaching surface cold front, to produce shower and thunderstorm activity. Some severe thunderstorms produced tornadoes, strong damaging wind gusts, locally heavy rain, and some hail.",97
722378,CHARLESTON CO.,(CHS)CHARLESTON AFB,09/11/2017,1348,Tornado, ,EF0,0,0,0,0,SC,EST-5, ,120590,C,19,CHS,0,0,NWS Storm Survey, ,1.46,60,1,SW,2,SSW,HILLDALE,09/11/2017,1350,32.8915,-80.0436,32.9073,-80.0604,"A National Weather Service storm survey team confirmed an EF0 toranado on Joint Base Charleston in Charleston County.  The weak, short-lived tornado, associated with the outer rain bands of Tropical Storm Irma, touched down near the Joint Base Charleston flight line and traveled along a discontinuous path toward the north-northwest.  The tornado pushed back the edge of the roof on the control tower, damaged fascia of a nearby building near the flight line, and damaged the roof of another metal building on the base.  Farther northwest on the Wrenwoods Golf Course, the tornado blew down two large oak trees and snapped large branches of other trees.  The tornado then dissipated just beyond the north side of the golf course, about 2 minutes after touchdown.","Irma first developed into a tropical storm on August 30th about 420 miles west of the Cabo Verde Islands, and within 24 hours strengthened into a hurricane.  Irma continued to intensify and became a major hurricane over the eastern Atlantic on September 1st.  After undergoing a brief period of weakening on September 2nd, Irma once again strengthened into a major hurricane on September 3rd and maintained major hurricane status through September 10th when it made landfall on the southwest Florida coast.  During this extended period as a major hurricane, Irma set numerous intensity records for a hurricane in the Atlantic basin.  Maximum sustained winds reached 185 mph, making Irma the strongest storm on record to exist in the Atlantic Ocean outside of the Caribbean and Gulf of Mexico.  Also, Irma���s 185 mph maximum sustained winds are tied for the second strongest maximum winds all time in an Atlantic hurricane.  The minimum central pressure reached during Irma���s life cycle was 914 mb which is the lowest pressure on record by an Atlantic hurricane outside of the western Caribbean and Gulf of Mexico.  Furthermore, Irma maintained Category 5 status for 3 consecutive days which is the longest on record for an Atlantic hurricane.  Irma stayed on a general westward track through September 5th when it began a gradual turn to the west-northwest.  On this west-northwestward track, Irma eventually skirted along the north coast of Cuba on September 9th before turning northward toward Florida on September 10th.  Irma officially made landfall at Marco Island, FL at 3:35 pm September 10 as a Category 3 hurricane.  Following landfall, Irma tracked to the north-northwest and eventually the northwest as it progressed up the western side of the Florida peninsula.  Irma steadily weakened during this time and was downgraded to a tropical storm near the big bend of Florida at 8:00 am on September 11th.  Through the rest of September 11th, Irma tracked to the northwest into southern Georgia and widespread impacts occurred across the Southeast.||Despite the fact that the center of Irma tracked well to the west of the southeast Georgia and southeast South Carolina region, it still caused significant impacts due to heavy rainfall, strong winds, tornadoes, and storm surge.  Feeder bands around Irma continuously moved onshore on September 11th and produced very heavy rainfall rates with rainfall totals generally ranging from 3 to 9 inches.  The peak storm total rainfall of 9.07��� was recorded by a CoCoRaHS observer near Beaufort, SC.  Daily record rainfall totals for September 11th were recorded at all 3 climate sites in the area: 5.51��� at the Charleston International Airport (KCHS), 4.53��� at Downtown Charleston (KCXM), and 4.74��� at the Savannah-Hilton Head International Airport (KSAV).  This widespread heavy rain resulted in several reports of flash flooding with water entering homes and businesses.  Wind damage produced numerous power outages across the region with some damage to structures and numerous downed trees.  The strongest winds were confined to coastal locations, but frequent gusts into the 40-50 mph range occurred well inland.  The maximum sustained wind recorded was 59 mph by the Weatherflow site on the Folly Beach Pier (XFOL) and the maximum wind gust recorded was 76 mph by the Weatherflow site near Beaufort (XBUF).  One fatality and 1 injury occurred from trees falling on homes and across roadways in southeast South Carolina.  The entire southeast Georgia and southeast South Carolina coast was impacted by storm surge generally ranging from 3 to 6 feet.  This storm surge produced numerous reports of 4 to 6 feet of inundation above ground level, mainly along the southeast South Carolina coast.  A peak surge of 4.87 feet occurred at the Charleston Harbor tide gauge at 2:00 pm while a peak surge of 5.63 feet occurred at the Fort Pulaski tide gauge at 5:42 am.  Significant beach erosion occurred at area beaches with widespread damage to docks and piers all along the coast, as well as numerous reports of inundated roadways.",98
722379,CHARLESTON CO.,CHARLESTON JOHNS ARP,09/11/2017,1645,Tornado, ,EF1,0,0,0,0,SC,EST-5, ,120590,C,19,CHS,0,0,NWS Storm Survey, ,0.43,30,2,S,1,SSW,CHARLESTON JOHNS ARP,09/11/2017,1647,32.675,-80.0055,32.6812,-80.0062,"A National Weather Service storm survey team confirmed an EF1 tornado in Legare Farms on Johns Island.  The tornado touched down along the west bank of the Stono River near the junction of Abbapoola Creek.  The tornado initially traveled north-northwest near the Stono River, destroying a shed, snapping a large live oak tree at the trunk, and damaging several other trees.  In this area, the tornado also pulled from the ground a well pump and cement anchors for a chain link fence.  The tornado then knocked a home off pilings, and the displaced residence incurred significant roof damage and crushed a pickup truck which was parked under the damaged house.  The tornado then turned toward the north and northeast, damaging multiple trees before lifting along the west bank of the Stono River.","Irma first developed into a tropical storm on August 30th about 420 miles west of the Cabo Verde Islands, and within 24 hours strengthened into a hurricane.  Irma continued to intensify and became a major hurricane over the eastern Atlantic on September 1st.  After undergoing a brief period of weakening on September 2nd, Irma once again strengthened into a major hurricane on September 3rd and maintained major hurricane status through September 10th when it made landfall on the southwest Florida coast.  During this extended period as a major hurricane, Irma set numerous intensity records for a hurricane in the Atlantic basin.  Maximum sustained winds reached 185 mph, making Irma the strongest storm on record to exist in the Atlantic Ocean outside of the Caribbean and Gulf of Mexico.  Also, Irma���s 185 mph maximum sustained winds are tied for the second strongest maximum winds all time in an Atlantic hurricane.  The minimum central pressure reached during Irma���s life cycle was 914 mb which is the lowest pressure on record by an Atlantic hurricane outside of the western Caribbean and Gulf of Mexico.  Furthermore, Irma maintained Category 5 status for 3 consecutive days which is the longest on record for an Atlantic hurricane.  Irma stayed on a general westward track through September 5th when it began a gradual turn to the west-northwest.  On this west-northwestward track, Irma eventually skirted along the north coast of Cuba on September 9th before turning northward toward Florida on September 10th.  Irma officially made landfall at Marco Island, FL at 3:35 pm September 10 as a Category 3 hurricane.  Following landfall, Irma tracked to the north-northwest and eventually the northwest as it progressed up the western side of the Florida peninsula.  Irma steadily weakened during this time and was downgraded to a tropical storm near the big bend of Florida at 8:00 am on September 11th.  Through the rest of September 11th, Irma tracked to the northwest into southern Georgia and widespread impacts occurred across the Southeast.||Despite the fact that the center of Irma tracked well to the west of the southeast Georgia and southeast South Carolina region, it still caused significant impacts due to heavy rainfall, strong winds, tornadoes, and storm surge.  Feeder bands around Irma continuously moved onshore on September 11th and produced very heavy rainfall rates with rainfall totals generally ranging from 3 to 9 inches.  The peak storm total rainfall of 9.07��� was recorded by a CoCoRaHS observer near Beaufort, SC.  Daily record rainfall totals for September 11th were recorded at all 3 climate sites in the area: 5.51��� at the Charleston International Airport (KCHS), 4.53��� at Downtown Charleston (KCXM), and 4.74��� at the Savannah-Hilton Head International Airport (KSAV).  This widespread heavy rain resulted in several reports of flash flooding with water entering homes and businesses.  Wind damage produced numerous power outages across the region with some damage to structures and numerous downed trees.  The strongest winds were confined to coastal locations, but frequent gusts into the 40-50 mph range occurred well inland.  The maximum sustained wind recorded was 59 mph by the Weatherflow site on the Folly Beach Pier (XFOL) and the maximum wind gust recorded was 76 mph by the Weatherflow site near Beaufort (XBUF).  One fatality and 1 injury occurred from trees falling on homes and across roadways in southeast South Carolina.  The entire southeast Georgia and southeast South Carolina coast was impacted by storm surge generally ranging from 3 to 6 feet.  This storm surge produced numerous reports of 4 to 6 feet of inundation above ground level, mainly along the southeast South Carolina coast.  A peak surge of 4.87 feet occurred at the Charleston Harbor tide gauge at 2:00 pm while a peak surge of 5.63 feet occurred at the Fort Pulaski tide gauge at 5:42 am.  Significant beach erosion occurred at area beaches with widespread damage to docks and piers all along the coast, as well as numerous reports of inundated roadways.",99
722380,CHARLESTON CO.,JAMES IS,09/11/2017,1719,Tornado, ,EF0,0,0,0,0,SC,EST-5, ,120590,C,19,CHS,0,0,NWS Storm Survey, ,0.12,55,1,ESE,1,E,JAMES IS,09/11/2017,1721,32.7264,-79.9111,32.7279,-79.9121,"A National Weather Service storm survey team confirmed an EF0 tornado on James Island.  The weak, short-lived tornado, associated with an outer rainband of Tropical Storm Irma, touched won in a marsh north of Schooner Creek and tracked north-northwest.  The tornado uprooted a live oak tree and damaged another tree at the edge of the marsh.  The tornado then damaged a residence on the southeast side of Seaward Drive, blowing of part of the southeast and northwest facing roof.  The tornado then crossed Seaward Drive, damaging another tree and blowing 4 shutters off the southeast facing side of a residence on Lynne Avenue.  Debris carried from the Seaward Drive  residence also damaged a soffit on the Lynne Avenue home.  The tornado then lifted south of Parrot Point Creek.","Irma first developed into a tropical storm on August 30th about 420 miles west of the Cabo Verde Islands, and within 24 hours strengthened into a hurricane.  Irma continued to intensify and became a major hurricane over the eastern Atlantic on September 1st.  After undergoing a brief period of weakening on September 2nd, Irma once again strengthened into a major hurricane on September 3rd and maintained major hurricane status through September 10th when it made landfall on the southwest Florida coast.  During this extended period as a major hurricane, Irma set numerous intensity records for a hurricane in the Atlantic basin.  Maximum sustained winds reached 185 mph, making Irma the strongest storm on record to exist in the Atlantic Ocean outside of the Caribbean and Gulf of Mexico.  Also, Irma���s 185 mph maximum sustained winds are tied for the second strongest maximum winds all time in an Atlantic hurricane.  The minimum central pressure reached during Irma���s life cycle was 914 mb which is the lowest pressure on record by an Atlantic hurricane outside of the western Caribbean and Gulf of Mexico.  Furthermore, Irma maintained Category 5 status for 3 consecutive days which is the longest on record for an Atlantic hurricane.  Irma stayed on a general westward track through September 5th when it began a gradual turn to the west-northwest.  On this west-northwestward track, Irma eventually skirted along the north coast of Cuba on September 9th before turning northward toward Florida on September 10th.  Irma officially made landfall at Marco Island, FL at 3:35 pm September 10 as a Category 3 hurricane.  Following landfall, Irma tracked to the north-northwest and eventually the northwest as it progressed up the western side of the Florida peninsula.  Irma steadily weakened during this time and was downgraded to a tropical storm near the big bend of Florida at 8:00 am on September 11th.  Through the rest of September 11th, Irma tracked to the northwest into southern Georgia and widespread impacts occurred across the Southeast.||Despite the fact that the center of Irma tracked well to the west of the southeast Georgia and southeast South Carolina region, it still caused significant impacts due to heavy rainfall, strong winds, tornadoes, and storm surge.  Feeder bands around Irma continuously moved onshore on September 11th and produced very heavy rainfall rates with rainfall totals generally ranging from 3 to 9 inches.  The peak storm total rainfall of 9.07��� was recorded by a CoCoRaHS observer near Beaufort, SC.  Daily record rainfall totals for September 11th were recorded at all 3 climate sites in the area: 5.51��� at the Charleston International Airport (KCHS), 4.53��� at Downtown Charleston (KCXM), and 4.74��� at the Savannah-Hilton Head International Airport (KSAV).  This widespread heavy rain resulted in several reports of flash flooding with water entering homes and businesses.  Wind damage produced numerous power outages across the region with some damage to structures and numerous downed trees.  The strongest winds were confined to coastal locations, but frequent gusts into the 40-50 mph range occurred well inland.  The maximum sustained wind recorded was 59 mph by the Weatherflow site on the Folly Beach Pier (XFOL) and the maximum wind gust recorded was 76 mph by the Weatherflow site near Beaufort (XBUF).  One fatality and 1 injury occurred from trees falling on homes and across roadways in southeast South Carolina.  The entire southeast Georgia and southeast South Carolina coast was impacted by storm surge generally ranging from 3 to 6 feet.  This storm surge produced numerous reports of 4 to 6 feet of inundation above ground level, mainly along the southeast South Carolina coast.  A peak surge of 4.87 feet occurred at the Charleston Harbor tide gauge at 2:00 pm while a peak surge of 5.63 feet occurred at the Fort Pulaski tide gauge at 5:42 am.  Significant beach erosion occurred at area beaches with widespread damage to docks and piers all along the coast, as well as numerous reports of inundated roadways.",100
716101,BAMBERG CO.,OLAR,09/11/2017,1801,Tornado, ,EF0,0,0,0,0,SC,EST-5, ,119265,C,9,CAE,0,0,NWS Storm Survey, ,2,50,1,NW,1,WSW,GOVAN,09/11/2017,1805,33.19,-81.19,33.217,-81.194,"NWS storm survey team confirmed an EF-0 tornado touched down just NE of Olar, SC, moved to the NNW and dissipated approximately 4 minutes later near Govan, SC. The tornado was associated with the circulation of tropical cyclone Irma. ||The tornado touched down just northwest of the town of Olar along Thunder Road. The tornado continued north-northwest for approximately 2 miles. The tornado crossed Thunder Road, Red Fox Road, Memorial Church Road and dissipated before reaching Ehrhardt Road. The tornado downed a few trees and several large limbs along it's path. The tornado was brief, only staying on the ground for approximately |4 minutes.","Irma made landfall in south Florida as a category 4 hurricane on Sunday, September 10th, then moved north up the Florida peninsula during the day and night while gradually weakening. Irma weakened to Tropical Storm status while over north Florida Monday morning September 11th, and shifted NW over SW Georgia and into Alabama through Monday night while weakening to a Depression. Copious rainfall amounts associated with the cyclone occurred across the Central Savannah River Area (CSRA) of GA and the Midlands of SC, which generally fell from late Sunday night, through Monday and Monday night the 11th, and into the early morning hours of Tuesday the 12th. In addition, the pressure gradient between the cyclone to our SW, and high pressure to our north, provided strong wind gusts over the region as well which downed numerous trees. The strongest wind gusts occurred Monday afternoon Sept 11th.",101
722381,CHARLESTON CO.,THE GROVES,09/11/2017,1813,Tornado, ,EF0,0,0,0,0,SC,EST-5, ,120590,C,19,CHS,0,0,NWS Storm Survey, ,0.57,90,2,E,2,N,SULLIVANS IS,09/11/2017,1815,32.8027,-79.8403,32.7956,-79.8353,"A National Weather Service Storm Survey team confirmed an EF0 tornado in Mount Pleasant.  The weak, short-lived tornado, associated with an outer rainband of Tropical Storm Irma,  formed over the marsh area between Mount Pleasant and Sullivan's Island.  The weak tornado first moved into the south end of Pine Island View Road, then moved quickly north-northwest over the eastern ends of Oak Landing Road and Green Path Lane, before dissipating back on Pine Island View Road.  Although no significant structural damage was observed, there were many large tree limbs down, some uprooted trees, and one wooden fence completely blown down.","Irma first developed into a tropical storm on August 30th about 420 miles west of the Cabo Verde Islands, and within 24 hours strengthened into a hurricane.  Irma continued to intensify and became a major hurricane over the eastern Atlantic on September 1st.  After undergoing a brief period of weakening on September 2nd, Irma once again strengthened into a major hurricane on September 3rd and maintained major hurricane status through September 10th when it made landfall on the southwest Florida coast.  During this extended period as a major hurricane, Irma set numerous intensity records for a hurricane in the Atlantic basin.  Maximum sustained winds reached 185 mph, making Irma the strongest storm on record to exist in the Atlantic Ocean outside of the Caribbean and Gulf of Mexico.  Also, Irma���s 185 mph maximum sustained winds are tied for the second strongest maximum winds all time in an Atlantic hurricane.  The minimum central pressure reached during Irma���s life cycle was 914 mb which is the lowest pressure on record by an Atlantic hurricane outside of the western Caribbean and Gulf of Mexico.  Furthermore, Irma maintained Category 5 status for 3 consecutive days which is the longest on record for an Atlantic hurricane.  Irma stayed on a general westward track through September 5th when it began a gradual turn to the west-northwest.  On this west-northwestward track, Irma eventually skirted along the north coast of Cuba on September 9th before turning northward toward Florida on September 10th.  Irma officially made landfall at Marco Island, FL at 3:35 pm September 10 as a Category 3 hurricane.  Following landfall, Irma tracked to the north-northwest and eventually the northwest as it progressed up the western side of the Florida peninsula.  Irma steadily weakened during this time and was downgraded to a tropical storm near the big bend of Florida at 8:00 am on September 11th.  Through the rest of September 11th, Irma tracked to the northwest into southern Georgia and widespread impacts occurred across the Southeast.||Despite the fact that the center of Irma tracked well to the west of the southeast Georgia and southeast South Carolina region, it still caused significant impacts due to heavy rainfall, strong winds, tornadoes, and storm surge.  Feeder bands around Irma continuously moved onshore on September 11th and produced very heavy rainfall rates with rainfall totals generally ranging from 3 to 9 inches.  The peak storm total rainfall of 9.07��� was recorded by a CoCoRaHS observer near Beaufort, SC.  Daily record rainfall totals for September 11th were recorded at all 3 climate sites in the area: 5.51��� at the Charleston International Airport (KCHS), 4.53��� at Downtown Charleston (KCXM), and 4.74��� at the Savannah-Hilton Head International Airport (KSAV).  This widespread heavy rain resulted in several reports of flash flooding with water entering homes and businesses.  Wind damage produced numerous power outages across the region with some damage to structures and numerous downed trees.  The strongest winds were confined to coastal locations, but frequent gusts into the 40-50 mph range occurred well inland.  The maximum sustained wind recorded was 59 mph by the Weatherflow site on the Folly Beach Pier (XFOL) and the maximum wind gust recorded was 76 mph by the Weatherflow site near Beaufort (XBUF).  One fatality and 1 injury occurred from trees falling on homes and across roadways in southeast South Carolina.  The entire southeast Georgia and southeast South Carolina coast was impacted by storm surge generally ranging from 3 to 6 feet.  This storm surge produced numerous reports of 4 to 6 feet of inundation above ground level, mainly along the southeast South Carolina coast.  A peak surge of 4.87 feet occurred at the Charleston Harbor tide gauge at 2:00 pm while a peak surge of 5.63 feet occurred at the Fort Pulaski tide gauge at 5:42 am.  Significant beach erosion occurred at area beaches with widespread damage to docks and piers all along the coast, as well as numerous reports of inundated roadways.",102
723096,LAURENS CO.,HARRIS SPGS,10/08/2017,1508,Tornado, ,EF1,0,0,20000,0,SC,EST-5, ,120712,C,59,GSP,0,0,NWS Storm Survey, ,12,100,3,SSW,3,SSE,LAURENS,10/08/2017,1530,34.291,-82.044,34.458,-81.986,"NWS storm survey found an area of weak tornado damage that began near the Highway 72/Highway 221 intersection. Although the damage path was lost northeast of this location in a heavily wooded area, dual pol radar data indicated the tornado likely continued to the north/northeast to Highway 39, where additional damage was found along Beaverdam Church Rd and Teague Rd. The tornado continued north/northeast, lifting southeast of Laurens. Damage was confined to mostly minor damage to homes, a few damaged or destroyed outbuildings, and numerous downed trees and large limbs.","As the remnants of Tropical Cyclone Nate moved north across Alabama and into Middle Tennessee, outer rain bands associated with the cyclone and scattered thunderstorms developing ahead of the bands impacted Upstate South Carolina during the afternoon and evening. Multiple tornadoes, with a couple of strong tornadoes developed in association with some of these storms.",103
723085,CHEROKEE CO.,GRASSY POND,10/08/2017,1516,Tornado, ,EF1,0,0,20000,0,SC,EST-5, ,120712,C,21,GSP,0,0,NWS Storm Survey, ,0.07,100,3,NW,3,NW,GRASSY POND,10/08/2017,1517,35.16,-81.711,35.161,-81.711,"NWS storm survey found a short tornado path in northwest Cherokee County, along Robb School Rd between Barbara Ave and Oliver's Way, with damage primarily limited to two residences. These homes received mostly minor exterior and roof damage, although some plywood was torn off the exterior of an attic of one home. The interior of this home received water damage from subsequent heavy rainfall. Flying debris broke out windows and caused additional exterior damage. Multiple trees were also blown down in the area.","As the remnants of Tropical Cyclone Nate moved north across Alabama and into Middle Tennessee, outer rain bands associated with the cyclone and scattered thunderstorms developing ahead of the bands impacted Upstate South Carolina during the afternoon and evening. Multiple tornadoes, with a couple of strong tornadoes developed in association with some of these storms.",104
719106,NEWBERRY CO.,VAUGHANSVILLE,10/08/2017,1520,Tornado, ,EF1,0,0,0,0,SC,EST-5, ,120003,C,71,CAE,0,0,NWS Storm Survey, ,2.6,50,2,SW,1,NNW,VAUGHANSVILLE,10/08/2017,1527,34.209,-81.917,34.246,-81.909,"The tornado touched intermittently as it moved north-northeast for just over 2.4 miles. It initially touched down on the northern bank of Lake Greenwood on Pineland Road near Fawn Court and continued north-northeast to Workman Kelly Road. Numerous large hardwood and softwood trees were snapped at their trunks on both roads. The tornado continued north-northeast to the intersection of Highway 39 and Salter Road. This is where the tornado damaged the roof of a home and severely damaged the roof and building of a workshop. Much of the metal roofing was destroyed then blown across the property. The two garage doors of the building were blown inward. A wood framed work shed with a metal roof with significant weight was lifted from it's base and landed in the nearby woods. A portion of the front porch of the home was lifted and landed in the back yard. A large work trailer was overturned in the back yard and damage done to a few trees around the house. Along Poplar Spring Road, several trees were snapped at their trunks as the tornado continued northward. The tornado lifted before reaching Vaughnville Church Road approximately 2.4 miles after initially touching down. The tornado lasted approximately 7 minutes.","Instability associated with a warm and moist atmosphere, combined with low level wind shear associated with the remnant circulation of former tropical cyclone Nate tracking to the NE across northern Alabama, produced a tornado across Newberry Co SC in the late afternoon.",105
723084,PICKENS CO.,CATEECHEE,10/08/2017,1536,Tornado, ,EF2,0,0,250000,0,SC,EST-5, ,120712,C,77,GSP,0,0,NWS Storm Survey, ,8.42,300,1,SE,2,W,PICKENS,10/08/2017,1548,34.764,-82.76,34.883,-82.728,"NWS storm survey found a non-continuous path of tornado damage that began at Maxey Dr near the center of Norris. Multiple trees were blown down, several outbuildings damaged or destroyed, and a home received moderate roof damage at this location. The first of several short breaks in the damage path occurred there, but the path was picked up again in an area along Robinson Bridge Rd, just north of Jule Merck Rd, where the most significant damage was observed. The roof of a brick home was completely removed and part of an exterior wall collapsed. Two mobile homes were also completely destroyed in this area. The path was lost again downstream of this location, in a mostly inaccessible area roughly paralleling Twelvemile Creek, but additional tree damage and minor damage to a mobile home was found along Liberty Highway between Nix Rd and Sweetbriar Rd. Yet another break in the path was observed to the north/northeast of this location, but additional damage to trees and outbuildings was observed along South Belle Shoals Rd and Allgood Bridge Rd. A final area of damage was found just west of downtown Pickens, with roofing material removed from a home on Bradley Dr and multiple trees down along Shady Grove Rd.","As the remnants of Tropical Cyclone Nate moved north across Alabama and into Middle Tennessee, outer rain bands associated with the cyclone and scattered thunderstorms developing ahead of the bands impacted Upstate South Carolina during the afternoon and evening. Multiple tornadoes, with a couple of strong tornadoes developed in association with some of these storms.",106
723112,LAURENS CO.,BRAND,10/08/2017,1540,Tornado, ,EF2,0,0,250000,0,SC,EST-5, ,120712,C,59,GSP,0,0,NWS Storm Survey, ,7.69,200,1,SSE,2,N,TYLERSVILLE,10/08/2017,1553,34.51,-81.967,34.615,-81.922,"NWS storm survey found a second, stronger tornado touched down in Laurens County, approximately 4 miles north/northeast of where the first tornado lifted, or on the east side of Laurens, near the intersection of Fleming St Ext and Torrington Rd. Significant damage was observed along Irwin Rd, between Hazelnut Ct and Cashew Trl, where several manufactured homes were severely damaged or destroyed. An occupant of one of these homes was injured. The tornado continued north/northeast to near the intersection of I-385 and Highway 49. From there, the tornado traveled roughly along Highway 49. A frame home in this area had its roof completely removed and multiple cinder block and brick walls collapsed. Otherwise, the tornado continued to damage many outbuildings and blew down numerous trees and tree limbs. The tornado moved away from Highway 49 near the intersection of Highway 308 and while the damage path was lost in this rural area, dual pol radar data indicated the tornado likely continued north/northeast, crossing into Spartanburg County less than a mile north of Highway 49.","As the remnants of Tropical Cyclone Nate moved north across Alabama and into Middle Tennessee, outer rain bands associated with the cyclone and scattered thunderstorms developing ahead of the bands impacted Upstate South Carolina during the afternoon and evening. Multiple tornadoes, with a couple of strong tornadoes developed in association with some of these storms.",107
723113,SPARTANBURG CO.,ENOREE,10/08/2017,1553,Tornado, ,EF1,0,0,50000,0,SC,EST-5, ,120712,C,83,GSP,0,0,NWS Storm Survey, ,14.59,200,3,SE,1,WSW,GLENN SPGS,10/08/2017,1621,34.615,-81.919,34.816,-81.84,"NWS storm survey and dual pol radar data indicated a tornado crossed into Spartanburg County from Laurens County, just north of Highway 49. Damaged outbuildings and downed trees and large limbs were observed on Highway 92 and along Watson Rd near Cross Anchor Highway. The most significant damage in Spartanburg County was found in the Glenn Springs community, at the intersection of Highway 215 and Glenn Springs Rd, where an outbuilding was destroyed and others damaged, numerous trees were downed, and homes received minor structural damage.","As the remnants of Tropical Cyclone Nate moved north across Alabama and into Middle Tennessee, outer rain bands associated with the cyclone and scattered thunderstorms developing ahead of the bands impacted Upstate South Carolina during the afternoon and evening. Multiple tornadoes, with a couple of strong tornadoes developed in association with some of these storms.",108
723114,UNION CO.,WEST SPGS,10/08/2017,1634,Tornado, ,EF0,0,0,10000,0,SC,EST-5, ,120712,C,87,GSP,0,0,NWS Storm Survey, ,0.21,200,4,SSE,4,SSE,WEST SPGS,10/08/2017,1636,34.722,-81.745,34.725,-81.745,"NWS storm survey found a short tornado path in Union County along Haney Rd near the intersection of Mount Lebanon Rd. Damage was primarily limited to downed trees, although a couple of houses received minor exterior damage, while some underskirting was removed from a mobile home.","As the remnants of Tropical Cyclone Nate moved north across Alabama and into Middle Tennessee, outer rain bands associated with the cyclone and scattered thunderstorms developing ahead of the bands impacted Upstate South Carolina during the afternoon and evening. Multiple tornadoes, with a couple of strong tornadoes developed in association with some of these storms.",109
723117,GREENVILLE CO.,GOWENSVILLE,10/08/2017,1637,Tornado, ,EF1,0,0,50000,0,SC,EST-5, ,120712,C,45,GSP,0,0,NWS Storm Survey, ,1.38,200,4,NNW,5,NNW,GOWENSVILLE,10/08/2017,1640,35.174,-82.242,35.194,-82.242,"NWS storm survey found an area of tornado damage in the Lake Lanier area in extreme norteast Greenville County.  Tornado impacted the Lake Lanier area. The tornado initially touched down about a half mile south of the lake, blowing down numerous trees, causing mostly minor structural damage to homes and damaging multiple outbuildings, although one home did have a large part of its roof removed. Some trees fell on structures and vehicles. The tornado moved almost due north to the lake, with additional damage noted on both shores. No further damage was found north of the lake in South Carolina.","As the remnants of Tropical Cyclone Nate moved north across Alabama and into Middle Tennessee, outer rain bands associated with the cyclone and scattered thunderstorms developing ahead of the bands impacted Upstate South Carolina during the afternoon and evening. Multiple tornadoes, with a couple of strong tornadoes developed in association with some of these storms.",110
723269,SPARTANBURG CO.,CRESCENT,10/23/2017,1352,Tornado, ,EF1,0,0,50000,0,SC,EST-5, ,120756,C,83,GSP,0,0,NWS Storm Survey, ,12.68,100,2,ENE,1,ESE,ARCADIA,10/23/2017,1410,34.778,-82.085,34.943,-81.987,"NWS storm survey found the path of a tornado that began near the intersection of Highway 101 and Neilson Rd. The tornado moved north/northeast uprooting and snapping numerous trees along Greenpond Rd and Switzer Green Pond Rd. Some structural damage was also noted to homes in this area, mainly minor roof damage and damage to gutters and siding. The path of the tornado was lost in the area around Pearson Rd and pine Hills Rd, where it entered a heavily wooded valley near the Tyger River, but dual pol radar data indicated the tornado likely continued through this area. The track was picked up again in the area between Bethany Church Rd and Highway 290. Many downed trees were observed from that area northeast toward Reidville Rd, where damage became less intense and more sporadic. The tornado continued northeast to near the I-26/Highway 29 intersection, where the path made an eastward jog. Numerous trees were snapped and uprooted in neighborhood off Highway 29 just east of Westgate Mall. Although a distinct tornado path was lost in this area, extensive Straight-line wind damage continued downstream of the tornado path.","A band of rain showers along and ahead of a strong cold front quickly intensified during the afternoon across Upstate South Carolina. Multiple severe and/or tornadic thunderstorms developed within the line, with multiple tornadoes, some of which were quite strong, reported across the area. This was the second tornado outbreak to impact the Upstate in just over two weeks, and for the most part, the same counties that were impacted on October 8th were once again affected on the 23rd. In fact, a Cherokee County tornado from the 23rd passed within several hundred feet of an event that occurred on the 8th.",111
723272,SPARTANBURG CO.,UNA,10/23/2017,1412,Tornado, ,EF2,0,1,1000000,0,SC,EST-5, ,120756,C,83,GSP,0,0,NWS Storm Survey, ,3.02,350,1,SW,2,NW,WHITNEY,10/23/2017,1418,34.972,-81.989,35,-81.948,"Nws survey found that a  second, more intense tornado touched down on the northwest side of Spartanburg, along Business 85 near Spartanburg Community College. The tornado reached its peak intensity almost immediately upon touching down, as a warehouse building near the intersection of Spring St and Simuel Rd suffered extensive damage, with the collapse of an exterior wall, and much of the roof removed. Multiple trailers were damaged or destroyed and several cars flipped in a parking lot at an adjacent business at|Garrett Rd and Spring St. A person who sought shelter in a glass booth under a metal awning structure at this location was hospitalized with burst ear drums due to the extreme change in air pressure. A  warehouse building also lost much of its roofing here. The tornado continued east/northeast, paralleling Business 85, snapping trees along New Cut Rd, and collapsing a wall at another warehouse style building on Buffington Rd. The tornado appeared to weaken considerably from this point, with damage primarily limited to downed trees and limbs until the path ended near the intersection of Business 85 and Highway 9.","A band of rain showers along and ahead of a strong cold front quickly intensified during the afternoon across Upstate South Carolina. Multiple severe and/or tornadic thunderstorms developed within the line, with multiple tornadoes, some of which were quite strong, reported across the area. This was the second tornado outbreak to impact the Upstate in just over two weeks, and for the most part, the same counties that were impacted on October 8th were once again affected on the 23rd. In fact, a Cherokee County tornado from the 23rd passed within several hundred feet of an event that occurred on the 8th.",112
725075,CHEROKEE CO.,GRASSY POND,10/23/2017,1433,Tornado, ,EF1,0,0,5000,0,SC,EST-5, ,120756,C,21,GSP,0,0,NWS Storm Survey, ,3.28,150,9,W,8,WNW,GRASSY POND,10/23/2017,1440,35.138,-81.825,35.18,-81.798,"NWS Storm survey found the path of an EF1 tornado that began about 1 mile southeast of Chesnee near the Cherokee/Spartanburg county line. Damage associated with this tornado was largely confined to uprooted and snapped trees as it moved northeast, crossing Highway 11, Keg Town Mill Rd, and N Green River Rd before crossing into Rutherford County in North Carolina near Camp Ferry Rd. However, a couple of outbuildings were also damaged.","A band of rain showers along and ahead of a strong cold front quickly intensified during the afternoon across Upstate South Carolina. Multiple severe and/or tornadic thunderstorms developed within the line, with multiple tornadoes, some of which were quite strong, reported across the area. This was the second tornado outbreak to impact the Upstate in just over two weeks, and for the most part, the same counties that were impacted on October 8th were once again affected on the 23rd. In fact, a Cherokee County tornado from the 23rd passed within several hundred feet of an event that occurred on the 8th.",113
723464,CHEROKEE CO.,GRASSY POND,10/23/2017,1436,Tornado, ,EF2,0,0,250000,0,SC,EST-5, ,120756,C,21,GSP,0,0,NWS Storm Survey, ,4.58,150,3,WSW,4,NNW,GRASSY POND,10/23/2017,1441,35.114,-81.727,35.178,-81.706,"NWS storm survey found the path of a strong tornado that touched down near the intersection of Farmington Rd and Meadowview Rd, with damage initially confined to downed trees. The tornado moved north/northeast to the|intersection of Fairview Rd and Highway 11, where two homes sustained EF2 damage, with much of the roofs of both homes removed. The tornado appeared to weaken northeast of this location, with damage confined mainly to minor structural damage and downed trees and power lines until it reached the area near the intersection of Furnace Mill Rd and Robb School Rd. A frame home slid off its foundation on W Diesel Dr, resulting in virtual destruction of the home. The path of the tornado through this area was less than 1000 ft west of a short track tornado that impacted the area around Robb School Rd and Twin Bridge Rd on October 8th 2017. The tornado weakened again from there, with damage confined to downed trees and tree limbs as it moved into Cleveland County between Twin Bridges Rd and McCraw Rd.","A band of rain showers along and ahead of a strong cold front quickly intensified during the afternoon across Upstate South Carolina. Multiple severe and/or tornadic thunderstorms developed within the line, with multiple tornadoes, some of which were quite strong, reported across the area. This was the second tornado outbreak to impact the Upstate in just over two weeks, and for the most part, the same counties that were impacted on October 8th were once again affected on the 23rd. In fact, a Cherokee County tornado from the 23rd passed within several hundred feet of an event that occurred on the 8th.",114
725097,HORRY CO.,NIXONVILLE,10/23/2017,2127,Tornado, ,EF1,0,0,25000,0,SC,EST-5, ,121111,C,51,ILM,0,0,NWS Storm Survey, ,0.36,75,2,NW,2,NNW,NIXONVILLE,10/23/2017,2129,33.8506,-78.8966,33.855,-78.8933,"A storm survey conducted by the National Weather Service confirmed an EF-1 tornado touched down near the intersection of Old Reaves Ferry Rd. and Inman Cir. and tracked to the northeast. Considerable tree damage was observed between Inman Cir. and the Waccamaw River. The team observed numerous trees, up to 16 inches in diameter, snapped and many large limbs were also broken out of the tree tops. On the east side of Inman Cir., a window was blown out of a garage and the garage door buckled slightly. Winds were estimated to 95 mph. The tornado had a path length of just over a third of a mile and a maximum path width of 75 yards. The tornado was on the ground for less than 2 minutes.","This nocturnal severe weather event was characterized by strong dynamics aloft as a negatively tilted mid-level trough moved across the area. Instability was modest, but shear values were high.",115
744287,LEXINGTON CO.,GILBERT,04/15/2018,1303,Tornado, ,EF2,0,0,0,0,SC,EST-5, ,123495,C,63,CAE,0,0,NWS Storm Survey, ,2.98,200,1,SE,2,ESE,CLUBHOUSE XRDS,04/15/2018,1307,33.9101,-81.3645,33.9532,-81.3651,"The tornado began near Two Notch Rd near Hayes Crossing Rd. The tornado continued on a N to NNE path for approximately 3.0 miles, crossing Semm Sease Rd, Wire Rd,|Isiah Hall Rd, Crosby Rd, Austin McCartha Dr, then dissipating near the intersection of Windy Rd and Walter Taylor Rd. Numerous trees were snapped or uprooted along the path. This also includes small and large limbs downed. A few power lines were snapped along the path. The most destructive area was where the tornado moved through a group of 7 chicken houses along Semm Sease Rd. It was at this location that the tornado reached its maximum strength and path width. Several structures, vehicles |and two campers were damaged along the path. Peak winds were estimated to be 120 mph.","A strong upper level disturbance combined with strong atmospheric shear, and instability enhanced by diurnal heating, produced a line of thunderstorms, some of which were severe and included embedded tornadoes.",116
744285,LEXINGTON CO.,LEXINGTON,04/15/2018,1315,Tornado, ,EF0,0,0,0,0,SC,EST-5, ,123495,C,63,CAE,0,0,NWS Storm Survey, ,0.43,100,3,NE,4,NE,LEXINGTON,04/15/2018,1316,34.011,-81.2106,34.0167,-81.2076,"The tornado damage began near Saddlebrooke Rd in Lexington. The tornado continued to the NNE for approximately 0.4 miles, ending along Kenwood Dr. just before John Preston Dr. Numerous hardwood and softwood trees were snapped and uprooted along the path of the tornado. A few trees were down on homes and vehicles. Peak winds were estimated to be 80 mph.","A strong upper level disturbance combined with strong atmospheric shear, and instability enhanced by diurnal heating, produced a line of thunderstorms, some of which were severe and included embedded tornadoes.",117
744286,LEXINGTON CO.,IRMO,04/15/2018,1316,Tornado, ,EF1,0,0,0,0,SC,EST-5, ,123495,C,63,CAE,0,0,NWS Storm Survey, ,2.33,150,3,S,1,SE,IRMO,04/15/2018,1318,34.0364,-81.1798,34.066,-81.1604,"Tornado damage began just south of Corley Mill Rd along Lee Kleckley Rd.  The tornado continued to the NNE and crossed the Saluda River at Saluda Shoals Park near  Woodwinds Dr in Irmo. The tornado continued to the NNE, ending near Lockner Rd before reaching Bower Pkwy and the Columbiana Station shopping center. Numerous hardwood and softwood trees were snapped and uprooted along the path of the tornado. Many trees were down on homes and vehicles. Peak winds were estimated to be 95 mph.","A strong upper level disturbance combined with strong atmospheric shear, and instability enhanced by diurnal heating, produced a line of thunderstorms, some of which were severe and included embedded tornadoes.",118
744288,FAIRFIELD CO.,FLINT HILL,04/15/2018,1346,Tornado, ,EF1,0,0,0,0,SC,EST-5, ,123495,C,39,CAE,0,0,NWS Storm Survey, ,4.18,100,2,E,2,N,BUCKLICK,04/15/2018,1350,34.4152,-80.9199,34.4743,-80.9045,"Tornado damage began just south of White Oak Church Rd, with the tornado moving in a N then NNE motion for about 4.4 miles. The tornado appears to have lifted along the western shore of Lake Wateree near Gunsite Rd where numerous large trees were uprooted or snapped, with several of them falling on homes. The strongest winds are|estimated to have been 95-105 mph.","A strong upper level disturbance combined with strong atmospheric shear, and instability enhanced by diurnal heating, produced a line of thunderstorms, some of which were severe and included embedded tornadoes.",119
751008,YORK CO.,LAKE WYLIE,04/15/2018,1358,Tornado, ,EF0,0,0,50000,0,SC,EST-5, ,125220,C,91,GSP,0,0,NWS Storm Survey, ,1.07,75,4,WSW,3,WSW,LAKE WYLIE,04/15/2018,1400,35.085,-81.116,35.097,-81.104,"NWS Storm Survey found the path of a weak tornado that began along Mountainview Road, where large tree branches were broken. The tornado moved very quickly northeast, crossing Highway 55, where it then passed through the Timberlake Subdivision. Several homes in the subdivision sustained roof, siding, and window damage. A number of hardwood trees were also uprooted, with large branches downed from others. A plastic fence also was destroyed. The tornado proceeded northeast, uprooting additional hardwood trees before dissipating near Kerrydale Ct.","Scattered to numerous afternoon thunderstorms developed ahead of a cold front from late morning through the afternoon across Upstate South Carolina. Several of the storms produced severe weather in the form of large hail and locally damaging winds.",120
759431,CALHOUN CO.,CAMERON,05/28/2018,1406,Tornado, ,EF0,0,0,0,0,SC,EST-5, ,126699,C,17,CAE,0,0,NWS Storm Survey, ,0.29,150,1,E,1,E,CAMERON,05/28/2018,1407,33.5494,-80.6966,33.5534,-80.6953,"A National Weather Service storm survey team determined that a tornado touched down near the Cameron Community Center on Saint John Road and traveled north-northeastward for 0.3 miles before lifting. Damage included uplifted trees, damage to the community center roof and garage door, a roof torn off of a baseball dugout, metal roofing ripped from Saint John Baptist Church, and damage to fencing and signs. Damage was consistent with an EF-0 tornado with maximum wind speeds of 80 mph.","A thunderstorm produced a tornado in Calhoun Co, SC.",121
776440,HORRY CO.,MYRTLE BEACH,07/23/2018,1225,Tornado, ,EF0,0,0,500,0,SC,EST-5, ,129616,C,51,ILM,0,0,Social Media, ,0.06,15,1,S,1,S,MYRTLE BEACH,07/23/2018,1235,33.69,-78.88,33.6904,-78.8809,"A waterspout moved onto the beach near the 900 block of North Ocean Blvd. The 15 yard wide funnel proceeded toward the boardwalk for about 100 yards before dissipating and caused no apparent damage to structures. However, beach chairs and umbrellas were tossed into the air. The tornado was rated an EF-0 by a NWS Storm Survey with wind gusts estimated at no more than 65 mph.","Strong storms produced a tornado and a waterspout.",122
779846,ABBEVILLE CO.,FAIRS XRDS,08/01/2018,2130,Tornado, ,EF0,0,0,10000,0,SC,EST-5, ,130233,C,1,GSP,0,0,NWS Storm Survey, ,3.82,30,1,SE,1,SW,DUE WEST,08/01/2018,2143,34.269,-82.419,34.32,-82.393,"NWS storm survey confirmed a weak tornado touched down near the intersection of Highway 201 and Milford Dairy Rd and moved north-northeast for less than two miles before dissipating. Numerous trees were blown down along the path while a couple of outbuildings were heavily damaged.","Scattered thunderstorms and thunderstorm clusters developed across Upstate South Carolina during the afternoon and evening. One storm produced a brief, weak tornado near Due West in Abbeville County.",123
784858,HORRY CO.,MYRTLE BEACH,09/16/2018,1116,Tornado, ,EF0,0,0,0,0,SC,EST-5, ,131188,C,51,ILM,0,0,Broadcast Media, ,0.09,15,1,E,1,E,MYRTLE BEACH,09/16/2018,1117,33.7,-78.87,33.7008,-78.8712,"Video captured a waterspout that came ashore as a tornado near 21st Ave in Myrtle Beach.","Hurricane Florence began its long Atlantic trek from the Cape Verde Islands in early September. It made landfall near Wrightsville Beach during the morning of September 14th. The barometric pressure at landfall was 959 millibars, or 28.32 inches.The strongest winds were recorded at 106 mph at Cape Lookout, as well as 105 mph measured at the Wilmington International Airport.  In addition to the strong storm surge, there was historic rainfall totals of 20 to 25 inches, with isolated totals of 35 inches in parts of Bladen and Robeson counties. Flash Flooding was severe and widespread, with many communities experiencing flooding for the first time. River flooding was epic, with dozens of main highways impassible. Significant flooding occurred for weeks after the storm had departed. The hurricane spawned 19 tornadoes, one causing significant damage to 8 structures in the Sydney community in Columbus county. The community at Lake Waccamaw experienced more damage than Hurricane Floyd in 1999, the previous benchmark for the area. Particulars for South Carolina: Fatalities: 9, Homes with major damage: 543.  Coastal evacuations: 455,000 evacuated. Power outages: 187,000. Population shelters: 68 with occupancy of 7500 at its peak. Cost: About 600 million dollars. In Marlboro County alone 34 state/56 county roads were damaged.",124
784859,HORRY CO.,MYRTLE BEACH,09/16/2018,1117,Tornado, ,EF0,0,0,0,0,SC,EST-5, ,131188,C,51,ILM,0,0,NWS Storm Survey, ,0.41,30,1,NNE,2,N,MYRTLE BEACH,09/16/2018,1119,33.7201,-78.8751,33.7251,-78.879,"The tornado, associated with a line of storms trailing Tropical |Cyclone Florence, was shown live on air by a local television |station as viewed from their skycam. It caused minor damage to |the tops of pine trees, breaking out numerous small limbs and a |few large ones before it crossed Highway 17 moving west. |Additional minor tree damage occurred on the west side of Highway |17 before the fast moving tornado lifted.","Hurricane Florence began its long Atlantic trek from the Cape Verde Islands in early September. It made landfall near Wrightsville Beach during the morning of September 14th. The barometric pressure at landfall was 959 millibars, or 28.32 inches.The strongest winds were recorded at 106 mph at Cape Lookout, as well as 105 mph measured at the Wilmington International Airport.  In addition to the strong storm surge, there was historic rainfall totals of 20 to 25 inches, with isolated totals of 35 inches in parts of Bladen and Robeson counties. Flash Flooding was severe and widespread, with many communities experiencing flooding for the first time. River flooding was epic, with dozens of main highways impassible. Significant flooding occurred for weeks after the storm had departed. The hurricane spawned 19 tornadoes, one causing significant damage to 8 structures in the Sydney community in Columbus county. The community at Lake Waccamaw experienced more damage than Hurricane Floyd in 1999, the previous benchmark for the area. Particulars for South Carolina: Fatalities: 9, Homes with major damage: 543.  Coastal evacuations: 455,000 evacuated. Power outages: 187,000. Population shelters: 68 with occupancy of 7500 at its peak. Cost: About 600 million dollars. In Marlboro County alone 34 state/56 county roads were damaged.",125
784860,DILLON CO.,FLOYDALE,09/16/2018,1126,Tornado, ,EF0,0,0,0,0,SC,EST-5, ,131188,C,33,ILM,0,0,NWS Storm Survey, ,0.24,30,1,NNE,1,NNE,FLOYDALE,09/16/2018,1127,34.3341,-79.3216,34.3375,-79.3212,"A weak tornado touched down south of Lester Road between the |Little Pee Dee River and Riverview Loop. It crossed Lester Road |moving north, and broke large limbs out of several trees. A few |small pine trees were also broken off and knocked across the road.","Hurricane Florence began its long Atlantic trek from the Cape Verde Islands in early September. It made landfall near Wrightsville Beach during the morning of September 14th. The barometric pressure at landfall was 959 millibars, or 28.32 inches.The strongest winds were recorded at 106 mph at Cape Lookout, as well as 105 mph measured at the Wilmington International Airport.  In addition to the strong storm surge, there was historic rainfall totals of 20 to 25 inches, with isolated totals of 35 inches in parts of Bladen and Robeson counties. Flash Flooding was severe and widespread, with many communities experiencing flooding for the first time. River flooding was epic, with dozens of main highways impassible. Significant flooding occurred for weeks after the storm had departed. The hurricane spawned 19 tornadoes, one causing significant damage to 8 structures in the Sydney community in Columbus county. The community at Lake Waccamaw experienced more damage than Hurricane Floyd in 1999, the previous benchmark for the area. Particulars for South Carolina: Fatalities: 9, Homes with major damage: 543.  Coastal evacuations: 455,000 evacuated. Power outages: 187,000. Population shelters: 68 with occupancy of 7500 at its peak. Cost: About 600 million dollars. In Marlboro County alone 34 state/56 county roads were damaged.",126
784864,DILLON CO.,HAMER,09/16/2018,1448,Tornado, ,EF0,0,0,0,0,SC,EST-5, ,131188,C,33,ILM,0,0,NWS Storm Survey, ,2.78,30,1,SW,2,S,OAKLAND XRDS,09/16/2018,1458,34.4676,-79.3357,34.4966,-79.3696,"A tornado touched down near SR 17-198 just south of Vicksburg|Drive, and skipped north along the east side of West Country Club |Road. Several large limbs were were broken out of tree tops, along|with a few snapped small pine trees and hardwoods. Additional |minor tree damage was observed on the east side of Oscar Drive to |near the intersection with Harlees Bridge Road, where several|limbs were broken from the tops of oak trees.","Hurricane Florence began its long Atlantic trek from the Cape Verde Islands in early September. It made landfall near Wrightsville Beach during the morning of September 14th. The barometric pressure at landfall was 959 millibars, or 28.32 inches.The strongest winds were recorded at 106 mph at Cape Lookout, as well as 105 mph measured at the Wilmington International Airport.  In addition to the strong storm surge, there was historic rainfall totals of 20 to 25 inches, with isolated totals of 35 inches in parts of Bladen and Robeson counties. Flash Flooding was severe and widespread, with many communities experiencing flooding for the first time. River flooding was epic, with dozens of main highways impassible. Significant flooding occurred for weeks after the storm had departed. The hurricane spawned 19 tornadoes, one causing significant damage to 8 structures in the Sydney community in Columbus county. The community at Lake Waccamaw experienced more damage than Hurricane Floyd in 1999, the previous benchmark for the area. Particulars for South Carolina: Fatalities: 9, Homes with major damage: 543.  Coastal evacuations: 455,000 evacuated. Power outages: 187,000. Population shelters: 68 with occupancy of 7500 at its peak. Cost: About 600 million dollars. In Marlboro County alone 34 state/56 county roads were damaged.",127
784865,DILLON CO.,OAKLAND XRDS,09/16/2018,1659,Tornado, ,EF0,0,0,0,0,SC,EST-5, ,131188,C,33,ILM,0,0,NWS Storm Survey, ,0.71,30,2,SE,1,SE,OAKLAND XRDS,09/16/2018,1701,34.5073,-79.3487,34.517,-79.3529,"A tornado broke large limbs out of the tops of trees on the east |side of Blue Moon Drive. It moved north across open field, then |broke additional limbs from trees before crossing Harlees Bridge|Road. Several small pine trees were snapped along the north side|of Harlees Bridge Road.","Hurricane Florence began its long Atlantic trek from the Cape Verde Islands in early September. It made landfall near Wrightsville Beach during the morning of September 14th. The barometric pressure at landfall was 959 millibars, or 28.32 inches.The strongest winds were recorded at 106 mph at Cape Lookout, as well as 105 mph measured at the Wilmington International Airport.  In addition to the strong storm surge, there was historic rainfall totals of 20 to 25 inches, with isolated totals of 35 inches in parts of Bladen and Robeson counties. Flash Flooding was severe and widespread, with many communities experiencing flooding for the first time. River flooding was epic, with dozens of main highways impassible. Significant flooding occurred for weeks after the storm had departed. The hurricane spawned 19 tornadoes, one causing significant damage to 8 structures in the Sydney community in Columbus county. The community at Lake Waccamaw experienced more damage than Hurricane Floyd in 1999, the previous benchmark for the area. Particulars for South Carolina: Fatalities: 9, Homes with major damage: 543.  Coastal evacuations: 455,000 evacuated. Power outages: 187,000. Population shelters: 68 with occupancy of 7500 at its peak. Cost: About 600 million dollars. In Marlboro County alone 34 state/56 county roads were damaged.",128
784857,HORRY CO.,CAMP SWAMP,09/16/2018,2016,Tornado, ,EF0,0,0,5000,0,SC,EST-5, ,131188,C,51,ILM,0,0,NWS Storm Survey, ,0.14,30,1,SW,1,SW,CAMP SWAMP,09/16/2018,2017,34.01,-78.76,34.0119,-78.761,"A tornado touched down in northern Horry County causing spotty damage to pine trees and minor roof damage.","Hurricane Florence began its long Atlantic trek from the Cape Verde Islands in early September. It made landfall near Wrightsville Beach during the morning of September 14th. The barometric pressure at landfall was 959 millibars, or 28.32 inches.The strongest winds were recorded at 106 mph at Cape Lookout, as well as 105 mph measured at the Wilmington International Airport.  In addition to the strong storm surge, there was historic rainfall totals of 20 to 25 inches, with isolated totals of 35 inches in parts of Bladen and Robeson counties. Flash Flooding was severe and widespread, with many communities experiencing flooding for the first time. River flooding was epic, with dozens of main highways impassible. Significant flooding occurred for weeks after the storm had departed. The hurricane spawned 19 tornadoes, one causing significant damage to 8 structures in the Sydney community in Columbus county. The community at Lake Waccamaw experienced more damage than Hurricane Floyd in 1999, the previous benchmark for the area. Particulars for South Carolina: Fatalities: 9, Homes with major damage: 543.  Coastal evacuations: 455,000 evacuated. Power outages: 187,000. Population shelters: 68 with occupancy of 7500 at its peak. Cost: About 600 million dollars. In Marlboro County alone 34 state/56 county roads were damaged.",129
789383,ORANGEBURG CO.,BRANCHVILLE,10/10/2018,2217,Tornado, ,EF0,0,0,0,0,SC,EST-5, ,130410,C,75,CAE,0,0,NWS Storm Survey, ,1.25,25,0,W,1,NNW,BRANCHVILLE,10/10/2018,2220,33.2505,-80.8285,33.2685,-80.8311,"Tornado, associated with Tropical Storm Michael, touched down near Edward St near Branchville and traveled a little over one mile northward to Calhoun St, causing minor damage to trees.","An area of disturbed weather over the NW Caribbean Sea organized and became Tropical Depression #14 early on Sunday October 7th.    The cyclone continued to organize while moving very slowly north, just east of the Yucatan peninsula, becoming Tropical Storm Michael on Sunday afternoon October 7th.  The cyclone further developed while moving slowly north, reaching Hurricane status Monday morning October 8th.   The cyclone accelerated northward into the Gulf of Mexico while continuing to strengthen, making landfall on the Florida panhandle as a category 4 hurricane Wednesday morning October 10th.   The cyclone then turned to the NE and accelerated further, while weakening over land, moving through the Central Savannah River Area (CSRA) of GA and the Midlands of SC as a Tropical Storm, late Wednesday night October 10th into the morning of Thursday October 11th.  ||The storm spawned 4 weak tornadoes across the Midlands of SC, 3 in Orangeburg Co and 1 in Richland Co. ||Across the Midlands of SC, the highest measured peak wind gust, associated with the cyclone, was 53 MPH at Orangeburg Municipal Airport. Numerous reports of downed trees were received. The highest total rainfall amount was 8.23 inches at the Carolina Sandhills National Wildlife Refuge in central Chesterfield Co SC.  Some reports of flooding were received.",130
789386,ORANGEBURG CO.,ROWESVILLE,10/10/2018,2228,Tornado, ,EF0,0,0,0,0,SC,EST-5, ,130410,C,75,CAE,0,0,NWS Storm Survey, ,6.3,25,3,S,2,S,ORANGEBURG ARPT,10/10/2018,2237,33.3314,-80.8457,33.4222,-80.8555,"A second tornado touchdown occurred along the path of the storm, touching down near  Hollyhock Rd near Rowesville at about 2228 EST (2328 EDT). The tornado produced non-continuous damage to trees as it moved north through Rowesville, SC. The tornado continued northward and lifted near Methodist Oaks Dr around 2237 EST (2337 EDT).","An area of disturbed weather over the NW Caribbean Sea organized and became Tropical Depression #14 early on Sunday October 7th.    The cyclone continued to organize while moving very slowly north, just east of the Yucatan peninsula, becoming Tropical Storm Michael on Sunday afternoon October 7th.  The cyclone further developed while moving slowly north, reaching Hurricane status Monday morning October 8th.   The cyclone accelerated northward into the Gulf of Mexico while continuing to strengthen, making landfall on the Florida panhandle as a category 4 hurricane Wednesday morning October 10th.   The cyclone then turned to the NE and accelerated further, while weakening over land, moving through the Central Savannah River Area (CSRA) of GA and the Midlands of SC as a Tropical Storm, late Wednesday night October 10th into the morning of Thursday October 11th.  ||The storm spawned 4 weak tornadoes across the Midlands of SC, 3 in Orangeburg Co and 1 in Richland Co. ||Across the Midlands of SC, the highest measured peak wind gust, associated with the cyclone, was 53 MPH at Orangeburg Municipal Airport. Numerous reports of downed trees were received. The highest total rainfall amount was 8.23 inches at the Carolina Sandhills National Wildlife Refuge in central Chesterfield Co SC.  Some reports of flooding were received.",131
789387,ORANGEBURG CO.,ORANGEBURG,10/10/2018,2248,Tornado, ,EF0,0,0,0,0,SC,EST-5, ,130410,C,75,CAE,0,0,NWS Storm Survey, ,7.71,50,1,W,3,ENE,WOLFTON,10/10/2018,2301,33.5016,-80.8805,33.6021,-80.9386,"A third tornado touchdown occurred near the city of Orangeburg, SC, touching down near Brookside Dr and Pinehill Rd around 2248 EST (2348 EDT).  This tornado caused non-continuous damage to large trees as it moved northwestward. It lifted near the Calhoun Co SC line near Providence Rd around 2301 EST on 10/10 (or 00:01 EDT 10/11).","An area of disturbed weather over the NW Caribbean Sea organized and became Tropical Depression #14 early on Sunday October 7th.    The cyclone continued to organize while moving very slowly north, just east of the Yucatan peninsula, becoming Tropical Storm Michael on Sunday afternoon October 7th.  The cyclone further developed while moving slowly north, reaching Hurricane status Monday morning October 8th.   The cyclone accelerated northward into the Gulf of Mexico while continuing to strengthen, making landfall on the Florida panhandle as a category 4 hurricane Wednesday morning October 10th.   The cyclone then turned to the NE and accelerated further, while weakening over land, moving through the Central Savannah River Area (CSRA) of GA and the Midlands of SC as a Tropical Storm, late Wednesday night October 10th into the morning of Thursday October 11th.  ||The storm spawned 4 weak tornadoes across the Midlands of SC, 3 in Orangeburg Co and 1 in Richland Co. ||Across the Midlands of SC, the highest measured peak wind gust, associated with the cyclone, was 53 MPH at Orangeburg Municipal Airport. Numerous reports of downed trees were received. The highest total rainfall amount was 8.23 inches at the Carolina Sandhills National Wildlife Refuge in central Chesterfield Co SC.  Some reports of flooding were received.",132
789391,RICHLAND CO.,WATEREE,10/11/2018,322,Tornado, ,EF0,0,0,0,0,SC,EST-5, ,130410,C,79,CAE,0,0,NWS Storm Survey, ,6.01,50,1,NW,1,NNE,EASTOVER,10/11/2018,330,33.8058,-80.6386,33.88,-80.6932,"A tornado, associated with Tropical Storm Michael, touched down near Joe Collins Rd near Wateree around 0322 EST (0422 EDT), uprooting several trees along the road. It continued northward across Reynolds Rd causing a large hardwood tree to uproot and block the road. Several other nearby trees were also uprooted, falling opposite in direction of the larger tree. The tornado continued northward across a large clear-cut forest before causing additional minor tree damage on Hallwood Rd and Alice Johnson |Rd. The tornado moved northward into Eastover where several trees were uprooted on Henry St before the tornado lifted around 0330 EST (0430 EDT).","An area of disturbed weather over the NW Caribbean Sea organized and became Tropical Depression #14 early on Sunday October 7th.    The cyclone continued to organize while moving very slowly north, just east of the Yucatan peninsula, becoming Tropical Storm Michael on Sunday afternoon October 7th.  The cyclone further developed while moving slowly north, reaching Hurricane status Monday morning October 8th.   The cyclone accelerated northward into the Gulf of Mexico while continuing to strengthen, making landfall on the Florida panhandle as a category 4 hurricane Wednesday morning October 10th.   The cyclone then turned to the NE and accelerated further, while weakening over land, moving through the Central Savannah River Area (CSRA) of GA and the Midlands of SC as a Tropical Storm, late Wednesday night October 10th into the morning of Thursday October 11th.  ||The storm spawned 4 weak tornadoes across the Midlands of SC, 3 in Orangeburg Co and 1 in Richland Co. ||Across the Midlands of SC, the highest measured peak wind gust, associated with the cyclone, was 53 MPH at Orangeburg Municipal Airport. Numerous reports of downed trees were received. The highest total rainfall amount was 8.23 inches at the Carolina Sandhills National Wildlife Refuge in central Chesterfield Co SC.  Some reports of flooding were received.",133
801579,ORANGEBURG CO.,DORANGE,02/12/2019,1848,Tornado, ,EF1,0,0,0,0,SC,EST-5, ,133917,C,75,CAE,0,0,NWS Storm Survey, ,0.61,125,3,NNE,3,NE,DORANGE,02/12/2019,1850,33.2551,-80.6976,33.2554,-80.687,"A weak EF-1 Tornado touched down in Orangeburg Co SC approximately 6.6 miles south of the Town of Bowman. The tornado initially touched down near the intersection of Flatwoods Rd and Rigby Rd. The tornado continued to move along Rigby Rd for just over one half mile. The tornado dissipated well before reaching Reevesville Rd. The tornado damaged several dozen trees along the path. Many of the trees were either uprooted, snapped or had damage to several limbs. The trees were a combination of hardwood and softwood trees. There were three structures that were damaged, all of which were along Rigby Rd, near the intersection of Flatwoods Rd. The top of a snapped off pine tree landed on a well built brick home. An elderly lady was in|the home at the time, but was uninjured. The tree damaged a small portion of the roof. A single wide manufactured home had some damage to the shingles on the roof on the west end of the structure. An old wooden barn had a partially collapsed roof with sheet of tin near the property. Another wooden building suffered damage to the tin roof. The tin blew eastward and was caught in the nearby trees. The strong winds and trees downed a power line along Rigby Rd that had to be replaced.","An upper level trough and surface front moved through the region, along and ahead of which a band of showers and thunderstorms, some severe, occurred.",134
813542,ABBEVILLE CO.,ABBEVILLE,03/01/2019,1817,Tornado, ,EF0,0,0,50000,0,SC,EST-5, ,135596,C,1,GSP,0,0,NWS Storm Survey, ,1.54,75,2,NNW,2,NNE,ABBEVILLE,03/01/2019,1821,34.203,-82.391,34.204,-82.364,"NWS storm survey found the path of a weak tornado on the north side of the city of Abbeville. The tornado touched down near the intersection of Beltline Rd and Highway 20. The tornado moved due east through a forested area before impacting a residential neighborhood near the intersection of Mt Olive Church Rd and Old Douglas Mill Rd. In addition to numerous trees and power lines being blown down along the path, a large oak tree fell through a home, a metal carport was ripped from another home, and column supports torn from another home in this area.","An area of showers and isolated thunderstorms moved across Upstate South Carolina during the afternoon and evening in association with a cold front. One storm produced a brief, weak tornado in the city of Abbeville.",135
801831,EDGEFIELD CO.,MORGANA,03/03/2019,1753,Tornado, ,EF2,0,7,0,0,SC,EST-5, ,133963,C,37,CAE,1,0,NWS Storm Survey, ,5.05,200,3,NE,4,S,ROPERS XRDS,03/03/2019,1800,33.6098,-82.0529,33.6278,-81.9683,"Extensive tree damage occurred along the track of the tornado which paralleled Woodlawn Rd to Briggs Rd and then across Sweetwater Rd. Trees all along the path were either uprooted or snapped. The tornado touched down near the intersection |of Woodlawn Rd and Reedy Branch Rd. The tornado continued to the ENE along Woodlawn Rd. At the intersection of Woodlawn Rd and Highway 230 there was damage to a convenience store. A couple of the gas pumps were blown over and there was |damage to the gas station awning. The tornado continued ENE producing extensive tree damage and just east of the intersection of Briggs Rd and Sweetwater Rd. |The most extensive damage to structures occurred near the Morgana Community along Woodlawn Rd. Several structures were impacted by fallen trees and large branches. Several homes had damage to roof including shingles, fascia and trim. A tree fell across a pick-up truck crushing the truck bed. Numerous power lines were downed along Woodlawn Rd, Highway 230 and Briggs Rd.","An upper trough and strong surface cold front moved through the Central Savannah River Area of GA and Midlands of SC in the late afternoon and evening.  Strong thunderstorms developed along and ahead of the front. Sufficient atmospheric instability and shear contributed to the development of seven tornadoes across the region, one EF-0, four EF-1's and two EF-2's.",136
809712,ORANGEBURG CO.,BRANCHVILLE,03/03/2019,1803,Tornado, ,EF0,0,0,0,0,SC,EST-5, ,133963,C,75,CAE,0,0,NWS Storm Survey, ,0.17,25,4,WNW,4,WNW,BRANCHVILLE,03/03/2019,1805,33.2691,-80.894,33.2696,-80.8912,"An EF-0 tornado touched down in Orangeburg Co near the Bamberg Co line just west of the end of South River Rd. The tornado occurred in a difficult to access location along the South Fork of the Edisto River, uprooting and snapping multiple hardwood trees near a residence.","An upper trough and strong surface cold front moved through the Central Savannah River Area of GA and Midlands of SC in the late afternoon and evening.  Strong thunderstorms developed along and ahead of the front. Sufficient atmospheric instability and shear contributed to the development of seven tornadoes across the region, one EF-0, four EF-1's and two EF-2's.",137
1123741,AIKEN CO.,MONETTA,03/03/2019,1830,Tornado, ,EF1,0,0,2000,0,SC,EST-5, ,133963,C,3,CAE,0,0,NWS Storm Survey, ,0.4,150,2,S,1,SSE,MONETTA,03/03/2019,1831,33.8275,-81.6208,33.8294,-81.6143,"Further examination of the March 3, 2019 severe weather event revealed an additional tornado in northwestern Aiken County. The combination of a TDS present on radar, and convergence noted in the original damage survey, led to this conclusion. The tornado began just east of US1, snapping hardwoods and uprooting pine trees as it quickly moved northeastward. It did minor roof damage to a home before quickly dissipating east of Centipede Road.","An upper trough and strong surface cold front moved through the Central Savannah River Area of GA and Midlands of SC in the late afternoon and evening.  Strong thunderstorms developed along and ahead of the front. Sufficient atmospheric instability and shear contributed to the development of seven tornadoes across the region, one EF-0, four EF-1's and two EF-2's.",138
801832,LEXINGTON CO.,GILBERT,03/03/2019,1853,Tornado, ,EF1,0,0,0,0,SC,EST-5, ,133963,C,63,CAE,0,0,NWS Storm Survey, ,10.84,100,2,ESE,2,WSW,ARTHUR,03/03/2019,1906,33.9081,-81.3538,33.9602,-81.1754,"A tornado touched down near Blackthorn Dr and Two Notch Rd southeast of Gilbert, then tracked in a general ENE direction for approximately 11 miles, crossing I-20 between mile markers 48-49, then moving across Longs Pond Rd, Muddy Springs|Rd, S Lake Dr and Emanuel Church Rd, before dissipating near Kitti Wake Dr near Red Bank. The tornado snapped and uprooted numerous hardwood and softwood trees, causing damage to support columns at Red Bank Baptist Church, and resulted in roof and property damage to several homes.","An upper trough and strong surface cold front moved through the Central Savannah River Area of GA and Midlands of SC in the late afternoon and evening.  Strong thunderstorms developed along and ahead of the front. Sufficient atmospheric instability and shear contributed to the development of seven tornadoes across the region, one EF-0, four EF-1's and two EF-2's.",139
801833,LEXINGTON CO.,LEXINGTON,03/03/2019,1913,Tornado, ,EF1,0,0,0,0,SC,EST-5, ,133963,C,63,CAE,0,0,NWS Storm Survey, ,1.91,50,1,SSE,3,NE,RED BANK,03/03/2019,1916,33.9613,-81.2383,33.96,-81.205,"A tornado touched down near Industrial Blvd in Lexington, then tracked to the east for approximately 1.9 miles, crossing S Lake Dr, Glassmaster Rd, I-20 and Two Notch Rd, before dissipating near Shirway Rd.  The tornado produced damage to several|businesses along the path. There was damage to an awning at the Shell gas station on South Lake Drive at Glassmaster Rd. The roof was blown of the porch of a seafood restaurant. There were about 8 recreational vehicles that were overturned at a business along Glassmaster Rd., with several of them moving nearly 50 yards. Two|other large trailers were overturned at another business along Glassmaster Rd.  Some minor roof damage occurred to homes near Shirway Rd and Dusty Ct.  Many hardwood and softwood trees were also snapped or uprooted along the path of the tornado.","An upper trough and strong surface cold front moved through the Central Savannah River Area of GA and Midlands of SC in the late afternoon and evening.  Strong thunderstorms developed along and ahead of the front. Sufficient atmospheric instability and shear contributed to the development of seven tornadoes across the region, one EF-0, four EF-1's and two EF-2's.",140
801834,RICHLAND CO.,ST ANDREWS,03/03/2019,1913,Tornado, ,EF1,0,0,0,0,SC,EST-5, ,133963,C,79,CAE,0,0,NWS Storm Survey, ,1.46,150,1,SW,1,SSE,ST ANDREWS,03/03/2019,1916,34.0182,-81.096,34.0165,-81.0707,"A tornado touched down near the Saluda River just south of the I-26 and I-126 interchange, north of Riverbanks Zoo. The tornado then tracked to the east for approximately 1.5 miles, crossing I-126, Janice Dr, Betsy Dr, Saluda River Rd, Timothy Dr, Moore Hopkins Ln, and Greystone Blvd, before dissipating near W Shawnee Rd. The |tornado produced significant damage along its path, snapping and uprooting a significant amount of hardwood and softwood trees. Many of the trees fell onto vehicles and homes. Major stuctural damage occurred to several of the homes along the path due to the fallen trees. Additional straight line wind damage occurred east|of the tornado to near Bull St.","An upper trough and strong surface cold front moved through the Central Savannah River Area of GA and Midlands of SC in the late afternoon and evening.  Strong thunderstorms developed along and ahead of the front. Sufficient atmospheric instability and shear contributed to the development of seven tornadoes across the region, one EF-0, four EF-1's and two EF-2's.",141
801835,RICHLAND CO.,WEDDELL,03/03/2019,1933,Tornado, ,EF1,0,0,0,0,SC,EST-5, ,133963,C,79,CAE,0,0,NWS Storm Survey, ,0.6,200,2,SE,2,ESE,WEDDELL,03/03/2019,1935,34.06,-80.9031,34.0612,-80.8928,"Fort Jackson personnel surveyed damage on the base and provided the National Weather Service with detailed damage photos which are consistent with a tornado. The tornado uprooted and snapped multiple pine trees in the vicinity of Park Rd near|Gills Creek. The tornado touched down about half a mile southeast of the intersection of Percival Rd and Alpine Rd. The tornado path length was approximately 0.6 miles with a width of about 200 yards.","An upper trough and strong surface cold front moved through the Central Savannah River Area of GA and Midlands of SC in the late afternoon and evening.  Strong thunderstorms developed along and ahead of the front. Sufficient atmospheric instability and shear contributed to the development of seven tornadoes across the region, one EF-0, four EF-1's and two EF-2's.",142
819337,GREENVILLE CO.,LAKEMONT,04/14/2019,1951,Tornado, ,EF1,0,0,0,0,SC,EST-5, ,136506,C,45,GSP,0,0,NWS Storm Survey, ,1.63,200,6,W,4,W,LAKEMONT,04/14/2019,1955,35.066,-82.718,35.079,-82.694,"NWS damage survey confirmed an area of tornado damage in extreme northwest Greenville County, within the Table Rock watershed just north of Table Rock Reservoir. While a thorough survey was impossible due to the very rugged nature of the terrain, radar data strongly suggested the tornado touched down between the summits of Rocky Mountain and Buzzard Mountain, although the damage path was picked up by the survey team on the south slope of Buzzard Mountain, about one quarter mile below the summit. Damage here was confined to the tops being blown out of multiple trees, with a dozen or so trees uprooted. From there, the tornado moved east/northeast, descending into the Slicking Creek drainage, where it appeared to intensify, blowing down numerous trees in a cove just upstream of the reservoir. The most intense damage occurred as the tornado ascended the next ridge above Slicking Creek. Hundreds of trees were blown down, with some large trees snapped about halfway up within a cove on the southern slope of Slicking Mountain. Damage here was all directed almost due north and up-drainage, suggesting wind flowing into the east side of the tornado was funneled by the terrain. The area immediately downstream of this damage was inaccessible, but based upon radar data, the tornado likely dissipated before reaching the Mountain Bridge Wilderness Area. This was the first confirmed tornado in the Greenville County mountains since official tornado records began in 1950.","Numerous showers along with strong to severe thunderstorms developed across the Upstate throughout the 14th in advance of a strong frontal system. One cluster of storms produced isolated damaging winds across the foothills during the afternoon. A second line of storms produced more significant severe weather during the evening, including two short track tornadoes in Greenville County.",143
819369,GREENVILLE CO.,FELLOWSHIP XRDS,04/14/2019,2103,Tornado, ,EF1,0,0,150000,0,SC,EST-5, ,136506,C,45,GSP,0,0,NWS Storm Survey, ,6.9,100,2,ENE,3,NNW,GAYLORD XRDS,04/14/2019,2113,34.71,-82.293,34.769,-82.195,"NWS storm survey found a tornado damage path that began approximately one-half mile east of W. Georgia Rd. near Brittle Creek Ln., Plum Hill Way, and Frostweed Ct., where homes sustained minor shingle, gutter, and siding damage.  The tornado tracked northeast into new subdivisions off of Barker Rd. where additional damage to roofs and siding occurred. The intermittent damage path extended across Neely Ferry Rd., with damage indicators intensifying in the Alder Park area. Dozens of large diameter trees were uprooted and large branches and trunks were snapped. One tree fell on a home and a trampoline was lifted hundreds of feet into the park from an adjacent home.  Little to no damage was observed as the tornado track continued northeast across I-385, but additional damage was noted near Richardson St. and Main St., where additional trees were damaged and a garage completely collapsed on top of three vehicles inside.  The tornado reached its maximum width of approximately 100 yards from Main St/Highway 14 to Poinsettia Dr. to E Curtis St., where a large tree was uprooted and fell on a home.  As the tornado track continued northeast paralleling E. Georgia Rd., the intensity decreased and damage became more intermittent, with additional minor damage to homes and trees.  The tornado strengthened one final time near the intersection of Lee Vaughn Rd. and Moorgate Dr. where uplift of a house roof deck occurred, resulting in significant loss of roofing material and insulation. Overall, along the entire path hundreds of trees were either uprooted, had severed trunks, or had snapped branches.  A few homes sustained significant damage either due to fallen trees or structural loss. This tornado followed a similar path to an EF1 tornado that affected the Simpsonville area in November 2016, although the path of this tornado was shorter. The path of these two tornadoes apparently intersected along East Georgia Rd east of Simpsonville.","Numerous showers along with strong to severe thunderstorms developed across the Upstate throughout the 14th in advance of a strong frontal system. One cluster of storms produced isolated damaging winds across the foothills during the afternoon. A second line of storms produced more significant severe weather during the evening, including two short track tornadoes in Greenville County.",144
809914,ORANGEBURG CO.,BRANCHVILLE,04/19/2019,1248,Tornado, ,EF2,0,0,0,0,SC,EST-5, ,135129,C,75,CAE,0,0,NWS Storm Survey, ,10.6,300,4,WNW,4,ENE,ROWESVILLE,04/19/2019,1256,33.2693,-80.8933,33.3986,-80.7946,"An EF-2 tornado touched down along the South Fork of the Edisto River near South River Rd. The tornado then moved quickly to the north-northeast for nearly 11 miles, crossing Hudson Rd near the north fork of the Edisto River, Calhoun St, US Hwy 21 south of Rowesville, and then lifted along Bethel Forest Rd. The tornado did considerable damage, snapping and uprooting a large number of hardwood and softwood trees along its path. Several trees fell onto homes, vehicles and sheds. A metal shed was destroyed with debris spread over 50-100 yards. The tornado|was on the ground for about 8 minutes.","Moderate to strong atmospheric instability and shear led to a line of showers and thunderstorms along a cold front, that moved east across the region during the afternoon, producing wind damage along with some embedded tornadoes.  ||NWS Storm Survey teams found that a total of 5 tornadoes occurred.  Considerable thunderstorm downburst wind damage also occurred.  A 3-year-old boy was killed when a large tree, that was downed by strong thunderstorm winds, fell onto his home near Sumter, SC.",145
813553,ORANGEBURG CO.,FOUR HOLES,04/19/2019,1301,Tornado, ,EF1,0,0,0,0,SC,EST-5, ,135129,C,75,CAE,0,0,NWS Storm Survey, ,5.67,400,4,WNW,3,E,JAMISON,04/19/2019,1307,33.4939,-80.7892,33.573,-80.763,"An EF-1 tornado touched down in Orangeburg Co SC around 1401 EDT (1301 EST) near the intersection of Old Elloree Rd and Odell Dr. The tornado then moved quickly to the north-northeast for nearly 8 miles, crossing Cloverdale Lane, Gramling Rd, Interstate 26, Glenzell Rd, Cameron Rd, Shulmer Rd, and finally Mount Carmel Rd. The tornado then moved into Calhoun Co SC around 1407 EDT (1307 EST) near Church Camp Rd and Moorer Rd. The tornado continued to the NNE crossing Belleville Rd and then lifted around 1409 EDT (1309 EST) before reaching US Hwy 176. ||The tornado did considerable damage, snapping and uprooting a large number of hardwood and softwood trees along its path. Trees fell onto several mobile homes, destroying at least 2 of them. At least one home had shingles removed from the roof. An agricultural center pivot irrigation system was also knocked over off of Mount Carmel Rd.","Moderate to strong atmospheric instability and shear led to a line of showers and thunderstorms along a cold front, that moved east across the region during the afternoon, producing wind damage along with some embedded tornadoes.  ||NWS Storm Survey teams found that a total of 5 tornadoes occurred.  Considerable thunderstorm downburst wind damage also occurred.  A 3-year-old boy was killed when a large tree, that was downed by strong thunderstorm winds, fell onto his home near Sumter, SC.",146
813555,NEWBERRY CO.,CROMER XRDS,04/19/2019,1307,Tornado, ,EF1,0,0,0,0,SC,EST-5, ,135129,C,71,CAE,0,0,NWS Storm Survey, ,1.89,200,2,ENE,2,SE,EISON XRDS,04/19/2019,1309,34.4278,-81.6193,34.454,-81.61,"An EF-1 tornado touched down near the south end of Asias Branch Rd and moved quickly to the north-northeast. The tornado downed a few trees along with large branches near Asias Branch Rd. The tornado continued toward Jeanette Rd and then to Old Newberry Hwy. The most extensive damage occurred along Old Newberry Hwy near the intersection with Jeanette Rd. The tornado completely destroyed a large 2 story chicken house that was constructed of oak beams and insulated with a tin roof. There were numerous trees damaged in this area. Some trees were snapped, uprooted and large limbs were blown off. A small out building sustained damage to the metal roof and siding. Another small shed behind a mobile home was moved two feet off of the foundation. There was damage to the under-pinning of the mobile home.","Moderate to strong atmospheric instability and shear led to a line of showers and thunderstorms along a cold front, that moved east across the region during the afternoon, producing wind damage along with some embedded tornadoes.  ||NWS Storm Survey teams found that a total of 5 tornadoes occurred.  Considerable thunderstorm downburst wind damage also occurred.  A 3-year-old boy was killed when a large tree, that was downed by strong thunderstorm winds, fell onto his home near Sumter, SC.",147
813554,CALHOUN CO.,CAMERON,04/19/2019,1307,Tornado, ,EF1,0,0,0,0,SC,EST-5, ,135129,C,17,CAE,0,0,NWS Storm Survey, ,2.15,400,3,WNW,3,ESE,RILEY,04/19/2019,1309,33.573,-80.763,33.6027,-80.7521,"An EF-1 tornado touched down in Orangeburg Co SC around 1401 EDT (1301 EST) near the intersection of Old Elloree Rd and Odell Dr. The tornado then moved quickly to the north-northeast for nearly 8 miles, moving into Calhoun Co SC around 1407 EDT (1307 EST) near Church Camp Rd and Moorer Rd. The tornado continued to the NNE crossing Belleville Rd and then lifted around 1409 EDT (1309 EST) before reaching US Hwy 176. ||The tornado did considerable damage, snapping and uprooting a large number of hardwood and softwood trees along its path. Walls collapsed on a cinder block garage, with the metal roofing tossed across the roadway, on Moorer Rd.","Moderate to strong atmospheric instability and shear led to a line of showers and thunderstorms along a cold front, that moved east across the region during the afternoon, producing wind damage along with some embedded tornadoes.  ||NWS Storm Survey teams found that a total of 5 tornadoes occurred.  Considerable thunderstorm downburst wind damage also occurred.  A 3-year-old boy was killed when a large tree, that was downed by strong thunderstorm winds, fell onto his home near Sumter, SC.",148
813556,NEWBERRY CO.,BROWNS XRDS,04/19/2019,1308,Tornado, ,EF0,0,0,0,0,SC,EST-5, ,135129,C,71,CAE,0,0,NWS Storm Survey, ,0.33,25,1,NW,1,SSE,BAKERS XRDS,04/19/2019,1309,34.3812,-81.5456,34.386,-81.5459,"An EF-0 tornado briefly touched down near US Hwy 176 and moved quickly north to Mollys Rock Rd where it dissipated. Most of the damage was restricted to a small area along Mollys Rock Rd. There were three hardwood trees and one softwood tree that were snapped. One large oak tree was snapped off near the ground and the other |trees were snapped off about 15 to 20 feet above the ground.","Moderate to strong atmospheric instability and shear led to a line of showers and thunderstorms along a cold front, that moved east across the region during the afternoon, producing wind damage along with some embedded tornadoes.  ||NWS Storm Survey teams found that a total of 5 tornadoes occurred.  Considerable thunderstorm downburst wind damage also occurred.  A 3-year-old boy was killed when a large tree, that was downed by strong thunderstorm winds, fell onto his home near Sumter, SC.",149
813557,CLARENDON CO.,MANNING CLARENDON AR,04/19/2019,1329,Tornado, ,EF2,0,0,0,0,SC,EST-5, ,135129,C,27,CAE,0,0,NWS Storm Survey, ,2.91,250,4,S,2,SE,MANNING CLARENDON AR,04/19/2019,1333,33.5238,-80.2198,33.5609,-80.1958,"A tornado touched down near the shore of Lake Marion near M W Rickenbaker Rd then moved to the NE. The first point of damage was found at Camp Bob Cooper where there were multiple trees down across the camp. There was also damage to two docks and minor roof damage to one of the cabins. ||The tornado moved across a cove on Lake Marion to Lesesne Dr, McFadden Ave, and Regal St where the tornado reached an intensity of EF-2.  The EF-2 tornado continued to the NNE to near Patriot Rd, Rockfish Rd and Possum Run. Along this path from Lesesne Dr up to Rockfish Rd, there was widespread tree damage. Trees were either uprooted or snapped and fell on homes, vehicle and boats. There were several mobile homes which sustained damage. One was completely destroyed with just the cinder block supports remaining. Another was partially destroyed with the backside addition of the home collapsed. ||The tornado then weakened some and continued northeast causing damage to trees and minor damage to homes along Malibu Dr and Beaver Dr before lifting just past Durant Lane.","Moderate to strong atmospheric instability and shear led to a line of showers and thunderstorms along a cold front, that moved east across the region during the afternoon, producing wind damage along with some embedded tornadoes.  ||NWS Storm Survey teams found that a total of 5 tornadoes occurred.  Considerable thunderstorm downburst wind damage also occurred.  A 3-year-old boy was killed when a large tree, that was downed by strong thunderstorm winds, fell onto his home near Sumter, SC.",150
821381,FLORENCE CO.,OLANTA,04/19/2019,1400,Tornado, ,EF0,0,0,50000,0,SC,EST-5, ,136891,C,41,ILM,0,0,NWS Storm Survey, ,0.55,30,1,W,1,WNW,OLANTA,04/19/2019,1402,33.9314,-79.9557,33.9386,-79.9517,"The brief EF-0 tornado touched down south of Woods Bay Rd and west|of Highway 31 near Olanta, SC. The tornado moved toward the |north-northeast and prior to crossing Woods Bay Rd caused minor |damage to a house, lifted a large roof off of a large outbuilding|and shed, and caused several trees to be uprooted. The tornado|crossed Woods Bay Rd causing some damage to trees as it lifted in|the vicinity of Douglas Swamp.","A cold front produced a squall line that formed a severe thunderstorm outbreak with two tornadoes.",151
821561,WILLIAMSBURG CO.,SALTERS,04/19/2019,1400,Tornado, ,EF0,0,0,0,0,SC,EST-5, ,136891,C,89,ILM,0,0,NWS Storm Survey, ,0.25,15,3,SW,2,SW,SALTERS,04/19/2019,1401,33.59,-79.9,33.5908,-79.8953,"An EF0 tornado, estimated at 65 mph, touched down briefly southwest of Salters and lifted along Hwy 521. No significant damage was noted other than small limbs and some blown debris. Video was used to confirm the tornado.","A cold front produced a squall line that formed a severe thunderstorm outbreak with two tornadoes.",152
857380,HORRY CO.,LITTLE RIVER,09/05/2019,337,Tornado, ,EF1,0,0,200000,0,SC,EST-5, ,142886,C,51,ILM,0,0,NWS Storm Survey, ,4.76,75,0,ESE,1,NW,STEPHENS XRDS,09/05/2019,348,33.8679,-78.6147,33.8919,-78.6925,"The tornado began to impact the Little River area around 4:37 AM |EDT. The first observed damage occurred to a dock and several |large trees near the end of Park Road at the Intracoastal |Waterway. One large section of wooden dock was thrown |approximately 150 yards. Several trees in the Little River area |south of US Highway 17 were uprooted, broken and snapped. ||The tornado crossed US Highway 17 around 4:39 AM EDT and |continued to damage the neighborhood on the north side of Little |River. Several hardwood trees and pines were snapped with shingle |damage to area homes consistent with EF-1 damage and 105 MPH wind |speeds. Around 4:42 AM EDT, the tornado crossed through several |housing developments near Horseshoe Road in the vicinity of River|Hills Golf course where tree damage continued. After crossing |Eagles Nest Golf Course and Golf Avenue, trees were snapped on |the west side of the golf course before tracking into swamp land |north of Heritage Trust Road. ||After passing through the swamp, damage resumed in The Retreat |neighborhood along Retreat Place. Shingle, siding damage to homes,|and partial roof loss were observed in The Retreat neighborhood |along with uprooted tree damage. The tornado crossed State Highway|57 North and snapped large pines and some hardwood trees, as well|as shingle damage to the nearby home consistent with EF-1 damage.|The tornado continued and crossed Highway 9 East and damaged |trees and shingles to Community Motors. Damage continued near |Surfride Blvd with an awning ripped off the local strip mall. The |tornado likely dissipated around 4:48 AM EDT.","Hurricane Dorian strengthened to a Category 5 hurricane as it moved through the Bahamas, with devastating damage. It weakened as it moved up the eastern seaboard. The hurricane was a strong Category 1 as it passed just east of Bald Head Island. The hurricane spawned many tornadoes across eastern South and North Carolina. Rainfall amounts along the coast ranged from ten to fifteen inches with lesser amounts inland. Hurricane force winds remained offshore, with several sites along the coast reporting gusts over 60 mph. Damage was due mainly from the tornadoes, with many reports of flash flooding. Power outages were minimal. The hurricane exited the region by the afternoon of September 6th.",153
857378,HORRY CO.,BUCKSPORT,09/05/2019,445,Tornado, ,EF0,0,0,10000,0,SC,EST-5, ,142886,C,51,ILM,0,0,NWS Storm Survey, ,0.09,15,3,ENE,3,ENE,BUCKSPORT,09/05/2019,446,33.669,-79.0569,33.6683,-79.0583,"A gentlemen living in a condo witnessed a funnel cloud briefly touchdown,|only minimal damage took place. Several fascia boards were torn off one|of the condos and two 24 oak trees were partially uprooted at the |beginning of the path. The trees did not completely fall over as they|were kept up at an angle by other larger hardwood trees.","Hurricane Dorian strengthened to a Category 5 hurricane as it moved through the Bahamas, with devastating damage. It weakened as it moved up the eastern seaboard. The hurricane was a strong Category 1 as it passed just east of Bald Head Island. The hurricane spawned many tornadoes across eastern South and North Carolina. Rainfall amounts along the coast ranged from ten to fifteen inches with lesser amounts inland. Hurricane force winds remained offshore, with several sites along the coast reporting gusts over 60 mph. Damage was due mainly from the tornadoes, with many reports of flash flooding. Power outages were minimal. The hurricane exited the region by the afternoon of September 6th.",154
857373,HORRY CO.,OCEAN DRIVE BEACH,09/05/2019,537,Tornado, ,EF0,0,0,200000,0,SC,EST-5, ,142886,C,51,ILM,0,0,NWS Storm Survey, ,0.3,25,1,N,1,NNW,OCEAN DRIVE BEACH,09/05/2019,538,33.8371,-78.6725,33.8359,-78.6775,"A tornado impacted the Beacon Ave area in the Waterway View Mobile home park, heading W-SW. Worst damage was between Tanglewood Ave and Gardenia Ave where 2 mobile homes were severely damaged. A shed was displaced into another mobile home and a telephone pole was leaning over.  It produced minor damage to another 6 mobile homes before jumping to adjacent neighborhood, Carolina Keyes condominiums, where considerable damage was done to the face of several buildings and minor roof damage.","Hurricane Dorian strengthened to a Category 5 hurricane as it moved through the Bahamas, with devastating damage. It weakened as it moved up the eastern seaboard. The hurricane was a strong Category 1 as it passed just east of Bald Head Island. The hurricane spawned many tornadoes across eastern South and North Carolina. Rainfall amounts along the coast ranged from ten to fifteen inches with lesser amounts inland. Hurricane force winds remained offshore, with several sites along the coast reporting gusts over 60 mph. Damage was due mainly from the tornadoes, with many reports of flash flooding. Power outages were minimal. The hurricane exited the region by the afternoon of September 6th.",155
859725,HORRY CO.,MYRTLE RIDGE,10/20/2019,52,Tornado, ,EF0,0,0,25000,0,SC,EST-5, ,143323,C,51,ILM,0,0,NWS Storm Survey, ,0.87,25,1,E,1,NE,MYRTLE RIDGE,10/20/2019,55,33.681,-78.8975,33.6924,-78.9038,"A tornado touched down along 8th Avenue South between Denny's and |Captain Cain's Miniature Golf and moved north-northwest. Several |large limbs were broken from oak trees along S. Oak Street and|through the Shady Grove Mobile Home Park. Two mobile homes sustained|major damage from large sections of oak trees that were broken out|and fell through the roofs. The tornado lifted, then touched down |again briefly in the KOA campground. One large hardwood tree was|snapped, along with several smaller trees, and numerous large |branches were broken out of many other trees. The tornado lifted |again, then briefly touched down along Columbia Drive, and broke |numerous large branches out of pine trees. After lifting again, the|tornado touched down once more near Park Drive and Ramsey Drive |north of Highway 15. Several large limbs were broken out of pine |trees, and the top of a large pine tree was snapped out.","The remnants of tropical storm Nestor spawned a tornado in Myrtle Beach.",156
858836,LEXINGTON CO.,GILBERT,10/31/2019,1659,Tornado, ,EF1,0,0,0,0,SC,EST-5, ,143172,C,63,CAE,0,0,NWS Storm Survey, ,1.14,50,1,NNE,2,NE,GILBERT,10/31/2019,1700,33.9355,-81.3702,33.9427,-81.3526,"A tornado touched down near the intersection of Roy Steele Rd and Crosby Rd, just NE of the town of Gilbert. It moved quickly to the NE at nearly 50 mph. It ended near the intersection of Drawbill Rd and Austin McCartha Rd. Much of the damage was |confined to trees that were both hardwood and softwood. The tornado downed large tree limbs, uprooted a tree and snapped a couple of softwood trees approximately |20 to 30 feet off the ground. The strong winds blew a piece of sheet metal that wrapped itself around a tree trunk.","A line of showers and thunderstorms, along and ahead of a cold front, moved east across the region in the late afternoon and evening of 10/31/2019.   Due to sufficient atmospheric instability and shear, some of the thunderstorms were severe and contained a few embedded tornadoes.",157
858837,LEXINGTON CO.,BARR,10/31/2019,1702,Tornado, ,EF1,0,0,0,0,SC,EST-5, ,143172,C,63,CAE,0,0,NWS Storm Survey, ,0.47,100,3,NW,3,NNW,BARR,10/31/2019,1703,33.9596,-81.3109,33.9634,-81.3041,"The tornado once again touched down near Clinton Sease Farms along Olde Farm Rd. This is the location of the most widespread tree damage and strongest winds. The tornado continued NE and uprooted and snapped nearly two dozen trees between Olde Farm Rd and Rabbit Rd. A small wood building at the farm lost a good portion of its metal |roof. The tornado ended just as it crossed Rabbit Rd.","A line of showers and thunderstorms, along and ahead of a cold front, moved east across the region in the late afternoon and evening of 10/31/2019.   Due to sufficient atmospheric instability and shear, some of the thunderstorms were severe and contained a few embedded tornadoes.",158
858838,LEXINGTON CO.,LEXINGTON,10/31/2019,1709,Tornado, ,EF0,0,0,0,0,SC,EST-5, ,143172,C,63,CAE,0,0,NWS Storm Survey, ,0.07,50,1,ENE,1,ENE,LEXINGTON,10/31/2019,1710,33.9873,-81.2306,33.9879,-81.2297,"The final touchdown occurred near Lexington Middle School near the intersection of Dreher St and Harmon St. A large hardwood tree snapped and took down a power line. A small hardwood tree was snapped about 30 feet off the ground. There were several large limbs that came down on a power line along Harmon St. Portions of a wooden fence were blown over behind a home along Dreher St.","A line of showers and thunderstorms, along and ahead of a cold front, moved east across the region in the late afternoon and evening of 10/31/2019.   Due to sufficient atmospheric instability and shear, some of the thunderstorms were severe and contained a few embedded tornadoes.",159
871142,ANDERSON CO.,TOWNVILLE,01/11/2020,2004,Tornado, ,EF0,0,0,1000,0,SC,EST-5, ,145060,C,7,GSP,0,0,NWS Storm Survey, ,0.44,30,2,SSW,1,SSW,TOWNVILLE,01/11/2020,2005,34.55,-82.914,34.554,-82.908,"NWS storm survey found a very short weak anticyclonic tornado damage path within a larger area of straight-line wind damage near the Oconee County line south of Townville. The tornado touched down south of Fairplay Rd near Little Beaverdam Creek and tracked NE paralleling the county line before lifting just south of the center of Townville. Multiple trees were uprooted while damage was limited to metal sheeting removed from an outbuilding near the end of the path.","Multiple lines of thunderstorms developed across the western Carolinas in advance of a cold front during the late afternoon and evening. Some of these lines produced swaths of wind damage along with brief, weak tornadoes across Upstate South Carolina.",160
871143,ANDERSON CO.,TOWNVILLE,01/11/2020,2006,Tornado, ,EF0,0,0,0,0,SC,EST-5, ,145060,C,7,GSP,0,0,NWS Storm Survey, ,0.27,50,2,ENE,2,ENE,TOWNVILLE,01/11/2020,2007,34.583,-82.87,34.586,-82.867,"NWS storm survey found a very short, weak tornado damage path in the Circle Dr area bordering Lake Hartwell. Multiple large softwood trees were uprooted and smaller trees snapped in this area.","Multiple lines of thunderstorms developed across the western Carolinas in advance of a cold front during the late afternoon and evening. Some of these lines produced swaths of wind damage along with brief, weak tornadoes across Upstate South Carolina.",161
871144,ANDERSON CO.,PIEDMONT,01/11/2020,2040,Tornado, ,EF0,0,0,1000,0,SC,EST-5, ,145060,C,7,GSP,0,0,NWS Storm Survey, ,0.66,160,1,S,1,S,PIEDMONT,01/11/2020,2042,34.68,-82.472,34.689,-82.468,"NWS storm survey found the path of a short track, weak tornado south of Piedmont. The tornado touched down just west of Childs Rd and tracked north/northeast along Osteen Hill Rd before lifting along River Hill Ct. Multiple trees were uprooted and small trees snapped along the length of the path. Structural damage was limited to a metal carport that was torn from a house on Smith Dr.","Multiple lines of thunderstorms developed across the western Carolinas in advance of a cold front during the late afternoon and evening. Some of these lines produced swaths of wind damage along with brief, weak tornadoes across Upstate South Carolina.",162
871145,ABBEVILLE CO.,ABBEYVILLE DAVIS ARP,01/11/2020,2040,Tornado, ,EF0,0,0,1000,0,SC,EST-5, ,145060,C,1,GSP,0,0,NWS Storm Survey, ,1.24,50,6,ENE,7,ENE,ABBEYVILLE DAVIS ARP,01/11/2020,2042,34.182,-82.259,34.192,-82.241,"NWS storm survey reported the path of a weak tornado that began off Rivers Way, not far from the Greenwood County line, tracking northeast into Greenwood County just north of Highway 72, along Mill Rd N. Damage was mainly limited to uprooting of large pine trees and snapping of smaller pines, although a warehouse-type building on Highway 72 lost part of its metal roof and had an overhead door bent inward.","Multiple lines of thunderstorms developed across the western Carolinas in advance of a cold front during the late afternoon and evening. Some of these lines produced swaths of wind damage along with brief, weak tornadoes across Upstate South Carolina.",163
871146,GREENWOOD CO.,HARRIS,01/11/2020,2042,Tornado, ,EF0,0,0,0,0,SC,EST-5, ,145060,C,47,GSP,0,0,NWS Storm Survey, ,1.2,50,3,SW,2,SSW,HARRIS,01/11/2020,2044,34.192,-82.24,34.201,-82.222,"NWS storm survey reported the path of a weak tornado that moved into Greenwood County from Abbeville County in the area around Mill Rd. Damage was mainly limited to uprooting of large pine trees and snapping of smaller pines.","Multiple lines of thunderstorms developed across the western Carolinas in advance of a cold front during the late afternoon and evening. Some of these lines produced swaths of wind damage along with brief, weak tornadoes across Upstate South Carolina.",164
871147,GREENWOOD CO.,HARRIS,01/11/2020,2045,Tornado, ,EF0,0,0,0,0,SC,EST-5, ,145060,C,47,GSP,0,0,NWS Storm Survey, ,0.53,30,1,NW,1,N,HARRIS,01/11/2020,2046,34.239,-82.208,34.244,-82.201,"NWS storm survey reported the path of a weak tornado that moved into Greenwood County from Abbeville County in the area around Mill Rd. Damage was mainly limited to uprooting of large pine trees and snapping of smaller pines.","Multiple lines of thunderstorms developed across the western Carolinas in advance of a cold front during the late afternoon and evening. Some of these lines produced swaths of wind damage along with brief, weak tornadoes across Upstate South Carolina.",165
864514,KERSHAW CO.,CLYBURN,01/11/2020,2233,Tornado, ,EF2,0,0,0,0,SC,EST-5, ,144024,C,55,CAE,0,0,NWS Storm Survey, ,0.55,150,4,E,5,ENE,CLYBURN,01/11/2020,2235,34.4293,-80.5303,34.4346,-80.523,"A NWS Storm Survey Team found considerable damage occurred to North-Central High School in Kershaw County, SC as a result of an EF-2 tornado with maximum wind speeds of 130 mph. The tornado began near the intersection of Lockhart Rd and Keys Ln, then traveled northeast across the campus of the High School before lifting approximately a half mile later beyond the parking lot on the northeast side of|the school. The tornado snapped numerous pine trees at the beginning of the track, then partially collapsed concrete stadium bleachers and a press box. The tornado continued across the gymnasium, lifting all of the HVAC units off the roof. The|tornado then lifted a large portion of the roof off of the school, including over the main office, library and an older auditorium, then collapsed the exterior wall along a portion of the west side of the building. The tornado then moved into the parking lot on the north side of the building where it moved 4 school buses, and resulted in broken windows and other damages to 31 parked school buses. The tornado then destroyed a small building just beyond the parking lot before lifting. Strong inflow into the tornado also snapped numerous pine trees south of the baseball field, collapsed 2 large light stands near the baseball field, and lifted and displaced a Conex shipping container approximately 50 yards. The tornado path length was about 0.50 miles and the path width was about 150 yards.","A line of thunderstorms, some severe, moved through the region during the evening of Saturday January 11, 2019, and early morning hours of Sunday January 12, 2019.  There were numerous reports of wind damage, such as trees down.  An isolated tornado, of EF-2 magnitude, did considerable damage to a high school in Kershaw Co SC.",166
871199,HORRY CO.,LORIS,01/13/2020,1245,Tornado, ,EF0,0,0,200000,0,SC,EST-5, ,145073,C,51,ILM,0,0,Official NWS Observations, ,1.21,45,1,ESE,2,E,LORIS,01/13/2020,1250,34.0423,-78.8659,34.0492,-78.8464,"The tornado developed near the Loris High School football field|and tracked near the visitor side bleachers and tree line. A mobile|trailer was flipped over and a few pine trees snapped off. The|tornado continued to the east-northeast across the main parking lot,|where it tossed several cars and blew out the windows of dozens of|others. A few tree limbs were broken out as the tornado exited |across Loris Lions Road. It also ripped the metal roof off a large |storage barn near the intersection of Highway 9 and SC-66. About |half a dozen pine trees were snapped as the tornado crossed Campbell |Drive. It dissipated as it entered the forest just north of the cell |tower at the end of Campbell Drive.","A stationary front produced a tornado in Loris, SC.",167
874596,SPARTANBURG CO.,CLEVEDALE,02/06/2020,1021,Tornado, ,EF1,0,0,10000000,0,SC,EST-5, ,145640,C,83,GSP,0,0,NWS Storm Survey, ,10.14,100,0,S,2,WSW,CONVERSE,02/06/2020,1033,34.926,-82.03,34.972,-81.86,"NWS storm survey found the path of an EF1 tornado that began in the west Spartanburg/Clevedale area, near the intersection of Willis Rd and Harvest Brook Way. Damage was primarily limited to downed trees in this residential area, although one tree fell on and damaged a home. Structural damage increased as the tornado moved through the Westgate Mall and Dorman Center areas near the Highway 29/I-26 intersection, with business signs being damaged and roof damage occurring to several homes and apartment buildings just east of Westgate Mall. This same neighborhood was impacted by another EF1 tornado in October 2017. The tornado strengthened as it moved east of this area, along West Main St toward downtown. Businesses lost roof panels, and at least one small outbuilding was destroyed. Tree damage was observed in downtown Spartanburg and in the Converse Heights neighborhood east of downtown. Though the tornado was not as intense by that time, trees continued to be uprooted along the path of the tornado until it dissipated near Zion Hill Rd on the eastern outskirts of the city. In all, more than 400 homes and businesses were damaged, either directly by wind or by falling trees.","Unusually high levels of moisture for early February combined with a slow-moving frontal system to produce an extended period of moderate to heavy rainfall across Upstate South Carolina from the morning of the 5th until the early morning hours of the 7th. Intense rain rates associated with bands of heavy rain showers and embedded thunderstorms developing along the front during the morning and afternoon of the 7th resulted in rather widespread flash flooding. A tornado also developed during this time in the Spartanburg area. Total rainfall of 3 to 6 inches resulted in flooding persisting along some main stem rivers and larger streams well into the 7th.",168
867958,AIKEN CO.,VAUCLUSE,02/06/2020,1452,Tornado, ,EF1,0,0,0,0,SC,EST-5, ,144572,C,3,CAE,0,0,NWS Storm Survey, ,1.14,75,2,NNE,3,NE,VAUCLUSE,02/06/2020,1454,33.6423,-81.8037,33.6499,-81.7862,"A NWS Storm Survey Team determined that an EF-1 tornado, with wind speeds up to 105 mph, occurred north of Vaucluse in Aiken County, SC on Thursday, 2/6/20. The tornado began just beyond a perimeter trail on the southwest side of Stable View Farm. The tornado continued northeast across the farm where it snapped and uprooted numerous pine trees. The tornado caused minor roof damage to a barn, overturned a detached semi trailer, and destroyed 5 stables that were constructed of aluminum and hard vinyl along Springfield Church Road. The tornado then continued |northeast, crossing Westo Road, then causing damage around a house on Smith Lane where it overturned a small equipment trailer and a small RV trailer which then landed on top of an SUV. There was minor roof damage to the house along with numerous snapped and uprooted pine trees around the property. The tornado then lifted as it crossed a field on the north side of Smith Lane. Additional straight-line wind damage in the form of a few snapped or uprooted pine trees was observed northeast along Indian Springs Road to Old Lawson Road. The tornado was on the ground for approximately 1.15 miles and had a path width of around 75 yards at its widest point.","Upper energy and a cold front, along with moderate instability and strong shear, produced a band of showers and thunderstorms, some severe, including a tornado.",169
886150,OCONEE CO.,JOCASSEE,04/13/2020,218,Tornado, ,EF1,0,0,0,0,SC,EST-5, ,147349,C,73,GSP,0,0,NWS Storm Survey, ,3.97,400,7,W,4,WNW,JOCASSEE,04/13/2020,222,34.99,-83.055,35,-82.986,"NWS Storm Survey found the path of an EF1 tornado across the high elevations of Oconee County. Damage was first found along Highway 107, less than a mile south of Wigington Rd. Multiple large tree limbs were snapped near this location. The next area of damage was found due east of here along Whitewater Falls Rd, where numerous trees were snapped or uprooted. Additional tree damage was found on Bad Creek Rd, just west of Lake Jocassee. While additional tree damage was observed from a distance on a peninsula in Lake Jocassee, a survey of areas downstream was impossible due to the remote, inaccessible nature of the terrain in the Sumter National Forest/Jocassee Gorges area.","A strong storm system impacted the Southeast, resulting in a line of strong to severe thunderstorms that moved across upstate South Carolina during the early morning hours of the 13th. This resulted in severe weather, including a couple of strong tornadoes, one of which was the strongest tornado to impact the upstate area in more than 25 years.",170
886100,OCONEE CO.,OAKWAY,04/13/2020,221,Tornado, ,EF3,1,5,100000000,0,SC,EST-5, ,147349,C,73,GSP,0,0,NWS Storm Survey, ,14.7,1000,3,WNW,2,NE,KEOWEE,04/13/2020,233,34.617,-83.084,34.719,-82.857,"NWS Storm Survey found the path of a strong EF3 tornado that began across southern Oconee County, just south of Westminster along Retreat Rd and W Oak Highway. As the tornado moved northeast, damage was largely confined to uprooted and snapped trees as it crossed Highway 11, Brown Farm Rd, and the Coneross Creek drainage before moving into the southwest side of Seneca. The tornado intensified rapidly after crossing S Radio Station Rd. A house on Return Church Rd experienced complete structural collapse, which combined with surrounding vegetation damage of numerous trees snapped and/or debarked was suggestive of strong EF3 damage, or 160 mph peak wind gusts. The tornado maintained EF3 intensity as it continued northeast, destroying a significant portion of a manufacturing facility Between Return Church Rd and Wells Highway. A 77-year-old male employee was killed inside the facility. Four other employees received mostly minor injuries. At least strong EF2 damage continued as the tornado approached the center of Seneca, with numerous homes receiving minor to severe damage, including EF3 damage to at least one house on Ploma Dr. The tornado rapidly weakened as it continued northeast into the east side of Seneca, but continued to snap and uproot numerous trees as it crossed Shiloh Rd and Clemson Blvd. The tornado moved over Lake Keowee a couple of miles north of Clemson Blvd, crossing into Pickens County. This was the first EF3 or stronger tornado in upstate South Carolina since 1994. It was also the first known EF3 or stronger tornado to impact the western Carolinas during the overnight hours.","A strong storm system impacted the Southeast, resulting in a line of strong to severe thunderstorms that moved across upstate South Carolina during the early morning hours of the 13th. This resulted in severe weather, including a couple of strong tornadoes, one of which was the strongest tornado to impact the upstate area in more than 25 years.",171
886135,PICKENS CO.,CLEMSON,04/13/2020,234,Tornado, ,EF0,0,0,0,0,SC,EST-5, ,147349,C,77,GSP,0,0,NWS Storm Survey, ,2.01,200,3,NNW,3,WNW,CENTRAL,04/13/2020,236,34.719,-82.857,34.733,-82.826,"NWS Storm Survey found a tornado that began in Oconee County moved into Pickens County on Lake Keowee about 2 miles north of Clemson Blvd. Damage in Pickens County was primarily confined to snapped large tree limbs before the tornado lifted in the area around Six Mile Highway and R C Edwards School Rd.","A strong storm system impacted the Southeast, resulting in a line of strong to severe thunderstorms that moved across upstate South Carolina during the early morning hours of the 13th. This resulted in severe weather, including a couple of strong tornadoes, one of which was the strongest tornado to impact the upstate area in more than 25 years.",172
886204,PICKENS CO.,PUMPKINTOWN,04/13/2020,241,Tornado, ,EF2,0,8,200000,0,SC,EST-5, ,147349,C,77,GSP,0,0,NWS Storm Survey, ,5.3,200,3,SSW,2,E,ROCK,04/13/2020,246,34.966,-82.667,35.015,-82.595,"NWS Storm Survey determined the path of a tornado that began in northern Pickens County near the intersection of Highway 8 and Log House Rd. Numerous trees were uprooted and large trees snapped as the tornado moved northeast, crossing Dacusville Highway, Cedar Rd, and the Oolenoy River. From there, it moved roughly parallel to Highway 288 before crossing into Greenville County. The most significant damage was found along the banks of the Saluda River, including along Yankee Rebel Pt and Sherwood Rd, where two mobile homes were rolled and several large hardwood trees snapped. A total of eight people were injured in this area.","A strong storm system impacted the Southeast, resulting in a line of strong to severe thunderstorms that moved across upstate South Carolina during the early morning hours of the 13th. This resulted in severe weather, including a couple of strong tornadoes, one of which was the strongest tornado to impact the upstate area in more than 25 years.",173
886198,PICKENS CO.,BEVERLY,04/13/2020,244,Tornado, ,EF0,0,0,0,0,SC,EST-5, ,147349,C,77,GSP,0,0,NWS Storm Survey, ,7.42,70,1,NNE,3,NE,LATHAM,04/13/2020,251,34.817,-82.638,34.856,-82.516,"NWS Storm Survey found the path of an EF0 tornado that moved across the Easley area. The tornado began on the west side of the city along Old Liberty Rd. moving east/northeast through the heart of the city, although damage was almost exclusively confined to uprooted pine trees and snapped large tree limbs. The tornado moved east from the city of Easley, roughly paralleling Saluda Dam Rd before lifting near the intersection of Saluda Dam Rd and Antioch Rd.","A strong storm system impacted the Southeast, resulting in a line of strong to severe thunderstorms that moved across upstate South Carolina during the early morning hours of the 13th. This resulted in severe weather, including a couple of strong tornadoes, one of which was the strongest tornado to impact the upstate area in more than 25 years.",174
886207,GREENVILLE CO.,BLYTHE SHOALS,04/13/2020,246,Tornado, ,EF2,0,0,100000,0,SC,EST-5, ,147349,C,45,GSP,0,0,NWS Storm Survey, ,2.67,200,4,SSW,2,SSE,BLYTHE SHOALS,04/13/2020,249,35.015,-82.594,35.04,-82.558,"NWS Storm Survey determined an EF2 that began in Pickens County moved into Greenville County near Highway 288. The most significant damage was found along the banks of the Saluda River, where one mobile home was rolled and several large hardwood trees snapped. The tornado weakened from there and additional damage was limited to snapped hardwoods as the tornado crossed Marked Beech Rd before lifting in the vicinity of Sakanaga Trace.","A strong storm system impacted the Southeast, resulting in a line of strong to severe thunderstorms that moved across upstate South Carolina during the early morning hours of the 13th. This resulted in severe weather, including a couple of strong tornadoes, one of which was the strongest tornado to impact the upstate area in more than 25 years.",175
887085,GREENVILLE CO.,JORDON,04/13/2020,301,Tornado, ,EF0,0,0,20000,0,SC,EST-5, ,147349,C,45,GSP,0,0,NWS Storm Survey, ,0.68,30,4,SW,3,SW,JORDON,04/13/2020,302,34.992,-82.295,35,-82.288,"NWS Storm Survey found a brief, weak tornado touched down in J Verne Smith Park in Greenville County, downing limbs and uprooting some small trees. The tornado downed more limbs along oneal Church Road, but then uprooted a tree onto a house on Scruggs Circle. The tornado briefly intensified in a wooded area along a small creek between Scruggs Circle and Gratiot Lane, where several trees were uprooted. The tornado rapidly weakened and lifted just beyond this point.","A strong storm system impacted the Southeast, resulting in a line of strong to severe thunderstorms that moved across upstate South Carolina during the early morning hours of the 13th. This resulted in severe weather, including a couple of strong tornadoes, one of which was the strongest tornado to impact the upstate area in more than 25 years.",176
884156,AIKEN CO.,ELLENTON,04/13/2020,421,Tornado, ,EF3,0,0,0,0,SC,EST-5, ,146329,C,3,CAE,0,0,NWS Storm Survey, ,19.93,800,4,NE,3,ENE,WHITE POND,04/13/2020,445,33.2751,-81.7048,33.4481,-81.4285,"A strong, long-track tornado began in Aiken Co SC, within the boundaries of the Savannah River Site southeast of Jackson, SC, then moved in a general northeast direction. While in Aiken Co, the tornado was rated EF-3, with peak wind speeds of 140 mph.  ||Based off of high resolution imagery, radar data (including the height debris was detected), and correspondence with Savannah River Site officials, it was determined that the tornado became strong within the Savannah River Site boundaries as it moved to the northeast. As the tornado moved out of the Savannah River Site, it produced significant damage near Williston Rd and Jaywood Rd west of Williston. In this area, significant roof damage and a partial wall collapse to a brick house occurred, with a small cinder block workshop destroyed. The tornado then destroyed a vacant cinder block store building, and removed the roof and some of the walls of a metal auto shop building. Nearby trees were all snapped near the base. A mobile home was shifted about 6-10 feet off its foundation along Cherry Tree Rd. Along Tinker Creek Rd, the tornado destroyed a brick shed and removed most of the roof off a home, |completely destroyed a manufactured home near Charleston Hwy (US Hwy 78), and based on aerial photographs blew down a large swath of trees east of the roadway. The tornado then crossed Charleston Hwy, removing a large portion of the roof and collapsing an exterior wall of a business. ||The tornado then crossed into Barnwell Co SC, NW of the town of Williston near Davis Bridge Rd, and continued moving NE across N Barnwell Co, and crossed into Orangeburg Co SC, where it dissipated just before reaching the town limits of Neeses, east of Ninety Six Rd.","A squall line rolled through the region during the early morning hours of April 13, 2020.  Strong instability and shear led to numerous severe thunderstorm wind gusts along with several tornadoes. In total, across central SC, there were 5 EF-3 tornadoes, 1 EF-2 tornadoes, and 1 EF-1 tornado. Two fatalities, and several injuries, occurred with the tornadoes.",177
884325,BARNWELL CO.,SNELLING,04/13/2020,433,Tornado, ,EF3,0,0,0,0,SC,EST-5, ,146329,C,11,CAE,0,0,NWS Storm Survey, ,8.49,50,5,NW,3,S,WILLISTON,04/13/2020,442,33.2754,-81.5438,33.3512,-81.428,"Sentinel Satellite Data from April 13, 2020 clearly showed a damage scar beginning at the western edge of Parr Pond in the Savannah River Site and ending near the intersection of Highway 278 and State Road 21. A tornadic debris signature detected by the KCAE radar aligns with the damage scar. A ground survey also indicated a few trees down just off a field on the eastern side of Fellowship Road as the tornado dissipated. Based off of the above information and correspondence with a Savannah River Site official, it is estimated that winds reached EF-3 strength, with speeds up to 138 mph.","A squall line rolled through the region during the early morning hours of April 13, 2020.  Strong instability and shear led to numerous severe thunderstorm wind gusts along with several tornadoes. In total, across central SC, there were 5 EF-3 tornadoes, 1 EF-2 tornadoes, and 1 EF-1 tornado. Two fatalities, and several injuries, occurred with the tornadoes.",178
884163,BARNWELL CO.,ASHLEIGH,04/13/2020,443,Tornado, ,EF1,0,0,0,0,SC,EST-5, ,146329,C,11,CAE,0,0,NWS Storm Survey, ,12.11,770,4,WNW,4,N,HEALING SPGS,04/13/2020,451,33.3158,-81.3944,33.4539,-81.2651,"A strong, long-track tornado began just south of the town of Elko in Barnwell Co SC, then moved in a general northeast direction through Orangeburg Co SC, where it reached EF-3 intensity and caused 2 fatalities.  The tornado dissipated shortly after crossing into Calhoun Co SC southwest of St. Matthews before reaching I-26. ||While in Barnwell Co, the tornado was rated as EF-1. The tornado began near Orchard Rd and SC Hwy 37. Along its entire path, there was widespread tree damage. The tornado snapped 7 wood power poles near US Hwy 78 and Turkey Creek. The tornado strengthened as it approached SC Hwy 3 and Gardenia Rd, where it destroyed and tossed a wood framed home anchored to the ground, lifted a significant portion of a roof on a brick home, destroyed a fifth wheel camper, and knocked over a pivot irrigation system. The tornado continued moving to the NE and crossed into Orangeburg Co.","A squall line rolled through the region during the early morning hours of April 13, 2020.  Strong instability and shear led to numerous severe thunderstorm wind gusts along with several tornadoes. In total, across central SC, there were 5 EF-3 tornadoes, 1 EF-2 tornadoes, and 1 EF-1 tornado. Two fatalities, and several injuries, occurred with the tornadoes.",179
884158,BARNWELL CO.,WILLISTON,04/13/2020,445,Tornado, ,EF1,0,0,0,0,SC,EST-5, ,146329,C,11,CAE,0,0,NWS Storm Survey, ,5.42,800,3,N,7,NW,HEALING SPGS,04/13/2020,450,33.4481,-81.4285,33.4817,-81.3436,"A strong, long-track tornado began in Aiken Co SC, within the boundaries of the Savannah River Site, then moved in a general northeast direction. While in Aiken Co, the tornado was rated EF-3. The tornado then crossed into Barnwell Co SC, NW of the town of Williston near Davis Bridge Rd. In Barnwell Co, the tornado was rated as EF-1. The tornado continued to snap and uproot countless trees as it crossed Davis Bridge Rd, and New Forest Rd in N Barnwell Co. The tornado continued moving NE and crossed into Orangeburg Co SC.","A squall line rolled through the region during the early morning hours of April 13, 2020.  Strong instability and shear led to numerous severe thunderstorm wind gusts along with several tornadoes. In total, across central SC, there were 5 EF-3 tornadoes, 1 EF-2 tornadoes, and 1 EF-1 tornado. Two fatalities, and several injuries, occurred with the tornadoes.",180
884326,BARNWELL CO.,ASHLEIGH,04/13/2020,449,Tornado, ,EF3,0,0,0,0,SC,EST-5, ,146329,C,11,CAE,0,0,NWS Storm Survey, ,1.39,40,2,NE,1,SW,BLACKVILLE,04/13/2020,451,33.3177,-81.2903,33.3369,-81.2833,"A tornado started just south of Blackville, SC east of Whitehall Drive near Toby Creek. The tornado damaged several chicken houses by causing the walls to collapse in a few places. The tornado then moved northeast crossing a large empty field, before intensifying as it approached a fiberglass coating facility near Lake Cynthia Road. The tornado collapsed a large segment of a 75 ft tall, 150 ft x 150 ft warehouse, with large steel support beams twisted. Thirty cylindrical containers weighing up to 20- 25 thousand pounds each lifted out of their u-shaped saddles and rolled throughout the facility. There was evidence of minimal tree damage east of Blackville but not enough damage to suggest the tornado track continued that far north. As a result, the tornado likely lifted prior to reaching Highway 3. The tornado path length was just under 1.5 miles and had a width of about 40 yards. The tornado was rated EF-3, with peak winds of 140 mph.","A squall line rolled through the region during the early morning hours of April 13, 2020.  Strong instability and shear led to numerous severe thunderstorm wind gusts along with several tornadoes. In total, across central SC, there were 5 EF-3 tornadoes, 1 EF-2 tornadoes, and 1 EF-1 tornado. Two fatalities, and several injuries, occurred with the tornadoes.",181
884159,ORANGEBURG CO.,SPRINGFIELD,04/13/2020,450,Tornado, ,EF1,0,0,0,0,SC,EST-5, ,146329,C,75,CAE,0,0,NWS Storm Survey, ,12.53,800,4,WSW,1,NNW,NEESES,04/13/2020,503,33.4817,-81.3436,33.5408,-81.1379,"A strong, long-track tornado began in Aiken Co SC, within the boundaries of the Savannah River Site, then moved in a general northeast direction. While in Aiken Co, the tornado was rated EF-3. The tornado then crossed into N Barnwell Co SC.  While in Barnwell Co, the tornado was rated as EF-1. The tornado continued moving NE and crossed into Orangeburg Co SC, where it dissipated near the town of Neeses.  ||While in Orangeburg Co, the tornado was rated as EF-1. The tornado uprooted many large trees in the town of Springfield, some of which fell on homes and one on a church. The tornado then crossed the path of another tornado near Fire Tower Rd and Starwood Dr.  Several homes along Fire Tower Rd had extensive roof and front porch damage. Multiple trees were down along Ninety Six Rd, with one of them falling on a house. The tornado finally dissipated east of Ninety Six Rd just before reaching the Neeses town limits.","A squall line rolled through the region during the early morning hours of April 13, 2020.  Strong instability and shear led to numerous severe thunderstorm wind gusts along with several tornadoes. In total, across central SC, there were 5 EF-3 tornadoes, 1 EF-2 tornadoes, and 1 EF-1 tornado. Two fatalities, and several injuries, occurred with the tornadoes.",182
884327,BARNWELL CO.,HILDA,04/13/2020,450,Tornado, ,EF3,0,0,0,0,SC,EST-5, ,146329,C,11,CAE,0,0,NWS Storm Survey, ,5.37,800,5,SSW,2,E,HILDA,04/13/2020,455,33.2071,-81.2742,33.2715,-81.2223,"A tornado touched down in far southeast Barnwell moving northeastward toward the Bamberg county line southeast of the town of Hilda, briefly intensifying to a strong tornado along Hartzog Road. The tornado length was 5.5 miles and had a width of 800 yards at its widest point. The tornado was rated EF-3, with peak winds of 145 mph. ||The tornado began just north of Highway 64 at Green Branch Road near Indigo Road. The tornado moved northeast across Hercules Creek and caused significant tree damage at a residence on Friendship Road. Several oak and pine trees were uprooted and snapped. A cinder block garage had its metal roofing peeled off and the wind stress shifted the cinder blocks about half way up the wall. Along its northeastward path, there was continued tree damage but the tornado strengthened rapidly as it crossed Hartzog Road just south of November Road. A well built bolted down metal |building structure and tin tractor shed was completely destroyed. Further north along Hartzog Road, a residence had part of its roof lifted off and behind the residence, a two story wood frame building was shifted off its foundation and destroyed an unanchored log cabin was destroyed. As the tornado moved northeast toward Huckleberry Bay Road there were multiple hardwood trees snapped near the base of the trees. The tornado began to weaken as it crossed Old Salem Road continuing to damage trees along its path before dissipating just north of Huttos Chapel |Road.","A squall line rolled through the region during the early morning hours of April 13, 2020.  Strong instability and shear led to numerous severe thunderstorm wind gusts along with several tornadoes. In total, across central SC, there were 5 EF-3 tornadoes, 1 EF-2 tornadoes, and 1 EF-1 tornado. Two fatalities, and several injuries, occurred with the tornadoes.",183
884164,ORANGEBURG CO.,SPRINGFIELD,04/13/2020,451,Tornado, ,EF3,2,7,0,0,SC,EST-5, ,146329,C,75,CAE,0,0,NWS Storm Survey, ,21.9,770,3,SSE,3,NE,WOLFTON,04/13/2020,516,33.4539,-81.2651,33.6175,-80.9394,"A strong, long-track tornado began just south of the town of Elko in Barnwell Co SC where it was rated as EF-1, then moved in a general northeast direction through Orangeburg Co SC, where it reached EF-3 intensity and caused 2 fatalities and 7 injuries.  The tornado dissipated shortly after crossing into Calhoun Co SC southwest of St. Matthews before reaching I-26. ||The tornado downed numerous trees along its path.  It crossed Norway Rd where it snapped multiple power poles. As the tornado reached Fire Tower Rd west of Neeses, it intensified further, destroying 3 anchored manufactured homes on Preserver Rd near Ninety Six Rd. It was in this area that the 2 known fatalities occurred to residents in a double-wide manufactured home. ||The tornado then turned more eastward, crossing Savannah Hwy (US Hwy 321) and Dragstrip Rd north of Livingston. There were several homes or manufactured homes that were heavily damaged or destroyed in this area. The tornado gradually weakened as it crossed North Rd (US Hwy 178) and crossed into Calhoun Co.","A squall line rolled through the region during the early morning hours of April 13, 2020.  Strong instability and shear led to numerous severe thunderstorm wind gusts along with several tornadoes. In total, across central SC, there were 5 EF-3 tornadoes, 1 EF-2 tornadoes, and 1 EF-1 tornado. Two fatalities, and several injuries, occurred with the tornadoes.",184
884332,RICHLAND CO.,SHARP,04/13/2020,453,Tornado, ,EF1,0,0,0,0,SC,EST-5, ,146329,C,79,CAE,0,0,NWS Storm Survey, ,4.89,80,2,ESE,2,NE,LANGFORDS XRDS,04/13/2020,459,34.1556,-80.919,34.2157,-80.8738,"A strong EF-1 tornado began near the intersection of Lee Road and Trowbridge Road. The tornado continued northeast for just under 5 miles. The tornado crossed Hard Scrabble Road, Kelly Mill Road, Langford Road and dissipated near Heins Road. The maximum estimated wind speed associated with the tornado was 105 mph. ||Much of the damage along the path of the tornado was tree damage. There were numerous trees that had been snapped, uprooted or suffered damage to branches. There were several homes that suffered minor roof damage to roofing materials, such as shingles, along with damage to soffit and fascia on the exterior of structures. Some of the most extensive tree damage occurred just off Langford Road near the Hunters Run neighborhood. There were also several large trees, both hardwood and softwood, that were snapped and uprooted along Kelly Mill Road near the Crickentree neighborhood. This is across the street from Lake Carolina Elementary Upper Campus. Along Ejw Road, across the street from Lake Carolina Elementary Lower Campus, there were several trees that has fallen across the roadway and been cleared. Additionally, along Ejw Road, there were a few trees either snapped, uprooted or with significant branch damage before the road crossed Round Top Branch. Several trees were uprooted along the entrance to Crickentree on Crickentree Drive.","A squall line rolled through the region during the early morning hours of April 13, 2020.  Strong instability and shear led to numerous severe thunderstorm wind gusts along with several tornadoes. In total, across central SC, there were 5 EF-3 tornadoes, 1 EF-2 tornadoes, and 1 EF-1 tornado. Two fatalities, and several injuries, occurred with the tornadoes.",185
887489,ALLENDALE CO.,SYCAMORE,04/13/2020,504,Tornado, ,EF0,0,0,0,0,SC,EST-5, ,147485,C,5,CHS,0,0,NWS Storm Survey, ,5.85,300,1,S,1,N,JENNYS,04/13/2020,509,33.0123,-81.2167,33.0434,-81.1228,"A National Weather Service Storm Survey Team confirmed an EF-0 tornado with an estimated maximum wind speed of 76 mph in eastern Allendale County. The weak tornado initially touched down near the intersection of Route 321 and Mt. Pleasant Church Road, continuing east-northeast and crossing Bethel Church Road, before dissipating just northeast of the intersection of Route 641 and Rebel Drive. Damage from the tornado primarily consisted of sporadic and discontinuous tree damage along its path.","A severe quasi-linear convective system (QLCS) moved through southeast South Carolina during the early morning hours of April 13, 2020 ahead of an approaching cold front. The environment ahead of the QLCS was unusually unstable for this time of day and year, with gulf moisture spreading upper 60 F to near 70 F dewpoints into a warm sector across the Southeast United States and mid level lapse rates around 7 C/km helping produce mixed layer convective available potential energy (MLCAPE) as high as 2000 J/kg across Southeast South Carolina. Within the warm sector, very strong vertical shear associated with a 50 knot plus low and mid-level jet, effective bulk shear around 70 knots, effective storm relative helicity in the 400-600 m2/s2 range, and VAD wind profiles displaying large, curved low-level hodographs were supportive of well organized convection and potentially embedded supercell thunderstorms in a QLCS capable of producing a prolonged path of damaging winds and strong long-track tornadoes. As the QLCS swept through Southeast South Carolina, a few supercell thunderstorms became exceptionally strong while partially breaking away from the main line of thunderstorms, producing widespread wind damage and strong long-track tornadoes. ||A total of 13 confirmed tornadoes occurred across Southeast South Carolina, including a long track EF-4 tornado in Hampton County that took the lives of 5 people and injured 60 others along an approximately 24 mile path. The EF-4 tornado was the first to have occurred across Southeast South Carolina and the last to have occurred in the entire state of South Carolina since November 17, 1995, almost 25 years prior. This particular tornado was associated with a storm that produced a destructive path of straight-line wind damage and series of long track and intermittent tornadoes for over 150 miles, beginning in Screven County, Georgia, then continuing northeast across Hampton County, Colleton County, Dorchester County, and Berkeley County, South Carolina before leaving the area and eventually shifting offshore along the South Carolina coast. Two other storms were responsible for the remaining tornadoes across the area, most of which occurred from a single storm occurring across Edisto Island, Seabrook Island and Kiawah Island. Outside the EF-4 tornado in Hampton County, straight-line winds near a passing tornado claimed the life of one individual and injured one in Colleton County, while another tornado caused 6 injuries across Berkeley County.",186
887456,HAMPTON CO.,SHIRLEY,04/13/2020,505,Tornado, ,EF1,0,0,0,0,SC,EST-5, ,147485,C,49,CHS,0,0,NWS Storm Survey, ,0.91,200,5,W,4,W,SHIRLEY,04/13/2020,506,32.6659,-81.403,32.6681,-81.3876,"A National Weather Service Storm Survey Team confirmed the continuing path of a tornado, which initially developed in eastern Screven County, Georgia with an EF-1 tornado rating, tracking east across the Savannah River about 10 miles northeast of Newington, Georgia and entering Hampton County. The tornado continued an east path in Hampton County, crossing over marsh and a wooded area before quickly coming to an end before reaching Crab Orchard Road. Snapped and uprooted trees along the path remained consistent with an EF-1 tornado rating.","A severe quasi-linear convective system (QLCS) moved through southeast South Carolina during the early morning hours of April 13, 2020 ahead of an approaching cold front. The environment ahead of the QLCS was unusually unstable for this time of day and year, with gulf moisture spreading upper 60 F to near 70 F dewpoints into a warm sector across the Southeast United States and mid level lapse rates around 7 C/km helping produce mixed layer convective available potential energy (MLCAPE) as high as 2000 J/kg across Southeast South Carolina. Within the warm sector, very strong vertical shear associated with a 50 knot plus low and mid-level jet, effective bulk shear around 70 knots, effective storm relative helicity in the 400-600 m2/s2 range, and VAD wind profiles displaying large, curved low-level hodographs were supportive of well organized convection and potentially embedded supercell thunderstorms in a QLCS capable of producing a prolonged path of damaging winds and strong long-track tornadoes. As the QLCS swept through Southeast South Carolina, a few supercell thunderstorms became exceptionally strong while partially breaking away from the main line of thunderstorms, producing widespread wind damage and strong long-track tornadoes. ||A total of 13 confirmed tornadoes occurred across Southeast South Carolina, including a long track EF-4 tornado in Hampton County that took the lives of 5 people and injured 60 others along an approximately 24 mile path. The EF-4 tornado was the first to have occurred across Southeast South Carolina and the last to have occurred in the entire state of South Carolina since November 17, 1995, almost 25 years prior. This particular tornado was associated with a storm that produced a destructive path of straight-line wind damage and series of long track and intermittent tornadoes for over 150 miles, beginning in Screven County, Georgia, then continuing northeast across Hampton County, Colleton County, Dorchester County, and Berkeley County, South Carolina before leaving the area and eventually shifting offshore along the South Carolina coast. Two other storms were responsible for the remaining tornadoes across the area, most of which occurred from a single storm occurring across Edisto Island, Seabrook Island and Kiawah Island. Outside the EF-4 tornado in Hampton County, straight-line winds near a passing tornado claimed the life of one individual and injured one in Colleton County, while another tornado caused 6 injuries across Berkeley County.",187
889068,HAMPTON CO.,ESTILL MUNI ARPT,04/13/2020,510,Tornado, ,EF4,5,60,0,0,SC,EST-5, ,147485,C,49,CHS,0,0,NWS Storm Survey, ,23.73,1300,3,WSW,5,NE,FECHTIG,04/13/2020,537,32.7045,-81.2899,32.829,-80.9092,"A National Weather Service Storm Survey Team confirmed an EF-4 tornado with an estimated maximum wind speed of 175 mph in central Hampton County. ||The tornado began just north of Collie Road, approximately 3 miles west-northwest of Scotia, South Carolina, snapping and uprooting trees and causing damage to the Federal Correctional Institution of Estill along its northeast track. The tornado then continued northeast, crossing over Highway 321 near the intersection with County Road S-25-35 before gaining strength and causing substantial damage. Beyond this point, the unusually long track and wide tornado damaged and destroyed many residences, including mobile and single family homes along its entire path. A few automobiles were also tossed/rolled 50 to 75 yards from their original locations. In addition, the tornado reached a maximum width of about 0.75 mile, causing extensive damage to thousands of trees and numerous power lines. At times, the damage pattern suggested that the tornado may have consisted of multiple vortices, which can occur in stronger tornadoes.||The most significant structural damage occurred just south of Estill, South Carolina and across Nixville, South Carolina, where at least six residences were destroyed. After crossing Highway 321 and continuing a northeast track, the tornado began producing EF-2 to EF-3 damage to residences along Sprayfield Road to Lena Expressway. The tornado then continued northeast where it completely destroyed a mobile home near the intersection of Highway 3 and Highway 601, tragically claiming the lives of 2 adult males. Continuing on a northeast track, the tornado heavily damaged homes near the intersection of Turner Expressway and Brandy Lane, including completely destroying a mobile home that tragically claimed the lives of 2 adult females and 1 adult male. The tornado then reached peak EF-4 intensity along Lento Road where the roof and all exterior/interior walls of a two story home were removed and dispersed across the yard. The tornado then began a weakening trend while tracking further northeast, eventually crossing Highway 278, Yemassee Highway and ending approximately 1 mile beyond the intersection of Old Salkehatchie Highway and Archie Road before the Hampton/Colleton County line. ||Overall, the tornado path stretched approximately 24 miles, claiming the lives of 5 individuals in the hardest hit areas just south of Estill, South Carolina and across Nixville, South Carolina. Additionally, 60 people sustained injuries associated with the tornado tracking through this hardest hit area, including a few individuals that were thrown 30 to 50 yards from mobile homes and individuals that were in homes that received EF-3 to EF-4 damage.","A severe quasi-linear convective system (QLCS) moved through southeast South Carolina during the early morning hours of April 13, 2020 ahead of an approaching cold front. The environment ahead of the QLCS was unusually unstable for this time of day and year, with gulf moisture spreading upper 60 F to near 70 F dewpoints into a warm sector across the Southeast United States and mid level lapse rates around 7 C/km helping produce mixed layer convective available potential energy (MLCAPE) as high as 2000 J/kg across Southeast South Carolina. Within the warm sector, very strong vertical shear associated with a 50 knot plus low and mid-level jet, effective bulk shear around 70 knots, effective storm relative helicity in the 400-600 m2/s2 range, and VAD wind profiles displaying large, curved low-level hodographs were supportive of well organized convection and potentially embedded supercell thunderstorms in a QLCS capable of producing a prolonged path of damaging winds and strong long-track tornadoes. As the QLCS swept through Southeast South Carolina, a few supercell thunderstorms became exceptionally strong while partially breaking away from the main line of thunderstorms, producing widespread wind damage and strong long-track tornadoes. ||A total of 13 confirmed tornadoes occurred across Southeast South Carolina, including a long track EF-4 tornado in Hampton County that took the lives of 5 people and injured 60 others along an approximately 24 mile path. The EF-4 tornado was the first to have occurred across Southeast South Carolina and the last to have occurred in the entire state of South Carolina since November 17, 1995, almost 25 years prior. This particular tornado was associated with a storm that produced a destructive path of straight-line wind damage and series of long track and intermittent tornadoes for over 150 miles, beginning in Screven County, Georgia, then continuing northeast across Hampton County, Colleton County, Dorchester County, and Berkeley County, South Carolina before leaving the area and eventually shifting offshore along the South Carolina coast. Two other storms were responsible for the remaining tornadoes across the area, most of which occurred from a single storm occurring across Edisto Island, Seabrook Island and Kiawah Island. Outside the EF-4 tornado in Hampton County, straight-line winds near a passing tornado claimed the life of one individual and injured one in Colleton County, while another tornado caused 6 injuries across Berkeley County.",188
884165,CALHOUN CO.,RILEY,04/13/2020,516,Tornado, ,EF0,0,0,0,0,SC,EST-5, ,146329,C,17,CAE,0,0,NWS Storm Survey, ,1.67,770,8,W,6,W,RILEY,04/13/2020,520,33.6175,-80.9394,33.624,-80.9115,"A strong, long-track tornado began just south of the town of Elko in Barnwell Co SC where it was rated as EF-1, then moved in a general northeast direction through Orangeburg Co SC, where it reached EF-3 intensity and caused 2 fatalities. The tornado dissipated shortly after crossing into Calhoun Co SC southwest of St. Matthews before reaching I-26.","A squall line rolled through the region during the early morning hours of April 13, 2020.  Strong instability and shear led to numerous severe thunderstorm wind gusts along with several tornadoes. In total, across central SC, there were 5 EF-3 tornadoes, 1 EF-2 tornadoes, and 1 EF-1 tornado. Two fatalities, and several injuries, occurred with the tornadoes.",189
884328,ORANGEBURG CO.,ROWESVILLE,04/13/2020,525,Tornado, ,EF2,0,0,0,0,SC,EST-5, ,146329,C,75,CAE,0,0,NWS Storm Survey, ,8.63,700,4,ENE,2,ENE,FOUR HOLES,04/13/2020,534,33.4032,-80.787,33.4902,-80.6797,"A tornado touched down in Orangeburg Co SC about 4 miles northeast of Rowesville and tracked northeastward across Interstate 26 and Highway 301. EF0 damage occurred from the intersection of Garland and Bethel Forest Road, where the tornado started, to just prior to crossing I-26. The tornado strengthened producing EF-1 damage across agricultural fields and in the Orangeburg Industrial Park. As the tornado crossed I-26 it further strengthened to EF-2 then crossed Highway 301. The tornado rapidly weakened to EF-1 then just north of Highway 301 and further to EF-0 as it moved into the Middle Pen Swamp. Through the remainder of the tornado path it cycled between EF-1 and EF-0 then crossed into Calhoun Co SC where it finally lifted just north of the intersection of Houcks Gin Road and Old State Road. ||The tornado caused numerous hardwood and softwood trees to be snapped along the path and overturned multiple pivot irrigation systems. Damage was done to a tractor dealership with the front windows being shattered and the overhead doors being blown in by the wind. Several of the snapped and uprooted trees were blown onto structures causing roof damage to residential and industrial structures. Damage to grain silos and outbuildings on the north side of Highway 301 was estimated by the owner to be $1 million.","A squall line rolled through the region during the early morning hours of April 13, 2020.  Strong instability and shear led to numerous severe thunderstorm wind gusts along with several tornadoes. In total, across central SC, there were 5 EF-3 tornadoes, 1 EF-2 tornadoes, and 1 EF-1 tornado. Two fatalities, and several injuries, occurred with the tornadoes.",190
884329,CALHOUN CO.,CAMERON,04/13/2020,534,Tornado, ,EF1,0,0,0,0,SC,EST-5, ,146329,C,17,CAE,0,0,NWS Storm Survey, ,1.6,700,5,SSE,4,SE,CAMERON,04/13/2020,537,33.4902,-80.6797,33.5123,-80.6716,"The tornado touched down in Orangeburg Co SC, where it was rated as EF-2.  The tornado crossed into Calhoun Co near Four Holes Rd and moved to the northeast and dissipated near Old State Rd and Houcks Gin Rd.  In Calhoun Co, the tornado was rated EF-1, knocking down numerous trees.","A squall line rolled through the region during the early morning hours of April 13, 2020.  Strong instability and shear led to numerous severe thunderstorm wind gusts along with several tornadoes. In total, across central SC, there were 5 EF-3 tornadoes, 1 EF-2 tornadoes, and 1 EF-1 tornado. Two fatalities, and several injuries, occurred with the tornadoes.",191
888925,COLLETON CO.,SNIDERS XRDS,04/13/2020,539,Tornado, ,EF1,0,0,0,0,SC,EST-5, ,147485,C,29,CHS,0,0,NWS Storm Survey, ,1.44,50,3,S,3,SSE,SNIDERS XRDS,04/13/2020,541,32.8359,-80.8539,32.8454,-80.8319,"A National Weather Service Storm Survey Team confirmed an EF-1 tornado with an estimated maximum wind speed of 90 mph in southwest Colleton County. The tornado formed just west of Route 21 in southwest Colleton County, then traveled northeast before dissipating near Cane Branch Road. The tornado snapped off a couple dozen pine trees and broke off some tree branches along the path.","A severe quasi-linear convective system (QLCS) moved through southeast South Carolina during the early morning hours of April 13, 2020 ahead of an approaching cold front. The environment ahead of the QLCS was unusually unstable for this time of day and year, with gulf moisture spreading upper 60 F to near 70 F dewpoints into a warm sector across the Southeast United States and mid level lapse rates around 7 C/km helping produce mixed layer convective available potential energy (MLCAPE) as high as 2000 J/kg across Southeast South Carolina. Within the warm sector, very strong vertical shear associated with a 50 knot plus low and mid-level jet, effective bulk shear around 70 knots, effective storm relative helicity in the 400-600 m2/s2 range, and VAD wind profiles displaying large, curved low-level hodographs were supportive of well organized convection and potentially embedded supercell thunderstorms in a QLCS capable of producing a prolonged path of damaging winds and strong long-track tornadoes. As the QLCS swept through Southeast South Carolina, a few supercell thunderstorms became exceptionally strong while partially breaking away from the main line of thunderstorms, producing widespread wind damage and strong long-track tornadoes. ||A total of 13 confirmed tornadoes occurred across Southeast South Carolina, including a long track EF-4 tornado in Hampton County that took the lives of 5 people and injured 60 others along an approximately 24 mile path. The EF-4 tornado was the first to have occurred across Southeast South Carolina and the last to have occurred in the entire state of South Carolina since November 17, 1995, almost 25 years prior. This particular tornado was associated with a storm that produced a destructive path of straight-line wind damage and series of long track and intermittent tornadoes for over 150 miles, beginning in Screven County, Georgia, then continuing northeast across Hampton County, Colleton County, Dorchester County, and Berkeley County, South Carolina before leaving the area and eventually shifting offshore along the South Carolina coast. Two other storms were responsible for the remaining tornadoes across the area, most of which occurred from a single storm occurring across Edisto Island, Seabrook Island and Kiawah Island. Outside the EF-4 tornado in Hampton County, straight-line winds near a passing tornado claimed the life of one individual and injured one in Colleton County, while another tornado caused 6 injuries across Berkeley County.",192
888926,COLLETON CO.,WALTERBORO,04/13/2020,546,Tornado, ,EF1,0,0,0,0,SC,EST-5, ,147485,C,29,CHS,0,0,NWS Storm Survey, ,3.14,100,6,WSW,3,WNW,WALTERBORO,04/13/2020,550,32.8768,-80.7459,32.9098,-80.7086,"A National Weather Service Storm Survey Team confirmed an EF-1 tornado with an estimated maximum wind speed of 105 mph about 5 miles west-southwest of Walterboro, South Carolina. The tornado formed along Route 63 west of Interstate 95 and traveled northeast, eventually crossing over Ulmer Lake Drive and Beach Road before dissipating near the Ashepoo River and Jones Swamp Creek just west of Interstate 95. The tornado produced extensive tree damage in the vicinity of Beach Road. Hundreds of trees were snapped off or uprooted along the tornado path.","A severe quasi-linear convective system (QLCS) moved through southeast South Carolina during the early morning hours of April 13, 2020 ahead of an approaching cold front. The environment ahead of the QLCS was unusually unstable for this time of day and year, with gulf moisture spreading upper 60 F to near 70 F dewpoints into a warm sector across the Southeast United States and mid level lapse rates around 7 C/km helping produce mixed layer convective available potential energy (MLCAPE) as high as 2000 J/kg across Southeast South Carolina. Within the warm sector, very strong vertical shear associated with a 50 knot plus low and mid-level jet, effective bulk shear around 70 knots, effective storm relative helicity in the 400-600 m2/s2 range, and VAD wind profiles displaying large, curved low-level hodographs were supportive of well organized convection and potentially embedded supercell thunderstorms in a QLCS capable of producing a prolonged path of damaging winds and strong long-track tornadoes. As the QLCS swept through Southeast South Carolina, a few supercell thunderstorms became exceptionally strong while partially breaking away from the main line of thunderstorms, producing widespread wind damage and strong long-track tornadoes. ||A total of 13 confirmed tornadoes occurred across Southeast South Carolina, including a long track EF-4 tornado in Hampton County that took the lives of 5 people and injured 60 others along an approximately 24 mile path. The EF-4 tornado was the first to have occurred across Southeast South Carolina and the last to have occurred in the entire state of South Carolina since November 17, 1995, almost 25 years prior. This particular tornado was associated with a storm that produced a destructive path of straight-line wind damage and series of long track and intermittent tornadoes for over 150 miles, beginning in Screven County, Georgia, then continuing northeast across Hampton County, Colleton County, Dorchester County, and Berkeley County, South Carolina before leaving the area and eventually shifting offshore along the South Carolina coast. Two other storms were responsible for the remaining tornadoes across the area, most of which occurred from a single storm occurring across Edisto Island, Seabrook Island and Kiawah Island. Outside the EF-4 tornado in Hampton County, straight-line winds near a passing tornado claimed the life of one individual and injured one in Colleton County, while another tornado caused 6 injuries across Berkeley County.",193
888947,COLLETON CO.,WALTERBORO,04/13/2020,547,Tornado, ,EF1,0,0,0,0,SC,EST-5, ,147485,C,29,CHS,0,0,NWS Storm Survey, ,17.33,500,5,WSW,4,NNE,COTTAGEVILLE,04/13/2020,600,32.8791,-80.7305,32.9784,-80.456,"A National Weather Service Storm Survey Team confirmed an EF-1 tornado with an estimated maximum wind speed of 110 mph near Walterboro, South Carolina. The tornado formed near Route 63 about 4 miles southwest of Walterboro. This tornado grew in size as it tracked through Walterboro, then continued northeast through the Low Country Regional Airport, before remaining about 1 mile west-northwest of Highway 17, sporadically touching down between Sidneys Road to Red Oak Road. The tornado then dissipated just northeast of Cottageville, South Carolina. ||This tornado produced extensive tree damage along the path across northwestern portions of Walterboro with many hundreds of trees snapped off or uprooted. Trees falling on houses or winds associated with the tornado produced mainly minor damage to hundreds of residences and some businesses. Inflow winds into the tornado also produced significant tree and some structural damage across the central and southeastern portions of Walterboro. At the Low Country Regional Airport, winds associated with the tornado or winds flowing into the tornado damaged or destroyed most hangers and nearly two dozen aircraft. The tornado then mainly snapped or uprooted trees while sporadically touching down between the airport to just northeast of Cottageville, South Carolina.","A severe quasi-linear convective system (QLCS) moved through southeast South Carolina during the early morning hours of April 13, 2020 ahead of an approaching cold front. The environment ahead of the QLCS was unusually unstable for this time of day and year, with gulf moisture spreading upper 60 F to near 70 F dewpoints into a warm sector across the Southeast United States and mid level lapse rates around 7 C/km helping produce mixed layer convective available potential energy (MLCAPE) as high as 2000 J/kg across Southeast South Carolina. Within the warm sector, very strong vertical shear associated with a 50 knot plus low and mid-level jet, effective bulk shear around 70 knots, effective storm relative helicity in the 400-600 m2/s2 range, and VAD wind profiles displaying large, curved low-level hodographs were supportive of well organized convection and potentially embedded supercell thunderstorms in a QLCS capable of producing a prolonged path of damaging winds and strong long-track tornadoes. As the QLCS swept through Southeast South Carolina, a few supercell thunderstorms became exceptionally strong while partially breaking away from the main line of thunderstorms, producing widespread wind damage and strong long-track tornadoes. ||A total of 13 confirmed tornadoes occurred across Southeast South Carolina, including a long track EF-4 tornado in Hampton County that took the lives of 5 people and injured 60 others along an approximately 24 mile path. The EF-4 tornado was the first to have occurred across Southeast South Carolina and the last to have occurred in the entire state of South Carolina since November 17, 1995, almost 25 years prior. This particular tornado was associated with a storm that produced a destructive path of straight-line wind damage and series of long track and intermittent tornadoes for over 150 miles, beginning in Screven County, Georgia, then continuing northeast across Hampton County, Colleton County, Dorchester County, and Berkeley County, South Carolina before leaving the area and eventually shifting offshore along the South Carolina coast. Two other storms were responsible for the remaining tornadoes across the area, most of which occurred from a single storm occurring across Edisto Island, Seabrook Island and Kiawah Island. Outside the EF-4 tornado in Hampton County, straight-line winds near a passing tornado claimed the life of one individual and injured one in Colleton County, while another tornado caused 6 injuries across Berkeley County.",194
888951,DORCHESTER CO.,GIVHANS,04/13/2020,610,Tornado, ,EF1,0,0,0,0,SC,EST-5, ,147485,C,35,CHS,0,0,NWS Storm Survey, ,2.29,150,2,W,1,N,GIVHANS,04/13/2020,614,33.0211,-80.3667,33.0385,-80.3331,"A National Weather Service Survey Team confirmed an EF-1 tornado with an estimated maximum wind speed of 102 mph near Givhans, South Carolina. The tornado began near Route 61, south of Givhans Ferry State Park, and moved northeast, dissipating just northeast of the intersection between Carter Road and Queen Drive. Along the path, the tornado caused sporadic snapped trees and uprooted many trees. A two ton wood crate container was also lifted and overturned at a residence near Carter Road along the end of the tornado path. There was significant straight-line wind damage to trees just south of this path, along and north of Campbell Road.","A severe quasi-linear convective system (QLCS) moved through southeast South Carolina during the early morning hours of April 13, 2020 ahead of an approaching cold front. The environment ahead of the QLCS was unusually unstable for this time of day and year, with gulf moisture spreading upper 60 F to near 70 F dewpoints into a warm sector across the Southeast United States and mid level lapse rates around 7 C/km helping produce mixed layer convective available potential energy (MLCAPE) as high as 2000 J/kg across Southeast South Carolina. Within the warm sector, very strong vertical shear associated with a 50 knot plus low and mid-level jet, effective bulk shear around 70 knots, effective storm relative helicity in the 400-600 m2/s2 range, and VAD wind profiles displaying large, curved low-level hodographs were supportive of well organized convection and potentially embedded supercell thunderstorms in a QLCS capable of producing a prolonged path of damaging winds and strong long-track tornadoes. As the QLCS swept through Southeast South Carolina, a few supercell thunderstorms became exceptionally strong while partially breaking away from the main line of thunderstorms, producing widespread wind damage and strong long-track tornadoes. ||A total of 13 confirmed tornadoes occurred across Southeast South Carolina, including a long track EF-4 tornado in Hampton County that took the lives of 5 people and injured 60 others along an approximately 24 mile path. The EF-4 tornado was the first to have occurred across Southeast South Carolina and the last to have occurred in the entire state of South Carolina since November 17, 1995, almost 25 years prior. This particular tornado was associated with a storm that produced a destructive path of straight-line wind damage and series of long track and intermittent tornadoes for over 150 miles, beginning in Screven County, Georgia, then continuing northeast across Hampton County, Colleton County, Dorchester County, and Berkeley County, South Carolina before leaving the area and eventually shifting offshore along the South Carolina coast. Two other storms were responsible for the remaining tornadoes across the area, most of which occurred from a single storm occurring across Edisto Island, Seabrook Island and Kiawah Island. Outside the EF-4 tornado in Hampton County, straight-line winds near a passing tornado claimed the life of one individual and injured one in Colleton County, while another tornado caused 6 injuries across Berkeley County.",195
888412,BERKELEY CO.,MONCKS CORNER,04/13/2020,638,Tornado, ,EF3,0,6,0,0,SC,EST-5, ,147485,C,15,CHS,0,0,NWS Storm Survey, ,5.74,400,2,SE,3,NNW,WITHERBEE,04/13/2020,648,33.1816,-79.9901,33.2045,-79.8947,"The National Weather Service Storm Survey Team confirmed an EF-3 tornado with an estimated maximum wind speed of 145 mph just east of Moncks Corner, South Carolina. The tornado began in the Fairlawn Subdivision, just east of Moncks Corner. Several homes had significant damage along Old Fort Road and Dennis Boulevard. There was a home at the east end of Dennis Boulevard that had significant damage to justify the EF-3 tornado rating. There was also extensive snapping and uprooting of trees, as well as vehicle and trailer damage in the area. The tornado moved east-southeast, generally down Dennis Boulevard, then east across the west branch of the Cooper River, before turning east-northeast across South Carolina 402 and Cane Gully Road. At this location, a mobile home was completely destroyed and several other homes and structures sustained significant damage. The tornado then continued east-northeast snapping and uprooting trees, with significant damage to at least one home off of Myrtle Lane, and minor roof and siding damage to approximately four additional homes just south of Bullhead Road. The tornado then dissipated near the intersection of Myrtle Lane and Wright Road. This tornado was part of a family of tornadoes that began more than 100 miles to the southwest, in Screven County, Georgia.","A severe quasi-linear convective system (QLCS) moved through southeast South Carolina during the early morning hours of April 13, 2020 ahead of an approaching cold front. The environment ahead of the QLCS was unusually unstable for this time of day and year, with gulf moisture spreading upper 60 F to near 70 F dewpoints into a warm sector across the Southeast United States and mid level lapse rates around 7 C/km helping produce mixed layer convective available potential energy (MLCAPE) as high as 2000 J/kg across Southeast South Carolina. Within the warm sector, very strong vertical shear associated with a 50 knot plus low and mid-level jet, effective bulk shear around 70 knots, effective storm relative helicity in the 400-600 m2/s2 range, and VAD wind profiles displaying large, curved low-level hodographs were supportive of well organized convection and potentially embedded supercell thunderstorms in a QLCS capable of producing a prolonged path of damaging winds and strong long-track tornadoes. As the QLCS swept through Southeast South Carolina, a few supercell thunderstorms became exceptionally strong while partially breaking away from the main line of thunderstorms, producing widespread wind damage and strong long-track tornadoes. ||A total of 13 confirmed tornadoes occurred across Southeast South Carolina, including a long track EF-4 tornado in Hampton County that took the lives of 5 people and injured 60 others along an approximately 24 mile path. The EF-4 tornado was the first to have occurred across Southeast South Carolina and the last to have occurred in the entire state of South Carolina since November 17, 1995, almost 25 years prior. This particular tornado was associated with a storm that produced a destructive path of straight-line wind damage and series of long track and intermittent tornadoes for over 150 miles, beginning in Screven County, Georgia, then continuing northeast across Hampton County, Colleton County, Dorchester County, and Berkeley County, South Carolina before leaving the area and eventually shifting offshore along the South Carolina coast. Two other storms were responsible for the remaining tornadoes across the area, most of which occurred from a single storm occurring across Edisto Island, Seabrook Island and Kiawah Island. Outside the EF-4 tornado in Hampton County, straight-line winds near a passing tornado claimed the life of one individual and injured one in Colleton County, while another tornado caused 6 injuries across Berkeley County.",196
888413,BERKELEY CO.,BETHERA,04/13/2020,651,Tornado, ,EF0,0,0,0,0,SC,EST-5, ,147485,C,15,CHS,0,0,NWS Storm Survey, ,0.93,200,1,SE,1,NE,BETHERA,04/13/2020,652,33.1941,-79.794,33.2067,-79.7884,"A National Weather Service Storm Survey Team confirmed an EF-0 tornado with an estimated maximum wind speed of 85 mph near Bethera, South Carolina. The weak tornado began just south of Lem Road, then moved north-northeast across Lem and Bethera roads, before dissipating just northwest of Bethera. The tornado snapped and uprooted multiple trees along the path, and at least one home had a limb blown onto the roof along Witherbee Road.","A severe quasi-linear convective system (QLCS) moved through southeast South Carolina during the early morning hours of April 13, 2020 ahead of an approaching cold front. The environment ahead of the QLCS was unusually unstable for this time of day and year, with gulf moisture spreading upper 60 F to near 70 F dewpoints into a warm sector across the Southeast United States and mid level lapse rates around 7 C/km helping produce mixed layer convective available potential energy (MLCAPE) as high as 2000 J/kg across Southeast South Carolina. Within the warm sector, very strong vertical shear associated with a 50 knot plus low and mid-level jet, effective bulk shear around 70 knots, effective storm relative helicity in the 400-600 m2/s2 range, and VAD wind profiles displaying large, curved low-level hodographs were supportive of well organized convection and potentially embedded supercell thunderstorms in a QLCS capable of producing a prolonged path of damaging winds and strong long-track tornadoes. As the QLCS swept through Southeast South Carolina, a few supercell thunderstorms became exceptionally strong while partially breaking away from the main line of thunderstorms, producing widespread wind damage and strong long-track tornadoes. ||A total of 13 confirmed tornadoes occurred across Southeast South Carolina, including a long track EF-4 tornado in Hampton County that took the lives of 5 people and injured 60 others along an approximately 24 mile path. The EF-4 tornado was the first to have occurred across Southeast South Carolina and the last to have occurred in the entire state of South Carolina since November 17, 1995, almost 25 years prior. This particular tornado was associated with a storm that produced a destructive path of straight-line wind damage and series of long track and intermittent tornadoes for over 150 miles, beginning in Screven County, Georgia, then continuing northeast across Hampton County, Colleton County, Dorchester County, and Berkeley County, South Carolina before leaving the area and eventually shifting offshore along the South Carolina coast. Two other storms were responsible for the remaining tornadoes across the area, most of which occurred from a single storm occurring across Edisto Island, Seabrook Island and Kiawah Island. Outside the EF-4 tornado in Hampton County, straight-line winds near a passing tornado claimed the life of one individual and injured one in Colleton County, while another tornado caused 6 injuries across Berkeley County.",197
888420,BERKELEY CO.,PALMERVILLE,04/13/2020,700,Tornado, ,EF1,0,0,0,0,SC,EST-5, ,147485,C,15,CHS,0,0,NWS Storm Survey, ,2.5,400,0,WNW,1,NNE,SIMMONSVILLE,04/13/2020,702,33.2532,-79.6559,33.2675,-79.6161,"A National Weather Service Storm Survey team confirmed an EF-1 tornado with an estimated maximum wind speed of 108 mph just southwest of Jamestown, South Carolina. The damage survey along with high resolution satellite data indicated the tornado began just south of French Santee Road near Redding Lane. The tornado tracked northeast across French Santee Road near Benjys Trail, dissipating about a mile northeast of the intersection of Guilliard Lake Road and Forest Road 269 in a heavily wooded area. Many trees were snapped and uprooted along the tornado path, with some minor roof damage to one home at the corner of French Santee Road and Benjys Trail.","A severe quasi-linear convective system (QLCS) moved through southeast South Carolina during the early morning hours of April 13, 2020 ahead of an approaching cold front. The environment ahead of the QLCS was unusually unstable for this time of day and year, with gulf moisture spreading upper 60 F to near 70 F dewpoints into a warm sector across the Southeast United States and mid level lapse rates around 7 C/km helping produce mixed layer convective available potential energy (MLCAPE) as high as 2000 J/kg across Southeast South Carolina. Within the warm sector, very strong vertical shear associated with a 50 knot plus low and mid-level jet, effective bulk shear around 70 knots, effective storm relative helicity in the 400-600 m2/s2 range, and VAD wind profiles displaying large, curved low-level hodographs were supportive of well organized convection and potentially embedded supercell thunderstorms in a QLCS capable of producing a prolonged path of damaging winds and strong long-track tornadoes. As the QLCS swept through Southeast South Carolina, a few supercell thunderstorms became exceptionally strong while partially breaking away from the main line of thunderstorms, producing widespread wind damage and strong long-track tornadoes. ||A total of 13 confirmed tornadoes occurred across Southeast South Carolina, including a long track EF-4 tornado in Hampton County that took the lives of 5 people and injured 60 others along an approximately 24 mile path. The EF-4 tornado was the first to have occurred across Southeast South Carolina and the last to have occurred in the entire state of South Carolina since November 17, 1995, almost 25 years prior. This particular tornado was associated with a storm that produced a destructive path of straight-line wind damage and series of long track and intermittent tornadoes for over 150 miles, beginning in Screven County, Georgia, then continuing northeast across Hampton County, Colleton County, Dorchester County, and Berkeley County, South Carolina before leaving the area and eventually shifting offshore along the South Carolina coast. Two other storms were responsible for the remaining tornadoes across the area, most of which occurred from a single storm occurring across Edisto Island, Seabrook Island and Kiawah Island. Outside the EF-4 tornado in Hampton County, straight-line winds near a passing tornado claimed the life of one individual and injured one in Colleton County, while another tornado caused 6 injuries across Berkeley County.",198
885536,GEORGETOWN CO.,NEW HOPE,04/13/2020,713,Tornado, ,EF1,0,0,100000,0,SC,EST-5, ,147281,C,43,ILM,0,0,NWS Employee, ,4.76,40,0,NNW,1,NE,SPRING GULLY,04/13/2020,719,33.3542,-79.4727,33.3924,-79.404,"The tornado formed near Sampit, SC just south of Saints-Delight Rd. It crossed |Powell Rd near Anna Dr. causing damage to power lines and trees. The tornado |moved across a swampy area just south of Sampit then crossed Hwy 17 alt/Hwy 521|causing damage to an auto repair shop, a small double-wide office and two rail |road gates. The tornado then moved across the Sollie Road area causing damage to |trees and a few mobile homes. It finally lifted after crossing a field between|Sollie Circle and Goings St.","A strong cold front produced a squall line and numerous tornadoes.",199
885537,GEORGETOWN CO.,NEW HOPE,04/13/2020,715,Tornado, ,EF1,0,0,75000,0,SC,EST-5, ,147281,C,43,ILM,0,0,NWS Storm Survey, ,11,50,1,E,1,N,ROSEMONT,04/13/2020,727,33.3471,-79.4494,33.4188,-79.2792,"A tornado formed southwest of Pennyroyal Rd just south of Rowan Dr. The tornado|crossed Pennyroyal Rd and caused significant tree damage on both sides. Power|lines were also downed at this location. The tornado moved across the swampy areas|near the Sampit River as if lifted toward the northeast. Eventually it moved|across Hwy 17 Alt/Hwy 521 near Keever St. with tree damage on both sides of the|highway. The tornado caused damage near Garrison Rd where numerous trees were|snapped and uprooted. A home suffered some damage at this location with a |destroyed carport and a couple damaged cars. A mobile home was damaged near Gapway Rd along with damaged power lines. It lifted toward the east-northeast and impacted a small section along Brick Chimney Rd before moving into Pawley Swamp. The tornado finally lifted near Brown's Ferry Road and Dana Lane where it downed large limbs and some trees.","A strong cold front produced a squall line and numerous tornadoes.",200
888410,COLLETON CO.,EDISTO BEACH,04/13/2020,715,Tornado, ,EF2,0,0,0,0,SC,EST-5, ,147485,C,29,CHS,0,0,NWS Storm Survey, ,1.16,140,1,WNW,1,NNE,EDISTO BEACH,04/13/2020,716,32.4852,-80.343,32.491,-80.3244,"A National Weather Service Storm Survey Team confirmed an EF-2 tornado with a estimated maximum wind speed of 125 mph on Edisto Island, South Carolina. The tornado likely started as a waterspout off the coast and then moved inland across the southern end of Edisto Beach, before continuing a northeast track across a golf course. The tornado ripped portions or large sections of roofs off six homes. The home most impacted by the tornado was on the beach along the 3300 block of Palmetto Boulevard where glass doors and windows were broken in and large sections of the roof were removed. The wall facing the road of the home was pushed towards the road. As the tornado continued northeast, numerous trees were snapped off and uprooted, power lines were knocked down, a boat and several vehicles were damaged, and a trailer was flipped over. Numerous homes had windows blown out or suffered minor siding or roof damage. The tornado then dissipated in the marsh just northeast of Lybrand Street.","A severe quasi-linear convective system (QLCS) moved through southeast South Carolina during the early morning hours of April 13, 2020 ahead of an approaching cold front. The environment ahead of the QLCS was unusually unstable for this time of day and year, with gulf moisture spreading upper 60 F to near 70 F dewpoints into a warm sector across the Southeast United States and mid level lapse rates around 7 C/km helping produce mixed layer convective available potential energy (MLCAPE) as high as 2000 J/kg across Southeast South Carolina. Within the warm sector, very strong vertical shear associated with a 50 knot plus low and mid-level jet, effective bulk shear around 70 knots, effective storm relative helicity in the 400-600 m2/s2 range, and VAD wind profiles displaying large, curved low-level hodographs were supportive of well organized convection and potentially embedded supercell thunderstorms in a QLCS capable of producing a prolonged path of damaging winds and strong long-track tornadoes. As the QLCS swept through Southeast South Carolina, a few supercell thunderstorms became exceptionally strong while partially breaking away from the main line of thunderstorms, producing widespread wind damage and strong long-track tornadoes. ||A total of 13 confirmed tornadoes occurred across Southeast South Carolina, including a long track EF-4 tornado in Hampton County that took the lives of 5 people and injured 60 others along an approximately 24 mile path. The EF-4 tornado was the first to have occurred across Southeast South Carolina and the last to have occurred in the entire state of South Carolina since November 17, 1995, almost 25 years prior. This particular tornado was associated with a storm that produced a destructive path of straight-line wind damage and series of long track and intermittent tornadoes for over 150 miles, beginning in Screven County, Georgia, then continuing northeast across Hampton County, Colleton County, Dorchester County, and Berkeley County, South Carolina before leaving the area and eventually shifting offshore along the South Carolina coast. Two other storms were responsible for the remaining tornadoes across the area, most of which occurred from a single storm occurring across Edisto Island, Seabrook Island and Kiawah Island. Outside the EF-4 tornado in Hampton County, straight-line winds near a passing tornado claimed the life of one individual and injured one in Colleton County, while another tornado caused 6 injuries across Berkeley County.",201
888408,CHARLESTON CO.,WADMALAW IS,04/13/2020,728,Tornado, ,EF1,0,0,0,0,SC,EST-5, ,147485,C,19,CHS,0,0,NWS Storm Survey, ,1.25,120,2,ESE,3,SE,ROCKVILLE,04/13/2020,729,32.5653,-80.1811,32.5745,-80.1627,"A National Weather Service Storm Survey Team confirmed an EF-1 tornado with an estimated maximum wind speed of 105 mph on the southwest side of Seabrook Island, South Carolina. The same storm that produced a tornado at Edisto Beach, produced a second tornado on Seabrook Island, which developed just west of the intersection of Seabrook Island Road and Camp Christopher Lane, then traveled northeast for about 1.25 miles snapping off or uprooting dozens of trees and breaking off numerous large branches. The most significant tree damage occurred on or near a golf course. Additionally, a garage was significantly damaged at a home when a large tree fell on it. Several other homes sustained minor damage due to trees falling near them or large branches falling on them. The tornado then dissipated just northeast of the intersection of Seabrook Island Road and The Lookout Road.","A severe quasi-linear convective system (QLCS) moved through southeast South Carolina during the early morning hours of April 13, 2020 ahead of an approaching cold front. The environment ahead of the QLCS was unusually unstable for this time of day and year, with gulf moisture spreading upper 60 F to near 70 F dewpoints into a warm sector across the Southeast United States and mid level lapse rates around 7 C/km helping produce mixed layer convective available potential energy (MLCAPE) as high as 2000 J/kg across Southeast South Carolina. Within the warm sector, very strong vertical shear associated with a 50 knot plus low and mid-level jet, effective bulk shear around 70 knots, effective storm relative helicity in the 400-600 m2/s2 range, and VAD wind profiles displaying large, curved low-level hodographs were supportive of well organized convection and potentially embedded supercell thunderstorms in a QLCS capable of producing a prolonged path of damaging winds and strong long-track tornadoes. As the QLCS swept through Southeast South Carolina, a few supercell thunderstorms became exceptionally strong while partially breaking away from the main line of thunderstorms, producing widespread wind damage and strong long-track tornadoes. ||A total of 13 confirmed tornadoes occurred across Southeast South Carolina, including a long track EF-4 tornado in Hampton County that took the lives of 5 people and injured 60 others along an approximately 24 mile path. The EF-4 tornado was the first to have occurred across Southeast South Carolina and the last to have occurred in the entire state of South Carolina since November 17, 1995, almost 25 years prior. This particular tornado was associated with a storm that produced a destructive path of straight-line wind damage and series of long track and intermittent tornadoes for over 150 miles, beginning in Screven County, Georgia, then continuing northeast across Hampton County, Colleton County, Dorchester County, and Berkeley County, South Carolina before leaving the area and eventually shifting offshore along the South Carolina coast. Two other storms were responsible for the remaining tornadoes across the area, most of which occurred from a single storm occurring across Edisto Island, Seabrook Island and Kiawah Island. Outside the EF-4 tornado in Hampton County, straight-line winds near a passing tornado claimed the life of one individual and injured one in Colleton County, while another tornado caused 6 injuries across Berkeley County.",202
888409,CHARLESTON CO.,ROCKVILLE,04/13/2020,733,Tornado, ,EF1,0,0,0,0,SC,EST-5, ,147485,C,19,CHS,0,0,NWS Storm Survey, ,0.3,60,5,E,5,E,ROCKVILLE,04/13/2020,734,32.5969,-80.1134,32.5981,-80.1085,"A National Weather Service Storm Survey Team confirmed an EF-1 tornado with a estimated maximum wind speed of 105 mph on the southwest side of Kiawah Island. The same storm that produced a tornado at Edisto Beach and Seabrook Island produced a third tornado on Kiawah Island. The tornado developed near the 12th hole of a golf course just east of the intersection between Surfwatch Drive and Palm Warbler Road, traveled east-northeast down the fairway and into a residential neighborhood before dissipating just east of Green Winged Teal Road. Evidence of the tornado was clearly seen on both sides of the fairway, where several large trees were snapped or had damage to large branches.","A severe quasi-linear convective system (QLCS) moved through southeast South Carolina during the early morning hours of April 13, 2020 ahead of an approaching cold front. The environment ahead of the QLCS was unusually unstable for this time of day and year, with gulf moisture spreading upper 60 F to near 70 F dewpoints into a warm sector across the Southeast United States and mid level lapse rates around 7 C/km helping produce mixed layer convective available potential energy (MLCAPE) as high as 2000 J/kg across Southeast South Carolina. Within the warm sector, very strong vertical shear associated with a 50 knot plus low and mid-level jet, effective bulk shear around 70 knots, effective storm relative helicity in the 400-600 m2/s2 range, and VAD wind profiles displaying large, curved low-level hodographs were supportive of well organized convection and potentially embedded supercell thunderstorms in a QLCS capable of producing a prolonged path of damaging winds and strong long-track tornadoes. As the QLCS swept through Southeast South Carolina, a few supercell thunderstorms became exceptionally strong while partially breaking away from the main line of thunderstorms, producing widespread wind damage and strong long-track tornadoes. ||A total of 13 confirmed tornadoes occurred across Southeast South Carolina, including a long track EF-4 tornado in Hampton County that took the lives of 5 people and injured 60 others along an approximately 24 mile path. The EF-4 tornado was the first to have occurred across Southeast South Carolina and the last to have occurred in the entire state of South Carolina since November 17, 1995, almost 25 years prior. This particular tornado was associated with a storm that produced a destructive path of straight-line wind damage and series of long track and intermittent tornadoes for over 150 miles, beginning in Screven County, Georgia, then continuing northeast across Hampton County, Colleton County, Dorchester County, and Berkeley County, South Carolina before leaving the area and eventually shifting offshore along the South Carolina coast. Two other storms were responsible for the remaining tornadoes across the area, most of which occurred from a single storm occurring across Edisto Island, Seabrook Island and Kiawah Island. Outside the EF-4 tornado in Hampton County, straight-line winds near a passing tornado claimed the life of one individual and injured one in Colleton County, while another tornado caused 6 injuries across Berkeley County.",203
885538,GEORGETOWN CO.,ANNIEVILLE,04/13/2020,736,Tornado, ,EF2,0,0,20000,0,SC,EST-5, ,147281,C,43,ILM,0,0,NWS Storm Survey, ,4.56,50,1,NE,2,SE,MURRELLS INLET,04/13/2020,747,33.4908,-79.0906,33.5247,-79.0227,"This tornado primarily remained EF-0/EF-1 as it moved across portions of|North Litchfield Beach near Boyle Dr. and Cayman Loop where several very |large limbs were down. The tornado picked up some strength as it moved|near Lakeshore Dr. (likely just west of the road) before crossing near |Trace Dr near the intersection of Cockle Shell Ct. There were numerous|large trees uprooted in the woods on the north side of Trace Dr. The|tornado then lifted northeast into Huntington State Park causing minor|damage to some trees near the parking area and some shingle damage to |the castle building. The tornado likely moved along the beach of the|state park before moving offshore and passing very near the Murrells Inlet|WeatherFlow meteorological station where it recorded a wind gust to 114 mph|(EF-2 waterspout).","A strong cold front produced a squall line and numerous tornadoes.",204
887820,GREENVILLE CO.,PARK PLACE,04/25/2020,2010,Tornado, ,EF2,0,0,5000000,0,SC,EST-5, ,147578,C,45,GSP,0,0,NWS Storm Survey, ,5.47,400,1,SE,2,E,CHEROKEE FOREST,04/25/2020,2018,34.892,-82.392,34.878,-82.297,"NWS storm survey found the path of an EF2 tornado across the north side of Greenville, beginning just east of Cherrydale Point and moving east/southeast across Pleasantburg Dr, Rutherford Rd, and Wade Hampton Blvd, then crossing through a residential area between Wade Hampton Blvd and E North St before lifting. Roofs were blown off a hotel and restaurant on Rutherford Rd and several other businesses received minor to moderate roof damage along Wade Hampton Blvd. Otherwise numerous hardwoods were snapped and some partially debarked. Several homes and multiple vehicles were damaged by falling trees.","Multiple supercell thunderstorms trained along a warm front across northern portions of upstate South Carolina during the evening hours. Widespread large hail was reported across the area, and one significant tornado developed on the outskirts of the city of Greenville.",205
887660,ANDERSON CO.,SANDY SPGS,04/29/2020,1718,Tornado, ,EF0,0,0,0,0,SC,EST-5, ,147563,C,7,GSP,0,0,NWS Storm Survey, ,0.58,30,3,SW,3,SW,SANDY SPGS,04/29/2020,1719,34.564,-82.792,34.568,-82.783,"NWS storm survey found that a brief, weak tornado touched down just north of I-85 in northwest Anderson County.  Several trees were uprooted and pushed over on Hix Road near the intersection with Centerville Road. The tornado crossed a cove of Lake Hartwell, with a few limbs down along Sandy Springs Road. The tornado uprooted another small tree along Beaver Trail before lifting.","Areas of rain with embedded low-topped thunderstorms developed across upstate South Carolina during the afternoon and evening. One of these storms produced brief severe weather, including a weak tornado across Anderson County.",206
895059,CHESTER CO.,MC KEOWN,05/05/2020,1732,Tornado, ,EF1,0,0,25000,0,SC,EST-5, ,148315,C,23,GSP,0,0,NWS Storm Survey, ,4.57,100,2,NNW,4,E,MC KEOWN,05/05/2020,1739,34.644,-81.19,34.62,-81.115,"NWS storm survey found the path of an EF1 tornado that touched down just off Highway 321 near Gregory Rd. The tornado initially moved east/southeast crossing Old Columbia Rd and Ross Rd but turned in a more southeasterly direction between Ross Rd and Boyd Rd. Numerous trees were snapped or uprooted and large limbs snapped in this area. Structural damage was confined to some siding stripped off a home on Old Columbia Rd. The tornado continued to cause primarily tree damage as it moved across Boyd Rd and Aiken Chapel Rd although a mobile home was moved off its foundation and received moderate roof damage on Aiken Chapel Rd. The tornado continued southeast before lifting in the area around Discovery Rd. However another tornado later developed about 5 miles southeast of this location.","For the second day in a row, thunderstorms, including severe severe storms developed across the mountains and in the vicinity of a stationary front and moved southeast across portions of upstate South Carolina from late afternoon into the evening. In addition to large hail and locally damaging winds, a couple of tornadoes developed across Chester County.",207
895061,CHESTER CO.,BECKHAMVILLE,05/05/2020,1746,Tornado, ,EF1,0,0,100000,0,SC,EST-5, ,148315,C,23,GSP,0,0,NWS Storm Survey, ,9.02,200,6,W,2,ESE,GREAT FALLS,05/05/2020,1759,34.592,-81.026,34.558,-80.873,"NWS storm survey found a second tornado developed across southeast Chester County, beginning along Old Catholic Church Rd, a little over a mile south of Highway 97, or just west of I-77. The tornado initially moved east, crossing Interstate 77, and downing trees and snapping large limbs across Mountain Gap Road, Ross Dye Road and Georgetown Road, before turning southeast. The tornado crossed Highway 21 into the town of Great Falls and produced additional tree damage along Walnut Street, Hampton Street, Duke Street, and Republic Street. A house on Republic St received significant damage from a fallen tree. The tornado moved over the Catawba River southeast of Great Falls, crossing Big Island and Pickett Island before moving into southwest Lancaster County, where the tornado strengthened.","For the second day in a row, thunderstorms, including severe severe storms developed across the mountains and in the vicinity of a stationary front and moved southeast across portions of upstate South Carolina from late afternoon into the evening. In addition to large hail and locally damaging winds, a couple of tornadoes developed across Chester County.",208
887879,LANCASTER CO.,CAUTHENS XRDS,05/05/2020,1758,Tornado, ,EF2,0,0,0,0,SC,EST-5, ,147585,C,57,CAE,0,0,NWS Storm Survey, ,4.96,200,7,SW,7,SSW,CAUTHENS XRDS,05/05/2020,1807,34.558,-80.873,34.5246,-80.7958,"A tornado touched down west of Great Falls in Chester Co SC (see Storm Data for South Carolina, Northwest, for more information on the tornado in Chester Co).  The tornado moved to the SE and crossed into Lancaster Co SC at the Catawba River near Pickett Island.  The tornado strengthened as it crossed the Catawba River and entered SW Lancaster County. The tornado moved to the SE, producing significant tree damage, with numerous large hardwood and softwood trees uprooted or snapped. The most significant damage occurred between Green Rd and Cedar Creek Rd near Mount Carmel Rd where estimated winds were up to 115 mph. A tree also fell on a vehicle on Cedar Creek Rd. The tornado then crossed Cunningham Quarters Rd, before dissipating near Mable Anthony Rd. ||This supercell thunderstorm also produced large hail in Chester Co SC (see Storm Data for South Carolina, Northwest) and in Lancaster Co and N Kershaw Co (See Storm Data for South Carolina, Central for additional hail information).","Upper energy and a surface wave of low pressure moved east and interacted with a nearly stationary surface front, which combined with strong atmospheric instability and shear, led to a band of supercells that tracked east across the northern Midlands of SC producing large hail and a tornado.",209
895373,CHARLESTON CO.,MORRIS ACRES,05/20/2020,1047,Tornado, ,EF1,0,0,0,0,SC,EST-5, ,148615,C,19,CHS,0,0,NWS Storm Survey, ,0.77,300,3,SSW,2,S,MORRIS ACRES,05/20/2020,1050,32.7159,-80.1166,32.7177,-80.1036,"A National Weather Service storm survey team determined that an EF1 tornado occurred on Johns Island in Charleston County. The tornado began just south of Chisolm Road and west of Chaineybriar Lane. It continued eastward across the southern portion of Shadberry Lane, and dissipated over Church Creek just southeast of Overlook Road. Along the path of the tornado, most of the damage was due to numerous snapped and uprooted trees. A few homes did sustain mainly minor roof damage due to falling trees and large tree limbs.","Under the influence of a large and anomalous upper low a large cluster of thunderstorms developed in the morning hours and impacted portions of southeast South Carolina. One storm developed near a stationary surface front and produced a short-lived tornado, damaging straight-line wind gusts, and large hail.",210
896673,CHEROKEE CO.,BLACKSBURG,05/22/2020,1428,Tornado, ,EF1,0,0,0,0,SC,EST-5, ,148749,C,21,GSP,0,0,NWS Storm Survey, ,6.25,200,1,SSW,5,NNE,KINGS CREEK,05/22/2020,1435,35.103,-81.505,35.136,-81.402,"NWS storm survey found the path of an EF1 tornado that began near the intersection of Tucker Rd and Zayes Rd, crossing S Rutherford, St Oak Grove Rd, and Highway 5 before crossing into Kings Mountain National Military Park. Numerous trees and large limbs were snapped and uprooted along the entire path but structural damage was minimal in this largely rural area.","A line of thunderstorms moved into upstate South Carolina from northeast Georgia during the early afternoon and quickly intensified. Multiple reports of locally damaging wind gusts were received, and a weak tornado moved across Kings Mountain State Park and vicinity.",211
896672,YORK CO.,KINGS CREEK,05/22/2020,1436,Tornado, ,EF1,0,0,0,0,SC,EST-5, ,148749,C,91,GSP,0,0,NWS Storm Survey, ,6.49,200,5,NNE,3,NNE,BETHANY,05/22/2020,1443,35.136,-81.401,35.157,-81.289,"NWS storm survey found that an EF1 tornado that began just southeast of Blacksburg in Cherokee County crossed into York County in Kings Mountain National Military Park crossing Piedmont Rd and Park Rd before moving out of the park in the area around Highway 161 N and Whitworth Rd. The tornado weakened around this point, but additional damage was found around Henry Knob Rd and Grandview Rd N where the tornado appeared to lift. Numerous trees were snapped and uprooted along the path in York County but structural damage was minimal in this largely rural area.","A line of thunderstorms moved into upstate South Carolina from northeast Georgia during the early afternoon and quickly intensified. Multiple reports of locally damaging wind gusts were received, and a weak tornado moved across Kings Mountain State Park and vicinity.",212
905108,LAURENS CO.,OWINGS,06/10/2020,1929,Tornado, ,EF0,0,0,10000,0,SC,EST-5, ,150116,C,59,GSP,0,0,NWS Storm Survey, ,0.41,30,4,WSW,4,WSW,OWINGS,06/10/2020,1930,34.602,-82.189,34.608,-82.189,"NWS storm survey found the path of a brief weak tornado just southwest of Perrin Circle in Laurens County. Residents described a wispy funnel that first touched down in a field damaged a carport and uprooted several trees as it moved into a wooded area. The weak tornado intermittently touched down and lifted along its half mile track downing a few more trees and  snapping large branches before lifting just short of Cooley Road. Some minor damage occurred to an old barn as well as minor structural damage to a couple of houses.","Scattered to numerous showers and thunderstorms developed along a cold front across upstate South Carolina during the afternoon and evening. A brief, weak tornado developed in association with one of these storms over Laurens County.",213
916391,GEORGETOWN CO.,SUNNY SIDE,08/03/2020,1920,Tornado, ,EF0,0,1,100000,0,SC,EST-5, ,152172,C,43,ILM,0,0,NWS Storm Survey, ,0.2,30,1,E,1,E,SUNNY SIDE,08/03/2020,1921,33.568,-79.0046,33.5686,-79.008,"Waterspout moved onshore near 813 South Waccamaw Dr in Garden|City. It caused damage to a few homes as it quickly moved across|the island. It dissipated over the adjacent marshes west of the|island. An injury occurred at one of the homes along the beach |front.","Hurricane Isaias came off the African coast as a tropical wave on July 23, 2020. It became Tropical Storm Isaias on July 30th, further strengthening to a hurricane on the 31st. After crossing the Bahamas, it weakened to a tropical storm. Isaias strengthened again to a hurricane as it approached the coast of North Carolina. Hurricane Isaias made landfall at Ocean Isle Beach as a strong Category 1 around 11 pm on August 3rd, with an 87 mph recorded gust. It pushed inland to Goldsboro NC, where it weakened and accelerated northward.||Rainfall was heaviest along the coast of Georgetown County, topping out at nearly seven inches. Most areas along the coast of South Carolina received around three to four inches on average, with lesser amounts inland.",214
914147,SUMTER CO.,PINEWOOD,09/17/2020,658,Tornado, ,EFU,0,0,0,0,SC,EST-5, ,151728,C,85,CAE,0,0,State Official, ,2.15,150,8,W,9,W,PINEWOOD,09/17/2020,704,33.7171,-80.601,33.741,-80.625,"The South Carolina Forestry Commission completed an aerial survey over an area|inaccessible by land. Radar indicated that the tornado likely touched down along the|upper reaches of Lake Marion in far southwest Sumter County, where a debris|signature was first noted on radar. The tornado moved to the NNW to near the|confluence of the Wateree and Congaree Rivers. The tornado continued moving to the|NW along the Congaree River and vicinity where it crossed back and forth between|Calhoun Co and Richland Co before eventually ending in Richland Co within the boundary of Congaree National Park.  This tornado has been assigned an unknown rating as the degree of damage could not be determined from the aerial survey. Radar data was used to help determine the timing and location of the damage.","Hurricane Sally made landfall near Gulf Shores, AL, as a category 2 hurricane, in the early morning of Wednesday, September 16, 2020, and then weakened and turned to the NE, tracking across the Central Savannah River Area of Georgia, and across Central SC, as a post-tropical area of low pressure, on Thursday, September 17.  Moisture, instability and low level wind shear, associated with the low, provided tornadoes, heavy rain, and flooding.  48-hour rainfall totals of 2 to 6 inches fell across a large portion of the Midlands of SC, with higher rainfall amounts of 6 to almost 9 inches observed across portions of the southern and eastern Midlands from lower Orangeburg Co NE across S Calhoun Co, Sumter Co, Clarendon Co and S Lee Co SC.  A total of 9 confirmed tornadoes occurred in Central SC during the morning and early afternoon of Sept. 17.",215
914153,SUMTER CO.,PINEWOOD,09/17/2020,659,Tornado, ,EFU,0,0,0,0,SC,EST-5, ,151728,C,85,CAE,0,0,NWS Storm Survey, ,2.5,100,6,W,7,WNW,PINEWOOD,09/17/2020,704,33.7242,-80.5725,33.7586,-80.586,"The South Carolina Forestry Commission completed an aerial survey over an area inaccessible by land. The aerial survey found tree damage in a path extending a little over 2 miles in the upper reaches of Lake Marion, generally east of where the Congaree and Wateree Rivers meet and west of Fullers Earth Creek in far southwest Sumter County. This tornado has been assigned an unknown rating as the degree of damage could not be determined from the aerial survey. Radar data was used to help determine the timing and location of the damage.","Hurricane Sally made landfall near Gulf Shores, AL, as a category 2 hurricane, in the early morning of Wednesday, September 16, 2020, and then weakened and turned to the NE, tracking across the Central Savannah River Area of Georgia, and across Central SC, as a post-tropical area of low pressure, on Thursday, September 17.  Moisture, instability and low level wind shear, associated with the low, provided tornadoes, heavy rain, and flooding.  48-hour rainfall totals of 2 to 6 inches fell across a large portion of the Midlands of SC, with higher rainfall amounts of 6 to almost 9 inches observed across portions of the southern and eastern Midlands from lower Orangeburg Co NE across S Calhoun Co, Sumter Co, Clarendon Co and S Lee Co SC.  A total of 9 confirmed tornadoes occurred in Central SC during the morning and early afternoon of Sept. 17.",216
935948,CALHOUN CO.,FT MOTTE,09/17/2020,704,Tornado, ,EFU,0,0,0,0,SC,EST-5, ,151728,C,17,CAE,0,0,State Official, ,3,150,4,E,3,NE,FT MOTTE,09/17/2020,711,33.741,-80.625,33.769,-80.665,"The South Carolina Forestry Commission completed an aerial survey over an area|inaccessible by land. Radar indicated that the tornado likely touched down along the|upper reaches of Lake Marion in far southwest Sumter County, where a debris|signature was first noted on radar. The tornado moved to the NNW to near the|confluence of the Wateree and Congaree Rivers. The tornado continued moving to the|NW along the Congaree River and vicinity where it crossed back and forth between|Calhoun Co and Richland Co before eventually ending in Richland Co within the boundary of Congaree National Park.  This tornado has been assigned an unknown rating as the degree of damage could not be determined from the aerial survey. Radar data was used to help determine the timing and location of the damage.","Hurricane Sally made landfall near Gulf Shores, AL, as a category 2 hurricane, in the early morning of Wednesday, September 16, 2020, and then weakened and turned to the NE, tracking across the Central Savannah River Area of Georgia, and across Central SC, as a post-tropical area of low pressure, on Thursday, September 17.  Moisture, instability and low level wind shear, associated with the low, provided tornadoes, heavy rain, and flooding.  48-hour rainfall totals of 2 to 6 inches fell across a large portion of the Midlands of SC, with higher rainfall amounts of 6 to almost 9 inches observed across portions of the southern and eastern Midlands from lower Orangeburg Co NE across S Calhoun Co, Sumter Co, Clarendon Co and S Lee Co SC.  A total of 9 confirmed tornadoes occurred in Central SC during the morning and early afternoon of Sept. 17.",217
935952,RICHLAND CO.,KINGVILLE,09/17/2020,711,Tornado, ,EFU,0,0,0,0,SC,EST-5, ,151728,C,79,CAE,0,0,State Official, ,1.75,150,3,SE,1,SE,KINGVILLE,09/17/2020,717,33.769,-80.665,33.7868,-80.6868,"The South Carolina Forestry Commission completed an aerial survey over an area|inaccessible by land. Radar indicated that the tornado likely touched down along the|upper reaches of Lake Marion in far southwest Sumter County, where a debris|signature was first noted on radar. The tornado moved to the NNW to near the|confluence of the Wateree and Congaree Rivers. The tornado continued moving to the|NW along the Congaree River and vicinity where it crossed back and forth between|Calhoun Co and Richland Co before eventually ending in Richland Co within the boundary of Congaree National Park.  This tornado has been assigned an unknown rating as the degree of damage could not be determined from the aerial survey. Radar data was used to help determine the timing and location of the damage.","Hurricane Sally made landfall near Gulf Shores, AL, as a category 2 hurricane, in the early morning of Wednesday, September 16, 2020, and then weakened and turned to the NE, tracking across the Central Savannah River Area of Georgia, and across Central SC, as a post-tropical area of low pressure, on Thursday, September 17.  Moisture, instability and low level wind shear, associated with the low, provided tornadoes, heavy rain, and flooding.  48-hour rainfall totals of 2 to 6 inches fell across a large portion of the Midlands of SC, with higher rainfall amounts of 6 to almost 9 inches observed across portions of the southern and eastern Midlands from lower Orangeburg Co NE across S Calhoun Co, Sumter Co, Clarendon Co and S Lee Co SC.  A total of 9 confirmed tornadoes occurred in Central SC during the morning and early afternoon of Sept. 17.",218
921489,DORCHESTER CO.,REEVESVILLE,09/17/2020,813,Tornado, ,EF1,0,0,0,0,SC,EST-5, ,152979,C,35,CHS,0,0,NWS Storm Survey, ,0.6,150,2,N,2,N,REEVESVILLE,09/17/2020,814,33.2219,-80.6329,33.23,-80.6291,"A National Weather Service storm survey team determined that EF-1 tornado impacted an area near Reevesville in Dorchester County. The tornado began near a tree line east of St. Mark Bowman Road. The tornado tracked north across a tree farm on Cockadoo Farm Road. Damage on the farm consisted of dozens of snapped or uprooted trees and overturned hundreds of potted trees and shrubs. Minor damage was observed to siding and shingles on a few homes between Cockadoo Farm Road and Neighborhood Drive. The tornado track ended in a wooded area north of Neighborhood Drive.","Tropical Cyclone Sally made landfall along the northeast Gulf Coast and began to track inland into the Southeast region in the early morning hours. Scattered to numerous embedded thunderstorms developed and moved through portions of southeast South Carolina, with some producing damaging wind gusts and even a brief tornado.",219
914176,ORANGEBURG CO.,WELLS,09/17/2020,849,Tornado, ,EF0,0,0,0,0,SC,EST-5, ,151728,C,75,CAE,0,0,NWS Storm Survey, ,0.23,100,1,NNW,1,N,WELLS,09/17/2020,850,33.3859,-80.4847,33.3886,-80.4825,"A National Weather Service Survey Team confirmed a weak tornado briefly touched down in eastern Orangeburg County near I-95. The tornado broke large limbs off of trees on Highway 15 near Crossroads Onyx Way and Po Chance Drive.","Hurricane Sally made landfall near Gulf Shores, AL, as a category 2 hurricane, in the early morning of Wednesday, September 16, 2020, and then weakened and turned to the NE, tracking across the Central Savannah River Area of Georgia, and across Central SC, as a post-tropical area of low pressure, on Thursday, September 17.  Moisture, instability and low level wind shear, associated with the low, provided tornadoes, heavy rain, and flooding.  48-hour rainfall totals of 2 to 6 inches fell across a large portion of the Midlands of SC, with higher rainfall amounts of 6 to almost 9 inches observed across portions of the southern and eastern Midlands from lower Orangeburg Co NE across S Calhoun Co, Sumter Co, Clarendon Co and S Lee Co SC.  A total of 9 confirmed tornadoes occurred in Central SC during the morning and early afternoon of Sept. 17.",220
914170,CLARENDON CO.,ST PAUL,09/17/2020,917,Tornado, ,EF0,0,0,0,0,SC,EST-5, ,151728,C,27,CAE,0,0,NWS Storm Survey, ,0.93,100,4,SSW,3,SW,ST PAUL,09/17/2020,919,33.5259,-80.4363,33.5392,-80.4341,"A National Weather Service storm survey team confirmed an EF-0 tornado, with peak wind speeds of 85 mph, northeast of Santee in Clarendon County, SC. The tornado began along the edge of Lake Marion, just west of I-95, near the Adams Landing community. The tornado uprooted several large hardwood trees and snapped large|branches off of other hardwood trees along Scott Lake Road. The tornado then continued northeast across a portion of Lake Marion, then snapped large branches off of several pine trees along Fort Watson Road in the Santee National Wildlife Refuge, before dissipating.","Hurricane Sally made landfall near Gulf Shores, AL, as a category 2 hurricane, in the early morning of Wednesday, September 16, 2020, and then weakened and turned to the NE, tracking across the Central Savannah River Area of Georgia, and across Central SC, as a post-tropical area of low pressure, on Thursday, September 17.  Moisture, instability and low level wind shear, associated with the low, provided tornadoes, heavy rain, and flooding.  48-hour rainfall totals of 2 to 6 inches fell across a large portion of the Midlands of SC, with higher rainfall amounts of 6 to almost 9 inches observed across portions of the southern and eastern Midlands from lower Orangeburg Co NE across S Calhoun Co, Sumter Co, Clarendon Co and S Lee Co SC.  A total of 9 confirmed tornadoes occurred in Central SC during the morning and early afternoon of Sept. 17.",221
914168,CLARENDON CO.,PAXVILLE,09/17/2020,1014,Tornado, ,EF0,0,0,0,0,SC,EST-5, ,151728,C,27,CAE,0,0,NWS Storm Survey, ,0.6,25,3,E,3,E,PAXVILLE,09/17/2020,1015,33.7297,-80.2981,33.7378,-80.2945,"A National Weather Service storm survey team confirmed an EF-0 tornado, with peak wind speeds of 60 mph, northwest of Manning in Clarendon County, SC. The weak tornado split the truck of a hardwood tree and snapped large branches on several other trees along Bradham Rd just south of W R Simpson Rd.","Hurricane Sally made landfall near Gulf Shores, AL, as a category 2 hurricane, in the early morning of Wednesday, September 16, 2020, and then weakened and turned to the NE, tracking across the Central Savannah River Area of Georgia, and across Central SC, as a post-tropical area of low pressure, on Thursday, September 17.  Moisture, instability and low level wind shear, associated with the low, provided tornadoes, heavy rain, and flooding.  48-hour rainfall totals of 2 to 6 inches fell across a large portion of the Midlands of SC, with higher rainfall amounts of 6 to almost 9 inches observed across portions of the southern and eastern Midlands from lower Orangeburg Co NE across S Calhoun Co, Sumter Co, Clarendon Co and S Lee Co SC.  A total of 9 confirmed tornadoes occurred in Central SC during the morning and early afternoon of Sept. 17.",222
914167,SUMTER CO.,BRITTON,09/17/2020,1043,Tornado, ,EF0,0,0,0,0,SC,EST-5, ,151728,C,85,CAE,0,0,NWS Storm Survey, ,5.88,50,2,NE,3,WSW,MAYESVILLE,09/17/2020,1100,33.8747,-80.2788,33.9583,-80.2592,"A National Weather Service storm survey team confirmed an EF-0 tornado, with peak winds of 80 mph, east of Sumter in Sumter County, SC. The tornado began near Mims Rd and London Rd, moved northeast parallel to Camp Branch Rd, and turned northward as it crossed Highway 378 near Plowden Mill Rd. The tornado then turned sharply northwest as it crossed E Brewington Rd and the Rocky Bluff Swamp, then dissipated near Florence Highway south of Goza Rd. The weak tornado snapped the trunks of several pine trees, uprooted another pine tree, and snapped several tree limbs along its path.","Hurricane Sally made landfall near Gulf Shores, AL, as a category 2 hurricane, in the early morning of Wednesday, September 16, 2020, and then weakened and turned to the NE, tracking across the Central Savannah River Area of Georgia, and across Central SC, as a post-tropical area of low pressure, on Thursday, September 17.  Moisture, instability and low level wind shear, associated with the low, provided tornadoes, heavy rain, and flooding.  48-hour rainfall totals of 2 to 6 inches fell across a large portion of the Midlands of SC, with higher rainfall amounts of 6 to almost 9 inches observed across portions of the southern and eastern Midlands from lower Orangeburg Co NE across S Calhoun Co, Sumter Co, Clarendon Co and S Lee Co SC.  A total of 9 confirmed tornadoes occurred in Central SC during the morning and early afternoon of Sept. 17.",223
914166,CALHOUN CO.,LONE STAR,09/17/2020,1106,Tornado, ,EF0,0,0,0,0,SC,EST-5, ,151728,C,17,CAE,0,0,NWS Storm Survey, ,1.01,25,2,NNE,3,NNE,LONE STAR,09/17/2020,1108,33.6498,-80.5875,33.6639,-80.5828,"A National Weather Service damage survey team confirmed a brief EF-0 tornado, with peak wind speeds of 75 mph, in Lone Star, near the Calhoun-Sumter County Line. The tornado broke large branches off of trees on Low Falls Road and continued north for|about 1 mile. A large tree was uprooted on Shirer Lane, then the tornado lifted shortly after.","Hurricane Sally made landfall near Gulf Shores, AL, as a category 2 hurricane, in the early morning of Wednesday, September 16, 2020, and then weakened and turned to the NE, tracking across the Central Savannah River Area of Georgia, and across Central SC, as a post-tropical area of low pressure, on Thursday, September 17.  Moisture, instability and low level wind shear, associated with the low, provided tornadoes, heavy rain, and flooding.  48-hour rainfall totals of 2 to 6 inches fell across a large portion of the Midlands of SC, with higher rainfall amounts of 6 to almost 9 inches observed across portions of the southern and eastern Midlands from lower Orangeburg Co NE across S Calhoun Co, Sumter Co, Clarendon Co and S Lee Co SC.  A total of 9 confirmed tornadoes occurred in Central SC during the morning and early afternoon of Sept. 17.",224
914161,CALHOUN CO.,SINGLETON,09/17/2020,1145,Tornado, ,EF0,0,0,0,0,SC,EST-5, ,151728,C,17,CAE,0,0,NWS Storm Survey, ,0.32,25,2,SSE,2,SSE,SINGLETON,09/17/2020,1146,33.6548,-80.7178,33.658,-80.7138,"A National Weather Service storm survey team confirmed an EF-0 tornado, with peak wind speeds of 75 mph, east of St. George in Calhoun County, SC. The weak tornado uprooted several hardwood trees and snapped large tree limbs in the vicinity of Longstreet Rd and Darby Rd.","Hurricane Sally made landfall near Gulf Shores, AL, as a category 2 hurricane, in the early morning of Wednesday, September 16, 2020, and then weakened and turned to the NE, tracking across the Central Savannah River Area of Georgia, and across Central SC, as a post-tropical area of low pressure, on Thursday, September 17.  Moisture, instability and low level wind shear, associated with the low, provided tornadoes, heavy rain, and flooding.  48-hour rainfall totals of 2 to 6 inches fell across a large portion of the Midlands of SC, with higher rainfall amounts of 6 to almost 9 inches observed across portions of the southern and eastern Midlands from lower Orangeburg Co NE across S Calhoun Co, Sumter Co, Clarendon Co and S Lee Co SC.  A total of 9 confirmed tornadoes occurred in Central SC during the morning and early afternoon of Sept. 17.",225
914158,SUMTER CO.,PINEWOOD,09/17/2020,1219,Tornado, ,EF0,0,0,0,0,SC,EST-5, ,151728,C,85,CAE,0,0,NWS Storm Survey, ,6.26,25,2,NW,2,W,PRIVATEER,09/17/2020,1228,33.7507,-80.5047,33.8248,-80.4419,"A National Weather Service storm survey team confirmed an EF-0 tornado, with peak wind speeds of 60 mph, north of Pinewood in Sumter County, SC. The tornado began near Highway 261 south of Camp Mac Boykin Rd, moved northeast across Passageway Rd, then dissipated northeast of the intersection of Pinewood Rd and Cox Rd. The weak tornado snapped the trunks of a small pine and hardwood tree.","Hurricane Sally made landfall near Gulf Shores, AL, as a category 2 hurricane, in the early morning of Wednesday, September 16, 2020, and then weakened and turned to the NE, tracking across the Central Savannah River Area of Georgia, and across Central SC, as a post-tropical area of low pressure, on Thursday, September 17.  Moisture, instability and low level wind shear, associated with the low, provided tornadoes, heavy rain, and flooding.  48-hour rainfall totals of 2 to 6 inches fell across a large portion of the Midlands of SC, with higher rainfall amounts of 6 to almost 9 inches observed across portions of the southern and eastern Midlands from lower Orangeburg Co NE across S Calhoun Co, Sumter Co, Clarendon Co and S Lee Co SC.  A total of 9 confirmed tornadoes occurred in Central SC during the morning and early afternoon of Sept. 17.",226
922293,FLORENCE CO.,SARDIS,09/17/2020,1345,Tornado, ,EF0,0,0,50000,0,SC,EST-5, ,153169,C,41,ILM,0,0,NWS Storm Survey, ,4.99,25,1,N,1,SSE,TIMMONSVILLE ARPT,09/17/2020,1349,34.0469,-79.9326,34.1169,-79.9108,"The tornado was first observed by the public touching down in a|field north of Sardis Hwy, but east of Dogwood Road. The tornado|emerged from the Sparrow Swamp and caused some damage to a single|wide and double wide along Twin Bridge Rd. The tornado crossed S.|Hill Rd then across open fields until it reached E. Twin Church|Rd where it caused some tree damage. The tornado then paralleled|Young Rd before crossing I-95 near Honda Way. The tornado|dissipated north of Honday Way near the Lake Swamp. One|individual was injuried at Twin Bridge Rd within 15 minutes of|the tornado as he was clearing debris from a mobile home.","The remnants of Tropical Storm Sally spawn numerous tornadoes.",227
922294,FLORENCE CO.,WILLOW CREEK SIDING,09/17/2020,1421,Tornado, ,EF0,0,0,1000,0,SC,EST-5, ,153169,C,41,ILM,0,0,NWS Storm Survey, ,2.24,20,2,NE,2,ESE,CLAUSSEN,09/17/2020,1424,34.0977,-79.6267,34.1199,-79.5982,"The tornado touched down in the wooded area just south of Diamond|Head Loop in southeast Florence County, and traveled NNE while|creating scattered tree damage. The tornado then flipped a metal|carport adjacent to Old River Rd before lifting.","The remnants of Tropical Storm Sally spawn numerous tornadoes.",228
922395,HORRY CO.,OCEAN FOREST,09/25/2020,1424,Tornado, ,EF0,0,0,3000,0,SC,EST-5, ,153183,C,51,ILM,0,0,NWS Storm Survey, ,0.19,25,1,NE,1,NE,OCEAN FOREST,09/25/2020,1425,33.7401,-78.8171,33.7423,-78.8151,"A waterspout moved onshore along the beach near 72nd Ave N. The|tornado then moved parallel to the beach and dunes causing damage to |beach umbrellas, chairs, and small storage bins. The tornado then |dissipated along the dunes near 75th Ave N.","A waterspout came ashore near 72nd Ave.",229
926199,DILLON CO.,OAK GROVE,10/11/2020,1420,Tornado, ,EF1,0,0,30000,0,SC,EST-5, ,153820,C,33,ILM,0,0,NWS Storm Survey, ,0.5,40,2,NE,2,ESE,MALLORY,10/11/2020,1421,34.3643,-79.5002,34.3683,-79.4929,"The tornado touched down on the west side of I-95 just south of mile|marker 184, and snapped several large pine trees, damaged a billboard,|and destroyed a storage shed as it moved north-northeast for |approximately one-quarter mile. A single-wide trailer home sustained |some minor damage to the underpinning, and a portion of metal roofing |was blown off another home at the interesection of Holland Drive|and Mallory Beach Road. The tornado crossed I-95 near the Catfish |Church Road overpass and entered forested land on the east side of the|interstate. Several more large pine trees were snapped off as the |tornado remained on the ground for another one-quarter mile.","The remnants of tropical system Delta spawned several tornadoes and strong thunderstorms.",230
926204,HORRY CO.,WHITE OAK,10/11/2020,1519,Tornado, ,EF1,0,1,150000,0,SC,EST-5, ,153820,C,51,ILM,0,0,NWS Storm Survey, ,0.3,30,0,NNW,1,N,WHITE OAK,10/11/2020,1520,33.8767,-79.0725,33.8809,-79.0711,"The tornado formed on the west side of Oak St. near an open field|then moved north, crossing Oak St. where it caused significant|damage to a home. The tornado also caused minor damage to an|adjacent home and storage building, but considerable damage to an|old barn. A large tree was snapped near the homes and several|other trees were uprooted in the forest north of the damaged|homes. The tornado likely dissipated prior to crossing Brown|Swamp, or south of Four Mile Rd.","The remnants of tropical system Delta spawned several tornadoes and strong thunderstorms.",231
926209,HORRY CO.,RED HILL EAST,10/11/2020,1531,Tornado, ,EF0,0,0,20000,0,SC,EST-5, ,153820,C,51,ILM,0,0,NWS Storm Survey, ,2.27,20,0,S,2,E,SAVANNAH BLUFF,10/11/2020,1538,33.8148,-79.0196,33.8334,-78.9871,"The tornado formed near Amber Ln and Wedding Ln causing widely|scattered damage to large tree limbs and knocking out a sign on|Hwy 501. The tornado likely skipped toward the northeast causing|some tree limbs to fall near Ridgefield Circle. The tornado then|caused damage primarily to trees from Naples Dr, Athens Dr, and|the north end of Bridgewater Dr. before moving northeast across|Steritt Swamp. The tornado uprooted a few trees along Lee's|Landing Circle, then likely dissipated in the swamp south of Cotton|Circle.","The remnants of tropical system Delta spawned several tornadoes and strong thunderstorms.",232
932733,CLARENDON CO.,BLOOMVILLE,12/24/2020,1930,Tornado, ,EF1,0,0,0,0,SC,EST-5, ,154785,C,27,CAE,0,0,NWS Storm Survey, ,0.32,50,2,SE,2,ESE,BLOOMVILLE,12/24/2020,1931,33.6108,-80.1438,33.6137,-80.1394,"A National Weather Service storm survey confirmed a weak EF-1 tornado, with|estimated maximum wind speeds around 90 mph, near Baggette Crossroads in|Clarendon County, SC. The brief tornado, lasting approximately one minute, began in a|field of pine trees east of Bloomville Road where it snapped and uprooted numerous|pine trees. The tornado then moved northeast causing damage to Holly Hill Missionary|Baptist Church on Hidden Branch Drive. Thin metal roofing was torn off part of the|church and the wall on the east side of the fellowship hall collapsed. More pine tree|trunks were snapped as the tornado crossed Hidden Branch Drive, with the tornado|eventually dissipating before reaching Brewer Road. Debris from the church was carried |approximately 0.6 miles. Clarendon County Emergency Services conducted an initial|survey of the damage and provided pictures.","A band of thunderstorms developed ahead of a strong cold front and produced a weak brief tornado in Clarendon Co SC.",233
951902,LAURENS CO.,RENNO,03/25/2021,1559,Tornado, ,EF0,0,0,0,0,SC,EST-5, ,157397,C,59,GSP,0,0,NWS Storm Survey, ,2.14,25,3,NE,5,ENE,RENNO,03/25/2021,1602,34.506,-81.723,34.515,-81.687,"NWS storm survey found the path of a weak tornado along Highway 72 in extreme eastern Laurens County. Damage was limited to multiple trees uprooted or snapped in this very rural area.","Multiple supercell thunderstorms developed in the vicinity of a warm front across the South Carolina Piedmont throughout the afternoon. Despite exhibiting intense rotation at times, severe weather from these storms was limited to one brief, weak tornado, isolated large hail, and straight line wind gusts as high as 85 mph.",234
956932,OCONEE CO.,RICHLAND,04/10/2021,1650,Tornado, ,EF0,0,0,30000,0,SC,EST-5, ,158290,C,73,GSP,0,0,NWS Storm Survey, ,1.23,20,2,NE,3,NNW,SENECA,04/10/2021,1652,34.707,-82.992,34.717,-82.974,"NWS storm survey found the path of a weak tornado on the north side of Seneca. The tornado touched down near the intersection of Keowee School Rd and Blue Ridge Blvd, where a vehicle was flipped, a business lost part of its roof and a radio tower was damaged. From that point, the tornado moved northeast south of South Cove Rd before lifting near Elclay Dr. Damage east of the initial point of touchdown was limited to multiple snapped or uprooted trees.","A line of heavy rain showers and thunderstorms moved over Upstate South Carolina during the late afternoon and evening in advance of a cold front. A couple of areas of isolated damaging winds along with weak tornadoes were reported as the line swept across the area.",235
957068,SPARTANBURG CO.,FAIRMONT,04/10/2021,1738,Tornado, ,EF0,0,0,0,0,SC,EST-5, ,158290,C,83,GSP,0,0,NWS Storm Survey, ,1.13,20,2,S,1,SSE,FAIRMONT,04/10/2021,1740,34.877,-82.051,34.893,-82.047,"NWS storm survey found the path of a short, weak tornado that began just west of the intersection of Highways 290 and 417. Damage was primarily limited to downed trees as the tornado tracked almost due north, paralleling Highway 417 before lifting just north of Highway 296.","A line of heavy rain showers and thunderstorms moved over Upstate South Carolina during the late afternoon and evening in advance of a cold front. A couple of areas of isolated damaging winds along with weak tornadoes were reported as the line swept across the area.",236
962598,YORK CO.,SMYRNA,05/03/2021,1139,Tornado, ,EF1,0,0,350000,0,SC,EST-5, ,159157,C,91,GSP,0,0,NWS Storm Survey, ,0.5,150,3,NNE,4,NNE,SMYRNA,05/03/2021,1140,35.077,-81.386,35.08,-81.378,"Nws storm survey found the path of a weak tornado along Highway 55 in far western York County. The tornado touched down in an open field just east of Clark Fork, before moving east northeast through a cluster of outbuildings at a farm site. One of these was completely destroyed, and two others severely damaged. 4000 turkeys housed here were killed. Two other buildings lost metal roof panels, and roof debris was carried along the path of the tornado. The only damage along the remainder of the path was numerous snapped and/or uprooted trees and downed limbs. The tornado lifted about one half mile west of the intersection of Highway 55 and Enon Church Rd.","Multiple supercell thunderstorms developed across upstate South Carolina during the afternoon. Two tornadoes developed across the Piedmont, including one significant tornado that produced the longest tornado track in the Upstate in almost 30 years.",237
962594,ABBEVILLE CO.,LOWNDESVILLE,05/03/2021,1304,Tornado, ,EF2,0,1,75000,0,SC,EST-5, ,159157,C,1,GSP,0,0,NWS Storm Survey, ,25.57,150,4,SW,8,NE,ABBEYVILLE DAVIS ARP,05/03/2021,1348,34.174,-82.696,34.226,-82.253,"NWS storm survey found the path of a significant tornado that began just of Russel Lake on Harpers Ferry Rd. Damage was initially limited to downed trees and limbs as the tornado moved east northeast. The first structural damage occurred along Tater Hill Rd, where several outbuildings were heavily damaged and a man was injured when he was thrown from his back porch. The tornado continued east northeast from there, entering a heavily wooded area and crossing a finger of Russell Lake before emerging on Highway 81 just south of Tom Young Bridge Rd. Damage was limited to sporadic tree damage along this section of the path. The tornado remained weak as it continued east before intensifying after crossing Monterey Rd, as much of the roof was removed from a frame home on Fairfield Church Rd. The tornado weakened again from there, with damage limited primarily to uprooted hardwoods and snapped softwoods as it crossed Highway 71, 28, and 20, passing just north of the Abbeville city limits. The tornado intensified again after crossing Old Douglas Mill Rd, as multiple small to medium hardwoods were snapped 10 to 20 feet above the ground along portions of Stevenson Rd and Old Hodges Rd. The tornado weakened again east of this location, with additional EF1 tree damage observed before it moved into Greenwood County near Johns Creek Rd.","Multiple supercell thunderstorms developed across upstate South Carolina during the afternoon. Two tornadoes developed across the Piedmont, including one significant tornado that produced the longest tornado track in the Upstate in almost 30 years.",238
962596,GREENWOOD CO.,HARRIS,05/03/2021,1349,Tornado, ,EF1,0,0,40000,0,SC,EST-5, ,159157,C,47,GSP,0,0,NWS Storm Survey, ,3.78,150,3,W,1,WSW,GRENDEL MILLS,05/03/2021,1354,34.226,-82.251,34.223,-82.185,"NWS storm survey determined the path of an EF2 tornado that tracked almost the length of Abbeville County moved into Greenwood County with EF1 intensity at Johns Creek Rd. The tornado moved almost due east, crossing Deadfall Rd West, Calhoun Rd just west of Highway 25 before finally lifting near Highway 25 along the northern outskirts of the city of Greenwood. Damage was primarily limited to uprooted hardwoods and snapped softwoods in Greenwood County, although a couple of storage buildings received minor to moderate damage. The total path length of over 29 miles made this the longest tornado track in upstate South Carolina since 1994.","Multiple supercell thunderstorms developed across upstate South Carolina during the afternoon. Two tornadoes developed across the Piedmont, including one significant tornado that produced the longest tornado track in the Upstate in almost 30 years.",239
957860,FAIRFIELD CO.,RION,05/04/2021,1523,Tornado, ,EF1,0,0,0,0,SC,EST-5, ,156923,C,39,CAE,0,0,NWS Storm Survey, ,3.9,300,1,WNW,1,ESE,WINNSBORO ARPT,05/04/2021,1529,34.3035,-81.1407,34.3143,-81.0767,"A National Weather Service storm survey team confirmed an EF1 tornado, with peak|winds of 105 mph, near Rion in Fairfield County, SC. The tornado began near Hard|Rock Rd, uprooting and snapping numerous trees as it moved northeast across Ridge|Rd and Granite Ln. The tornado then intensified to EF1 strength as it crossed Rion Rd|and Stony Cir, snapping and uprooting many large hardwood trees and causing minor|damage to siding on a couple of homes. ||The tornado then continued its track east across the Fairfield County Airport where|damage occurred to a total of five planes and one hangar. One plane was totaled|after the tornado removed it from its tie-down ropes and flipped it. The plane was|tossed 100 yards into a field between runways and one of its wings was removed.|The tie-down ropes were still in place when the survey occurred with pieces from the|plane still attached. Security camera video at the airport documented this event. The|hangar that was damaged had a portion of two external walls pushed outward by|the tornado. ||The tornado then continued east across State Highway 269, Old Ruff Rd, US Highway 321 South and Oxner Rd and Roddy Rd, mainly producing EF0 damage with trees|uprooted and snapped. One large tree fell on a home on US Highway 321 South,|causing substantial roof damage.| |The tornado then dissipated near Little Cedar Creek.","Sufficient atmospheric instability and shear, along with interaction between surface boundaries, provided scattered severe thunderstorms, producing wind damage, along with a tornado.",240
967600,MARION CO.,NORTH MULLINS,06/03/2021,1845,Tornado, ,EF1,0,0,150000,0,SC,EST-5, ,160094,C,67,ILM,0,0,NWS Storm Survey, ,1.24,70,2,ESE,2,ENE,NORTH MULLINS,06/03/2021,1849,34.2243,-79.2201,34.2396,-79.2086,"The tornado formed near Old Nichols Highway northeast of Mullins,|SC. The tornado generally moved northeast and caused significant|tree damage toward the end of Ironwood Rd. It also destroyed a|small storage building and caused minor damage to 4 single wide|homes near the intersection of Gilcrist and Ironwood Rds. The|tornado moved across Gilchrist Rd and crossed an adjacent corn |field. The tornado then caused some additional tree damage along |Sugar Shack Place prior to lifting before reaching the Little Pee |Dee River.","An upper trough created scattered thunderstorms which produced heavy rain and tornadoes.",241
969935,BEAUFORT CO.,PARRIS IS NAS,07/07/2021,2244,Tornado, ,EF1,0,0,0,0,SC,EST-5, ,160486,C,13,CHS,0,0,NWS Storm Survey, ,0.13,50,0,E,0,ENE,PARRIS IS NAS,07/07/2021,2245,32.3208,-80.6741,32.3227,-80.6745,"A National Weather Service (NWS) storm survey team determined that an EF-1 tornado occurred near Parris Island in Beaufort County. The tornado path was very short on the southern end of Parris Island, and was likely the same storm that moved into Port Royal several minutes later. However, the storm survey team could not confirm a continuous path from Parris Island northward to the Port Royal area. Many pine trees were snapped in this location, which was directly adjacent to the old Page Field runway complex. The maximum strength of the tornado was estimated to be EF-1, with peak winds of 97 mph.","Elsa initially developed as a Tropical Depression over the central tropical Atlantic late in the evening of June 30th, 2021. The system quickly tracked to the west-northwest and became Tropical Storm Elsa on the morning of July 1st, 2021 about 850 miles east-southeast of the Windward Islands. Elsa strengthened to a hurricane and crossed the Windward Islands on July 2nd, 2021. Over the next several days, Elsa moved across the eastern Caribbean and weakened back to a Tropical Storm as it interacted with the higher terrain of the Dominican Republic, Haiti, and Cuba. Elsa moved into the eastern Gulf of Mexico late in the evening of July 5th, 2021 and moved north along the west coast of Florida. Elsa made landfall as a Tropical Storm in Taylor County along the north Florida coast on the morning of July 7th, 2021. After landfall, Elsa weakened and tracked northeastward across portions of Georgia and South Carolina through July 8th, 2021. The primary impacts to southeast Georgia and southeast South Carolina included heavy rainfall, a few tornadoes, and gusty winds. Rainfall amounts peaked in the 6-8 inch range across portions of Charleston, Chatham, Beaufort, and Colleton counties. The heavy rainfall did produce some street flooding, causing some roadways to become impassable in and around Savannah and Charleston. Peak winds occurred along the Chatham, Jasper, and Beaufort county coasts where a Weatherflow site in Calibogue Sound measured a 70 knot wind gust. Elsewhere, wind gusts peaked in the 35-45 knot range producing scattered wind damage.",242
969937,BEAUFORT CO.,PORT ROYAL,07/07/2021,2250,Tornado, ,EF1,0,0,1000000,0,SC,EST-5, ,160486,C,13,CHS,0,0,NWS Storm Survey, ,0.63,75,1,WNW,1,NW,PORT ROYAL,07/07/2021,2252,32.3763,-80.6915,32.3851,-80.6941,"A National Weather Service (NWS) storm survey team determined that an EF-1 tornado occurred near Port Royal in Beaufort County. This tornado was likely part of the same storm that hit Parris Island just to the south. It began near 11th Street, between Paris and London Avenues, where it snapped several trees including one tree that hit a home on 11th Street. The tornado continued northward across 14th and 15th Streets, close to Paris Avenue. Many hardwood trees and large limbs were snapped in this area, which also took down some powerlines along Paris Avenue. The tornado then moved across the southern portion of Paris Avenue West, snapping more trees and limbs with some falling on a few homes and buildings. Finally, the tornado crossed Ribaut Road, ending just north of the intersection of Ribaut and Royal Palms Roads. All total, the tornado damaged at least 44 buildings in Port Royal and caused an estimated one million dollars in damage. The maximum strength of the tornado was estimated to be EF-1, with peak winds of 95 mph.","Elsa initially developed as a Tropical Depression over the central tropical Atlantic late in the evening of June 30th, 2021. The system quickly tracked to the west-northwest and became Tropical Storm Elsa on the morning of July 1st, 2021 about 850 miles east-southeast of the Windward Islands. Elsa strengthened to a hurricane and crossed the Windward Islands on July 2nd, 2021. Over the next several days, Elsa moved across the eastern Caribbean and weakened back to a Tropical Storm as it interacted with the higher terrain of the Dominican Republic, Haiti, and Cuba. Elsa moved into the eastern Gulf of Mexico late in the evening of July 5th, 2021 and moved north along the west coast of Florida. Elsa made landfall as a Tropical Storm in Taylor County along the north Florida coast on the morning of July 7th, 2021. After landfall, Elsa weakened and tracked northeastward across portions of Georgia and South Carolina through July 8th, 2021. The primary impacts to southeast Georgia and southeast South Carolina included heavy rainfall, a few tornadoes, and gusty winds. Rainfall amounts peaked in the 6-8 inch range across portions of Charleston, Chatham, Beaufort, and Colleton counties. The heavy rainfall did produce some street flooding, causing some roadways to become impassable in and around Savannah and Charleston. Peak winds occurred along the Chatham, Jasper, and Beaufort county coasts where a Weatherflow site in Calibogue Sound measured a 70 knot wind gust. Elsewhere, wind gusts peaked in the 35-45 knot range producing scattered wind damage.",243
969926,CHARLESTON CO.,EDISTO IS,07/08/2021,0,Tornado, ,EF1,0,0,0,0,SC,EST-5, ,160486,C,19,CHS,0,0,NWS Storm Survey, ,1.12,100,1,WSW,1,WNW,EDISTO IS,07/08/2021,2,32.5627,-80.2978,32.5789,-80.2981,"A National Weather Service (NWS) storm survey team determined that an EF-1 tornado occurred near Edisto Island in Charleston County. The beginning point for the tornado was detected by a NWS drone in a corn field near the end of Sunnyside Mills Road. The tornado had a discontinuous path northward across Store Creek, then across a large corn field, ending near the intersection of Cypress Trees Lane and Highway 174. Along the path, there were many hard and softwood trees snapped and uprooted, particularly near Cypress Trees Lane, and also at a few residences toward the beginning of the path just south of Store Creek. The maximum strength of the tornado was estimated to be EF-1, with peak winds of 95 mph, particularly toward the end of the path just south of Highway 174.","Elsa initially developed as a Tropical Depression over the central tropical Atlantic late in the evening of June 30th, 2021. The system quickly tracked to the west-northwest and became Tropical Storm Elsa on the morning of July 1st, 2021 about 850 miles east-southeast of the Windward Islands. Elsa strengthened to a hurricane and crossed the Windward Islands on July 2nd, 2021. Over the next several days, Elsa moved across the eastern Caribbean and weakened back to a Tropical Storm as it interacted with the higher terrain of the Dominican Republic, Haiti, and Cuba. Elsa moved into the eastern Gulf of Mexico late in the evening of July 5th, 2021 and moved north along the west coast of Florida. Elsa made landfall as a Tropical Storm in Taylor County along the north Florida coast on the morning of July 7th, 2021. After landfall, Elsa weakened and tracked northeastward across portions of Georgia and South Carolina through July 8th, 2021. The primary impacts to southeast Georgia and southeast South Carolina included heavy rainfall, a few tornadoes, and gusty winds. Rainfall amounts peaked in the 6-8 inch range across portions of Charleston, Chatham, Beaufort, and Colleton counties. The heavy rainfall did produce some street flooding, causing some roadways to become impassable in and around Savannah and Charleston. Peak winds occurred along the Chatham, Jasper, and Beaufort county coasts where a Weatherflow site in Calibogue Sound measured a 70 knot wind gust. Elsewhere, wind gusts peaked in the 35-45 knot range producing scattered wind damage.",244
969930,CHARLESTON CO.,TEN MILE,07/08/2021,136,Tornado, ,EF1,0,0,0,0,SC,EST-5, ,160486,C,19,CHS,0,0,NWS Storm Survey, ,0.82,150,2,N,3,N,TEN MILE,07/08/2021,138,32.9149,-79.7314,32.9259,-79.7367,"A National Weather Service (NWS) storm survey team determined that an EF-1 tornado occurred near Awendaw in Charleston County. The tornado touched down in the private community of Wando Farms, where it snapped more than a dozen medium to large pine trees, and snapped large limbs off of very large live oak trees. One resident had the front door of their home blown in. The tornado then moved north, and appears to weaken as it crossed the Wando River and the surrounding marsh area. The tornado then ended near the intersection of Ronlin Farm Road and Woodville Road where it snapped and uprooted several trees around a few homes. The tornado was estimated to be an EF-1, with peak winds of 95 mph, with the highest winds likely near the beginning of the path.","Elsa initially developed as a Tropical Depression over the central tropical Atlantic late in the evening of June 30th, 2021. The system quickly tracked to the west-northwest and became Tropical Storm Elsa on the morning of July 1st, 2021 about 850 miles east-southeast of the Windward Islands. Elsa strengthened to a hurricane and crossed the Windward Islands on July 2nd, 2021. Over the next several days, Elsa moved across the eastern Caribbean and weakened back to a Tropical Storm as it interacted with the higher terrain of the Dominican Republic, Haiti, and Cuba. Elsa moved into the eastern Gulf of Mexico late in the evening of July 5th, 2021 and moved north along the west coast of Florida. Elsa made landfall as a Tropical Storm in Taylor County along the north Florida coast on the morning of July 7th, 2021. After landfall, Elsa weakened and tracked northeastward across portions of Georgia and South Carolina through July 8th, 2021. The primary impacts to southeast Georgia and southeast South Carolina included heavy rainfall, a few tornadoes, and gusty winds. Rainfall amounts peaked in the 6-8 inch range across portions of Charleston, Chatham, Beaufort, and Colleton counties. The heavy rainfall did produce some street flooding, causing some roadways to become impassable in and around Savannah and Charleston. Peak winds occurred along the Chatham, Jasper, and Beaufort county coasts where a Weatherflow site in Calibogue Sound measured a 70 knot wind gust. Elsewhere, wind gusts peaked in the 35-45 knot range producing scattered wind damage.",245
959627,CLARENDON CO.,NEW ZION,07/08/2021,312,Tornado, ,EF0,0,0,0,0,SC,EST-5, ,158605,C,27,CAE,0,0,NWS Storm Survey, ,1.5,40,2,SSE,0,WSW,NEW ZION,07/08/2021,314,33.8091,-80.0212,33.8284,-80.033,"A National Weather Service Storm Survey confirmed a high-end EF0 tornado just south of New Zion, SC in Clarendon County. The tornado had a path length of 1.5 miles, width of about 40 yards, and peak winds of 85 mph. The tornado began in a field east of Old Manning Road and just south of Knowlton Road, then moved northwest along Old Manning Road, snapping numerous trees along its path and knocking down many large branches. The tornado then moved across the intersection of Old Manning Road and Newman Branch Road where it caused the most extensive damage. In this area, an empty trailer was overturned and moved about 20 yards. A warehouse building had an exterior wood and cinder block wall collapse, likely due to an uplift of the roof. A large grain auger was knocked over, metal at the top of a silo was twisted, and a metal and wood equipment shelter was destroyed. A couple of nearby buildings also had minor roof damage. The tornado then crossed into a corn field, where it knocked down the crops in a convergent wind pattern. The tornado then appeared to weaken as it tracked northwest just to the west of Old Manning Road, causing mostly minor tree damage before dissipating near Walker Gamble Road.","Elsa began as a tropical wave about 1000 miles east of the Windward Islands and late on June 30, developed into a tropical depression. As it continued moving WNW, Elsa was named on July 1 as a tropical storm. The following day on July 2, after undergoing rapid intensification, Elsa was upgraded to a Category 1 Hurricane with maximum winds of 85 mph and a minimum central pressure of 991 mb. As Elsa moved into the Caribbean, on July 3, it weakened into a tropical storm. After briefly becoming a hurricane in the Gulf of Mexico west of the Florida Peninsula, Elsa made landfall on July 7 as a tropical storm with 65 mph winds in Taylor County, FL. As Elsa moved NE, it maintained tropical storm strength. The center passed over central SC as outer rain bands produced heavy rains and tornadoes along the East Coast. On July 9, Elsa became post-tropical over eastern MA.",246
982296,OCONEE CO.,COURTENAY,08/17/2021,1150,Tornado, ,EF0,0,0,10000,0,SC,EST-5, ,162686,C,73,GSP,0,0,NWS Storm Survey, ,0.14,50,5,N,5,N,COURTENAY,08/17/2021,1150,34.797,-82.928,34.797,-82.928,"NWS storm survey reported a tornado touched down briefly on the western shore of Lake Keowee near High Falls County Park. Multiple trees were uprooted in this area, with one tree on a home on Crowe Dr.","Tropical Storm Fred made landfall in the Florida Panhandle on the 16th and lifted steadily north through Georgia and into the southern Appalachians during the 16th and throughout the 17th. Tropical moisture and enhanced wind shear associated with the remnant circulation resulted in a few brief, weak tornadoes and heavy rainfall across upstate South Carolina.",247
982297,ANDERSON CO.,LA FRANCE,08/17/2021,1159,Tornado, ,EF0,0,0,0,0,SC,EST-5, ,162686,C,7,GSP,0,0,NWS Storm Survey, ,0.15,50,1,E,1,E,LA FRANCE,08/17/2021,1159,34.621,-82.725,34.621,-82.725,"NWS storm survey confirmed a brief tornado touchdown at a home on Lebanon Rd. Multiple trees were uprooted at this location.","Tropical Storm Fred made landfall in the Florida Panhandle on the 16th and lifted steadily north through Georgia and into the southern Appalachians during the 16th and throughout the 17th. Tropical moisture and enhanced wind shear associated with the remnant circulation resulted in a few brief, weak tornadoes and heavy rainfall across upstate South Carolina.",248
970704,EDGEFIELD CO.,ROPERS XRDS,08/17/2021,1203,Tornado, ,EF0,0,0,0,0,SC,EST-5, ,159997,C,37,CAE,0,0,NWS Storm Survey, ,1.51,100,4,SSW,3,SSW,ROPERS XRDS,08/17/2021,1207,33.6259,-82.0096,33.6466,-82.0013,"A National Weather Service Storm Survey team confirmed an EF1|tornado, with peak winds of 90 mph, west-northwest of Murphys|Estates in Edgefield County, SC.||The tornado began near Briggs Road, where it snapped and uprooted|multiple trees and destroyed a small shed. The tornado then|continued north-northeast, crossing Big Branch Court and Moore|Road, where it snapped multiple softwood trees. The survey team|was not able to confirm any additional damage north of this|immediate area due to a lack of access from the ground. However,|the South Carolina Forestry Commission assisted the survey using a|fixed wing aircraft and was not able to determine any additional|areas with significant damage. The survey team did note isolated|tree damage along Dry Bridge Road and Republican Road, but there|is not enough evidence that this was the result of a tornado.","Remnants of Tropical Storm Fred, which became Tropical Depression Fred, tracked NE through northern Georgia into the Upstate South Carolina. The system provided enough rotation to develop a few tornadoes across the Midlands. A rain band compromised of showers and thunderstorms moved north-northeast across central South Carolina during the afternoon of the 17th. A second band moved through during the evening of the 17th. These bands spawned a total of 5 tornadoes across central South Carolina.",249
982298,GREENVILLE CO.,MAULDIN,08/17/2021,1353,Tornado, ,EF1,0,0,100000,0,SC,EST-5, ,162686,C,45,GSP,0,0,NWS Storm Survey, ,2.4,75,1,S,1,NNW,MAULDIN,08/17/2021,1357,34.765,-82.3,34.798,-82.313,"NWS storm survey confirmed a low-end EF1 tornado in Mauldin. The tornado touched down near the intersection of Brooks Rd and Highway 276, crossing Highway 276 shortly after touchdown, moving north-northwest roughly paralleling the highway for over two miles before lifting near the intersection of Old Mill Rd and Forrester Dr. Damage was primarily limited to multiple uprooted large hardwoods and some snapped small softwood trees. However, minor damage to roofs and some siding damage was noted to several structures, primarily between Miller Rd and Forrester Dr.","Tropical Storm Fred made landfall in the Florida Panhandle on the 16th and lifted steadily north through Georgia and into the southern Appalachians during the 16th and throughout the 17th. Tropical moisture and enhanced wind shear associated with the remnant circulation resulted in a few brief, weak tornadoes and heavy rainfall across upstate South Carolina.",250
970706,LEXINGTON CO.,MURRAY,08/17/2021,1431,Tornado, ,EF0,0,0,0,0,SC,EST-5, ,159997,C,63,CAE,0,0,NWS Storm Survey, ,9.42,75,3,W,1,NE,ELLA,08/17/2021,1449,33.9508,-81.4697,34.079,-81.419,"A National Weather Service storm survey confirmed a low-end EF1|tornado that moved from Lexington County over Lake Murray, then across Newberry County near the Dreher Island Peninsula. The peak wind for the Lexington County portion of the tornado was 65  mph. ||The tornado initially produced sporadic and mainly minor tree damage|south of Lake Murray where it moved northward from near Windmill|Road, across Devils Backbone Road and Ridge Road. Drone video|provided to the National Weather Service confirms the track and|timing of the tornado, which was ongoing at the same time as a|tornado just to its west. The tornado caused more tree damage near|Highway 378 at Lake Murray between Rocky Ridge Road and Adams Park|Road then moved to the northeast over Lake Murray. The National|Weather Service received video and eye witness reports that the|tornado traveled over the lake west of Driftwood Point Road.|Additional video taken from Heron Lane shows that the tornado|remained in-tact as it continued north-northeast towards Dreher Island|State Park.||Thanks to the Lexington County Department of Emergency Services for|providing some damage assessments.","Remnants of Tropical Storm Fred, which became Tropical Depression Fred, tracked NE through northern Georgia into the Upstate South Carolina. The system provided enough rotation to develop a few tornadoes across the Midlands. A rain band compromised of showers and thunderstorms moved north-northeast across central South Carolina during the afternoon of the 17th. A second band moved through during the evening of the 17th. These bands spawned a total of 5 tornadoes across central South Carolina.",251
970705,LEXINGTON CO.,RIDGE RD XRDS,08/17/2021,1433,Tornado, ,EF0,0,0,0,0,SC,EST-5, ,159997,C,63,CAE,0,0,NWS Storm Survey, ,4.32,50,3,SW,3,NNW,RIDGE RD XRDS,08/17/2021,1443,33.9713,-81.4971,34.0338,-81.4956,"A National Weather Service storm survey team confirmed an EF0 tornado,|with peak wind speeds of 75 mph, north of Leesville in|Lexington County, SC, near the Saluda County border. The tornado|produced sporadic and mainly minor tree damage as it moved|northward from near Derrick Hollow Road to near Holley Ferry Road|and Highway 378.||Drone video provided to the National Weather Service confirms this|tornado, which was ongoing at the same time as a tornado just to its|east.","Remnants of Tropical Storm Fred, which became Tropical Depression Fred, tracked NE through northern Georgia into the Upstate South Carolina. The system provided enough rotation to develop a few tornadoes across the Midlands. A rain band compromised of showers and thunderstorms moved north-northeast across central South Carolina during the afternoon of the 17th. A second band moved through during the evening of the 17th. These bands spawned a total of 5 tornadoes across central South Carolina.",252
971474,NEWBERRY CO.,MACEDONIA,08/17/2021,1449,Tornado, ,EF1,0,0,0,0,SC,EST-5, ,159997,C,71,CAE,0,0,NWS Storm Survey, ,1.96,100,2,SE,2,ENE,MACEDONIA,08/17/2021,1453,34.079,-81.419,34.107,-81.413,"The tornado initially formed over Lexington County near Windmill Road. The tornado continued northeast moving over Lake Murray and crossing the peninsula near Dreher Island State Park in Newberry County. ||Video provided the NWS showed the tornado developing multiple vorticies over Lake Murray approximately 0.5 miles from Dreher Island State Park. The ground survey indicated several trees snapped or uprooted on Sassafras Lane. One of the trees fell on a home damaging the roof. The tornado then continued to move northeast crossing  near the entrance to Dreher Island State Park, where it snapped or uprooted multiple trees. The tornado then moved north-northeast back over Lake Murray toward Lexington County. ||Winds were estimated to be around 95 mph with a path width of 100 yards.","Remnants of Tropical Storm Fred, which became Tropical Depression Fred, tracked NE through northern Georgia into the Upstate South Carolina. The system provided enough rotation to develop a few tornadoes across the Midlands. A rain band compromised of showers and thunderstorms moved north-northeast across central South Carolina during the afternoon of the 17th. A second band moved through during the evening of the 17th. These bands spawned a total of 5 tornadoes across central South Carolina.",253
971476,LEXINGTON CO.,ELLA,08/17/2021,1453,Tornado, ,EF1,0,0,0,0,SC,EST-5, ,159997,C,63,CAE,0,0,NWS Storm Survey, ,2.88,250,3,NNE,3,WSW,CHAPIN,08/17/2021,1457,34.107,-81.413,34.1476,-81.4019,"The tornado originally formed in Lexington County near Windmill Road moved northeast across Lake Murray and then across the peninsula near Dreher Island State Park in Newberry County. ||After moving across Newberry County, near Dreher Island State Park, the tornado moved back over Lake Murray and continued north-northeast toward Grassy Meadow Court and RB Baker Drive. When it moved onshore in this area, it snapped or uprooted numerous trees. Along Backwater Court the downed trees hit the roof of two homes, destroyed the roof of a boat house and damaged the boat inside. The downed trees also damaged a pontoon boat resulting in major damage. As the tornado continued north-northeast across Crystal Cove, trees landed on two homes, resulting in roof damage and pulling the porch off one of the homes. The tornado eventually dissipated near St. Peters Church Road. ||The area experienced an EF-1 tornado with estimated winds of 95 mph and a width of 250 yards.","Remnants of Tropical Storm Fred, which became Tropical Depression Fred, tracked NE through northern Georgia into the Upstate South Carolina. The system provided enough rotation to develop a few tornadoes across the Midlands. A rain band compromised of showers and thunderstorms moved north-northeast across central South Carolina during the afternoon of the 17th. A second band moved through during the evening of the 17th. These bands spawned a total of 5 tornadoes across central South Carolina.",254
970702,ORANGEBURG CO.,JAMISON,08/17/2021,1640,Tornado, ,EF1,0,0,0,0,SC,EST-5, ,159997,C,75,CAE,0,0,NWS Storm Survey, ,0.9,50,3,WNW,3,WNW,JAMISON,08/17/2021,1643,33.59,-80.8721,33.603,-80.872,"The National Weather Service storm survey confirmed a low-end EF1|tornado just north-northwest of the City of Orangeburg. The tornado|had a path length just under 1 mile, a width that ranged from 25 to|50 yards, peak winds of 88 mph, and was on the ground for approximately|3 minutes.||The tornado touched down along Virginia Drive, just off of Columbia Road,|and moved north. The tornado snapped two small pine trees about 20 feet|off of the ground. The tornado continued northward toward the intersection|of Farnum Road and Columbia Road. The tornado downed several large limbs,|uprooted a couple of trees and removed a few shingles and some flashing|from Bethel Church. The tornado then uprooted a couple of trees and downed|a few large branches at a farm along the northbound side of Columbia Road.|Some of the large branches damaged a vinyl fence along the roadway. The|strong winds from the tornado removed some of the fence caps and blew them|across the highway to the southbound side. The tornado continued northward|and snapped a small tree and downed multiple small and large limbs at the|intersection of Columbia Road and New Hope Road. The tornado dissipated|after crossing New Hope Road before reaching Widgeon Road. Other than the|minor damage to the church and fencing, there was no damage to any|structures along the path.","Remnants of Tropical Storm Fred, which became Tropical Depression Fred, tracked NE through northern Georgia into the Upstate South Carolina. The system provided enough rotation to develop a few tornadoes across the Midlands. A rain band compromised of showers and thunderstorms moved north-northeast across central South Carolina during the afternoon of the 17th. A second band moved through during the evening of the 17th. These bands spawned a total of 5 tornadoes across central South Carolina.",255
982300,LAURENS CO.,OWINGS,08/17/2021,1707,Tornado, ,EF0,0,0,0,0,SC,EST-5, ,162686,C,59,GSP,0,0,Public, ,0.2,30,3,NW,3,NW,OWINGS,08/17/2021,1707,34.657,-82.168,34.657,-82.168,"Although an NWS storm survey could not find any physical evidence of damage, video posted on Social Media revealed a small vortex clearly in touch with the ground and lifting debris into the area crossing I-385 between Thompson Rd and Harmony Church Rd.","Tropical Storm Fred made landfall in the Florida Panhandle on the 16th and lifted steadily north through Georgia and into the southern Appalachians during the 16th and throughout the 17th. Tropical moisture and enhanced wind shear associated with the remnant circulation resulted in a few brief, weak tornadoes and heavy rainfall across upstate South Carolina.",256
982299,LAURENS CO.,COOKS XRDS,08/17/2021,1718,Tornado, ,EF1,0,0,20000,0,SC,EST-5, ,162686,C,59,GSP,0,0,NWS Storm Survey, ,1.45,75,1,E,2,ENE,COOKS XRDS,08/17/2021,1721,34.728,-82.144,34.746,-82.131,"NWS storm survey confirmed an EF1 tornado in extreme northern Laurens County, northeast of Fountain Inn. The tornado touched down east of Pennington Rd, just north of the Scuffletown Rd intersection, tracking north-northeast, crossing the southern end of Ritchie Rd, across Pollard Rd and Highway 418, apparently lifting just west of Thackston Rd. Damage was primarily limited to multiple uprooted hardwoods and some snapped softwood trees. One of these trees fell on and damaged a home on Ritchie Rd. A shed was also destroyed and a home received minor roof damage on Highway 418 just east of Pollard Rd.","Tropical Storm Fred made landfall in the Florida Panhandle on the 16th and lifted steadily north through Georgia and into the southern Appalachians during the 16th and throughout the 17th. Tropical moisture and enhanced wind shear associated with the remnant circulation resulted in a few brief, weak tornadoes and heavy rainfall across upstate South Carolina.",257
970707,SALUDA CO.,MT WILLING,08/17/2021,1947,Tornado, ,EF0,0,0,0,0,SC,EST-5, ,159997,C,81,CAE,0,0,NWS Storm Survey, ,0.11,25,5,ESE,5,ESE,MT WILLING,08/17/2021,1948,33.9777,-81.5821,33.9785,-81.5809,"A National Weather Service storm survey team confirmed a very|weak EF0 tornado, with peak winds of 65 mph, north of Holtson|Crossroads in Saluda County, SC.||The tornado very briefly touched down near the intersection of|Double Bridges Road and West Creek Road, where it snapped a couple|of trees. The survey team was not able to confirm any additional|damage in the immediate vicinity due to a lack of access from the|ground. However, it appears that the damage did not extend to homes on|Rabbit Lane to the east.","Remnants of Tropical Storm Fred, which became Tropical Depression Fred, tracked NE through northern Georgia into the Upstate South Carolina. The system provided enough rotation to develop a few tornadoes across the Midlands. A rain band compromised of showers and thunderstorms moved north-northeast across central South Carolina during the afternoon of the 17th. A second band moved through during the evening of the 17th. These bands spawned a total of 5 tornadoes across central South Carolina.",258
1016955,PICKENS CO.,SIX MILE,03/23/2022,1956,Tornado, ,EF2,0,0,250000,0,SC,EST-5, ,167812,C,77,GSP,0,0,NWS Storm Survey, ,6.25,440,2,N,0,S,CROW CREEK,03/23/2022,2007,34.854,-82.828,34.918,-82.75,"NWS storm survey found the path of a strong tornado that touched down on Duncan Rd near Sarah Rose Dr, where numerous trees were blown down, one of which fell on a mobile home. The tornado traveled northeast from there, continuing to blow down numerous trees as it crossed Rolling Hills Rd and Mile Creek Rd. Hundreds of trees were down in this area, including trees as large a couple of feet in diameter. The tornado intensified as it moved towards Windmont Rd, which is where the worst damage was observed. Much of the roof was removed and one exterior wall collapsed on a brick house on Windmont Rd. Three occupants of this home were trapped and had to be rescued, with minor injuries. The tornado weakened as it continued northeast, crossing Mt Bethel Rd, Shady Grove Rd, and Reece Mill Rd before intensifying again in the area between Reece Mill Rd and Lost Valley Road, where a mobile home was split in two and rolled over off of its foundation on Crystal Ln and hundreds of trees were downed. The tornado weakened a bit but continued to blow down numerous trees northeast of there, crossing Nine Times Rd and Meece Mill Rd before lifting near Gravley Rd.","A cold front moving across the region resulted in development of a line of scattered thunderstorms across Upstate South Carolina during the evening. A couple of the storms produced tornadoes in Pickens County, with one of those being significant.",259
1016957,PICKENS CO.,SIX MILE,03/23/2022,2029,Tornado, ,EF0,0,0,0,0,SC,EST-5, ,167812,C,77,GSP,0,0,NWS Storm Survey, ,0.09,20,5,WNW,5,WNW,SIX MILE,03/23/2022,2030,34.851,-82.894,34.852,-82.893,"NWS storm survey found the path of a weak, brief tornado that touched down on the shore of Lake Keowee at Mile Creek Park. A few trees were uprooted and several large branches broken.","A cold front moving across the region resulted in development of a line of scattered thunderstorms across Upstate South Carolina during the evening. A couple of the storms produced tornadoes in Pickens County, with one of those being significant.",260
1023225,ALLENDALE CO.,ALLENDALE OSWALD ARP,04/05/2022,1450,Tornado, ,EF3,0,1,0,0,SC,EST-5, ,167207,C,5,CHS,0,0,NWS Storm Survey, ,13.28,1000,5,S,2,NE,SYCAMORE,04/05/2022,1510,32.9286,-81.3756,33.0518,-81.1998,"A National Weather Service Storm Survey Team confirmed an EF-3 tornado with an estimated maximum wind speed of 137 mph in Allendale County, South Carolina. The tornado touched down just north of the intersection of Bluff Road and Best Loop Road at 250 PM, then tracked rapidly northeast across Fitts Road and St. Mark Road, where it completely destroyed a few mobile homes, and injured one person. The mobile home damage in this area was sufficient to justify a low-end EF-3 rating. The tornado then continued to the northeast across Burton Road and Allendale-Fairfax Highway, where it produced significant damage to a building and many trees. From here, the tornado continued a path across Confederate Highway and then across the northern end of Sycamore, ending on the northeast side of Sycamore near Williams Road at 310 PM. Most of the damage around the Sycamore area was to trees, as well as minor damage to some structures.","A severe quasi-linear convective system (QLCS) moved through southeast South Carolina during the afternoon into early evening hours of April 5, 2022 as a mid-level shortwave ejected rapidly across the region in advance of a surface cold front. The environment ahead of the QLCS was favorable for severe local storms as southerly winds spread mid 60 dewpoint temperatures into a warm sector across the Southeast United States and favorable mid-level lapse rates and lifted index values helped produce mixed layer convective available potential energy (MLCAPE) as high as 1500-2000 J/kg during peak surface heating across southeast South Carolina. Within the warm sector, strong shear associated with 50-70 knot low and mid-level jets beneath the left front quadrant of a 120 knot upper-level jet, 0-6 km bulk shear around 50 knots, and 0-3 km storm relative helicity in excess of 300 m2/s2 were supportive of well organized convection and potentially embedded supercell thunderstorms in a QLCS capable of producing a prolonged path of damaging winds and strong long-track tornadoes. As the QLCS swept through southeast South Carolina, a few discrete supercell thunderstorms became exceptionally strong near or just ahead of the main line of thunderstorms, producing damaging winds, moderate size hail, and strong tornadoes.||A total of 5 confirmed tornadoes occurred across southeast South Carolina in the Charleston County Warning Area, including two long track EF-3 tornadoes, one which developed in Allendale County southwest of Allendale, SC and ended near Sycamore, SC with an approximately 13.3 mile path, and a second tornado which began in Allendale County near Ulmar, SC, then crossed into the Columbia County Warning Area in Bamberg County at peak strength, before continuing and ending in Orangeburg County with an approximately 34.8 mile path. The South Carolina Forestry Commission estimated 3,389 forest acres damaged by strong winds and tornadoes in Allendale County alone during the severe weather outbreak.",261
1007122,BAMBERG CO.,EHRHARDT,04/05/2022,1518,Tornado, ,EF1,0,0,0,0,SC,EST-5, ,166394,C,9,CAE,0,0,NWS Storm Survey, ,3.73,250,4,WSW,1,NW,EHRHARDT,04/05/2022,1527,33.0736,-81.0799,33.1125,-81.0357,"A National Weather Service storm survey confirmed an EF1 tornado|in Bamberg County, SC just west Ehrhardt. The tornado had a path|length of about 3.75 miles with a maximum path width of 250 yards.|The peak wind associated with the tornado was 110 mph. The tornado touched down near St Johns Church Rd between Lizard Rd and Hi Ki Pen Rd. There was scattered tree damage, with both softwoods and hardwoods uprooted or snapped as it moved|northeast across Lizard Rd, Rib Eye Rd and Jager Rd. The tornado|then continued northeast across Low Country Hwy, snapping and|uprooting trees on Singleton Rd. The tornado intensified to EF1|intensity as it crossed a property on Pocketville Rd. The walls|and roof were blown off of a shed, multiple vehicles and a small|tractor were spun and shifted, shingles and siding were ripped off|of a house, and many large diameter pine trees were snapped. The|tornado then destroyed a shed, uprooted 12 large pecan trees, and|removed a portion of the tin off of a house at the intersection of|Pocketville Rd and Ehrhardt Rd before dissipating.","An upper level disturbance and the interaction of surface boundaries, along with increasing moisture, led to thunderstorms that developed and moved east across the region during the afternoon.  Sufficient atmospheric instability and shear led some of the thunderstorms to produce damaging wind and tornadoes, along with locally heavy rain.",262
1007123,BAMBERG CO.,FARRELLS XRDS,04/05/2022,1539,Tornado, ,EF0,0,0,0,0,SC,EST-5, ,166394,C,9,CAE,0,0,NWS Storm Survey, ,2.35,200,4,SW,2,SSW,FARRELLS XRDS,04/05/2022,1541,33.1807,-80.9262,33.1924,-80.8881,"A National Weather Service storm survey confirmed an EF0 tornado|in Bamberg County, SC just southwest of Farrell Crossroads. The|tornado had a path length of about 2.35 miles with a maximum path|width of 200 yards. The peak wind associated with the tornado was|85 mph. The tornado touched down just east of Hunters Chapel Rd,|crossed Bay View Rd, and dissipated east of Farrells Rd. The|tornado produced sporadic tree damage, with  with both softwoods|and hardwoods uprooted or snapped along its path.","An upper level disturbance and the interaction of surface boundaries, along with increasing moisture, led to thunderstorms that developed and moved east across the region during the afternoon.  Sufficient atmospheric instability and shear led some of the thunderstorms to produce damaging wind and tornadoes, along with locally heavy rain.",263
1007124,ORANGEBURG CO.,BRANCHVILLE,04/05/2022,1553,Tornado, ,EF0,0,0,0,0,SC,EST-5, ,166394,C,75,CAE,0,0,NWS Storm Survey, ,0.99,50,2,E,2,ENE,BRANCHVILLE,04/05/2022,1555,33.2472,-80.7916,33.2577,-80.78,"A National Weather Service storm survey confirmed an EF0 tornado|in Orangeburg County, SC just east of Branchville. The tornado|had a path length of about 1 mile with a maximum path width of|50 yards. The peak wind associated with the tornado was 80 mph. |The tornado touched down in the athletic fields adjacent to|Branchville High School on Dorange Rd. The metal roof was removed|from an equipment shed, the baseball field backstop was missing a|portion of its fencing, and the bleachers were displaced. The|tornado then continued northeast across a field, removing|sections of roof near the intersection of Thompson Rd and Sub Rd,|before dissipating.","An upper level disturbance and the interaction of surface boundaries, along with increasing moisture, led to thunderstorms that developed and moved east across the region during the afternoon.  Sufficient atmospheric instability and shear led some of the thunderstorms to produce damaging wind and tornadoes, along with locally heavy rain.",264
1007125,ORANGEBURG CO.,BOWMAN,04/05/2022,1607,Tornado, ,EF0,0,0,0,0,SC,EST-5, ,166394,C,75,CAE,0,0,NWS Storm Survey, ,0.76,200,1,SW,1,SW,BOWMAN,04/05/2022,1609,33.334,-80.6961,33.3417,-80.6868,"A National Weather Service storm survey confirmed an EF0 tornado|in Orangeburg County, SC near Bowman. The tornado had a path|length of about 0.75 miles with a maximum path width of 200 yards.|The peak wind associated with the tornado was 85 mph. The tornado touched down near Wayside Dr where it removed|portions of the tin exterior of a farm equipment storage barn and|shifted an unanchored helicopter more than 90 degrees. The|tornado then moved northeast across Dairy Ave where it caused|damage to approximately 6 acres of a solar farm. The tornado then|dissipated near Bowman Branch Hwy.","An upper level disturbance and the interaction of surface boundaries, along with increasing moisture, led to thunderstorms that developed and moved east across the region during the afternoon.  Sufficient atmospheric instability and shear led some of the thunderstorms to produce damaging wind and tornadoes, along with locally heavy rain.",265
1007064,AIKEN CO.,NEW HOLLAND XRDS,04/05/2022,1635,Tornado, ,EF2,0,1,0,0,SC,EST-5, ,166394,C,3,CAE,0,0,NWS Storm Survey, ,1.29,100,6,N,7,NW,SEIVERN,04/05/2022,1641,33.791,-81.4923,33.799,-81.472,"The National Weather Service storm survey confirmed an EF2 tornado from northern|Aiken County into southern Lexington County. The peak wind associated with the tornado was 130 mph.||The tornado touched down in Aiken Co near the intersection of Holder Rd and|Huckleberry Finn Rd. The tornado move quickly to the northeast crossing Holder Rd|and along Fishhook Ln. The tornado crossed into Lexington Co then dissipated in Lexington Co. ||While in Aiken Co, the tornado produced a path of downed branches, uprooted trees|and snapped trees. The most significant damage occurred along Holder Rd and|Fishhook Ln. The tornado damaged 3 homes and downed power lines in the area. A|small wooden home lost a portion of it's metal roof. A home was partially pushed off its|foundation. Some of the supporting piers collapsed and the home had signs of buckling|along the side and rear walls. This home is where the one injury (male, age unknown)|occurred, as the roof partially collapsed. The third home was damaged when a tree fell|on the roof. There were numerous downed, uprooted and snapped trees around the 3|homes. The area was initially inaccessible until county clean up crews arrived. ||The tornado continued northeast along Fishhook Ln where significant tree damage|occurred. There were numerous large hardwood and softwood trees that were snapped|at the end of Fishhook Ln. A small metal shed was destroyed. A rusted antique car was|moved approximately 50 feet where it had resided in the shed. A car engine was|moved approximately 35 feet from where it resided in the shed. The home on the|property had a couple of small areas of damage where the wooden siding was|removed. ||The tornado continued northeast and crossed into Lexington Co through the swampy|area at the headwaters of the North Fork of the Edisto River that includes Shirley|Branch and Chinquapin Creek.","An upper level disturbance and the interaction of surface boundaries, along with increasing moisture, led to thunderstorms that developed and moved east across the region during the afternoon.  Sufficient atmospheric instability and shear led some of the thunderstorms to produce damaging wind and tornadoes, along with locally heavy rain.",266
1007066,LEXINGTON CO.,SAMARIA,04/05/2022,1641,Tornado, ,EF2,0,0,0,0,SC,EST-5, ,166394,C,63,CAE,0,0,NWS Storm Survey, ,4.39,100,2,SSE,4,ENE,SAMARIA,04/05/2022,1647,33.799,-81.472,33.8328,-81.4072,"The National Weather Service storm survey confirmed an EF2 tornado from northern Aiken County into southern Lexington County. ||The tornado touched down in Aiken Co then moved NE and crossed into Lexington Co. ||The tornado continued to move NE and crossed I-20 just west of mile marker 39, near|exit 39. There was significant tree damage along the westbound lanes of I-20. Several|trees were uprooted and snapped in the vicinity.||The tornado moved NE crossing US Hwy 178 (Fairview Hwy) and produced some minor|damage to the roof and underpinning of 2 homes and uprooted a few small trees along|Annie Hallman Rd. The tornado dissipated just beyond the intersection of Annie|Hallman Rd and Live Oak Rd.","An upper level disturbance and the interaction of surface boundaries, along with increasing moisture, led to thunderstorms that developed and moved east across the region during the afternoon.  Sufficient atmospheric instability and shear led some of the thunderstorms to produce damaging wind and tornadoes, along with locally heavy rain.",267
1014514,ALLENDALE CO.,ULMERS,04/05/2022,1703,Tornado, ,EF1,0,0,0,0,SC,EST-5, ,167207,C,5,CHS,0,0,NWS Storm Survey, ,2.01,465,1,W,1,NNE,ULMERS,04/05/2022,1706,33.0993,-81.218,33.1154,-81.1889,"A National Weather Service Storm Survey Team confirmed an EF-1 tornado with an estimated maximum wind speed of 95 MPH in Allendale County, South Carolina, which eventually tracked northeast for nearly 35 miles, becoming a strong EF-3 tornado with an estimated maximum wind speed of 160 mph across Bamberg County, South Carolina before dissipating in Orangeburg County, South Carolina (see Storm Data from Columbia, South Carolina for Bamberg and Orangeburg Counties).||The long-track tornado initially developed in Allendale County, approximately 1/3 mile north of Highway 301 across a farm just west of Well Branch Road around 503 PM. Near this location, the tornado threw a grain silo and flipped and threw a few farm trailers and vehicles, consistent with an EF-1 tornado rating. The tornado continued northeast across Wells Branch Road, where it widened to approximately 465 yards and downed many trees before crossing into Bamberg County near the intersection of Highway 321 and Highway 301 at 506 PM.","A severe quasi-linear convective system (QLCS) moved through southeast South Carolina during the afternoon into early evening hours of April 5, 2022 as a mid-level shortwave ejected rapidly across the region in advance of a surface cold front. The environment ahead of the QLCS was favorable for severe local storms as southerly winds spread mid 60 dewpoint temperatures into a warm sector across the Southeast United States and favorable mid-level lapse rates and lifted index values helped produce mixed layer convective available potential energy (MLCAPE) as high as 1500-2000 J/kg during peak surface heating across southeast South Carolina. Within the warm sector, strong shear associated with 50-70 knot low and mid-level jets beneath the left front quadrant of a 120 knot upper-level jet, 0-6 km bulk shear around 50 knots, and 0-3 km storm relative helicity in excess of 300 m2/s2 were supportive of well organized convection and potentially embedded supercell thunderstorms in a QLCS capable of producing a prolonged path of damaging winds and strong long-track tornadoes. As the QLCS swept through southeast South Carolina, a few discrete supercell thunderstorms became exceptionally strong near or just ahead of the main line of thunderstorms, producing damaging winds, moderate size hail, and strong tornadoes.||A total of 5 confirmed tornadoes occurred across southeast South Carolina in the Charleston County Warning Area, including two long track EF-3 tornadoes, one which developed in Allendale County southwest of Allendale, SC and ended near Sycamore, SC with an approximately 13.3 mile path, and a second tornado which began in Allendale County near Ulmar, SC, then crossed into the Columbia County Warning Area in Bamberg County at peak strength, before continuing and ending in Orangeburg County with an approximately 34.8 mile path. The South Carolina Forestry Commission estimated 3,389 forest acres damaged by strong winds and tornadoes in Allendale County alone during the severe weather outbreak.",268
1023226,ALLENDALE CO.,ULMERS,04/05/2022,1703,Tornado, ,EF1,0,0,0,0,SC,EST-5, ,167207,C,5,CHS,0,0,NWS Storm Survey, ,1.29,100,2,WNW,1,NNW,ULMERS,04/05/2022,1705,33.1124,-81.2277,33.1118,-81.2055,"A National Weather Service Storm Survey Team confirmed an EF-1 tornado with an estimated maximum wind speed of 109 mph in Allendale County, South Carolina. High resolution satellite data combined with survey information|indicated the tornado touched down just west of Wells Branch Road, near the Allendale/Barnwell County Line. In this area, the tornado was strongest, snapping and uprooting many trees. The tornado then weakened while continuing an east path across a remote area, before dissipating near the CSX Railroad line, still within Allendale County, South Carolina.","A severe quasi-linear convective system (QLCS) moved through southeast South Carolina during the afternoon into early evening hours of April 5, 2022 as a mid-level shortwave ejected rapidly across the region in advance of a surface cold front. The environment ahead of the QLCS was favorable for severe local storms as southerly winds spread mid 60 dewpoint temperatures into a warm sector across the Southeast United States and favorable mid-level lapse rates and lifted index values helped produce mixed layer convective available potential energy (MLCAPE) as high as 1500-2000 J/kg during peak surface heating across southeast South Carolina. Within the warm sector, strong shear associated with 50-70 knot low and mid-level jets beneath the left front quadrant of a 120 knot upper-level jet, 0-6 km bulk shear around 50 knots, and 0-3 km storm relative helicity in excess of 300 m2/s2 were supportive of well organized convection and potentially embedded supercell thunderstorms in a QLCS capable of producing a prolonged path of damaging winds and strong long-track tornadoes. As the QLCS swept through southeast South Carolina, a few discrete supercell thunderstorms became exceptionally strong near or just ahead of the main line of thunderstorms, producing damaging winds, moderate size hail, and strong tornadoes.||A total of 5 confirmed tornadoes occurred across southeast South Carolina in the Charleston County Warning Area, including two long track EF-3 tornadoes, one which developed in Allendale County southwest of Allendale, SC and ended near Sycamore, SC with an approximately 13.3 mile path, and a second tornado which began in Allendale County near Ulmar, SC, then crossed into the Columbia County Warning Area in Bamberg County at peak strength, before continuing and ending in Orangeburg County with an approximately 34.8 mile path. The South Carolina Forestry Commission estimated 3,389 forest acres damaged by strong winds and tornadoes in Allendale County alone during the severe weather outbreak.",269
1011033,BAMBERG CO.,SCHOFIELD,04/05/2022,1706,Tornado, ,EF3,0,0,0,0,SC,EST-5, ,166394,C,9,CAE,0,0,NWS Storm Survey, ,19.79,500,1,SSE,4,E,BAMBERG CARLISLE ARP,04/05/2022,1734,33.1154,-81.1889,33.2718,-80.9022,"A National Weather Service survey team confirmed a EF3 tornado that began in eastern Allendale County and then moved into Bamberg County near the intersection of Hwy 321 and Hwy 301. The tornado then crossed into Orangeburg county just north of Hwy 78. In Bamberg county the tornado moved through a large forest of mostly softwood pine, with hardwood oaks in the forest for some stretch. As it approached Popeye Rd, the tornado strengthened into a strong EF3 with winds |estimated at 160 mph. Remarkable damage was done to both softwoods and |hardwoods in this forest, with an estimated 2 miles of 80-100% forest |blowdown. In a particularly intense section, the tornado scoured the |ground and stripped pine needles off of young pine trees. Additionally,|many younger pine trees in this area were debarked and delimbed. On |either side of this were sections of pine and oak that had been snapped|low, at or below 5 feet, to the ground. Strong EF3 damage is estimated |to have continued from Popeye Road across Kirkland Creek and then |towards Wild Flower Road in Bamberg County. From here, the tornado |weakened a bit  as it approached Alligator road. The tornado was near |its peak width at this time, then striking a more residential area along|Carver road. Here, one mobile home was completely destroyed, with a home|having its roof completely removed and some partial wall collapses. On |either side of the center of the track, other homes sustained different |degrees of damage to their roofs and siding. The tornado continued |northeastward and maintained EF2 strength, primarily causing damage |to trees. Much of the damage on Macedonia Church Rd was from trees |falling on homes. The tornado showed signs of weakening by this point |as it approached Orangeburg county, and it is distinctly possible that |there were multiple weak vortexes impacting only  the tops of trees. EF0|and weak EF1 damage was noted until the county line with Orangeburg.","An upper level disturbance and the interaction of surface boundaries, along with increasing moisture, led to thunderstorms that developed and moved east across the region during the afternoon.  Sufficient atmospheric instability and shear led some of the thunderstorms to produce damaging wind and tornadoes, along with locally heavy rain.",270
1007055,LEXINGTON CO.,GASTON,04/05/2022,1720,Tornado, ,EF1,0,0,0,0,SC,EST-5, ,166394,C,63,CAE,0,0,NWS Storm Survey, ,3.62,40,0,NNE,4,ENE,GASTON,04/05/2022,1726,33.8261,-81.0973,33.844,-81.038,"The tornado initially touched down along US Hwy 321 just north of the town of|Gaston. The tornado brought down several large branches and damaged a highway|speed sign. The tornado continued to move northeast near Ball Park Road. The most|significant damage began near the Lexington County and Calhoun County line along|Dixon Rd and Savany Hunt Creek Rd.  The tornado then continued into Calhoun Co where it dissipated just before reaching the Congaree River.","An upper level disturbance and the interaction of surface boundaries, along with increasing moisture, led to thunderstorms that developed and moved east across the region during the afternoon.  Sufficient atmospheric instability and shear led some of the thunderstorms to produce damaging wind and tornadoes, along with locally heavy rain.",271
1023224,HAMPTON CO.,VARNVILLE,04/05/2022,1720,Tornado, ,EF0,0,0,0,0,SC,EST-5, ,167207,C,49,CHS,0,0,NWS Storm Survey, ,1.74,250,1,SW,1,ENE,VARNVILLE,04/05/2022,1724,32.8435,-81.0761,32.8561,-81.0502,"A National Weather Service Storm Survey Team confirmed an EF-0 tornado with an estimated maximum wind speed of 82 mph in Hampton County, South Carolina. The weak tornado initially touched down just west of Pepper Street, then tracked northeast across U.S. 278, snapping and uprooting trees and causing minor roof damage to one home near the intersection of Oak Street and Howard Street. The tornado then continued a northeast path across a mostly wooded area, where it snapped and uprooted trees, before ending in an open field just east of the intersection of Papas Road and Mill Pond Road, where it snapped and uprooted a few more trees, overturned utility trailers, and threw a small grain bin.","A severe quasi-linear convective system (QLCS) moved through southeast South Carolina during the afternoon into early evening hours of April 5, 2022 as a mid-level shortwave ejected rapidly across the region in advance of a surface cold front. The environment ahead of the QLCS was favorable for severe local storms as southerly winds spread mid 60 dewpoint temperatures into a warm sector across the Southeast United States and favorable mid-level lapse rates and lifted index values helped produce mixed layer convective available potential energy (MLCAPE) as high as 1500-2000 J/kg during peak surface heating across southeast South Carolina. Within the warm sector, strong shear associated with 50-70 knot low and mid-level jets beneath the left front quadrant of a 120 knot upper-level jet, 0-6 km bulk shear around 50 knots, and 0-3 km storm relative helicity in excess of 300 m2/s2 were supportive of well organized convection and potentially embedded supercell thunderstorms in a QLCS capable of producing a prolonged path of damaging winds and strong long-track tornadoes. As the QLCS swept through southeast South Carolina, a few discrete supercell thunderstorms became exceptionally strong near or just ahead of the main line of thunderstorms, producing damaging winds, moderate size hail, and strong tornadoes.||A total of 5 confirmed tornadoes occurred across southeast South Carolina in the Charleston County Warning Area, including two long track EF-3 tornadoes, one which developed in Allendale County southwest of Allendale, SC and ended near Sycamore, SC with an approximately 13.3 mile path, and a second tornado which began in Allendale County near Ulmar, SC, then crossed into the Columbia County Warning Area in Bamberg County at peak strength, before continuing and ending in Orangeburg County with an approximately 34.8 mile path. The South Carolina Forestry Commission estimated 3,389 forest acres damaged by strong winds and tornadoes in Allendale County alone during the severe weather outbreak.",272
1007056,CALHOUN CO.,HAMMOND XRDS,04/05/2022,1726,Tornado, ,EF1,0,0,0,0,SC,EST-5, ,166394,C,17,CAE,0,0,NWS Storm Survey, ,2.23,40,11,NW,10,NW,HAMMOND XRDS,04/05/2022,1729,33.844,-81.038,33.8518,-81.0003,"The tornado touched down in Lexington County along US Hwy 321 just north of the|town of Gaston. The tornado moved east and crossed into Calhoun County near Dixon|Rd and Savany Hunt Creek Rd. The tornado then crossed I-26 near mile marker 122.|Between the county line and I-26, the tornado brought down numerous large limbs,|uprooted trees and snapped a few pine trees. The tornado continued northeast to|Plantation Estates Rd. The tornado uprooted and snapped several pine trees. The|tornado ended just before reaching the Congaree River.","An upper level disturbance and the interaction of surface boundaries, along with increasing moisture, led to thunderstorms that developed and moved east across the region during the afternoon.  Sufficient atmospheric instability and shear led some of the thunderstorms to produce damaging wind and tornadoes, along with locally heavy rain.",273
1011034,ORANGEBURG CO.,BRANCHVILLE,04/05/2022,1734,Tornado, ,EF1,0,0,0,0,SC,EST-5, ,166394,C,75,CAE,0,0,NWS Storm Survey, ,12.69,350,5,WNW,2,WNW,BOWMAN,04/05/2022,1753,33.2718,-80.9022,33.3642,-80.7123,"A National Weather Service survey team confirmed a tornado that began in eastern Allendale County, moved across Bamberg County, and then crossed into Orangeburg County just north of Hwy 78. At its strongest, the tornado was an EF3 in Bamberg County, but produced EF1 damage in Orangeburg County.  In Orangeburg County, the tornado approached the North Fork of the Edisto river and impacted a couple of homes, resulting in significant tree damage on both|properties. As the tornado approached Freedom Road in Orangeburg County, it produced EF0 and EF1 damage as it continued to snap trees. The tornado |continued to weaken gradually as it approached Bowman, finally dissipating about 2 miles north of the town.","An upper level disturbance and the interaction of surface boundaries, along with increasing moisture, led to thunderstorms that developed and moved east across the region during the afternoon.  Sufficient atmospheric instability and shear led some of the thunderstorms to produce damaging wind and tornadoes, along with locally heavy rain.",274
1022779,DORCHESTER CO.,BYRD,04/05/2022,1812,Tornado, ,EF0,0,0,0,0,SC,EST-5, ,167207,C,35,CHS,0,0,NWS Storm Survey, ,5.6,50,0,SE,1,SE,HARLEYVILLE,04/05/2022,1819,33.169,-80.5188,33.2106,-80.4357,"A National Weather Service Storm Survey Team confirmed an EF-0 tornado with an estimated maximum wind speed of 73 mph in Dorchester County, South Carolina.|The tornado touched down near the intersection of U.S. Route 78 and Horne Taylor Rd, then continued northeast across a mostly wooded area, producing sporadic tree damage. The tornado ended just northeast of East Main Street, in Harleyville, SC.","A severe quasi-linear convective system (QLCS) moved through southeast South Carolina during the afternoon into early evening hours of April 5, 2022 as a mid-level shortwave ejected rapidly across the region in advance of a surface cold front. The environment ahead of the QLCS was favorable for severe local storms as southerly winds spread mid 60 dewpoint temperatures into a warm sector across the Southeast United States and favorable mid-level lapse rates and lifted index values helped produce mixed layer convective available potential energy (MLCAPE) as high as 1500-2000 J/kg during peak surface heating across southeast South Carolina. Within the warm sector, strong shear associated with 50-70 knot low and mid-level jets beneath the left front quadrant of a 120 knot upper-level jet, 0-6 km bulk shear around 50 knots, and 0-3 km storm relative helicity in excess of 300 m2/s2 were supportive of well organized convection and potentially embedded supercell thunderstorms in a QLCS capable of producing a prolonged path of damaging winds and strong long-track tornadoes. As the QLCS swept through southeast South Carolina, a few discrete supercell thunderstorms became exceptionally strong near or just ahead of the main line of thunderstorms, producing damaging winds, moderate size hail, and strong tornadoes.||A total of 5 confirmed tornadoes occurred across southeast South Carolina in the Charleston County Warning Area, including two long track EF-3 tornadoes, one which developed in Allendale County southwest of Allendale, SC and ended near Sycamore, SC with an approximately 13.3 mile path, and a second tornado which began in Allendale County near Ulmar, SC, then crossed into the Columbia County Warning Area in Bamberg County at peak strength, before continuing and ending in Orangeburg County with an approximately 34.8 mile path. The South Carolina Forestry Commission estimated 3,389 forest acres damaged by strong winds and tornadoes in Allendale County alone during the severe weather outbreak.",275
1007071,CLARENDON CO.,MANNING,04/05/2022,1838,Tornado, ,EF2,0,0,0,0,SC,EST-5, ,166394,C,27,CAE,0,0,NWS Storm Survey, ,2.76,140,1,SW,2,NE,MANNING,04/05/2022,1842,33.6907,-80.2292,33.7196,-80.1961,"A National Weather Service storm survey confirmed an EF2 tornado in Clarendon|County, SC in the city of Manning. The tornado had a path length of nearly 3 miles with|a maximum path width of 140 yards. The peak wind associated with the tornado was|115 mph.||The tornado touched down near the corner of W Huggins St and Brunson St. The|tornado pealed back a large portion of the roof of a building at that intersection,|destroyed a playset, and bent a metal basketball hoop post. The tornado tracked north-|northeast, crossing Paxville Hwy, then flipped a pickup truck in the parking lot of|Walmart, shifted two rooftop HVAC units approximately 15 feet at the Walmart, and|lifted and bent roof trusses of the structure. The tornado turned northeast and|knocked down numerous trees at the Kensington Pointe Apartments, and along|Manchester Dr and Michael Ct just northeast of the apartments. Minor roof damage was |also observed to several homes in this area, with mainly a loss of shingles.||The tornado then intensified as it approached and crossed Old Georgetown Rd, |producing the most significant damage in the vicinity of Bob White Dr and Gossett Ct.|Two newer construction homes suffered significant damage in this area and several|others had minor damage. The two homes with the most damage had garage|failure and one of them had complete uplift of the roof and all of the walls blown out in|the room over the garage. Two vehicles in the driveway and one in the garage were|shifted several feet. All of the windows in the front of the other house were blown out.|The tornado then moved across the Pocotaligo River and weakened before snapping a|few trees and overturning a trailer at a business near the intersection of Sumter Hwy|and June Burn Rd where the tornado eventually dissipated.","An upper level disturbance and the interaction of surface boundaries, along with increasing moisture, led to thunderstorms that developed and moved east across the region during the afternoon.  Sufficient atmospheric instability and shear led some of the thunderstorms to produce damaging wind and tornadoes, along with locally heavy rain.",276
1013170,MARION CO.,BRITTON NECK,04/05/2022,1851,Tornado, ,EF1,0,0,0,0,SC,EST-5, ,166600,C,67,ILM,0,0,NWS Storm Survey, ,0.62,50,2,ESE,2,E,BRITTON NECK,04/05/2022,1852,33.8947,-79.3035,33.9006,-79.2954,"The tornado developed in a forested area north of Hwy 378 and|east of Hwy 908 on the west side of Bay Road in southeast Marion|County. The tornado tracked east-northeast and moved across Bay|Road causing damage to trees and some damage to a few structures.|The tornado then tracked across the Little Pee Dee River and across western Horry County for another 4.8 miles before dissipating at 1857 EST. While in Marion County it was rated as EF-1 (100 mph), but in Horry County, it was rated as EF-0 (80 mph).  Average path width in Marion County was 50 yards.","A strong shortwave helped initiate pre-frontal convection in a high shear and moderately unstable environment.",277
1032177,HORRY CO.,TOMPKINS,04/05/2022,1852,Tornado, ,EF0,0,0,0,0,SC,EST-5, ,166600,C,51,ILM,0,0,NWS Storm Survey, ,4.78,40,3,WSW,0,SW,JONESTOWN,04/05/2022,1857,33.9006,-79.2954,33.9472,-79.2337,"This tornado formed in Marion County just west of the Pee Dee River prior to moving into Horry County. After the tornado moved into Horry County it gradually weakened but it caused damage to trees and some structures as it moved across Gunters Island Road and nearly parallel to Old Camp Road. The tornado then moved across Pee Dee Road South causing additional damage to a few homes and several trees, before finally dissipated near Luck Road. While in Marion County, it was rated as EF-1 (100 mph), but in Horry County it was rated EF-0 (80 mph). Average path width in Horry County was 40 yards.","A strong shortwave helped initiate pre-frontal convection in a high shear and moderately unstable environment.",278
1022671,COLLETON CO.,STOKES,04/06/2022,2159,Tornado, ,EF0,0,0,0,0,SC,EST-5, ,167459,C,29,CHS,0,0,NWS Storm Survey, ,1.02,100,4,SSW,4,S,STOKES,04/06/2022,2202,32.9187,-80.7411,32.9171,-80.7237,"A National Weather Service Storm Survey Team confirmed an EF-0 tornado with an estimated maximum wind speed of 75 mph in Colleton County, South Carolina. The weak tornado began just west of Alison Lane, where it snapped and uprooted a few trees, before tracking east across a wooded area where it snapped additional trees. The tornado then tracked across Sandy Springs Circle, before ending in a wooded area just east of Sandy Springs Circle, snapping and uprooting more trees and destroying a fence along its path.","Strong deep-layered forcing and modest warm air advection under the left exit region of a 150 kt upper-level jet led to an environment displaying mixed layered convective available potential energy (MLCAPE) between 1500-1800 J/kg, enhanced downdraft CAPE (DCAPE), and upper 60 to lower 70 surface dewpoint temperatures supportive of vigorous thunderstorms late afternoon into evening hours. Heading into early evening hours, numerous thunderstorms developed across the local area, initially producing hail and damaging winds well ahead of a strengthening quasi-liner convective system (QLCS) well inland. As the QLCS tracked across southeast South Carolina during late evening hours, shear profiles were supportive of embedded supercell thunderstorms capable of producing damaging straight-line winds within bowing line segments (rear inflow jet) and tornadoes near bookend vortices.",279
1029581,PICKENS CO.,CROW CREEK,05/06/2022,1514,Tornado, ,EF1,0,0,10000,0,SC,EST-5, ,169932,C,77,GSP,0,0,NWS Storm Survey, ,0.53,150,1,NNE,2,NNE,CROW CREEK,05/06/2022,1516,34.939,-82.738,34.944,-82.731,"NWS storm survey found a brief tornado touched down on Hagood Mill Road, just south of E Preston McDaniel Rd where a few trees were uprooted. The tornado tracked northeast to Earnest Way, where several trees were uprooted and snapped, and the roofs of a couple of mobile homes were damaged. The tornado continued northeast, where extensive tree damage was noted on private property with dozens of trees snapped or uprooted. As the tornado continued across E Preston McDaniel Road, additional trees were downed and the roof structure over a porch collapsed at a church before the tornado lifted.","Scattered to numerous thunderstorms developed ahead of a frontal system throughout the afternoon and evening across upstate South Carolina. Several of the storms produced brief large hail and damaging winds, while an EF1 tornado developed in Pickens County.",280
1029935,CHESTER CO.,BECKHAMVILLE,05/23/2022,1735,Tornado, ,EF0,0,0,0,0,SC,EST-5, ,169982,C,23,GSP,0,0,NWS Storm Survey, ,0.45,25,4,W,3,W,BECKHAMVILLE,05/23/2022,1736,34.572,-80.983,34.578,-80.98,"NWS storm survey found the short path of a weak tornado that touched down near Dewitt Rd between Mathis Dr and Ross Dye Rd and moved north-northeast, snapping numerous tree limbs and uprooting a few trees.","Lines and clusters of thunderstorms developed throughout the afternoon and evening ahead of a frontal system across the South Carolina piedmont. Several of the storms produced brief damaging wind gusts, along with a couple of brief, weak tornadoes.",281
1029939,SPARTANBURG CO.,MOUNTAIN VIEW,05/23/2022,1809,Tornado, ,EF1,0,0,40000,0,SC,EST-5, ,169982,C,83,GSP,0,0,NWS Storm Survey, ,5.25,200,1,WSW,2,S,CHESNEE,05/23/2022,1820,35.072,-81.945,35.12,-81.873,"NWS storm survey found the path of an EF1 tornado that touched down near Old Kimbrell Road just north of Oak Grove Farm Rd, where numerous trees were downed. The tornado moved northeast knocking down multiple trees as it crossed Berry Rd, Parris Bridge Rd, and Sandy Ford Rd. The track was briefly lost in the remote bottoms of the Pacolet River northeast of Sandy Ford Rd, but was picked up again along Buck Creek Rd, where the most significant damage was observed. A large outbuilding lost much of its roof structure at this location. Other outbuildings saw less significant damage in this area.     Tree damage continued northeast to Henderson Hill Rd and Revels Road where the tornado lifted.","Lines and clusters of thunderstorms developed throughout the afternoon and evening ahead of a frontal system across the South Carolina piedmont. Several of the storms produced brief damaging wind gusts, along with a couple of brief, weak tornadoes.",282
1024396,COLLETON CO.,RITTER,05/26/2022,615,Tornado, ,EF0,0,0,0,0,SC,EST-5, ,169106,C,29,CHS,0,0,NWS Storm Survey, ,0.69,75,3,WSW,3,W,RITTER,05/26/2022,617,32.7702,-80.674,32.7802,-80.6739,"A National Weather Service storm survey team confirmed an EF-0 tornado in Colleton County near Ritter. A weak, small, and short-lived tornado touched down just south of Ritter Road. The tornado moved northward crossing near a residence, where it destroyed a child's wooden playhouse and uprooted several pine trees. The small tornado moved a few hundred yards northward before dissipating in a heavily wooded area.","A line of isolated thunderstorms developed just south of a nearby warm front just before sunrise. In the presence of sufficient shear and instability, one thunderstorm produced a short-lived tornado that produced minor damage in Colleton County.",283
1024109,HORRY CO.,ALLEN,05/27/2022,1557,Tornado, ,EF0,0,0,0,0,SC,EST-5, ,169054,C,51,ILM,0,0,NWS Storm Survey, ,0.99,15,1,SW,0,S,ALLEN,05/27/2022,1602,33.9089,-79.0653,33.9161,-79.0507,"The weak tornado initially touched down in woods south of West|Homewood Road and east of SC 319, where a 10 diameter hardwood|was snapped. The tornado moved to the northeast through the woods|on the south side of West Homewood Road and then crossed West|Homewood Road impacting a mobile home park. Minor damage|occurred to about 10 homes in the mobile home park. Underpinning was blown|out (some pieces deposited nearly a mile away near highway 701), trim|was ripped off, as well as some pieces of siding. The tornado|broke several small limbs as it lifted near the edge of the woods|east of the mobile home park.","A supercell thunderstorm produced two tornadoes in Horry County during the afternoon.",284
1024119,HORRY CO.,LORIS,05/27/2022,1632,Tornado, ,EF0,0,0,0,0,SC,EST-5, ,169054,C,51,ILM,0,0,NWS Storm Survey, ,0.99,20,0,WNW,1,N,LORIS,05/27/2022,1633,34.0513,-78.8869,34.064,-78.8788,"The weak tornado touched down near Circle Dr in the city of Loris |where it knocked down a large tree and some large limbs. It moved |toward the north-northeast causing mainly damage to trees along a |small portion of Main St and Monroe St. A security camera captured |the small tornado as it moved by the intersection of Azalea Dr and |Graham St. Eventually, the tornado lifted near Fox Bay Rd. Additional |video showed the funnel as it passed east of the Loris Motel, but no |damage was observed in that area.","A supercell thunderstorm produced two tornadoes in Horry County during the afternoon.",285
1029179,DARLINGTON CO.,SYRACUSE,06/16/2022,1727,Tornado, ,EF0,0,0,0,0,SC,EST-5, ,169856,C,31,ILM,0,0,NWS Storm Survey, ,3.7,25,3,WNW,1,SE,SYRACUSE,06/16/2022,1734,34.24,-80.02,34.22,-79.96,"The tornado formed in a wooded area west of Lawson Grove Rd, then caused tree damage as it crossed Lawson Grove Rd. The tornado continued toward the southeast and flipped a large agricultural irrigation system in a corn field along Joja Rd. Next, the tornado crossed Philadelphia St. and caused damage to trees before causing minor flashing and roof shingle damage at the Philadelphia Methodist Church. It also destroyed an outdoor storage building and knocked down a few granite headstones in the adjacent graveyard. The tornado continued toward the southeast across fields and a forest south of Philadelphia St. Finally, the tornado weakened as it moved across S Center Rd where it ripped a metal roof off a single wide mobile home and caused minor roof damage to a home on the east side of S Center Rd as it lifted.","Clusters of severe thunderstorms resulted in several areas with wind damage and an isolated tornado across portions of the Pee Dee region.",286
1044423,COLLETON CO.,EDISTO BEACH,07/09/2022,1629,Tornado, ,EF0,0,0,0,0,SC,EST-5, ,171681,C,29,CHS,0,0,Emergency Manager, ,0.03,25,1,NE,1,NE,EDISTO BEACH,07/09/2022,1630,32.4898,-80.3151,32.4903,-80.3151,"Colleton County Emergency Management received a report of a waterspout that moved onshore from the occupants at 902 Palmetto Boulevard on Edisto Beach. A section of metal roofing was tossed into nearby powerlines and caused a transformer to blow.","A broken line of thunderstorms developed and moved across southeast South Carolina in the afternoon hours. A few portions of the line of thunderstorms became severe and produced damaging wind gusts.",287
1058011,CHARLESTON CO.,TEN MILE,09/10/2022,21,Tornado, ,EF0,0,0,0,0,SC,EST-5, ,174525,C,19,CHS,0,0,NWS Storm Survey, ,0.68,125,1,WSW,1,WNW,TEN MILE,09/10/2022,23,32.875,-79.7514,32.8846,-79.7537,"A NWS storm survey team confirmed that a brief EF-0 tornado occurred near Highway 17 in Mount Pleasant. The weak and short-lived tornado touched down on Zacoma Drive and traveled north-northwest and dissipated near the intersection of Highway 17 and Lieben Road. Damage was mostly confined to small trees and large limbs, but there was some minor roof damage to a Mount Pleasant Public Works building off of Lieben Road. Damage was limited to a small area along Zacoma Drive, Ty Lane, Tower Drive, and Lieben Road. The damage pattern in this area was consistent with an EF-0 tornado with maximum estimated winds around 70 mph.","Isolated thunderstorms developed across the South Carolina coastal waters in the early morning hours and moved onshore along the Charleston County coast. These thunderstorms developed near a stationary front where there was enough shear, helicity, and instability to produce rotation. One thunderstorm produced a brief tornado as it moved onshore in Charleston County.",288
1064986,AIKEN CO.,WAGENER,01/04/2023,1027,Tornado, ,EF0,0,0,0,0,SC,EST-5, ,175514,C,3,CAE,0,0,NWS Storm Survey, ,3.49,75,3,SSW,1,W,PERRY,01/04/2023,1030,33.6098,-81.3907,33.6323,-81.3364,"A National Weather Service survey team confirmed an EF-0 tornado with peak winds of|80 mph that tracked south of Wagener in Aiken County. The tornado started near|Stonemill Road, crossing Holiness Church Road then moved northeast across South Dixie|Road and dissipated near Jeffcoat Road. Over the 3.5 mile track, the tornado destroyed|a dock outbuilding and snapped and uprooted multiple pine trees particularly along Otis|Baughman Sr Road.","A prefrontal band of showers and thunderstorms produced some wind damage, as well as several tornadoes in the central Midlands of SC in the morning.",289
1065046,LEXINGTON CO.,GILBERT,01/04/2023,1030,Tornado, ,EF0,0,0,0,0,SC,EST-5, ,175514,C,63,CAE,0,0,NWS Storm Survey, ,1.43,50,3,SE,4,SSW,BARR,01/04/2023,1032,33.8859,-81.3356,33.8808,-81.3114,"A National Weather Service survey team confirmed an EF-0 tornado with peak winds|of 80 mph that tracked across western Lexington County, southeast of Gilbert. The|tornado began just west of Liberty Hill Road then crossed Calks Ferry Road, before|dissipating near Nazareth Road. Over the 1.4 mile track, the tornado produced sporadic|damage, snapping and uprooting multiple pine trees and downing power lines along Calks|Ferry Road.","A prefrontal band of showers and thunderstorms produced some wind damage, as well as several tornadoes in the central Midlands of SC in the morning.",290
1065047,LEXINGTON CO.,POOLES XRDS,01/04/2023,1040,Tornado, ,EF1,0,0,0,0,SC,EST-5, ,175514,C,63,CAE,0,0,NWS Storm Survey, ,4,50,1,WSW,3,ENE,POOLES XRDS,01/04/2023,1047,33.6653,-81.1892,33.68,-81.122,"A National Weather Service survey team confirmed an EF-1 tornado with peak winds|of 90 mph that touched down north of Woodford, in Lexington County. The tornado|started near the intersection to Cedar Creek Road and Highway 178. The EF-1|damage began shortly afterward along Pooles Mill Road where extensive hardwood and|softwood tree damage was found. The tornado produced EF-0 damage at Whetstone|Road and then traveled northeast along Hydrick Road before crossing Jones Wire and|Woodford Road. The EF-1 damage was only noted in the area along Pooles Mill Road|with sporadic EF-0 along the remainder of the track.  The tornado crossed into Orangeburg County just southeast of the intersection of Jones Wire Road and Woodford Road.  The tornado continued in Orangeburg County, causing EF-0 damage, then dissipated just northeast of the intersection of Hoffman Road and Lightning Hill Road.","A prefrontal band of showers and thunderstorms produced some wind damage, as well as several tornadoes in the central Midlands of SC in the morning.",291
1065036,LEXINGTON CO.,EDMUND,01/04/2023,1042,Tornado, ,EF0,0,0,0,0,SC,EST-5, ,175514,C,63,CAE,0,0,NWS Storm Survey, ,4.58,50,2,WNW,2,SW,CONGAREE,01/04/2023,1051,33.8849,-81.2369,33.8843,-81.1571,"National Weather Service survey team confirmed an EF-0 tornado with peak winds of|75 mph that tracked across central Lexington county, north of Shuler. The tornado|began near the Bluefield West neighborhood, located east of McLee Rd, where it|caused some minor damage including overturning playground equipment. The tornado|then moved eastward across S Lake Drive, Cathy Lane and Old Orangeburg Rd before|continuing east-southeast across Beckman Road then into an inaccessible field.|Farther southeast along its path, the tornado crossed Norman Drive and Highway 302|near Gator Drive, before dissipating near Greenwood Drive. Along its approximately 4.7|mile path, the tornado produced sporadic damage mainly snapping and uprooting trees|and large branches.","A prefrontal band of showers and thunderstorms produced some wind damage, as well as several tornadoes in the central Midlands of SC in the morning.",292
1065048,ORANGEBURG CO.,WOODFORD,01/04/2023,1047,Tornado, ,EF0,0,0,0,0,SC,EST-5, ,175514,C,75,CAE,0,0,NWS Storm Survey, ,2.62,50,1,N,3,ENE,WOODFORD,01/04/2023,1050,33.68,-81.122,33.6863,-81.077,"A tornado that touched down in Lexington County, near the intersection of Cedar Creek|Road and US Highway 178, and reached EF-1 intensity, weakened into an EF-0 before|crossing into Orangeburg County just southeast of the intersection of Jones Wire Road|and Woodford Road.  The tornado continued in Orangeburg County, causing EF-0 damage with downed trees along the path, as it crossed Savannah Highway (US Hwy 321) then dissipated just northeast of the intersection of Hoffman Road and Lightning Hill Road.","A prefrontal band of showers and thunderstorms produced some wind damage, as well as several tornadoes in the central Midlands of SC in the morning.",293
1065049,CALHOUN CO.,HAMMOND XRDS,01/04/2023,1102,Tornado, ,EF0,0,0,0,0,SC,EST-5, ,175514,C,17,CAE,0,0,NWS Storm Survey, ,0.12,25,4,SW,4,SW,HAMMOND XRDS,01/04/2023,1103,33.7079,-80.9301,33.7083,-80.9281,"A National Weather Service survey team confirmed a brief EF-0 tornado with peak|winds of 75 mph in western Calhoun County. The tornado briefly developed east of|Ott Sisters Road before crossing Sweetbay Road. Several pine trees were snapped|and uprooted in a small wooded area, only producing damage for 200 yards. The|damage was further corroborated with a short lived debris signature on the KCAE|radar.","A prefrontal band of showers and thunderstorms produced some wind damage, as well as several tornadoes in the central Midlands of SC in the morning.",294
1079282,LAURENS CO.,JOANNA,01/12/2023,1739,Tornado, ,EF1,0,0,0,0,SC,EST-5, ,177461,C,59,GSP,0,0,NWS Storm Survey, ,9.05,100,1,WSW,4,NE,RENNO,01/12/2023,1750,34.412,-81.815,34.517,-81.72,"NWS storm survey found the path of an EF1 tornado that touched down near the center of Joanna, damaging a car wash and fire station garage door. The tornado traveled northeast on a broken path through Joanna, causing sporadic minor damage as it crossed Hawkins Cir, Shady Grove Rd, E Frontage Rd. The tornado intensified around Renno Rd, where numerous large trees were snapped or uprooted, some down on houses. The tornado continued northeast, crossing Highway 72, where additional large trees were downed. The tornado appeared to lift just past Highway 72.","A line of heavy rain showers and thunderstorms moved across upstate South Carolina during the afternoon and evening in advance of a cold front. Embedded severe thunderstorms resulted in areas of damaging wind gusts and even a couple of weak tornadoes.",295
1079280,GREENWOOD CO.,HARRIS,01/12/2023,1823,Tornado, ,EF1,0,0,200000,0,SC,EST-5, ,177461,C,47,GSP,0,0,NWS Storm Survey, ,2.07,75,1,NE,0,N,(GRD)GREENWOOD CO AR,01/12/2023,1826,34.247,-82.186,34.255,-82.151,"NWS storm survey found the path of an EF1 tornado that began near the intersection of Deadfall Rd and North Acres Rd where scattered large trees were uprooted or snapped. The tornado then intensified as it moved east/ northeast, paralleling Deadfall Rd crossing Cokesbury Rd,  where numerous large trees were uprooted or snapped, with some trees down on homes. Extensive damage to two houses were found in this area. The tornado weakened as it approached Green Oaks Rd, with additional tree damage before the path was lost in an inaccessible area on the west side of the Greenwood County Airport. However, an official measured wind gust of 75 mph at the airport was assumed to be associated with the remnant circulation. No additional damage was found downstream of the airport.","A line of heavy rain showers and thunderstorms moved across upstate South Carolina during the afternoon and evening in advance of a cold front. Embedded severe thunderstorms resulted in areas of damaging wind gusts and even a couple of weak tornadoes.",296
1090601,LAURENS CO.,HICKORY TAVERN,03/03/2023,1914,Tornado, ,EF1,0,0,50000,0,SC,EST-5, ,179117,C,59,GSP,0,0,NWS Storm Survey, ,16.42,50,5,NNW,2,NE,LANFORD,03/03/2023,1931,34.589,-82.226,34.644,-81.945,"NWS storm survey determined that a tornado touched down in northwest Laurens County, just west of Fairview Rd and traveled east/northeast toward Barnyard Rd. Numerous trees were snapped or uprooted along this segment of the path, and a couple of large trees fell on and damaged a home on Barnyard Ct. The tornado continued E/NE, downing additional trees as it crossed Deck Rd and Greenpond Rd. The path became more intermittent at that point until it approached the town of Gray Court, where tree damage again became more concentrated. The tornado continued E/NE of Gray Court, mostly remaining to the south of, but roughly paralleling Highway 92 until crossing Highway 221. The tornado then crossed the Enoree River into Spartanburg County about 1.5 miles southeast of the town of Enoree. Dozens of large trees were snapped or uprooted in the area between Gray Court and the county line.","Multiple lines and clusters of thunderstorms moved into upstate South Carolina during the late afternoon and evening ahead of a cold front. Multiple reports of wind damage were received across the Piedmont and foothills. Meanwhile, a weak tornado tracked across northern Laurens County into far southern Spartanburg County.",297
1090602,SPARTANBURG CO.,ENOREE,03/03/2023,1931,Tornado, ,EF1,0,0,0,0,SC,EST-5, ,179117,C,83,GSP,0,0,NWS Storm Survey, ,4.85,50,1,SE,2,NNW,CROSS ANCHOR,03/03/2023,1937,34.644,-81.945,34.676,-81.869,"NWS storm survey found that the path of a weak tornado that began in the Gray Court area of Laurens County crossed the Enoree River into Spartanburg County about 1.5 miles southeast of the Enoree community. Damage was entirely limited to uprooted trees and snapped limbs, with some large uprooted trees observed as the tornado crossed I-26 between mile markers 41 and 42. The path crossed Highway 92 and Cross Anchor Rd before lifting near the intersection of Starnes Rd and Adrienne Rd.","Multiple lines and clusters of thunderstorms moved into upstate South Carolina during the late afternoon and evening ahead of a cold front. Multiple reports of wind damage were received across the Piedmont and foothills. Meanwhile, a weak tornado tracked across northern Laurens County into far southern Spartanburg County.",298
1136732,PICKENS CO.,SIX MILE,08/03/2023,1516,Tornado, ,EF0,0,0,1000,0,SC,EST-5, ,185363,C,77,GSP,0,0,NWS Storm Survey, ,0.66,50,3,E,3,W,PICKENS CO ARPT,08/03/2023,1517,34.822,-82.76,34.819,-82.749,"NWS storm survey found the path of a brief, weak tornado that produced mainly tree damage and minor damage to outbuildings. The tornado touched down in a wooded area between Stewart Gin Rd and Riggins Bridge Rd and traveled east/southeast before lifting along Hayfield Ln.","An area of rain showers with scattered embedded thunderstorm moved across the South Carolina foothills during the late afternoon. The storms produced a couple of short tack, weak tornadoes in Pickens County.",299
1136733,PICKENS CO.,PICKENS,08/03/2023,1614,Tornado, ,EF0,0,0,2000,0,SC,EST-5, ,185363,C,77,GSP,0,0,NWS Storm Survey, ,1.37,50,2,W,1,W,PICKENS,08/03/2023,1618,34.882,-82.734,34.88,-82.71,"NWS storm survey found the path of an EF0 tornado that touched down near the intersection of Shady Grove Rd and Morgan Jane Lane, moving just south of due east across Thomas Rd, Sidney Dr, Highway 183 (near the intersection of Singleton Rd before lifting in downtown Pickens. Damage was limited to multiple uprooted trees, snapped large limbs, and minor damage to outbuildings.","An area of rain showers with scattered embedded thunderstorm moved across the South Carolina foothills during the late afternoon. The storms produced a couple of short tack, weak tornadoes in Pickens County.",300
1134504,BERKELEY CO.,GOOSE CREEK,08/30/2023,1122,Tornado, ,EF0,0,2,0,0,SC,EST-5, ,185144,C,15,CHS,0,0,NWS Storm Survey, ,0.03,50,1,NW,1,NW,GOOSE CREEK,08/30/2023,1123,32.9873,-80.0406,32.9875,-80.041,"The National Weather Service in collaborative efforts with emergency management confirmed an EF0 tornado with an estimated maximum wind speed of 75 mph in Berkeley County occurring from 1122 AM EST to 11:23 AM EST. Video evidence helped confirm a very brief and weak tornado developing within an outer rainband of Hurricane Idalia touching down near the intersection of Camelot Drive and South Goose Creek Boulevard, flipping one car on South Goose Creek Boulevard. Police reported two people inside the flipped vehicle were transported to the hospital for minor injuries.","Idalia first developed into a tropical depression across the western Caribbean Sea near the Yucatan Peninsula on August 26th before slowly gaining strength and becoming a tropical storm on August 27th. The storm then began to take a northward track the next day, passing the western tip of Cuba while gaining strength. On August 29th, Idalia was upgraded to a Category 1 hurricane early in the morning, then intensified to a Category 2 hurricane later in the day while tracking across the southeast Gulf of Mexico. Idalia then continued to strengthen as it accelerated northward on August 30th, passing off the Florida Suncoast as a Category 2 hurricane, before rapidly intensifying to a major Category 4 hurricane while approaching the Big Ben region of Florida across the northeast Gulf of Mexico. Idalia then made landfall at 645 AM EST on August 30th about 20 miles south of Perry, Florida as a Category 3 hurricane with maximum sustained winds of 125 mph and a minimum central pressure of 949 mb. ||Idalia continued to track north-northeast after landfall, eventually turning northeast and weakening to a strong tropical storm while traversing southeast Georgia and southeast South Carolina late morning through evening hours on August 30th. Minimum surface pressures of 985.4 mb at Hinesville, GA (KLHW), 984.6 mb at Charleston City, SC (CHLS1) and 983.3 mb at the Savannah Entrance Light across nearshore coastal waters were recorded as Idalia tracked across the local area. Idalia then continued tracking northeast away from the region, exiting into the western Atlantic just south of Myrtle Beach, SC during early morning hours on August 31st. Idalia then began an eastward path across the western Atlantic, becoming a post tropical cyclone by late day, before continuing a track toward Bermuda for the next couple days. ||Across southeast Georgia and southeast South Carolina, the main impacts associated with Idalia included tropical storm force winds, heavy rain, storm surge and tornadoes. Tropical storm force winds gusts up to 40 to 69 mph (highest near coastal areas) aided with heavy rains led to numerous trees and power lines down across southeast Georgia and southeast South Carolina. On August 30th, a maximum sustained wind of 44 knots and peak wind gust of 60 knots was recorded at the Tybee Island South sensor (XTYE) in southeast Georgia while a maximum sustained wind of 41 knots was recorded at the Folly South End (XFSE) sensor and a peak wind gust of 58 knots was recorded at the Beaufort (XBUF) sensor in southeast South Carolina. Additionally, a maximum sustained wind of 49 knots and a peak wind gust of 60 knots was recorded at the Savannah Entrance Light (XSEL) across nearshore coastal waters. One indirect injury occurred due to tropical storm winds when a vehicle collided with a fallen tree in Effingham County, GA. No fatalities occurred due to tropical storm winds across the area.||Storm total rainfall amounts generally ranged between 1 to 2 inches across coastal areas of southeast Georgia, 2 to 4 inches along and east of Interstate 95 across southeast South Carolina and 4 to 9 inches across far inland areas of southeast Georgia and areas west of Interstate 95 in southeast South Carolina. A peak storm total rainfall of 9.05 inches was recorded near Smoaks, South Carolina while a peak storm total rainfall of 8.28 inches was recorded near Metter, Georgia. Heavy rains across inland areas led to instances of flash flooding with numerous roads washed out, water entering a few structures and 2 vehicles being swept off roadways. No injuries or fatalities occurred due to heavy rain/flash flooding across the area.||Idalia's passage was coincident with high tide, resulting in storm surge generally between 2 to 3.5 ft along the southeast South Carolina coast. A maximum tide level of 3.47 ft MHHW (9.23 ft MLLW) was observed at the Charleston Harbor (CHTS1) tide gauge at 718 PM EST on August 30th, making it the 5th highest tide on record for that location. Damage/inundation from storm surge crossing roads, entering properties and flooding structures was most notable along the Charleston, Colleton, and Beaufort County coasts, mainly in the McClellanville, Isle of Palms, Mount Pleasant, Folly Beach, Downtown Charleston, Edisto Island and Saint Helena Island communities/areas. Peak storm surge (3.5 ft) was noted along areas adjacent to the Ashley River and the Charleston Harbor in Charleston County. Further south, a maximum tide level of 1.95 ft MHHW (9.45 ft MLLW) was observed at the Fort Pulaski (FPKG1) tide gauge at 654 PM EST on August 29th, which was consistent with water levels that typically do not produce significant impacts along the southeast Georgia coast. No injuries or fatalities occurred due to storm surge across the area.||A total of 6 tropical related tornadoes occurred across southeast Georgia into southeast South Carolina within rainbands associated with Idalia. One short-lived EF0 tornado occurred in Liberty County across southeast Georgia, mainly producing tree damage. Another EF0 tornado occurred in Charleston County across southeast South Carolina, downing/uprooting trees and producing minor roof damage to homes and vehicles in Mount Pleasant. Two waterspouts also shifted onshore along the northern end of Folly Beach in Charleston County, but were short-lived and caused no discernable damage. Two tornadoes occurred in Berkeley County across southeast South Carolina, one being an EF1 tornado that snapped/uprooted numerous trees along its path in the Francis Marion Forest and the second being a short-lived EF0 tornado that flipped a vehicle over on a highly traveled road in Goose Creek, SC. Two injuries resulted from the flipped vehicle. No fatalities occurred due to tornadoes across the area.",301
1120687,CLARENDON CO.,TURBEVILLE,08/30/2023,1357,Tornado, ,EF1,0,0,0,0,SC,EST-5, ,183419,C,27,CAE,0,0,NWS Storm Survey, ,0.73,125,3,NE,2,NE,TURBEVILLE,08/30/2023,1400,33.9047,-79.983,33.9082,-79.9949,"NWS Survey confirmed brief EF-1 tornado with 90 mph winds spawned by Hurricane Idalia near Turbeville. It touched down southwest of Graham Road, moving northwest snapping and uprooting multiple trees along it's .73 mile long path, including along Olanta Highway.","Lifting up out of the Big Bend of Florida, Hurricane Idalia weakened to a Tropical Storm as it moved out of southeastern Georgia. The tropical system then moved northeast along the coastal plain of South Carolina. This system produced scattered tree damage, some  flooding and one confirmed tornado.",302
1134505,CHARLESTON CO.,TEN MILE,08/30/2023,1430,Tornado, ,EF0,0,0,0,0,SC,EST-5, ,185144,C,19,CHS,0,0,NWS Storm Survey, ,2.74,100,2,W,3,NNE,PHILIP,08/30/2023,1433,32.8782,-79.7582,32.9152,-79.7754,"A National Weather Service Storm Survey Team confirmed an EF0 tornado with an estimated maximum wind speed of 85 mph in Charleston County occurring from 230 PM EST to 233 PM EST. The tornado, which developed within the outer rainbands of Hurricane Idalia, began just south of Highway 17 near the intersection of Happyland Boulevard and Tower Drive in the Whitehall Terrace Community of Mount Pleasant. In this area, the tornado caused minor roof damage to at least one home and uprooted several trees. The tornado then crossed Highway 17, where it was presumed to have periodically touched the ground while crossing over the Wando High School area, causing no discernible damage. As the tornado continued north-northwest into the Carolina Park Community, it generally caused minor damage, snapping some trees and limbs, lifting one porta potty and pushing one car into a tree. The tornado then moved into the northeastern portion of the Park West Community, just south of the Wando River. In this area, there was more concentrated damage, where the tornado snapped and uprooted several trees. The tornado then dissipated as it continued north-northwest toward the marsh and the Wando River.","Idalia first developed into a tropical depression across the western Caribbean Sea near the Yucatan Peninsula on August 26th before slowly gaining strength and becoming a tropical storm on August 27th. The storm then began to take a northward track the next day, passing the western tip of Cuba while gaining strength. On August 29th, Idalia was upgraded to a Category 1 hurricane early in the morning, then intensified to a Category 2 hurricane later in the day while tracking across the southeast Gulf of Mexico. Idalia then continued to strengthen as it accelerated northward on August 30th, passing off the Florida Suncoast as a Category 2 hurricane, before rapidly intensifying to a major Category 4 hurricane while approaching the Big Ben region of Florida across the northeast Gulf of Mexico. Idalia then made landfall at 645 AM EST on August 30th about 20 miles south of Perry, Florida as a Category 3 hurricane with maximum sustained winds of 125 mph and a minimum central pressure of 949 mb. ||Idalia continued to track north-northeast after landfall, eventually turning northeast and weakening to a strong tropical storm while traversing southeast Georgia and southeast South Carolina late morning through evening hours on August 30th. Minimum surface pressures of 985.4 mb at Hinesville, GA (KLHW), 984.6 mb at Charleston City, SC (CHLS1) and 983.3 mb at the Savannah Entrance Light across nearshore coastal waters were recorded as Idalia tracked across the local area. Idalia then continued tracking northeast away from the region, exiting into the western Atlantic just south of Myrtle Beach, SC during early morning hours on August 31st. Idalia then began an eastward path across the western Atlantic, becoming a post tropical cyclone by late day, before continuing a track toward Bermuda for the next couple days. ||Across southeast Georgia and southeast South Carolina, the main impacts associated with Idalia included tropical storm force winds, heavy rain, storm surge and tornadoes. Tropical storm force winds gusts up to 40 to 69 mph (highest near coastal areas) aided with heavy rains led to numerous trees and power lines down across southeast Georgia and southeast South Carolina. On August 30th, a maximum sustained wind of 44 knots and peak wind gust of 60 knots was recorded at the Tybee Island South sensor (XTYE) in southeast Georgia while a maximum sustained wind of 41 knots was recorded at the Folly South End (XFSE) sensor and a peak wind gust of 58 knots was recorded at the Beaufort (XBUF) sensor in southeast South Carolina. Additionally, a maximum sustained wind of 49 knots and a peak wind gust of 60 knots was recorded at the Savannah Entrance Light (XSEL) across nearshore coastal waters. One indirect injury occurred due to tropical storm winds when a vehicle collided with a fallen tree in Effingham County, GA. No fatalities occurred due to tropical storm winds across the area.||Storm total rainfall amounts generally ranged between 1 to 2 inches across coastal areas of southeast Georgia, 2 to 4 inches along and east of Interstate 95 across southeast South Carolina and 4 to 9 inches across far inland areas of southeast Georgia and areas west of Interstate 95 in southeast South Carolina. A peak storm total rainfall of 9.05 inches was recorded near Smoaks, South Carolina while a peak storm total rainfall of 8.28 inches was recorded near Metter, Georgia. Heavy rains across inland areas led to instances of flash flooding with numerous roads washed out, water entering a few structures and 2 vehicles being swept off roadways. No injuries or fatalities occurred due to heavy rain/flash flooding across the area.||Idalia's passage was coincident with high tide, resulting in storm surge generally between 2 to 3.5 ft along the southeast South Carolina coast. A maximum tide level of 3.47 ft MHHW (9.23 ft MLLW) was observed at the Charleston Harbor (CHTS1) tide gauge at 718 PM EST on August 30th, making it the 5th highest tide on record for that location. Damage/inundation from storm surge crossing roads, entering properties and flooding structures was most notable along the Charleston, Colleton, and Beaufort County coasts, mainly in the McClellanville, Isle of Palms, Mount Pleasant, Folly Beach, Downtown Charleston, Edisto Island and Saint Helena Island communities/areas. Peak storm surge (3.5 ft) was noted along areas adjacent to the Ashley River and the Charleston Harbor in Charleston County. Further south, a maximum tide level of 1.95 ft MHHW (9.45 ft MLLW) was observed at the Fort Pulaski (FPKG1) tide gauge at 654 PM EST on August 29th, which was consistent with water levels that typically do not produce significant impacts along the southeast Georgia coast. No injuries or fatalities occurred due to storm surge across the area.||A total of 6 tropical related tornadoes occurred across southeast Georgia into southeast South Carolina within rainbands associated with Idalia. One short-lived EF0 tornado occurred in Liberty County across southeast Georgia, mainly producing tree damage. Another EF0 tornado occurred in Charleston County across southeast South Carolina, downing/uprooting trees and producing minor roof damage to homes and vehicles in Mount Pleasant. Two waterspouts also shifted onshore along the northern end of Folly Beach in Charleston County, but were short-lived and caused no discernable damage. Two tornadoes occurred in Berkeley County across southeast South Carolina, one being an EF1 tornado that snapped/uprooted numerous trees along its path in the Francis Marion Forest and the second being a short-lived EF0 tornado that flipped a vehicle over on a highly traveled road in Goose Creek, SC. Two injuries resulted from the flipped vehicle. No fatalities occurred due to tornadoes across the area.",303
1134506,BERKELEY CO.,HUGER,08/30/2023,1559,Tornado, ,EF1,0,0,0,0,SC,EST-5, ,185144,C,15,CHS,0,0,NWS Storm Survey, ,1.88,100,2,NNE,2,E,LIMERICK,08/30/2023,1604,33.1056,-79.7617,33.1273,-79.7813,"A National Weather Service Storm Survey Team confirmed an EF1 tornado with an estimated maximum wind speed of 95 mph in Berkeley County occurring from 359 PM EST to 404 PM EST. The tornado, associated with the outer rainbands of Hurricane Idalia, began just south of Eccles Church Road over Muddy Creek. As the tornado approached Eccles Church Road, it snapped and uprooted several large hardwood and softwood trees. The tornado then continued north-northwest into a heavily wooded area where it sporadically snapped and uprooted many trees, before continuing a north-northwest track over another wooded, marshy region, producing minor damage to some trees. The tornado then ended near Irishtown Road. In addition to the ground survey, high resolution satellite imagery was used to fine tune the track of the tornado over remote locations.","Idalia first developed into a tropical depression across the western Caribbean Sea near the Yucatan Peninsula on August 26th before slowly gaining strength and becoming a tropical storm on August 27th. The storm then began to take a northward track the next day, passing the western tip of Cuba while gaining strength. On August 29th, Idalia was upgraded to a Category 1 hurricane early in the morning, then intensified to a Category 2 hurricane later in the day while tracking across the southeast Gulf of Mexico. Idalia then continued to strengthen as it accelerated northward on August 30th, passing off the Florida Suncoast as a Category 2 hurricane, before rapidly intensifying to a major Category 4 hurricane while approaching the Big Ben region of Florida across the northeast Gulf of Mexico. Idalia then made landfall at 645 AM EST on August 30th about 20 miles south of Perry, Florida as a Category 3 hurricane with maximum sustained winds of 125 mph and a minimum central pressure of 949 mb. ||Idalia continued to track north-northeast after landfall, eventually turning northeast and weakening to a strong tropical storm while traversing southeast Georgia and southeast South Carolina late morning through evening hours on August 30th. Minimum surface pressures of 985.4 mb at Hinesville, GA (KLHW), 984.6 mb at Charleston City, SC (CHLS1) and 983.3 mb at the Savannah Entrance Light across nearshore coastal waters were recorded as Idalia tracked across the local area. Idalia then continued tracking northeast away from the region, exiting into the western Atlantic just south of Myrtle Beach, SC during early morning hours on August 31st. Idalia then began an eastward path across the western Atlantic, becoming a post tropical cyclone by late day, before continuing a track toward Bermuda for the next couple days. ||Across southeast Georgia and southeast South Carolina, the main impacts associated with Idalia included tropical storm force winds, heavy rain, storm surge and tornadoes. Tropical storm force winds gusts up to 40 to 69 mph (highest near coastal areas) aided with heavy rains led to numerous trees and power lines down across southeast Georgia and southeast South Carolina. On August 30th, a maximum sustained wind of 44 knots and peak wind gust of 60 knots was recorded at the Tybee Island South sensor (XTYE) in southeast Georgia while a maximum sustained wind of 41 knots was recorded at the Folly South End (XFSE) sensor and a peak wind gust of 58 knots was recorded at the Beaufort (XBUF) sensor in southeast South Carolina. Additionally, a maximum sustained wind of 49 knots and a peak wind gust of 60 knots was recorded at the Savannah Entrance Light (XSEL) across nearshore coastal waters. One indirect injury occurred due to tropical storm winds when a vehicle collided with a fallen tree in Effingham County, GA. No fatalities occurred due to tropical storm winds across the area.||Storm total rainfall amounts generally ranged between 1 to 2 inches across coastal areas of southeast Georgia, 2 to 4 inches along and east of Interstate 95 across southeast South Carolina and 4 to 9 inches across far inland areas of southeast Georgia and areas west of Interstate 95 in southeast South Carolina. A peak storm total rainfall of 9.05 inches was recorded near Smoaks, South Carolina while a peak storm total rainfall of 8.28 inches was recorded near Metter, Georgia. Heavy rains across inland areas led to instances of flash flooding with numerous roads washed out, water entering a few structures and 2 vehicles being swept off roadways. No injuries or fatalities occurred due to heavy rain/flash flooding across the area.||Idalia's passage was coincident with high tide, resulting in storm surge generally between 2 to 3.5 ft along the southeast South Carolina coast. A maximum tide level of 3.47 ft MHHW (9.23 ft MLLW) was observed at the Charleston Harbor (CHTS1) tide gauge at 718 PM EST on August 30th, making it the 5th highest tide on record for that location. Damage/inundation from storm surge crossing roads, entering properties and flooding structures was most notable along the Charleston, Colleton, and Beaufort County coasts, mainly in the McClellanville, Isle of Palms, Mount Pleasant, Folly Beach, Downtown Charleston, Edisto Island and Saint Helena Island communities/areas. Peak storm surge (3.5 ft) was noted along areas adjacent to the Ashley River and the Charleston Harbor in Charleston County. Further south, a maximum tide level of 1.95 ft MHHW (9.45 ft MLLW) was observed at the Fort Pulaski (FPKG1) tide gauge at 654 PM EST on August 29th, which was consistent with water levels that typically do not produce significant impacts along the southeast Georgia coast. No injuries or fatalities occurred due to storm surge across the area.||A total of 6 tropical related tornadoes occurred across southeast Georgia into southeast South Carolina within rainbands associated with Idalia. One short-lived EF0 tornado occurred in Liberty County across southeast Georgia, mainly producing tree damage. Another EF0 tornado occurred in Charleston County across southeast South Carolina, downing/uprooting trees and producing minor roof damage to homes and vehicles in Mount Pleasant. Two waterspouts also shifted onshore along the northern end of Folly Beach in Charleston County, but were short-lived and caused no discernable damage. Two tornadoes occurred in Berkeley County across southeast South Carolina, one being an EF1 tornado that snapped/uprooted numerous trees along its path in the Francis Marion Forest and the second being a short-lived EF0 tornado that flipped a vehicle over on a highly traveled road in Goose Creek, SC. Two injuries resulted from the flipped vehicle. No fatalities occurred due to tornadoes across the area.",304
1131436,HORRY CO.,CHERRY GROVE BEACH,08/30/2023,2112,Tornado, ,EF0,0,0,0,0,SC,EST-5, ,184773,C,51,ILM,0,0,NWS Storm Survey, ,1.62,30,2,NE,1,S,LITTLE RIVER ARPT,08/30/2023,2114,33.8369,-78.611,33.8564,-78.6268,"Waterspout was observed moving ashore near Ocean Blvd. and 56th|Avenue North. It tracked north-northwest causing sporadic damage|to homes in the Cherry Grove area. It then crossed Williams Creek|into the Tidewater Golf Club, downing a few trees and numerous|large limbs. There were likely a few brief spin-ups in the|vicinity of the waterspout as it came ashore.","Tropical Storm Idalia moved northeast across northeast South Carolina bringing flooding from heavy rain and storm surge, a few tropical storm force wind gusts and tornadoes late August 30 into August 31. Previously the storm was a Category 4 hurricane. weakening to Category 3 as it made landfall near Perry, Florida. Locally all sustained tropical storm force winds remained offshore.",305
1148410,CHESTER CO.,LEEDS,11/21/2023,2043,Tornado, ,EF0,0,0,0,0,SC,EST-5, ,187103,C,23,GSP,0,0,NWS Storm Survey, ,0.04,20,1,S,1,S,LEEDS,11/21/2023,2044,34.609,-81.38,34.609,-81.379,"NWS storm survey found the path of a very brief and weak tornado that touched down along Breeland Dr just off Leeds Rd. Damage consisted of a few downed large tree limbs and one split tree. Path length was estimated due to inaccessibility beyond Breeland Dr.","A band of precipitation, with embedded heavy rain showers and isolated thunderstorms moved across the South Carolina Piedmont in association with an area of low pressure and attendant cold front. One of the storms produced a very brief and very weak tornado in southwest Chester County.",306
1153061,HORRY CO.,STALVEY,12/17/2023,1316,Tornado, ,EF1,0,0,200000,0,SC,EST-5, ,187746,C,51,ILM,0,0,NWS Storm Survey, ,2.35,150,0,NE,2,SSW,PINE IS,12/17/2023,1320,33.6837,-78.9737,33.7081,-78.9451,"The tornado touched down south of Socastee Blvd between Everette|St and Tyner St, snapping several large trees and blowing off|portions of roofs from a few mobile homes. It moved north,|skipped across Socastee Blvd, and snapped several large pines|along Village Dr. Eight homes suffered moderate to major damage|as a result of falling trees. The storm cell continued north|across inaccessible property, and emerged near Folly Rd and|Wayland Circle. Significant damage was observed to several homes|and trees. Several trees were snapped or uprooted, and minor to|moderate damage was noted to roofs and siding. One mobile home|was pushed off its block foundation. The tornado appeared to lift|as it crossed the Intracoastal Waterway and touched down again on|the Arrowhead Country Club property. Numerous large hard and|softwood trees were snapped just south of the Flintlake|Apartments. Tree debris was blown into several apartments,|breaking windows and causing moderate roof and siding damage. ||Damage upstream of the initial touchdown, along and south of |Palmetto Pointe Blvd, was straightline in nature and not the |result of a tornado. Additional wind damage occurred to the old |Waccamaw Mall at Fantasy Harbour. Portions of the facade were |blown off, in addition to several pieces of siding. A few bay |doors were blown in, and a large section of storefront wall was |buckled outward a few inches. A few nearby UPS and FedEx trucks|were blown over, in addition to a tractor trailer. This damage |appeared to be the result of straightline winds that occurred |after the tornado dissipated and the storm cell bowed |northeastward. Spotty tree damage was also observed on the |northeast side of Highway 501 in the River Oaks area.","A strong nor'easter brought coastal flooding, strong winds, and flooding. Record rainfall totals and record low barometric pressure for December observed at 4 climate sites.",307
1147213,LEXINGTON CO.,SYRUP,01/09/2024,1410,Tornado, ,EF1,0,1,0,0,SC,EST-5, ,186883,C,63,CAE,0,0,NWS Storm Survey, ,3.27,150,4,SSW,1,SSE,SYRUP,01/09/2024,1416,34.0518,-81.3548,34.0923,-81.3252,"A National Weather Service storm survey team confirmed an EF-1, with peak winds of|90 mph, that crossed Lake Murray Tuesday afternoon. The tornado developed over|Shull Island and moved northeast across Lake Murray. The tornado then came ashore|at Indian Summer Point. The tornado damaged some tree tops at Shull Island before|moving quickly north-northeast, snapping and uprooting multiple trees along Westridge |Court up to Mallard Drive. The tornado then dissipated before reaching the intersection|of Johns Creek Road and Mallard Drive.||The most significant damage occurred in the Westridge Court area off of Wessinger|Road. The tornado uprooted a large pine tree that fell onto the roof of a home, injuring|one elderly person. This person was transported with minor injuries to the hospital|and later released. There were several large Cedar trees that were uprooted or|snapped in this area as well. Minor damage also occurred to a small barn with the roof|partially uplifted. Just before the tornado dissipated, it uprooted a large tree along|Mallard Drive.","Strong upper level and surface areas of low pressure moved NE into the Midwest, while a cold front along with a secondary weak low, formed and moved through the area.  Gradient wind gusts, along with enhanced wind gusts associated with severe thunderstorms and a strong low level jet, resulted in widespread tree damage.",308
1147216,BAMBERG CO.,BAMBERG,01/09/2024,1446,Tornado, ,EF2,0,0,1800000,0,SC,EST-5, ,186883,C,9,CAE,0,0,NWS Storm Survey, ,2.14,500,2,SSW,0,NW,BAMBERG,01/09/2024,1448,33.2729,-81.0435,33.3027,-81.0331,"A National Weather storm survey team confirmed an EF2 tornado, with peak winds of|125 mph, in Bamberg SC. The tornado began 1.75 miles south of the City of Bamberg|along US Hwy 601, near Cry Baby Road.||Moving north, the tornado then proceeded to flip a mobile home and cause substantial|EF2 damage to a barrel plant at the intersection of US Hwy 601 and US Hwy 301. Door|and window failure contributed to the collapse of the middle section of the building|and partial collapse of the front section. The collapsed portions of the building were|tossed across Chevrolet St into a water tower.||The tornado continued north-northeast along US-301 causing widespread EF1 roof and|tree damage before moving into downtown Bamberg.||As the tornado entered downtown Bamberg, it strengthened to EF2 intensity and|caused substantial structural damage to a series of 2-3 story historic buildings just|south of the intersection of US Hwy 78 and US Hwy 301. The newer roof section of a|building on the west side of US Hwy 301 was thrown completely off onto the adjacent|structure. There was a complete collapse of the upper stories of two buildings on the|east side of US Hwy 301 with the corner torn off another. Preexisting missing portions|of the roof and gaps in the exterior wall of the former City Hall likely contributed to its|collapse due to wind intrusion. ||The tornado then moved north and quickly weakened as it crossed US Hwy 78 before|dissipating 0.4 miles north of downtown Bamberg along US Hwy 301.||The National Weather Service would like to thank wind engineers from the Insurance|Institute for Business and Home Safety for their expertise assisting with surveying|some of the structural damage.","Strong upper level and surface areas of low pressure moved NE into the Midwest, while a cold front along with a secondary weak low, formed and moved through the area.  Gradient wind gusts, along with enhanced wind gusts associated with severe thunderstorms and a strong low level jet, resulted in widespread tree damage.",309
1149609,RICHLAND CO.,PONTIAC,01/27/2024,1548,Tornado, ,EF1,0,0,0,0,SC,EST-5, ,187313,C,79,CAE,0,0,NWS Storm Survey, ,0.89,90,2,NNW,3,N,PONTIAC,01/27/2024,1550,34.1614,-80.859,34.169,-80.8464,"A National Weather Service storm survey team confirmed a brief EF-1 tornado, with|peak winds of 90 mph, in northeast Richland County near Pontiac. The tornado began|in a wooded area southwest of Kelly Mill Road and to the east of Bridge Creek where it|snapped and uprooted numerous softwood trees. It also snapped off the top of a power |pole and peeled back a portion of the tin roof of a shed. The tornado then crossed Kelly|Mill Road and continued northeast where it snapped and uprooted additional trees near|a home and then the tornado continued into an inaccessible wooded area. The last|visible damage appears to be a snapped tree at the end of Mazola Court.  The tornado|likely lifted before crossing Cherokee Blvd in Kershaw County.","A cold front and upper disturbance, combined with sufficient instability and shear, to  produce a few severe thunderstorms and tornadoes.",310
1149494,SALUDA CO.,MERCHANT,01/27/2024,2018,Tornado, ,EF1,0,0,0,0,SC,EST-5, ,187313,C,81,CAE,0,0,NWS Storm Survey, ,1.62,150,2,N,3,S,PERRYS XRDS,01/27/2024,2022,34.06,-81.67,34.0821,-81.6607,"A National Weather Service storm survey team confirmed a brief EF-1 tornado, with|peak winds of 100 mph, Saturday evening in Northern Saluda County. The tornado|begin point and time was later adjusted slightly after new Sentinel satellite data|indicated the tornado touched down about 0.75 miles before the previously observed|damage. NDVI difference data & higher resolution visible imagery show an area of|trees down near the initial part of this track. The tornado then continued tracking to the |NE to near the intersection of Hunters Lane and Blue Spring Road producing|minor damage to two houses in addition to a large number of trees further down|Hunters Lane on both sides of the road where EF-1 damage was observed. The tornado|then moved northeast into an inaccessible wooded area behind homes on Blue Spring|Rd. The tornado turned slightly left crossing Blue Spring Rd in a NNE direction|producing EF-1 damage to another wooded area before dissipating in an open field|while approaching Hollywood Rd. The survey team estimated several hundred trees|were damaged along the path. Many of the trees were uprooted along with a few|trunks snapped. The damage to homes was mainly to the fascia board and missing|shingles.","A cold front and upper disturbance, combined with sufficient instability and shear, to  produce a few severe thunderstorms and tornadoes.",311
1151626,SALUDA CO.,PERRYS XRDS,01/27/2024,2022,Tornado, ,EF0,0,0,0,0,SC,EST-5, ,187313,C,81,CAE,0,0,NWS Storm Survey, ,1.34,100,3,WNW,3,NW,PERRYS XRDS,01/27/2024,2024,34.15,-81.72,34.16,-81.7,"After reviewing available data, a weak tornado has been determined to have briefly|touched down in far northern Saluda county on January 27. The tornado touched down|near Old Cherokee Trail before moving quickly northeast and causing limited tree damage|near Tostie Creek Road. The tornado then dissipated as it moved northeastward.","A cold front and upper disturbance, combined with sufficient instability and shear, to  produce a few severe thunderstorms and tornadoes.",312
1170057,NEWBERRY CO.,WHITMIRE,05/09/2024,146,Tornado, ,EF0,0,0,0,0,SC,EST-5, ,190357,C,71,CAE,0,0,NWS Storm Survey, ,3.01,150,1,SW,1,NNW,OXNER ARPT,05/09/2024,151,34.49,-81.63,34.47,-81.59,"A National Weather Service storm survey team confirmed a brief EF-0 tornado with peak  winds of 80 mph in Newberry County south of the town of Whitmire during the early  morning hours of May 9th. The tornado began near the intersection of Old Airport Road and Kings Lane causing scattered tree damage as it moved east. The tornado then turned southeast resulting in additional tree damage in and around |Little Egypt Road and Colonial Drive. The tornado likely lifted before |reaching Highway 121.","A significant severe weather event featuring multiple rounds of thunderstorms occurred on May 9th, 2024. The first round, a QLCS, produced three tornadoes in the Midlands of South Carolina.",313
1170082,FAIRFIELD CO.,MONTICELLO,05/09/2024,212,Tornado, ,EF0,0,0,0,0,SC,EST-5, ,190357,C,39,CAE,0,0,NWS Storm Survey, ,0.34,50,2,NE,2,NE,MONTICELLO,05/09/2024,214,34.37,-81.28,34.3689,-81.2743,"A National Weather Service storm survey team confirmed a brief EF-0 tornado with peak  winds of 80 mph in Northwestern Fairfield County during the early morning hours of May  9th. The tornado likely began in a wooded area northwest of Clark Bridge Road.|It then crossed the road while moving southeast resulting in multiple downed or snapped trees in and around properties in the 3900 block of Clark Bridge Road. The tornado then likely lifted a short distance beyond Clark Bridge Road in the woods |behind the impacted properties shortly before reaching Crumpton Creek.","A significant severe weather event featuring multiple rounds of thunderstorms occurred on May 9th, 2024. The first round, a QLCS, produced three tornadoes in the Midlands of South Carolina.",314
1170111,FAIRFIELD CO.,SMALLWOOD,05/09/2024,231,Tornado, ,EF1,0,0,0,0,SC,EST-5, ,190357,C,39,CAE,0,0,NWS Storm Survey, ,1.89,250,3,WSW,2,SW,SMALLWOOD,05/09/2024,236,34.27,-81,34.26,-80.97,"A National Weather Service storm survey team confirmed an EF-1 tornado with peak winds of 100 mph in southeastern Fairfield County during the early morning hours of May 9th. The tornado likely began west of Interstate 77 near Exit 32. The tornado|moved generally southeast producing downed large limbs along|Cook Road and Boney Road, intensifying as it moved into a|wooded area along Cedar Rock Road. The area of most significant|tree damage was observed along a creek bed north of Cedar|Rock Road with numerous uprooted and snapped trees. One tree|landed on a home on Cedar Rock Road causing roof, siding, and|gutter damage. The tornado continued along Cedar Rock Road causing|intermittent tree damage. The tornado continued beyond the road and|into a wooded area behind The Farm at Ridgeway where additional|tree damage occurred near a pond on the property. The tornado likely|lifted on the property prior to reaching Highway 21.","A significant severe weather event featuring multiple rounds of thunderstorms occurred on May 9th, 2024. The first round, a QLCS, produced three tornadoes in the Midlands of South Carolina.",315
1173580,MARLBORO CO.,BRISTOW,05/14/2024,1539,Tornado, ,EF0,0,0,2000,0,SC,EST-5, ,190754,C,69,ILM,0,0,NWS Storm Survey, ,1.64,150,1,W,1,NNW,BRISTOW,05/14/2024,1545,34.4198,-79.6459,34.4356,-79.6245,"A narrow tornado started near River Road where a few oak trees|were uprooted and snapped, along with numerous downed limbs in the|area. The tornado appeared to peak in strength as it continued|northeastward and reached Screwpin Road where it caused extensive|shingle removal on the southwest side of a single-family|residence, snapped 4 Bradford Pear trees at the front of the|property, tossed one whole tree about 50-60 yards to the west of|its base, and uprooted numerous oak trees with a converging|pattern in a grove of trees just northwest of the property. On|the adjacent property to the immediate west, a small water pump|shed was destroyed and a 50-60 ft flagpole was snapped about 5 ft|above the base and thrown an unknown distance.||The tornado then tracked northeastward across a farm field with a |few large limbs scattered across the field and some weak but noticeable |ground scouring amongst new crops from the grove of trees northeastward|to a private lake. At the lake, a small boat with an attached|motor was flipped within a covered dock on its southwest side and|additional downed oak trees and large limbs were observed on its|northeast side. The tornado may have briefly lifted as it moved|across SC Highway 38 with minimal tree limb damage observed on|either side of the highway before it appeared to strengthen again|when moving into another property. ||Additional large limbs were snapped on the southwest side of this |property and an old home suffered considerable metal roof panel removal |with the panels scattered northwest and west of the home. Minor metal |roof damage to a few equipment shelters, a newer barn door which was pushed|in enough to break it from its hinges, and several large pecan|tree limbs which snapped off were observed on the northwest side|of this property. Lastly, young corn crops were nearly flattened|and an open two-tier wood fence was blown down and tossed to the|northwest just before the tornado crossed Old Highway 38 South.|The tornado dissipated just northeast of this road with no|additional damage observed at Allen Ridge Road.","Some low-topped supercells occurred in association with an upper level disturbance in an environment with minimal instability but strong wind shear was present.",316
1173233,MARION CO.,MARION,05/14/2024,1710,Tornado, ,EF1,0,0,200000,0,SC,EST-5, ,190754,C,67,ILM,0,0,NWS Storm Survey, ,2.02,80,1,SW,1,NE,MARION,05/14/2024,1713,34.1715,-79.409,34.1942,-79.3866,"Storm survey of damage in the Marion, SC area indicated that a |tornado touched down briefly on Tuesday May 14, 2024 between 6:10 |PM EDT and was on the ground until 6:13 PM EDT before ending north|of Luther Rogers Road. ||The tornado formed near the intersection of Baker Street and |Baptist Street in southeast Marion, SC. Large limbs were down |across nearby roadways and minor roof damage was observed near |this location. The tornado continued northeast and created some |damage near Mullins Street and Withlacoochee Street. Damage here |remained rated at EF-0 (approximately 70 mph). Power lines were |wrapped around tree limbs and an electrical meter head had been |detached from the side of the house. A large tree fell near the |intersection and damaged a small fence. Additional minor roof |damage to surrounding homes was observed. Large downed tree limbs |were observed along McEachern Heights Street, 2nd Avenue, and in |Amazing Grace Park.||The most significant damage occurred in downtown Marion along |Main Street. A roof completely collapsed near the city center with|limited damage to the exterior walls. Across the street, windows |and window dividers were completely blown out. A wall on the |second floor was pushed inward and its attached window and window |seals were missing. An adjacent building lost a large portion of |roof covering which fell to the street below. All debris was |scattered in multiple directions.||The tornado continued toward the northeast and snapped tree tops |near the intersection of Fairlee Street and Wheeler Street. |Portions of roof coverings were missing from a few homes and |businesses. Damage here was not as significant as on Main Street. |Additional damage was not observed for one mile indicating the |tornado was likely making contact with the ground intermittently. |Along Luther Rogers Road, a trampoline that had previously been |secured with large metal stakes was lofted into the side of a |neighbors home two homes to the east. As the trampoline was |lofted, it made contact with siding and solar panels of the |adjacent neighbor before hitting the side and penetrating the |vinyl siding of the neighbor two homes east. ||The majority of the damage was rated at EF-0 and 70 mph, but |significant damage downtown indicated peak intensity as described |above. There was a lack of significant tree damage typically seen |with tornadoes which may indicate that the tornado did not contact|the ground for a long period of time. It is worth noting all |buildings on Main Street that observed significant damage were two|to three story masonry buildings.","Some low-topped supercells occurred in association with an upper level disturbance in an environment with minimal instability but strong wind shear was present.",317
1212774,COLLETON CO.,EDISTO BEACH,08/05/2024,2035,Tornado, ,EF1,0,0,0,0,SC,EST-5, ,195693,C,29,CHS,0,0,NWS Storm Survey, ,1.23,300,3,NE,2,NNE,EDISTO BEACH,08/05/2024,2039,32.5023,-80.2962,32.513,-80.313,"A National Weather Service Storm Survey Team confirmed an EF1 tornado with an estimated maximum wind speed of 97 mph in Edisto Island, South Carolina occurring from 835 PM to 845 PM EST. The tornado started in Colleton County, then briefly tracked across a small portion of Charleston County, then briefly returned back into Colleton County before crossing into Charleston County again and ending.||The first segment of the tornado, which originated in an outer rainband associated with Tropical Storm Debby over the nearshore Atlantic waters, moved onshore at Edisto Beach, South Carolina near the intersection of Highway 174 and Palmetto Boulevard. At the location the tornado moved onshore, it removed roof decking, roof shingles and siding to several homes. The Enmarket gas station also had some roof damage and some air conditioning units thrown from the roof. The tornado then moved north-northwest over a marsh region, snapping many hardwood trees while leaving Colleton County and entering Charleston County at a latitude/longitude of 32.513 N, 80.313 W.","Debby first developed into a tropical storm about 100 miles west-southwest of Key West, Florida late afternoon on August 3rd, then gradually strengthened to a strong tropical storm while tracking north across the eastern Gulf of Mexico on August 4th. Debby then reached hurricane force strength late on August 4th about 100 miles west-northwest of Tampa, before continuing a north-northeast track across the eastern Gulf of Mexico and eventually making landfall near the Big Bend area of Florida as a Category 1 Hurricane during the morning of August 5th. Debby continued inland and weakened to a tropical storm while tracking northeast across northern Florida later on August 5th, then continued a gradual weakening trend while tracking across Southeast Georgia as a tropical storm (45 mph) before slowly emerging off the Southeast Coast at tropical storm strength (40 mph) near Tybee Island, Georgia on August 6th. Debby then tracked east and farther offshore early August 7th, then turned north and became a strong tropical storm (60 mph) over the Gulf Stream later that morning, before taking a more north-northwest track back toward the Southeast Coast and making landfall near Awendaw/Bulls Bay, South Carolina as a tropical storm (50 mph) around 2 AM on August 8th. A minimum surface pressure of 994 mb was recorded at Sullivan���s Island (XSLV), South Carolina prior to Debby making landfall. After landfall, Debby continued on a north-northwest track across South Carolina as a tropical storm into mid day August 8th, before weakening to a depression later that day and continuing a north path across North Carolina and Virginia into early August 9th. ||Across Southeast South Carolina, the main impacts associated with Debby included flash flooding due to widespread heavy rainfall, several nighttime tornadoes within rainbands and scattered tree damage associated with near tropical storm force winds.  ||Prolonged heavy rainfall across Southeast South Carolina brought widespread flash flooding on August 5th and 6th, additional areas of flash flooding on August 7th, 8th and 9th, along with considerable and prolonged flooding of creeks, streams and main stem rivers for several days thereafter. Numerous homes and roads were flooded, leading to rescues and/or evacuations. Storm total rainfall amounts from August 4th to August 9th generally ranged between 4 to 22 inches with highest amounts across the Quad County Area (Berkeley, Dorchester, Charleston, Colleton) and particularly along a stretch from Summerville, Ridgeville, St George and Harleyville, South Carolina to Moncks Corner, South Carolina. A peak storm total rainfall of 22.02 inches was recorded by a CoCoRaHS observer approximately 6.6 miles southwest of Moncks Corner, South Carolina. A daily record rainfall of 4.71 inches was also set on August 6th at the Charleston International Airport (KCHS). Despite a large amount of rain and flash flooding, storm surge/coastal flooding did not lead to mentionable impacts locally. The highest water level at the Charleston (CHTS1) tide gauge was 1.06 ft MHHW during the evening of August 5th. No injuries or fatalities occurred with flash flooding/flooding.||Several rainbands associated with Debby brought 8 tornadoes (4 EF1 and 4 EF0) across coastal counties of Southeast South Carolina during the night of August 5th into early August 6th, causing damage to numerous trees and many structures. An EF1 tornado in Berkeley County caused 2 minor injuries when a car was flipped by the tornado. A total of 2 minor injuries and no fatalities occurred with tornadoes.  ||Tropical storm force winds/gusts produced scattered tree damage and communication/power outages across several counties. One minor injury occurred when a tree fell down on a vehicle in Beaufort County, South Carolina. Strongest winds were recorded across coastal areas and nearby coastal waters. The highest sustained tropical storm wind (39 knots) and highest tropical storm wind gust (55 knots) occurred at Folly Beach South End (XFSE), South Carolina. Across nearby coastal waters, the highest sustained tropical storm wind (44 knots) and highest tropical storm wind gust (51 knots) occurred at the Edisto Buoy (41004). A total of 1 minor injury and no fatalities occurred by tropical cyclone winds.",318
1212775,CHARLESTON CO.,EDISTO IS ARPT,08/05/2024,2039,Tornado, ,EF1,0,0,0,0,SC,EST-5, ,195693,C,19,CHS,0,0,NWS Storm Survey, ,0.49,300,1,SSE,1,S,EDISTO IS ARPT,08/05/2024,2041,32.513,-80.313,32.517,-80.32,"A National Weather Service Storm Survey Team confirmed an EF1 tornado with an estimated maximum wind speed of 97 mph in Edisto Island, South Carolina occurring from 835 PM to 845 PM EST. The tornado started in Colleton County, then briefly tracked across a small portion of Charleston County, then briefly returned back into Colleton County before crossing into Charleston County once more and quickly ending. ||Along the tornado's second segment, it entered Charleston County from Colleton County at a latitude/longitude of 32.513 N, 80.313 W, moving north-northwest from a marsh region and snapping many hardwood trees and also uprooting some trees along Palmetto Road. From Palmetto Road, the tornado continued on a northwest path over Fishing Creek Drive. At this location, the tornado caused considerable damage to several homes, removing the entire roof of at least three homes and part of the roof decking to at least one more. The tornado was given its highest EF1 rating in this area, with maximum winds estimated to be 97 mph. The tornado then continued northwest across a marshy area before entering Colleton County at a latitude/longitude of 32.517 N, 80.320 W.","Debby first developed into a tropical storm about 100 miles west-southwest of Key West, Florida late afternoon on August 3rd, then gradually strengthened to a strong tropical storm while tracking north across the eastern Gulf of Mexico on August 4th. Debby then reached hurricane force strength late on August 4th about 100 miles west-northwest of Tampa, before continuing a north-northeast track across the eastern Gulf of Mexico and eventually making landfall near the Big Bend area of Florida as a Category 1 Hurricane during the morning of August 5th. Debby continued inland and weakened to a tropical storm while tracking northeast across northern Florida later on August 5th, then continued a gradual weakening trend while tracking across Southeast Georgia as a tropical storm (45 mph) before slowly emerging off the Southeast Coast at tropical storm strength (40 mph) near Tybee Island, Georgia on August 6th. Debby then tracked east and farther offshore early August 7th, then turned north and became a strong tropical storm (60 mph) over the Gulf Stream later that morning, before taking a more north-northwest track back toward the Southeast Coast and making landfall near Awendaw/Bulls Bay, South Carolina as a tropical storm (50 mph) around 2 AM on August 8th. A minimum surface pressure of 994 mb was recorded at Sullivan���s Island (XSLV), South Carolina prior to Debby making landfall. After landfall, Debby continued on a north-northwest track across South Carolina as a tropical storm into mid day August 8th, before weakening to a depression later that day and continuing a north path across North Carolina and Virginia into early August 9th. ||Across Southeast South Carolina, the main impacts associated with Debby included flash flooding due to widespread heavy rainfall, several nighttime tornadoes within rainbands and scattered tree damage associated with near tropical storm force winds.  ||Prolonged heavy rainfall across Southeast South Carolina brought widespread flash flooding on August 5th and 6th, additional areas of flash flooding on August 7th, 8th and 9th, along with considerable and prolonged flooding of creeks, streams and main stem rivers for several days thereafter. Numerous homes and roads were flooded, leading to rescues and/or evacuations. Storm total rainfall amounts from August 4th to August 9th generally ranged between 4 to 22 inches with highest amounts across the Quad County Area (Berkeley, Dorchester, Charleston, Colleton) and particularly along a stretch from Summerville, Ridgeville, St George and Harleyville, South Carolina to Moncks Corner, South Carolina. A peak storm total rainfall of 22.02 inches was recorded by a CoCoRaHS observer approximately 6.6 miles southwest of Moncks Corner, South Carolina. A daily record rainfall of 4.71 inches was also set on August 6th at the Charleston International Airport (KCHS). Despite a large amount of rain and flash flooding, storm surge/coastal flooding did not lead to mentionable impacts locally. The highest water level at the Charleston (CHTS1) tide gauge was 1.06 ft MHHW during the evening of August 5th. No injuries or fatalities occurred with flash flooding/flooding.||Several rainbands associated with Debby brought 8 tornadoes (4 EF1 and 4 EF0) across coastal counties of Southeast South Carolina during the night of August 5th into early August 6th, causing damage to numerous trees and many structures. An EF1 tornado in Berkeley County caused 2 minor injuries when a car was flipped by the tornado. A total of 2 minor injuries and no fatalities occurred with tornadoes.  ||Tropical storm force winds/gusts produced scattered tree damage and communication/power outages across several counties. One minor injury occurred when a tree fell down on a vehicle in Beaufort County, South Carolina. Strongest winds were recorded across coastal areas and nearby coastal waters. The highest sustained tropical storm wind (39 knots) and highest tropical storm wind gust (55 knots) occurred at Folly Beach South End (XFSE), South Carolina. Across nearby coastal waters, the highest sustained tropical storm wind (44 knots) and highest tropical storm wind gust (51 knots) occurred at the Edisto Buoy (41004). A total of 1 minor injury and no fatalities occurred by tropical cyclone winds.",319
1212776,COLLETON CO.,EDISTO BEACH,08/05/2024,2041,Tornado, ,EF1,0,0,0,0,SC,EST-5, ,195693,C,29,CHS,0,0,NWS Storm Survey, ,1.05,300,3,NNE,3,N,EDISTO BEACH,08/05/2024,2044,32.517,-80.32,32.524,-80.336,"A National Weather Service Storm Survey Team confirmed an EF1 tornado with an estimated maximum wind speed of 97 mph in Edisto Island, South Carolina occurring from 835 PM to 845 PM EST. The tornado started in Colleton County, then briefly tracked across a small portion of Charleston County, then briefly returned back into Colleton County before crossing into Charleston County once more and quickly ending. ||Along the tornado's third segment, it entered Colleton County from Charleston County at a latitude/longitude of 32.517 N, 80.320 W, taking a northwest path across a mix of land/marsh areas and eventually reaching another section of Palmetto Road, likely causing additional damage to structures and trees along its path before continuing on a northwest path and departing Colleton County into Charleston County at a latitude/longitude of 32.524 N, 80.336 W.","Debby first developed into a tropical storm about 100 miles west-southwest of Key West, Florida late afternoon on August 3rd, then gradually strengthened to a strong tropical storm while tracking north across the eastern Gulf of Mexico on August 4th. Debby then reached hurricane force strength late on August 4th about 100 miles west-northwest of Tampa, before continuing a north-northeast track across the eastern Gulf of Mexico and eventually making landfall near the Big Bend area of Florida as a Category 1 Hurricane during the morning of August 5th. Debby continued inland and weakened to a tropical storm while tracking northeast across northern Florida later on August 5th, then continued a gradual weakening trend while tracking across Southeast Georgia as a tropical storm (45 mph) before slowly emerging off the Southeast Coast at tropical storm strength (40 mph) near Tybee Island, Georgia on August 6th. Debby then tracked east and farther offshore early August 7th, then turned north and became a strong tropical storm (60 mph) over the Gulf Stream later that morning, before taking a more north-northwest track back toward the Southeast Coast and making landfall near Awendaw/Bulls Bay, South Carolina as a tropical storm (50 mph) around 2 AM on August 8th. A minimum surface pressure of 994 mb was recorded at Sullivan���s Island (XSLV), South Carolina prior to Debby making landfall. After landfall, Debby continued on a north-northwest track across South Carolina as a tropical storm into mid day August 8th, before weakening to a depression later that day and continuing a north path across North Carolina and Virginia into early August 9th. ||Across Southeast South Carolina, the main impacts associated with Debby included flash flooding due to widespread heavy rainfall, several nighttime tornadoes within rainbands and scattered tree damage associated with near tropical storm force winds.  ||Prolonged heavy rainfall across Southeast South Carolina brought widespread flash flooding on August 5th and 6th, additional areas of flash flooding on August 7th, 8th and 9th, along with considerable and prolonged flooding of creeks, streams and main stem rivers for several days thereafter. Numerous homes and roads were flooded, leading to rescues and/or evacuations. Storm total rainfall amounts from August 4th to August 9th generally ranged between 4 to 22 inches with highest amounts across the Quad County Area (Berkeley, Dorchester, Charleston, Colleton) and particularly along a stretch from Summerville, Ridgeville, St George and Harleyville, South Carolina to Moncks Corner, South Carolina. A peak storm total rainfall of 22.02 inches was recorded by a CoCoRaHS observer approximately 6.6 miles southwest of Moncks Corner, South Carolina. A daily record rainfall of 4.71 inches was also set on August 6th at the Charleston International Airport (KCHS). Despite a large amount of rain and flash flooding, storm surge/coastal flooding did not lead to mentionable impacts locally. The highest water level at the Charleston (CHTS1) tide gauge was 1.06 ft MHHW during the evening of August 5th. No injuries or fatalities occurred with flash flooding/flooding.||Several rainbands associated with Debby brought 8 tornadoes (4 EF1 and 4 EF0) across coastal counties of Southeast South Carolina during the night of August 5th into early August 6th, causing damage to numerous trees and many structures. An EF1 tornado in Berkeley County caused 2 minor injuries when a car was flipped by the tornado. A total of 2 minor injuries and no fatalities occurred with tornadoes.  ||Tropical storm force winds/gusts produced scattered tree damage and communication/power outages across several counties. One minor injury occurred when a tree fell down on a vehicle in Beaufort County, South Carolina. Strongest winds were recorded across coastal areas and nearby coastal waters. The highest sustained tropical storm wind (39 knots) and highest tropical storm wind gust (55 knots) occurred at Folly Beach South End (XFSE), South Carolina. Across nearby coastal waters, the highest sustained tropical storm wind (44 knots) and highest tropical storm wind gust (51 knots) occurred at the Edisto Buoy (41004). A total of 1 minor injury and no fatalities occurred by tropical cyclone winds.",320
1212777,CHARLESTON CO.,EDISTO IS ARPT,08/05/2024,2044,Tornado, ,EF1,0,0,0,0,SC,EST-5, ,195693,C,19,CHS,0,0,NWS Storm Survey, ,0.12,300,1,WSW,1,WSW,EDISTO IS ARPT,08/05/2024,2045,32.524,-80.336,32.525,-80.3376,"A National Weather Service Storm Survey Team confirmed an EF1 tornado with an estimated maximum wind speed of 97 mph in Edisto Island, South Carolina occurring from 835 PM to 845 PM EST. The tornado started in Colleton County, then briefly tracked across a small portion of Charleston County, then briefly returned back into Colleton County before crossing into Charleston County once more and quickly ending. ||Along the tornado's forth and final segment, it entered Charleston County from Colleton County at a latitude/longitude of 32.524 N, 80.336 W, continuing a northwest path across a marshy region and dissipating north of Palmetto Road.","Debby first developed into a tropical storm about 100 miles west-southwest of Key West, Florida late afternoon on August 3rd, then gradually strengthened to a strong tropical storm while tracking north across the eastern Gulf of Mexico on August 4th. Debby then reached hurricane force strength late on August 4th about 100 miles west-northwest of Tampa, before continuing a north-northeast track across the eastern Gulf of Mexico and eventually making landfall near the Big Bend area of Florida as a Category 1 Hurricane during the morning of August 5th. Debby continued inland and weakened to a tropical storm while tracking northeast across northern Florida later on August 5th, then continued a gradual weakening trend while tracking across Southeast Georgia as a tropical storm (45 mph) before slowly emerging off the Southeast Coast at tropical storm strength (40 mph) near Tybee Island, Georgia on August 6th. Debby then tracked east and farther offshore early August 7th, then turned north and became a strong tropical storm (60 mph) over the Gulf Stream later that morning, before taking a more north-northwest track back toward the Southeast Coast and making landfall near Awendaw/Bulls Bay, South Carolina as a tropical storm (50 mph) around 2 AM on August 8th. A minimum surface pressure of 994 mb was recorded at Sullivan���s Island (XSLV), South Carolina prior to Debby making landfall. After landfall, Debby continued on a north-northwest track across South Carolina as a tropical storm into mid day August 8th, before weakening to a depression later that day and continuing a north path across North Carolina and Virginia into early August 9th. ||Across Southeast South Carolina, the main impacts associated with Debby included flash flooding due to widespread heavy rainfall, several nighttime tornadoes within rainbands and scattered tree damage associated with near tropical storm force winds.  ||Prolonged heavy rainfall across Southeast South Carolina brought widespread flash flooding on August 5th and 6th, additional areas of flash flooding on August 7th, 8th and 9th, along with considerable and prolonged flooding of creeks, streams and main stem rivers for several days thereafter. Numerous homes and roads were flooded, leading to rescues and/or evacuations. Storm total rainfall amounts from August 4th to August 9th generally ranged between 4 to 22 inches with highest amounts across the Quad County Area (Berkeley, Dorchester, Charleston, Colleton) and particularly along a stretch from Summerville, Ridgeville, St George and Harleyville, South Carolina to Moncks Corner, South Carolina. A peak storm total rainfall of 22.02 inches was recorded by a CoCoRaHS observer approximately 6.6 miles southwest of Moncks Corner, South Carolina. A daily record rainfall of 4.71 inches was also set on August 6th at the Charleston International Airport (KCHS). Despite a large amount of rain and flash flooding, storm surge/coastal flooding did not lead to mentionable impacts locally. The highest water level at the Charleston (CHTS1) tide gauge was 1.06 ft MHHW during the evening of August 5th. No injuries or fatalities occurred with flash flooding/flooding.||Several rainbands associated with Debby brought 8 tornadoes (4 EF1 and 4 EF0) across coastal counties of Southeast South Carolina during the night of August 5th into early August 6th, causing damage to numerous trees and many structures. An EF1 tornado in Berkeley County caused 2 minor injuries when a car was flipped by the tornado. A total of 2 minor injuries and no fatalities occurred with tornadoes.  ||Tropical storm force winds/gusts produced scattered tree damage and communication/power outages across several counties. One minor injury occurred when a tree fell down on a vehicle in Beaufort County, South Carolina. Strongest winds were recorded across coastal areas and nearby coastal waters. The highest sustained tropical storm wind (39 knots) and highest tropical storm wind gust (55 knots) occurred at Folly Beach South End (XFSE), South Carolina. Across nearby coastal waters, the highest sustained tropical storm wind (44 knots) and highest tropical storm wind gust (51 knots) occurred at the Edisto Buoy (41004). A total of 1 minor injury and no fatalities occurred by tropical cyclone winds.",321
1212791,COLLETON CO.,EDISTO BEACH,08/05/2024,2108,Tornado, ,EF1,0,0,0,0,SC,EST-5, ,195693,C,29,CHS,0,0,NWS Storm Survey, ,0.56,90,0,SSW,1,NW,EDISTO BEACH,08/05/2024,2111,32.479,-80.3307,32.4844,-80.3378,"A National Weather Service Storm Survey Team confirmed an EF1 tornado with an estimated maximum wind speed of 90 mph in Edisto Island, South Carolina occurring from 908 PM to 911 PM EST.||The brief tornado, associated with an outer rainband from Tropical Storm Debby, moved onshore along the south end of Edisto Island, South Carolina near the 2700 Block of Point Street, where it snapped and twisted some small trees and removed asphalt shingles to at least one home. The worst damage was on Palmetto Boulevard, where one home had a complete collapse of the porch and a significant portion of the roof removed. The tornado continued to move rapidly northwestward crossing around the 2700 Block of Myrtle Street, where it did some minor damage to the facia of at least one home. Just northwest, near the 2900 block of Lee Street, at least one home had a corner of the roof removed. The tornado then moved into the southern portion of the Plantation Golf Course where it dissipated.","Debby first developed into a tropical storm about 100 miles west-southwest of Key West, Florida late afternoon on August 3rd, then gradually strengthened to a strong tropical storm while tracking north across the eastern Gulf of Mexico on August 4th. Debby then reached hurricane force strength late on August 4th about 100 miles west-northwest of Tampa, before continuing a north-northeast track across the eastern Gulf of Mexico and eventually making landfall near the Big Bend area of Florida as a Category 1 Hurricane during the morning of August 5th. Debby continued inland and weakened to a tropical storm while tracking northeast across northern Florida later on August 5th, then continued a gradual weakening trend while tracking across Southeast Georgia as a tropical storm (45 mph) before slowly emerging off the Southeast Coast at tropical storm strength (40 mph) near Tybee Island, Georgia on August 6th. Debby then tracked east and farther offshore early August 7th, then turned north and became a strong tropical storm (60 mph) over the Gulf Stream later that morning, before taking a more north-northwest track back toward the Southeast Coast and making landfall near Awendaw/Bulls Bay, South Carolina as a tropical storm (50 mph) around 2 AM on August 8th. A minimum surface pressure of 994 mb was recorded at Sullivan���s Island (XSLV), South Carolina prior to Debby making landfall. After landfall, Debby continued on a north-northwest track across South Carolina as a tropical storm into mid day August 8th, before weakening to a depression later that day and continuing a north path across North Carolina and Virginia into early August 9th. ||Across Southeast South Carolina, the main impacts associated with Debby included flash flooding due to widespread heavy rainfall, several nighttime tornadoes within rainbands and scattered tree damage associated with near tropical storm force winds.  ||Prolonged heavy rainfall across Southeast South Carolina brought widespread flash flooding on August 5th and 6th, additional areas of flash flooding on August 7th, 8th and 9th, along with considerable and prolonged flooding of creeks, streams and main stem rivers for several days thereafter. Numerous homes and roads were flooded, leading to rescues and/or evacuations. Storm total rainfall amounts from August 4th to August 9th generally ranged between 4 to 22 inches with highest amounts across the Quad County Area (Berkeley, Dorchester, Charleston, Colleton) and particularly along a stretch from Summerville, Ridgeville, St George and Harleyville, South Carolina to Moncks Corner, South Carolina. A peak storm total rainfall of 22.02 inches was recorded by a CoCoRaHS observer approximately 6.6 miles southwest of Moncks Corner, South Carolina. A daily record rainfall of 4.71 inches was also set on August 6th at the Charleston International Airport (KCHS). Despite a large amount of rain and flash flooding, storm surge/coastal flooding did not lead to mentionable impacts locally. The highest water level at the Charleston (CHTS1) tide gauge was 1.06 ft MHHW during the evening of August 5th. No injuries or fatalities occurred with flash flooding/flooding.||Several rainbands associated with Debby brought 8 tornadoes (4 EF1 and 4 EF0) across coastal counties of Southeast South Carolina during the night of August 5th into early August 6th, causing damage to numerous trees and many structures. An EF1 tornado in Berkeley County caused 2 minor injuries when a car was flipped by the tornado. A total of 2 minor injuries and no fatalities occurred with tornadoes.  ||Tropical storm force winds/gusts produced scattered tree damage and communication/power outages across several counties. One minor injury occurred when a tree fell down on a vehicle in Beaufort County, South Carolina. Strongest winds were recorded across coastal areas and nearby coastal waters. The highest sustained tropical storm wind (39 knots) and highest tropical storm wind gust (55 knots) occurred at Folly Beach South End (XFSE), South Carolina. Across nearby coastal waters, the highest sustained tropical storm wind (44 knots) and highest tropical storm wind gust (51 knots) occurred at the Edisto Buoy (41004). A total of 1 minor injury and no fatalities occurred by tropical cyclone winds.",322
1212792,CHARLESTON CO.,ROCKVILLE,08/05/2024,2155,Tornado, ,EF0,0,0,0,0,SC,EST-5, ,195693,C,19,CHS,0,0,NWS Storm Survey, ,1.18,150,7,E,7,E,ROCKVILLE,08/05/2024,2159,32.6035,-80.074,32.6168,-80.0866,"A National Weather Service Storm Survey Team confirmed an EF0 tornado with an estimated maximum wind speed of 85 mph in Kiawah Island, South Carolina occurring from 955 PM to 959 PM EST.||The tornado, associated with an outer rainband of Tropical Storm Debby, moved onshore around the 30 to 40 Block area of Surfsong Road on Kiawah Island, South Carolina. No significant damage was detected at the point it came onshore. The tornado then moved rapidly northwest through the center of Turtle Point Golf Course, snapping some trees and limbs around the 270 to 280 Block area on Doral Open Road. The tornado then continued north toward the 25 to 30 Block of Governors Drive, where it snapped and uprooted some trees. The tornado then moved northwest and dissipated over the marsh region between Governors Drive and Rhetts Bluff Road.","Debby first developed into a tropical storm about 100 miles west-southwest of Key West, Florida late afternoon on August 3rd, then gradually strengthened to a strong tropical storm while tracking north across the eastern Gulf of Mexico on August 4th. Debby then reached hurricane force strength late on August 4th about 100 miles west-northwest of Tampa, before continuing a north-northeast track across the eastern Gulf of Mexico and eventually making landfall near the Big Bend area of Florida as a Category 1 Hurricane during the morning of August 5th. Debby continued inland and weakened to a tropical storm while tracking northeast across northern Florida later on August 5th, then continued a gradual weakening trend while tracking across Southeast Georgia as a tropical storm (45 mph) before slowly emerging off the Southeast Coast at tropical storm strength (40 mph) near Tybee Island, Georgia on August 6th. Debby then tracked east and farther offshore early August 7th, then turned north and became a strong tropical storm (60 mph) over the Gulf Stream later that morning, before taking a more north-northwest track back toward the Southeast Coast and making landfall near Awendaw/Bulls Bay, South Carolina as a tropical storm (50 mph) around 2 AM on August 8th. A minimum surface pressure of 994 mb was recorded at Sullivan���s Island (XSLV), South Carolina prior to Debby making landfall. After landfall, Debby continued on a north-northwest track across South Carolina as a tropical storm into mid day August 8th, before weakening to a depression later that day and continuing a north path across North Carolina and Virginia into early August 9th. ||Across Southeast South Carolina, the main impacts associated with Debby included flash flooding due to widespread heavy rainfall, several nighttime tornadoes within rainbands and scattered tree damage associated with near tropical storm force winds.  ||Prolonged heavy rainfall across Southeast South Carolina brought widespread flash flooding on August 5th and 6th, additional areas of flash flooding on August 7th, 8th and 9th, along with considerable and prolonged flooding of creeks, streams and main stem rivers for several days thereafter. Numerous homes and roads were flooded, leading to rescues and/or evacuations. Storm total rainfall amounts from August 4th to August 9th generally ranged between 4 to 22 inches with highest amounts across the Quad County Area (Berkeley, Dorchester, Charleston, Colleton) and particularly along a stretch from Summerville, Ridgeville, St George and Harleyville, South Carolina to Moncks Corner, South Carolina. A peak storm total rainfall of 22.02 inches was recorded by a CoCoRaHS observer approximately 6.6 miles southwest of Moncks Corner, South Carolina. A daily record rainfall of 4.71 inches was also set on August 6th at the Charleston International Airport (KCHS). Despite a large amount of rain and flash flooding, storm surge/coastal flooding did not lead to mentionable impacts locally. The highest water level at the Charleston (CHTS1) tide gauge was 1.06 ft MHHW during the evening of August 5th. No injuries or fatalities occurred with flash flooding/flooding.||Several rainbands associated with Debby brought 8 tornadoes (4 EF1 and 4 EF0) across coastal counties of Southeast South Carolina during the night of August 5th into early August 6th, causing damage to numerous trees and many structures. An EF1 tornado in Berkeley County caused 2 minor injuries when a car was flipped by the tornado. A total of 2 minor injuries and no fatalities occurred with tornadoes.  ||Tropical storm force winds/gusts produced scattered tree damage and communication/power outages across several counties. One minor injury occurred when a tree fell down on a vehicle in Beaufort County, South Carolina. Strongest winds were recorded across coastal areas and nearby coastal waters. The highest sustained tropical storm wind (39 knots) and highest tropical storm wind gust (55 knots) occurred at Folly Beach South End (XFSE), South Carolina. Across nearby coastal waters, the highest sustained tropical storm wind (44 knots) and highest tropical storm wind gust (51 knots) occurred at the Edisto Buoy (41004). A total of 1 minor injury and no fatalities occurred by tropical cyclone winds.",323
1212793,CHARLESTON CO.,DUPONT,08/05/2024,2314,Tornado, ,EF0,0,0,0,0,SC,EST-5, ,195693,C,19,CHS,0,0,NWS Storm Survey, ,3.84,200,1,E,2,WSW,DRAYTON,08/05/2024,2322,32.8,-80.035,32.8432,-80.0765,"A National Weather Service Storm Survey Team confirmed an EF0 tornado with an estimated maximum wind speed of 77 mph in West Ashley, South Carolina occurring from 1114 PM to 1122 PM EST.||The tornado, associated with an outer rainband of Tropical Storm Debby, began near the Citadel Mall and Interstate 526, causing small limb debris. The tornado is suspected to have sporadically touched down as it continued northwest across a mostly uninhabited area along Henry Tecklenburg Drive, just south of Bon Secours Saint Francis Hospital. The tornado then continued northwest across Glenn McConnell Parkway where it snapped and uprooted some trees as it moved near Bairds Cove and Mary Ader Avenue. The tornado then crossed a marshy area of Long Branch Creek and snapped/uprooted a few more trees around Wicklowe Drive. The tornado then continued northwest, tracking south of Canterbury Woods over a heavily wooded area before it crossed Bees Ferry Road. The tornado then tracked along the southern edge of Shadowmoss Plantation Golf Club, where it snapped and uprooted a few more trees between Brogun Lane, McDougall Drive and Dunvegan Drive. The tornado then dissipated just south of Muirfield Parkway, just northwest of the Shadowmoss clubhouse.","Debby first developed into a tropical storm about 100 miles west-southwest of Key West, Florida late afternoon on August 3rd, then gradually strengthened to a strong tropical storm while tracking north across the eastern Gulf of Mexico on August 4th. Debby then reached hurricane force strength late on August 4th about 100 miles west-northwest of Tampa, before continuing a north-northeast track across the eastern Gulf of Mexico and eventually making landfall near the Big Bend area of Florida as a Category 1 Hurricane during the morning of August 5th. Debby continued inland and weakened to a tropical storm while tracking northeast across northern Florida later on August 5th, then continued a gradual weakening trend while tracking across Southeast Georgia as a tropical storm (45 mph) before slowly emerging off the Southeast Coast at tropical storm strength (40 mph) near Tybee Island, Georgia on August 6th. Debby then tracked east and farther offshore early August 7th, then turned north and became a strong tropical storm (60 mph) over the Gulf Stream later that morning, before taking a more north-northwest track back toward the Southeast Coast and making landfall near Awendaw/Bulls Bay, South Carolina as a tropical storm (50 mph) around 2 AM on August 8th. A minimum surface pressure of 994 mb was recorded at Sullivan���s Island (XSLV), South Carolina prior to Debby making landfall. After landfall, Debby continued on a north-northwest track across South Carolina as a tropical storm into mid day August 8th, before weakening to a depression later that day and continuing a north path across North Carolina and Virginia into early August 9th. ||Across Southeast South Carolina, the main impacts associated with Debby included flash flooding due to widespread heavy rainfall, several nighttime tornadoes within rainbands and scattered tree damage associated with near tropical storm force winds.  ||Prolonged heavy rainfall across Southeast South Carolina brought widespread flash flooding on August 5th and 6th, additional areas of flash flooding on August 7th, 8th and 9th, along with considerable and prolonged flooding of creeks, streams and main stem rivers for several days thereafter. Numerous homes and roads were flooded, leading to rescues and/or evacuations. Storm total rainfall amounts from August 4th to August 9th generally ranged between 4 to 22 inches with highest amounts across the Quad County Area (Berkeley, Dorchester, Charleston, Colleton) and particularly along a stretch from Summerville, Ridgeville, St George and Harleyville, South Carolina to Moncks Corner, South Carolina. A peak storm total rainfall of 22.02 inches was recorded by a CoCoRaHS observer approximately 6.6 miles southwest of Moncks Corner, South Carolina. A daily record rainfall of 4.71 inches was also set on August 6th at the Charleston International Airport (KCHS). Despite a large amount of rain and flash flooding, storm surge/coastal flooding did not lead to mentionable impacts locally. The highest water level at the Charleston (CHTS1) tide gauge was 1.06 ft MHHW during the evening of August 5th. No injuries or fatalities occurred with flash flooding/flooding.||Several rainbands associated with Debby brought 8 tornadoes (4 EF1 and 4 EF0) across coastal counties of Southeast South Carolina during the night of August 5th into early August 6th, causing damage to numerous trees and many structures. An EF1 tornado in Berkeley County caused 2 minor injuries when a car was flipped by the tornado. A total of 2 minor injuries and no fatalities occurred with tornadoes.  ||Tropical storm force winds/gusts produced scattered tree damage and communication/power outages across several counties. One minor injury occurred when a tree fell down on a vehicle in Beaufort County, South Carolina. Strongest winds were recorded across coastal areas and nearby coastal waters. The highest sustained tropical storm wind (39 knots) and highest tropical storm wind gust (55 knots) occurred at Folly Beach South End (XFSE), South Carolina. Across nearby coastal waters, the highest sustained tropical storm wind (44 knots) and highest tropical storm wind gust (51 knots) occurred at the Edisto Buoy (41004). A total of 1 minor injury and no fatalities occurred by tropical cyclone winds.",324
1212797,BEAUFORT CO.,FROGMORE,08/05/2024,2341,Tornado, ,EF0,0,0,0,0,SC,EST-5, ,195693,C,13,CHS,0,0,NWS Storm Survey, ,0.85,60,3,SE,2,ESE,FROGMORE,08/05/2024,2343,32.3736,-80.5253,32.3819,-80.5361,"A National Weather Service Storm Survey Team confirmed an EF0 tornado with an estimated maximum wind speed of 74 mph in Saint Helena Island, South Carolina occurring from 1141 PM to 1143 PM EST. ||The weak and very short-lived tornado, which was associated with an outer rainband of Tropical Storm Debby, touched down over the marsh region of the Harbor River, just south of 1st Coleman Road. Radar data was used to estimate the beginning of the tornado path over the remote marsh region south of 1st Coleman Road. The first detectable damage was a small uprooted tree and a few snapped tree limbs near the southern end of 1st Coleman Road, where it borders the marsh region of the Harbor River. The tornado then moved rapidly northwest, generally along the southern and western side of 1st Coleman Road where it snapped several tree limbs and small trees, broke a flag pole at the base and caused minor damage to the metal skirt at the base of one mobile home. The tornado then continued briefly to the northwest where it ended in a heavily wooded area just southwest of the intersection of Seaside Road and 1st Coleman Road.","Debby first developed into a tropical storm about 100 miles west-southwest of Key West, Florida late afternoon on August 3rd, then gradually strengthened to a strong tropical storm while tracking north across the eastern Gulf of Mexico on August 4th. Debby then reached hurricane force strength late on August 4th about 100 miles west-northwest of Tampa, before continuing a north-northeast track across the eastern Gulf of Mexico and eventually making landfall near the Big Bend area of Florida as a Category 1 Hurricane during the morning of August 5th. Debby continued inland and weakened to a tropical storm while tracking northeast across northern Florida later on August 5th, then continued a gradual weakening trend while tracking across Southeast Georgia as a tropical storm (45 mph) before slowly emerging off the Southeast Coast at tropical storm strength (40 mph) near Tybee Island, Georgia on August 6th. Debby then tracked east and farther offshore early August 7th, then turned north and became a strong tropical storm (60 mph) over the Gulf Stream later that morning, before taking a more north-northwest track back toward the Southeast Coast and making landfall near Awendaw/Bulls Bay, South Carolina as a tropical storm (50 mph) around 2 AM on August 8th. A minimum surface pressure of 994 mb was recorded at Sullivan���s Island (XSLV), South Carolina prior to Debby making landfall. After landfall, Debby continued on a north-northwest track across South Carolina as a tropical storm into mid day August 8th, before weakening to a depression later that day and continuing a north path across North Carolina and Virginia into early August 9th. ||Across Southeast South Carolina, the main impacts associated with Debby included flash flooding due to widespread heavy rainfall, several nighttime tornadoes within rainbands and scattered tree damage associated with near tropical storm force winds.  ||Prolonged heavy rainfall across Southeast South Carolina brought widespread flash flooding on August 5th and 6th, additional areas of flash flooding on August 7th, 8th and 9th, along with considerable and prolonged flooding of creeks, streams and main stem rivers for several days thereafter. Numerous homes and roads were flooded, leading to rescues and/or evacuations. Storm total rainfall amounts from August 4th to August 9th generally ranged between 4 to 22 inches with highest amounts across the Quad County Area (Berkeley, Dorchester, Charleston, Colleton) and particularly along a stretch from Summerville, Ridgeville, St George and Harleyville, South Carolina to Moncks Corner, South Carolina. A peak storm total rainfall of 22.02 inches was recorded by a CoCoRaHS observer approximately 6.6 miles southwest of Moncks Corner, South Carolina. A daily record rainfall of 4.71 inches was also set on August 6th at the Charleston International Airport (KCHS). Despite a large amount of rain and flash flooding, storm surge/coastal flooding did not lead to mentionable impacts locally. The highest water level at the Charleston (CHTS1) tide gauge was 1.06 ft MHHW during the evening of August 5th. No injuries or fatalities occurred with flash flooding/flooding.||Several rainbands associated with Debby brought 8 tornadoes (4 EF1 and 4 EF0) across coastal counties of Southeast South Carolina during the night of August 5th into early August 6th, causing damage to numerous trees and many structures. An EF1 tornado in Berkeley County caused 2 minor injuries when a car was flipped by the tornado. A total of 2 minor injuries and no fatalities occurred with tornadoes.  ||Tropical storm force winds/gusts produced scattered tree damage and communication/power outages across several counties. One minor injury occurred when a tree fell down on a vehicle in Beaufort County, South Carolina. Strongest winds were recorded across coastal areas and nearby coastal waters. The highest sustained tropical storm wind (39 knots) and highest tropical storm wind gust (55 knots) occurred at Folly Beach South End (XFSE), South Carolina. Across nearby coastal waters, the highest sustained tropical storm wind (44 knots) and highest tropical storm wind gust (51 knots) occurred at the Edisto Buoy (41004). A total of 1 minor injury and no fatalities occurred by tropical cyclone winds.",325
1212794,BEAUFORT CO.,BEAUFORT CO ARPT,08/05/2024,2353,Tornado, ,EF0,0,0,0,0,SC,EST-5, ,195693,C,13,CHS,0,0,NWS Storm Survey, ,2.14,60,2,NE,3,N,BEAUFORT CO ARPT,08/05/2024,2356,32.4393,-80.6085,32.4578,-80.638,"A National Weather Service Storm Survey Team confirmed an EF0 tornado with an estimated maximum wind speed of 85 mph in Lady's Island, South Carolina occurring from 1153 PM to 1156 PM EST.||The short-lived tornado developed in an outer rainband of Tropical Storm Debby over Point Creek, just southeast of Lady's Island. The tornado moved rapidly northwest across a marshy region of the island, snapping several small trees  in an uninhabited area when it reached Holly Hall Road. The tornado then continued northwest across the marsh region of Rock Springs Creek and to the 500 Block of Sams Point Road, where it snapped several more trees. The tornado then continued on a northwest path and quickly dissipated just south of Wade Hampton Drive.","Debby first developed into a tropical storm about 100 miles west-southwest of Key West, Florida late afternoon on August 3rd, then gradually strengthened to a strong tropical storm while tracking north across the eastern Gulf of Mexico on August 4th. Debby then reached hurricane force strength late on August 4th about 100 miles west-northwest of Tampa, before continuing a north-northeast track across the eastern Gulf of Mexico and eventually making landfall near the Big Bend area of Florida as a Category 1 Hurricane during the morning of August 5th. Debby continued inland and weakened to a tropical storm while tracking northeast across northern Florida later on August 5th, then continued a gradual weakening trend while tracking across Southeast Georgia as a tropical storm (45 mph) before slowly emerging off the Southeast Coast at tropical storm strength (40 mph) near Tybee Island, Georgia on August 6th. Debby then tracked east and farther offshore early August 7th, then turned north and became a strong tropical storm (60 mph) over the Gulf Stream later that morning, before taking a more north-northwest track back toward the Southeast Coast and making landfall near Awendaw/Bulls Bay, South Carolina as a tropical storm (50 mph) around 2 AM on August 8th. A minimum surface pressure of 994 mb was recorded at Sullivan���s Island (XSLV), South Carolina prior to Debby making landfall. After landfall, Debby continued on a north-northwest track across South Carolina as a tropical storm into mid day August 8th, before weakening to a depression later that day and continuing a north path across North Carolina and Virginia into early August 9th. ||Across Southeast South Carolina, the main impacts associated with Debby included flash flooding due to widespread heavy rainfall, several nighttime tornadoes within rainbands and scattered tree damage associated with near tropical storm force winds.  ||Prolonged heavy rainfall across Southeast South Carolina brought widespread flash flooding on August 5th and 6th, additional areas of flash flooding on August 7th, 8th and 9th, along with considerable and prolonged flooding of creeks, streams and main stem rivers for several days thereafter. Numerous homes and roads were flooded, leading to rescues and/or evacuations. Storm total rainfall amounts from August 4th to August 9th generally ranged between 4 to 22 inches with highest amounts across the Quad County Area (Berkeley, Dorchester, Charleston, Colleton) and particularly along a stretch from Summerville, Ridgeville, St George and Harleyville, South Carolina to Moncks Corner, South Carolina. A peak storm total rainfall of 22.02 inches was recorded by a CoCoRaHS observer approximately 6.6 miles southwest of Moncks Corner, South Carolina. A daily record rainfall of 4.71 inches was also set on August 6th at the Charleston International Airport (KCHS). Despite a large amount of rain and flash flooding, storm surge/coastal flooding did not lead to mentionable impacts locally. The highest water level at the Charleston (CHTS1) tide gauge was 1.06 ft MHHW during the evening of August 5th. No injuries or fatalities occurred with flash flooding/flooding.||Several rainbands associated with Debby brought 8 tornadoes (4 EF1 and 4 EF0) across coastal counties of Southeast South Carolina during the night of August 5th into early August 6th, causing damage to numerous trees and many structures. An EF1 tornado in Berkeley County caused 2 minor injuries when a car was flipped by the tornado. A total of 2 minor injuries and no fatalities occurred with tornadoes.  ||Tropical storm force winds/gusts produced scattered tree damage and communication/power outages across several counties. One minor injury occurred when a tree fell down on a vehicle in Beaufort County, South Carolina. Strongest winds were recorded across coastal areas and nearby coastal waters. The highest sustained tropical storm wind (39 knots) and highest tropical storm wind gust (55 knots) occurred at Folly Beach South End (XFSE), South Carolina. Across nearby coastal waters, the highest sustained tropical storm wind (44 knots) and highest tropical storm wind gust (51 knots) occurred at the Edisto Buoy (41004). A total of 1 minor injury and no fatalities occurred by tropical cyclone winds.",326
1212746,CHARLESTON CO.,ISLE OF PALMS,08/06/2024,33,Tornado, ,EF1,0,0,0,0,SC,EST-5, ,195693,C,19,CHS,0,0,NWS Storm Survey, ,0.71,75,1,NNW,1,WSW,ISLE OF PALMS ARPT,08/06/2024,37,32.7892,-79.7773,32.7972,-79.785,"A National Weather Service Storm Survey Team confirmed an EF1 tornado with an estimated maximum wind speed of 87 mph in Isle of Palms, South Carolina occurring from 1233 AM to 1237 AM EST. ||The brief tornado, associated with an outer rainband from Tropical Storm Debby, moved onshore near 25th Avenue where it did minor roof damage to one house and also pulled the front door out the frame. The tornado continued north-northwest along 25th Avenue between Palm Boulevard and Hartnett Boulevard, where it pulled out a few windows and snapped/uprooted some trees. As the tornado moved just north of Hartnett Boulevard, it removed the shingles from a portion of the roofs from a few homes. Beyond this point, the tornado curved a bit more northwest and snapped a few more trees before starting to lift near the intersection of Waterway Boulevard and 24th Avenue, then dissipated within the Intra Coastal Waterway. Overall, an estimated 29 homes sustained some level of damage, either directly by the tornado or from trees or large limbs falling on them.","Debby first developed into a tropical storm about 100 miles west-southwest of Key West, Florida late afternoon on August 3rd, then gradually strengthened to a strong tropical storm while tracking north across the eastern Gulf of Mexico on August 4th. Debby then reached hurricane force strength late on August 4th about 100 miles west-northwest of Tampa, before continuing a north-northeast track across the eastern Gulf of Mexico and eventually making landfall near the Big Bend area of Florida as a Category 1 Hurricane during the morning of August 5th. Debby continued inland and weakened to a tropical storm while tracking northeast across northern Florida later on August 5th, then continued a gradual weakening trend while tracking across Southeast Georgia as a tropical storm (45 mph) before slowly emerging off the Southeast Coast at tropical storm strength (40 mph) near Tybee Island, Georgia on August 6th. Debby then tracked east and farther offshore early August 7th, then turned north and became a strong tropical storm (60 mph) over the Gulf Stream later that morning, before taking a more north-northwest track back toward the Southeast Coast and making landfall near Awendaw/Bulls Bay, South Carolina as a tropical storm (50 mph) around 2 AM on August 8th. A minimum surface pressure of 994 mb was recorded at Sullivan���s Island (XSLV), South Carolina prior to Debby making landfall. After landfall, Debby continued on a north-northwest track across South Carolina as a tropical storm into mid day August 8th, before weakening to a depression later that day and continuing a north path across North Carolina and Virginia into early August 9th. ||Across Southeast South Carolina, the main impacts associated with Debby included flash flooding due to widespread heavy rainfall, several nighttime tornadoes within rainbands and scattered tree damage associated with near tropical storm force winds.  ||Prolonged heavy rainfall across Southeast South Carolina brought widespread flash flooding on August 5th and 6th, additional areas of flash flooding on August 7th, 8th and 9th, along with considerable and prolonged flooding of creeks, streams and main stem rivers for several days thereafter. Numerous homes and roads were flooded, leading to rescues and/or evacuations. Storm total rainfall amounts from August 4th to August 9th generally ranged between 4 to 22 inches with highest amounts across the Quad County Area (Berkeley, Dorchester, Charleston, Colleton) and particularly along a stretch from Summerville, Ridgeville, St George and Harleyville, South Carolina to Moncks Corner, South Carolina. A peak storm total rainfall of 22.02 inches was recorded by a CoCoRaHS observer approximately 6.6 miles southwest of Moncks Corner, South Carolina. A daily record rainfall of 4.71 inches was also set on August 6th at the Charleston International Airport (KCHS). Despite a large amount of rain and flash flooding, storm surge/coastal flooding did not lead to mentionable impacts locally. The highest water level at the Charleston (CHTS1) tide gauge was 1.06 ft MHHW during the evening of August 5th. No injuries or fatalities occurred with flash flooding/flooding.||Several rainbands associated with Debby brought 8 tornadoes (4 EF1 and 4 EF0) across coastal counties of Southeast South Carolina during the night of August 5th into early August 6th, causing damage to numerous trees and many structures. An EF1 tornado in Berkeley County caused 2 minor injuries when a car was flipped by the tornado. A total of 2 minor injuries and no fatalities occurred with tornadoes.  ||Tropical storm force winds/gusts produced scattered tree damage and communication/power outages across several counties. One minor injury occurred when a tree fell down on a vehicle in Beaufort County, South Carolina. Strongest winds were recorded across coastal areas and nearby coastal waters. The highest sustained tropical storm wind (39 knots) and highest tropical storm wind gust (55 knots) occurred at Folly Beach South End (XFSE), South Carolina. Across nearby coastal waters, the highest sustained tropical storm wind (44 knots) and highest tropical storm wind gust (51 knots) occurred at the Edisto Buoy (41004). A total of 1 minor injury and no fatalities occurred by tropical cyclone winds.",327
1212795,BERKELEY CO.,MONCKS CORNER,08/06/2024,153,Tornado, ,EF1,0,2,0,0,SC,EST-5, ,195693,C,15,CHS,0,0,NWS Storm Survey, ,3.88,150,2,ENE,1,NW,PINOPOLIS,08/06/2024,200,33.2079,-79.9807,33.2369,-80.0381,"A National Weather Service Storm Survey Team confirmed an EF1 tornado with an estimated maximum wind speed of 95 mph in Moncks Corner, South Carolina occurring from 153 AM to 200 AM EST.||The tornado, which originated in an outer rainband associated with Tropical Storm Debby, touched down just east of McCormick Circle, snapping two trees in the woods behind an Applebee's. The tornado then moved northwest, causing damage to the Applebee's sign and then turned west, flipping vehicles that led to 2 minor injuries. The tornado then continued on a west track, impacting an Arby's. This was the location of the strongest damage as numerous windows were blown out at the Arby's on both the west and east-facing sides of the building. The rooftop A/C was also blown into the Arby's parking lot. However, no other structural damage was noted and therefore the degree of damage was kept near the middle of the expected wind speed, or at 95 mph. The Walmart Supercenter to the northwest of Arby's also sustained some very minor roof fascia damage, which was starting to peel off from the main structure. The tornado then continued to move northwest and passed Mitton Road, where several trees were uprooted with a few branches greater than 3 inches in diameter broken. There was also a residence on Mitton Road that had roof damage to less than 20% of the structure. The tornado then moved northwest and weakened as it crossed Kitfield Road, where some branches (mostly 1-3 in diameter) were broken. There were also branches (1-3 in diameter) snapped northwest of this location on Lois Circle and Broughton Road. The tornado then continued a path northwest, before dissipating on the northern end of the Pinopolis Peninsula along the south end of Lake Moultrie.","Debby first developed into a tropical storm about 100 miles west-southwest of Key West, Florida late afternoon on August 3rd, then gradually strengthened to a strong tropical storm while tracking north across the eastern Gulf of Mexico on August 4th. Debby then reached hurricane force strength late on August 4th about 100 miles west-northwest of Tampa, before continuing a north-northeast track across the eastern Gulf of Mexico and eventually making landfall near the Big Bend area of Florida as a Category 1 Hurricane during the morning of August 5th. Debby continued inland and weakened to a tropical storm while tracking northeast across northern Florida later on August 5th, then continued a gradual weakening trend while tracking across Southeast Georgia as a tropical storm (45 mph) before slowly emerging off the Southeast Coast at tropical storm strength (40 mph) near Tybee Island, Georgia on August 6th. Debby then tracked east and farther offshore early August 7th, then turned north and became a strong tropical storm (60 mph) over the Gulf Stream later that morning, before taking a more north-northwest track back toward the Southeast Coast and making landfall near Awendaw/Bulls Bay, South Carolina as a tropical storm (50 mph) around 2 AM on August 8th. A minimum surface pressure of 994 mb was recorded at Sullivan���s Island (XSLV), South Carolina prior to Debby making landfall. After landfall, Debby continued on a north-northwest track across South Carolina as a tropical storm into mid day August 8th, before weakening to a depression later that day and continuing a north path across North Carolina and Virginia into early August 9th. ||Across Southeast South Carolina, the main impacts associated with Debby included flash flooding due to widespread heavy rainfall, several nighttime tornadoes within rainbands and scattered tree damage associated with near tropical storm force winds.  ||Prolonged heavy rainfall across Southeast South Carolina brought widespread flash flooding on August 5th and 6th, additional areas of flash flooding on August 7th, 8th and 9th, along with considerable and prolonged flooding of creeks, streams and main stem rivers for several days thereafter. Numerous homes and roads were flooded, leading to rescues and/or evacuations. Storm total rainfall amounts from August 4th to August 9th generally ranged between 4 to 22 inches with highest amounts across the Quad County Area (Berkeley, Dorchester, Charleston, Colleton) and particularly along a stretch from Summerville, Ridgeville, St George and Harleyville, South Carolina to Moncks Corner, South Carolina. A peak storm total rainfall of 22.02 inches was recorded by a CoCoRaHS observer approximately 6.6 miles southwest of Moncks Corner, South Carolina. A daily record rainfall of 4.71 inches was also set on August 6th at the Charleston International Airport (KCHS). Despite a large amount of rain and flash flooding, storm surge/coastal flooding did not lead to mentionable impacts locally. The highest water level at the Charleston (CHTS1) tide gauge was 1.06 ft MHHW during the evening of August 5th. No injuries or fatalities occurred with flash flooding/flooding.||Several rainbands associated with Debby brought 8 tornadoes (4 EF1 and 4 EF0) across coastal counties of Southeast South Carolina during the night of August 5th into early August 6th, causing damage to numerous trees and many structures. An EF1 tornado in Berkeley County caused 2 minor injuries when a car was flipped by the tornado. A total of 2 minor injuries and no fatalities occurred with tornadoes.  ||Tropical storm force winds/gusts produced scattered tree damage and communication/power outages across several counties. One minor injury occurred when a tree fell down on a vehicle in Beaufort County, South Carolina. Strongest winds were recorded across coastal areas and nearby coastal waters. The highest sustained tropical storm wind (39 knots) and highest tropical storm wind gust (55 knots) occurred at Folly Beach South End (XFSE), South Carolina. Across nearby coastal waters, the highest sustained tropical storm wind (44 knots) and highest tropical storm wind gust (51 knots) occurred at the Edisto Buoy (41004). A total of 1 minor injury and no fatalities occurred by tropical cyclone winds.",328
1219191,GREENVILLE CO.,RIVER FALLS,09/25/2024,1739,Tornado, ,EF0,0,0,5000,0,SC,EST-5, ,197038,C,45,GSP,0,0,Emergency Manager, ,0.24,50,2,SW,1,SW,RIVER FALLS,09/25/2024,1740,35.102,-82.549,35.103,-82.545,"Emergency manager reported a brief tornado touched down in an area between Jones Gap State Park and River Falls Rd. Multiple trees were blown down and some outbuildings were damaged.","A plume of moisture extending from an intensifying Tropical Cyclone Helene over the Gulf of Mexico interacted with a slow-moving cold front to produce a band of widespread heavy rain showers and embedded scattered thunderstorms over the southern Appalachians and vicinity on the 25th and 26th. One of the embedded storms produced a brief, weak tornado in northern Greenville County.",329
1216962,BEAUFORT CO.,DAUFUSKIE IS,09/26/2024,603,Tornado, ,EF0,0,0,0,0,SC,EST-5, ,196703,C,13,CHS,0,0,NWS Storm Survey, ,6.47,150,2,NNW,4,SW,BLUFFTON,09/26/2024,616,32.1046,-80.8598,32.1891,-80.9075,"A National Weather Service storm survey team confirmed that an EF-0 tornado with estimated peak winds of 80 mph and associated with an outer band of Hurricane Helene, started on Daufuskie Island near Driftwood Cottage Lane. The tornado then continued northward across Daufuskie Island, snapping trees on Stoddard Court and on Martinangel Lane near Captain Monroe Lane. The tornado then crossed over the marsh between Daufuskie Island and Palmetto Bluff. Trees were snapped between Corley Street and Maritime Road near Old Moreland Road. Trees were also snapped on Amaranth Road at Moreland Road. The tornado then dissipated just north of Big House Plantation Road.","Helene first developed into a tropical storm in the northwest Caribbean Sea in the late morning of September 24, and strengthened into a hurricane near the Yucatan peninsula about 24 hours later. Helene continued to strengthen and became a major hurricane as it moved to the north-northeast across the eastern Gulf of Mexico. Helene made landfall in the Big Bend region of Florida in the late evening hours of September 26 as a category 4 hurricane. Once inland, Helene moved quickly northward through the state of Georgia and produced widespread significant impacts across multiple states. ||The very large wind field associated with Helen produced widespread tropical storm force winds across southeast South Carolina during the evening and overnight hours of September 26-27.  The peak observed wind gust in southeast South Carolina was 75 mph at the Beaufort Marine Corps Air Station (KNBC).  Wind impacts due to Helene were significant including widespread tree damage and power outages with several counties reporting near 100 percent power outages.  Conditions along the east side of the track of Helene were very conducive to tropical tornadoes, and 8 tornadoes were confirmed across southeast South Carolina.  Fortunately, there were no injuries or fatalities due to the tornadoes or strong winds associated with Helene.  |Helene also produced heavy rainfall across southeast South Carolina.  Rainfall amounts ranged from 2-5 inches in most areas, with the heaviest swath of rain occurring across Jasper, Hampton, Allendale, and Colleton counties where amounts were more on the order of 5-8 inches.  However, no significant flooding or flash flooding was observed due to heavy rainfall.  ||Helene did produce modest storm surge along the southeast South Carolina coast, resulting in a peak observed tide level of 2.26 ft MHHW (8.02 ft MLLW) at the Charleston Harbor National Ocean Service (NOS) tide gage.",330
1216963,BEAUFORT CO.,PRITCHARDVILLE,09/26/2024,620,Tornado, ,EF0,0,0,0,0,SC,EST-5, ,196703,C,13,CHS,0,0,NWS Storm Survey, ,1.27,100,3,ESE,2,E,PRITCHARDVILLE,09/26/2024,622,32.2166,-80.9281,32.2349,-80.9305,"A National Weather Service storm survey team confirmed an EF-0 tornado with estimated peak winds of 76 mph near Pritchardville. The brief, relatively weak tornado, associated with an outer band of Hurricane Helene, developed near Headwaters Road. At this point, the there was only some minor and sporadic damage to small limbs and branches. As it moved rapidly northward, it crossed the far western marshy area of the May River. It then crossed May River Road, where its snapped and uprooted some trees, before it dissipated just to the north.","Helene first developed into a tropical storm in the northwest Caribbean Sea in the late morning of September 24, and strengthened into a hurricane near the Yucatan peninsula about 24 hours later. Helene continued to strengthen and became a major hurricane as it moved to the north-northeast across the eastern Gulf of Mexico. Helene made landfall in the Big Bend region of Florida in the late evening hours of September 26 as a category 4 hurricane. Once inland, Helene moved quickly northward through the state of Georgia and produced widespread significant impacts across multiple states. ||The very large wind field associated with Helen produced widespread tropical storm force winds across southeast South Carolina during the evening and overnight hours of September 26-27.  The peak observed wind gust in southeast South Carolina was 75 mph at the Beaufort Marine Corps Air Station (KNBC).  Wind impacts due to Helene were significant including widespread tree damage and power outages with several counties reporting near 100 percent power outages.  Conditions along the east side of the track of Helene were very conducive to tropical tornadoes, and 8 tornadoes were confirmed across southeast South Carolina.  Fortunately, there were no injuries or fatalities due to the tornadoes or strong winds associated with Helene.  |Helene also produced heavy rainfall across southeast South Carolina.  Rainfall amounts ranged from 2-5 inches in most areas, with the heaviest swath of rain occurring across Jasper, Hampton, Allendale, and Colleton counties where amounts were more on the order of 5-8 inches.  However, no significant flooding or flash flooding was observed due to heavy rainfall.  ||Helene did produce modest storm surge along the southeast South Carolina coast, resulting in a peak observed tide level of 2.26 ft MHHW (8.02 ft MLLW) at the Charleston Harbor National Ocean Service (NOS) tide gage.",331
1207234,ORANGEBURG CO.,ROWESVILLE,09/26/2024,939,Tornado, ,EF1,0,0,0,0,SC,EST-5, ,195267,C,75,CAE,0,0,NWS Storm Survey, ,13.36,1100,5,SW,2,W,GREAT BRANCH,09/26/2024,1003,33.3231,-80.915,33.4957,-81.0022,"A long-track, EF1 tornado touched down east of Canaan, SC on|9/26/24. It produced widespread tree damage along its path|northwestward, producing EF1 damage to trees in multiple spots|west of Cordova, SC. The tornado initially moved north before crossing |Blewer Road and Elder Branch Road, causing EF1 tree damage in the |area. The tornado then turned northwest near Cordova and caused |additional EF1 tree damage along Leraleigh Road. It finally lifted near |Gravel Hill, SC after producing mostly minor tree damage near the town.","Tropical Storm Helene formed in the NW Caribbean Sea on September 24. Helene moved northward into the Gulf of Mexico where it strengthened into a hurricane on September 25. During the day on September 26, Helene remained off the coast of Florida and an upper low over the southeast US led to strong moisture transport and strong forcing over the area. Heavy rain rates and training bands led to flash flooding developing. Increasing shear associated with the hurricane also led to the development of several tornadoes in heavy rain bands.",332
1216964,COLLETON CO.,ASHTON,09/26/2024,1152,Tornado, ,EF1,0,0,0,0,SC,EST-5, ,196703,C,29,CHS,0,0,NWS Storm Survey, ,4.07,150,0,E,2,W,H AND B JCT,09/26/2024,1202,33.0207,-80.9629,33.0754,-80.9887,"A National Weather Service storm survey team confirmed an EF-1 tornado with estimated peak winds of 90 mph in northern Colleton County. A short lived tornado ahead of Hurricane Helene touched down near Gabriel Road with a few tree limbs down and a tree snapped at the trunk. As the tornado approached 641, multiple trees were snapped at the trunk on the northern side, facing Ashton Branch of Willow Swamp. The tornado continued to the northwest where multiple tree branches were broken along Ashton Road, with additional tree branch and limb damage persisting along Ralphs Road as well. The tornado then turned more northward and continued into Bamberg County.","Helene first developed into a tropical storm in the northwest Caribbean Sea in the late morning of September 24, and strengthened into a hurricane near the Yucatan peninsula about 24 hours later. Helene continued to strengthen and became a major hurricane as it moved to the north-northeast across the eastern Gulf of Mexico. Helene made landfall in the Big Bend region of Florida in the late evening hours of September 26 as a category 4 hurricane. Once inland, Helene moved quickly northward through the state of Georgia and produced widespread significant impacts across multiple states. ||The very large wind field associated with Helen produced widespread tropical storm force winds across southeast South Carolina during the evening and overnight hours of September 26-27.  The peak observed wind gust in southeast South Carolina was 75 mph at the Beaufort Marine Corps Air Station (KNBC).  Wind impacts due to Helene were significant including widespread tree damage and power outages with several counties reporting near 100 percent power outages.  Conditions along the east side of the track of Helene were very conducive to tropical tornadoes, and 8 tornadoes were confirmed across southeast South Carolina.  Fortunately, there were no injuries or fatalities due to the tornadoes or strong winds associated with Helene.  |Helene also produced heavy rainfall across southeast South Carolina.  Rainfall amounts ranged from 2-5 inches in most areas, with the heaviest swath of rain occurring across Jasper, Hampton, Allendale, and Colleton counties where amounts were more on the order of 5-8 inches.  However, no significant flooding or flash flooding was observed due to heavy rainfall.  ||Helene did produce modest storm surge along the southeast South Carolina coast, resulting in a peak observed tide level of 2.26 ft MHHW (8.02 ft MLLW) at the Charleston Harbor National Ocean Service (NOS) tide gage.",333
1209156,BAMBERG CO.,EHRHARDT,09/26/2024,1202,Tornado, ,EF1,0,0,0,0,SC,EST-5, ,195267,C,9,CAE,0,0,NWS Storm Survey, ,3.71,150,2,SE,2,NNE,EHRHARDT,09/26/2024,1211,33.0754,-80.9887,33.1243,-81.0118,"Tornado continued into Bamberg County after it touched down in Colleton County. The tornado moved to the northwest before it turned more northward and passed to the east of Ehrhardt, where several trees were noted snapped at the trunk along Bells Highway and Morningstar Ln. The tornado then lifted near or just east of 601, near Baucham Rd.","Tropical Storm Helene formed in the NW Caribbean Sea on September 24. Helene moved northward into the Gulf of Mexico where it strengthened into a hurricane on September 25. During the day on September 26, Helene remained off the coast of Florida and an upper low over the southeast US led to strong moisture transport and strong forcing over the area. Heavy rain rates and training bands led to flash flooding developing. Increasing shear associated with the hurricane also led to the development of several tornadoes in heavy rain bands.",334
1207235,CLARENDON CO.,MANNING CLARENDON AR,09/26/2024,2117,Tornado, ,EF0,0,0,0,0,SC,EST-5, ,195267,C,27,CAE,0,0,NWS Storm Survey, ,1.31,50,2,SSW,2,WSW,MANNING CLARENDON AR,09/26/2024,2118,33.5577,-80.2287,33.5694,-80.2466,"A brief, EF0 tornado touched down along the northeastern side of|Lake Marion on Sept 26, 2024. The tornado began its life near|Russel Dr and produced minor tree damage along its path before|lifting north of Pearson Rd.","Tropical Storm Helene formed in the NW Caribbean Sea on September 24. Helene moved northward into the Gulf of Mexico where it strengthened into a hurricane on September 25. During the day on September 26, Helene remained off the coast of Florida and an upper low over the southeast US led to strong moisture transport and strong forcing over the area. Heavy rain rates and training bands led to flash flooding developing. Increasing shear associated with the hurricane also led to the development of several tornadoes in heavy rain bands.",335
1207392,ORANGEBURG CO.,PROVIDENCE,09/26/2024,2333,Tornado, ,EF1,0,0,0,0,SC,EST-5, ,195338,C,75,CAE,0,0,NWS Storm Survey, ,15.8,800,1,SW,5,N,FOUR HOLES,09/26/2024,2353,33.388,-80.5684,33.552,-80.7351,"A long track EF-1 tornado from an outer band of Tropical Storm Helene began in eastern Orangeburg County and crossed into western Calhoun county north of Cameron Rd, just southwest of Cameron. The tornado began west of Providence near Little Bull Swamp and then continued northwest crossing Five Chop Road. Moving northwest, EF-1 tree damage was observed along Wild Hearts Road, Whisperwood Road, and Sleepy Hollow Road. The tornado then crossed Cameron Road northeast of Orangeburg. Scattered EF-0 damage was observed in Calhoun County.","Tropical Storm Helene formed in the NW Caribbean Sea on September 24. Helene moved northward into the Gulf of Mexico where it strengthened into a hurricane on September 25. Helene made landfall as a major hurricane in the Big Bend area of Florida the night of September 26 before quickly moving inland into east central Georgia by early morning on September 27. Helene weakened to a strong tropical storm and produced widespread significant wind damage, including wind gusts above 100 mph across east central Georgia and central South Carolina as well as numerous tornadoes. Numerous fatalities and injuries were reported associated with the passage of Helene.",336
1207393,CALHOUN CO.,CAMERON,09/26/2024,2353,Tornado, ,EF0,0,0,0,0,SC,EST-5, ,195338,C,17,CAE,0,0,NWS Storm Survey, ,17.6,800,1,W,2,WNW,HAMMOND XRDS,09/27/2024,17,33.552,-80.7351,33.7588,-80.908,"A long track EF-1 tornado from an outer band of Tropical Storm Helene began in eastern Orangeburg County and crossed into western Calhoun county north of Cameron Rd, just southwest of Cameron. While EF-1 damage was observed in Orangeburg County, EF-0 tree damage was observed in Calhoun County along Hwy 176. The tornado lifted along Highway 176 near Big Beaver Creek.","Tropical Storm Helene formed in the NW Caribbean Sea on September 24. Helene moved northward into the Gulf of Mexico where it strengthened into a hurricane on September 25. Helene made landfall as a major hurricane in the Big Bend area of Florida the night of September 26 before quickly moving inland into east central Georgia by early morning on September 27. Helene weakened to a strong tropical storm and produced widespread significant wind damage, including wind gusts above 100 mph across east central Georgia and central South Carolina as well as numerous tornadoes. Numerous fatalities and injuries were reported associated with the passage of Helene.",337
1207394,ORANGEBURG CO.,DORANGE,09/27/2024,15,Tornado, ,EF0,0,0,0,0,SC,EST-5, ,195338,C,75,CAE,0,0,NWS Storm Survey, ,13.77,500,0,WNW,2,NNE,ROWESVILLE,09/27/2024,28,33.223,-80.7256,33.4,-80.8347,"A weak tornado developed early on 9/27 in association with|Hurricane Helene's outer rain bands. Weak, EF0 tree damage began|near Highway 78 just inside Orangeburg County and then moved|north-northwestward. The tornado crossed Cattle Creek Road, then|turned slightly more northerly before crossing Bowman Branch|Highway. Continuing north, the tornado caused damage along|Funchess Rd and continued north-northwestward before ending near|Garland Road north of Rowesville.","Tropical Storm Helene formed in the NW Caribbean Sea on September 24. Helene moved northward into the Gulf of Mexico where it strengthened into a hurricane on September 25. Helene made landfall as a major hurricane in the Big Bend area of Florida the night of September 26 before quickly moving inland into east central Georgia by early morning on September 27. Helene weakened to a strong tropical storm and produced widespread significant wind damage, including wind gusts above 100 mph across east central Georgia and central South Carolina as well as numerous tornadoes. Numerous fatalities and injuries were reported associated with the passage of Helene.",338
1216965,BEAUFORT CO.,LOBECO,09/27/2024,29,Tornado, ,EF0,0,0,0,0,SC,EST-5, ,196703,C,13,CHS,0,0,NWS Storm Survey, ,3.88,175,1,NNE,1,NNW,GARDENS CORNER,09/27/2024,32,32.5681,-80.7162,32.614,-80.7545,"A National Weather Service storm survey team confirmed that a brief EF-0 tornado with estimated peak winds of 70 mph and associated with the outer bands of Helene, impacted portions of Gardens Corner. The tornado began just southeast of Washington Farm Road, where a few trees were uprooted and snapped. The tornado then traveled toward the northwest and snapped and uprooted some trees along Stroban Road near Daniels Drive. As the tornado approached Highway 17, it uprooted and snapped a few trees roughly between Dairy Farm Road and Cherry Oak Mews. The tornado then dissipated over a marshy area just north of Highway 17.","Helene first developed into a tropical storm in the northwest Caribbean Sea in the late morning of September 24, and strengthened into a hurricane near the Yucatan peninsula about 24 hours later. Helene continued to strengthen and became a major hurricane as it moved to the north-northeast across the eastern Gulf of Mexico. Helene made landfall in the Big Bend region of Florida in the late evening hours of September 26 as a category 4 hurricane. Once inland, Helene moved quickly northward through the state of Georgia and produced widespread significant impacts across multiple states. ||The very large wind field associated with Helen produced widespread tropical storm force winds across southeast South Carolina during the evening and overnight hours of September 26-27.  The peak observed wind gust in southeast South Carolina was 75 mph at the Beaufort Marine Corps Air Station (KNBC).  Wind impacts due to Helene were significant including widespread tree damage and power outages with several counties reporting near 100 percent power outages.  Conditions along the east side of the track of Helene were very conducive to tropical tornadoes, and 8 tornadoes were confirmed across southeast South Carolina.  Fortunately, there were no injuries or fatalities due to the tornadoes or strong winds associated with Helene.  |Helene also produced heavy rainfall across southeast South Carolina.  Rainfall amounts ranged from 2-5 inches in most areas, with the heaviest swath of rain occurring across Jasper, Hampton, Allendale, and Colleton counties where amounts were more on the order of 5-8 inches.  However, no significant flooding or flash flooding was observed due to heavy rainfall.  ||Helene did produce modest storm surge along the southeast South Carolina coast, resulting in a peak observed tide level of 2.26 ft MHHW (8.02 ft MLLW) at the Charleston Harbor National Ocean Service (NOS) tide gage.",339
1209151,CALHOUN CO.,HAMMOND XRDS,09/27/2024,52,Tornado, ,EF1,0,0,0,0,SC,EST-5, ,195338,C,17,CAE,0,0,NWS Storm Survey, ,6.76,710,8,SSW,7,WSW,HAMMOND XRDS,09/27/2024,59,33.6433,-80.9454,33.7245,-81.0061,"An EF1 tornado touched down associated with the outer bands of Helene in Calhoun County along Providence Rd near the Orangeburg County line. The tornado|produced EF1 damage to trees along Bull Swamp Rd near Kennerly Rd before continuing northwest, producing EF0 tree damage along Kennerly Rd. The tornado then continued into Lexington County.","Tropical Storm Helene formed in the NW Caribbean Sea on September 24. Helene moved northward into the Gulf of Mexico where it strengthened into a hurricane on September 25. Helene made landfall as a major hurricane in the Big Bend area of Florida the night of September 26 before quickly moving inland into east central Georgia by early morning on September 27. Helene weakened to a strong tropical storm and produced widespread significant wind damage, including wind gusts above 100 mph across east central Georgia and central South Carolina as well as numerous tornadoes. Numerous fatalities and injuries were reported associated with the passage of Helene.",340
1209152,LEXINGTON CO.,SWANSEA,09/27/2024,59,Tornado, ,EF0,0,0,0,0,SC,EST-5, ,195338,C,63,CAE,0,0,NWS Storm Survey, ,2.81,710,5,E,4,ESE,GASTON LEX CO ARPT,09/27/2024,102,33.7245,-81.0061,33.7572,-81.0342,"The tornado, which began in Calhoun County and produced EF1 damage, continued into Lexington County and crossed St Matthews Rd near Chaplin Rd where EF0 tree damage occurred. The tornado continued to the northwest and continued in Calhoun County.","Tropical Storm Helene formed in the NW Caribbean Sea on September 24. Helene moved northward into the Gulf of Mexico where it strengthened into a hurricane on September 25. Helene made landfall as a major hurricane in the Big Bend area of Florida the night of September 26 before quickly moving inland into east central Georgia by early morning on September 27. Helene weakened to a strong tropical storm and produced widespread significant wind damage, including wind gusts above 100 mph across east central Georgia and central South Carolina as well as numerous tornadoes. Numerous fatalities and injuries were reported associated with the passage of Helene.",341
1209153,CALHOUN CO.,HAMMOND XRDS,09/27/2024,102,Tornado, ,EF0,0,0,0,0,SC,EST-5, ,195338,C,17,CAE,0,0,NWS Storm Survey, ,2.07,710,9,W,10,WNW,HAMMOND XRDS,09/27/2024,105,33.7572,-81.0342,33.7838,-81.0509,"A tornado began in Calhoun County, continued into Lexington County and then moved back into the westernmost portion of Calhoun County. While EF1 damage occurred in the first segment in Calhoun County, EF0 tree damage occurred in this part of the county along the Lexington County line at Pine Plain Rd. The tornado continued northwest back into Lexington County.","Tropical Storm Helene formed in the NW Caribbean Sea on September 24. Helene moved northward into the Gulf of Mexico where it strengthened into a hurricane on September 25. Helene made landfall as a major hurricane in the Big Bend area of Florida the night of September 26 before quickly moving inland into east central Georgia by early morning on September 27. Helene weakened to a strong tropical storm and produced widespread significant wind damage, including wind gusts above 100 mph across east central Georgia and central South Carolina as well as numerous tornadoes. Numerous fatalities and injuries were reported associated with the passage of Helene.",342
1209155,LEXINGTON CO.,GASTON LEX CO ARPT,09/27/2024,105,Tornado, ,EF0,0,0,0,0,SC,EST-5, ,195338,C,63,CAE,0,0,NWS Storm Survey, ,2.07,710,3,E,2,ESE,GASTON,09/27/2024,106,33.7838,-81.0509,33.8112,-81.0652,"Tornado continued into Lexington County from Calhoun County. EF0 tree damage was observed along the Calhoun-Lexington County line at Pine Plain Rd. The tornado continued northwest and produced EF0 tree damage along Mack St east of Gaston and dissipated near the intersection of Sturkie Ln and Irvin Jumper St.","Tropical Storm Helene formed in the NW Caribbean Sea on September 24. Helene moved northward into the Gulf of Mexico where it strengthened into a hurricane on September 25. Helene made landfall as a major hurricane in the Big Bend area of Florida the night of September 26 before quickly moving inland into east central Georgia by early morning on September 27. Helene weakened to a strong tropical storm and produced widespread significant wind damage, including wind gusts above 100 mph across east central Georgia and central South Carolina as well as numerous tornadoes. Numerous fatalities and injuries were reported associated with the passage of Helene.",343
1216966,CHARLESTON CO.,JOHNS IS,09/27/2024,300,Tornado, ,EF0,0,0,0,0,SC,EST-5, ,196703,C,19,CHS,0,0,NWS Storm Survey, ,2.02,90,1,E,1,N,JOHNS IS,09/27/2024,303,32.8001,-80.095,32.8177,-80.1228,"A National Weather Service storm survey team confirmed that a brief EF-0 tornado with estimated peak winds of 80 mph and associated with an outer rain band of Helene, touched down near Savannah Highway just west of Bonanza Rd. A tree was snapped close to the trunk and then the tornado persisted northwest towards Aquabelle Lane and Bluewater Way where at least two large trees were snapped, hitting two different apartment units in the Bluewater Apartment complex. There were also many large branches broken throughout the complex area. The tornado then slightly lifted off of the ground as it crossed Bees Ferry Road and ended at Saint Hubert Way, where a few more small branches were noted.","Helene first developed into a tropical storm in the northwest Caribbean Sea in the late morning of September 24, and strengthened into a hurricane near the Yucatan peninsula about 24 hours later. Helene continued to strengthen and became a major hurricane as it moved to the north-northeast across the eastern Gulf of Mexico. Helene made landfall in the Big Bend region of Florida in the late evening hours of September 26 as a category 4 hurricane. Once inland, Helene moved quickly northward through the state of Georgia and produced widespread significant impacts across multiple states. ||The very large wind field associated with Helen produced widespread tropical storm force winds across southeast South Carolina during the evening and overnight hours of September 26-27.  The peak observed wind gust in southeast South Carolina was 75 mph at the Beaufort Marine Corps Air Station (KNBC).  Wind impacts due to Helene were significant including widespread tree damage and power outages with several counties reporting near 100 percent power outages.  Conditions along the east side of the track of Helene were very conducive to tropical tornadoes, and 8 tornadoes were confirmed across southeast South Carolina.  Fortunately, there were no injuries or fatalities due to the tornadoes or strong winds associated with Helene.  |Helene also produced heavy rainfall across southeast South Carolina.  Rainfall amounts ranged from 2-5 inches in most areas, with the heaviest swath of rain occurring across Jasper, Hampton, Allendale, and Colleton counties where amounts were more on the order of 5-8 inches.  However, no significant flooding or flash flooding was observed due to heavy rainfall.  ||Helene did produce modest storm surge along the southeast South Carolina coast, resulting in a peak observed tide level of 2.26 ft MHHW (8.02 ft MLLW) at the Charleston Harbor National Ocean Service (NOS) tide gage.",344
1216967,CHARLESTON CO.,YONGES IS,09/27/2024,306,Tornado, ,EF0,0,0,0,0,SC,EST-5, ,196703,C,19,CHS,0,0,NWS Storm Survey, ,2.1,125,3,SE,2,E,YONGES IS,09/27/2024,309,32.6555,-80.1767,32.6857,-80.1806,"A National Weather Service storm survey team confirmed that a brief EF-0 tornado with estimated peak winds of 80 mph and associated with Helene, impacted portions of Wadmalaw Island. The tornado initially touched down in a marshy area just south of Bentz Road. As the tornado exited the marsh, several large trees were uprooted along Bentz Road and a power pole was pushed to the ground due a large pine tree falling on it. The tornado continued to quickly travel north northwest and crossed Liberia Road near St. Johns Fire Department Station 3 and New Bethlehem Baptist Church. Here the tornado started to weaken as it downed several trees near both properties. The weakening tornado then crossed Katy Hill Road producing a considerable amount of small debris before dissipating just south of Bears Bluff Road.","Helene first developed into a tropical storm in the northwest Caribbean Sea in the late morning of September 24, and strengthened into a hurricane near the Yucatan peninsula about 24 hours later. Helene continued to strengthen and became a major hurricane as it moved to the north-northeast across the eastern Gulf of Mexico. Helene made landfall in the Big Bend region of Florida in the late evening hours of September 26 as a category 4 hurricane. Once inland, Helene moved quickly northward through the state of Georgia and produced widespread significant impacts across multiple states. ||The very large wind field associated with Helen produced widespread tropical storm force winds across southeast South Carolina during the evening and overnight hours of September 26-27.  The peak observed wind gust in southeast South Carolina was 75 mph at the Beaufort Marine Corps Air Station (KNBC).  Wind impacts due to Helene were significant including widespread tree damage and power outages with several counties reporting near 100 percent power outages.  Conditions along the east side of the track of Helene were very conducive to tropical tornadoes, and 8 tornadoes were confirmed across southeast South Carolina.  Fortunately, there were no injuries or fatalities due to the tornadoes or strong winds associated with Helene.  |Helene also produced heavy rainfall across southeast South Carolina.  Rainfall amounts ranged from 2-5 inches in most areas, with the heaviest swath of rain occurring across Jasper, Hampton, Allendale, and Colleton counties where amounts were more on the order of 5-8 inches.  However, no significant flooding or flash flooding was observed due to heavy rainfall.  ||Helene did produce modest storm surge along the southeast South Carolina coast, resulting in a peak observed tide level of 2.26 ft MHHW (8.02 ft MLLW) at the Charleston Harbor National Ocean Service (NOS) tide gage.",345
1207395,ORANGEBURG CO.,DORANGE,09/27/2024,317,Tornado, ,EF0,0,0,0,0,SC,EST-5, ,195338,C,75,CAE,0,0,NWS Storm Survey, ,17.04,800,4,NE,4,ENE,ORANGEBURG ARPT,09/27/2024,329,33.2558,-80.6651,33.4723,-80.7921,"A weak tornado occurred on 9/27 in association with Hurricane|Helene's outer rain bands. This tornado began just inside the|Orangeburg county line along Reevesville Rd near Rigby Rd.|EF0 tree damage was most common along the path as the tornado|moved northward, crossing Wayside Dr and Highway 210. The tornado|then turned northwestward along Highway 178 then veering back|north before dissipating on the north side of Highway 301.","Tropical Storm Helene formed in the NW Caribbean Sea on September 24. Helene moved northward into the Gulf of Mexico where it strengthened into a hurricane on September 25. Helene made landfall as a major hurricane in the Big Bend area of Florida the night of September 26 before quickly moving inland into east central Georgia by early morning on September 27. Helene weakened to a strong tropical storm and produced widespread significant wind damage, including wind gusts above 100 mph across east central Georgia and central South Carolina as well as numerous tornadoes. Numerous fatalities and injuries were reported associated with the passage of Helene.",346
1216968,CHARLESTON CO.,RANTOWLES,09/27/2024,320,Tornado, ,EF0,0,0,0,0,SC,EST-5, ,196703,C,19,CHS,0,0,NWS Storm Survey, ,1.96,90,1,NNE,2,WNW,JOHNS IS,09/27/2024,322,32.7925,-80.1404,32.8179,-80.1555,"A National Weather Service storm survey team confirmed that a brief EF-0 tornado with estimated peak winds of 70 mph and associated with an outer rain band of Helene, touched down near Savannah Highway near Davison Road where it caused two power poles to lean. The tornado then continued northwest to Carriage House Way where a tree was uprooted and a few limbs were noted down. The tree that was uprooted appeared to have a shallow root system and therefore the wind speed was lowered to a low end EF-0. A few smaller tree branches were also noted just south of Bulow Landing Road before the tornado lifted.","Helene first developed into a tropical storm in the northwest Caribbean Sea in the late morning of September 24, and strengthened into a hurricane near the Yucatan peninsula about 24 hours later. Helene continued to strengthen and became a major hurricane as it moved to the north-northeast across the eastern Gulf of Mexico. Helene made landfall in the Big Bend region of Florida in the late evening hours of September 26 as a category 4 hurricane. Once inland, Helene moved quickly northward through the state of Georgia and produced widespread significant impacts across multiple states. ||The very large wind field associated with Helen produced widespread tropical storm force winds across southeast South Carolina during the evening and overnight hours of September 26-27.  The peak observed wind gust in southeast South Carolina was 75 mph at the Beaufort Marine Corps Air Station (KNBC).  Wind impacts due to Helene were significant including widespread tree damage and power outages with several counties reporting near 100 percent power outages.  Conditions along the east side of the track of Helene were very conducive to tropical tornadoes, and 8 tornadoes were confirmed across southeast South Carolina.  Fortunately, there were no injuries or fatalities due to the tornadoes or strong winds associated with Helene.  |Helene also produced heavy rainfall across southeast South Carolina.  Rainfall amounts ranged from 2-5 inches in most areas, with the heaviest swath of rain occurring across Jasper, Hampton, Allendale, and Colleton counties where amounts were more on the order of 5-8 inches.  However, no significant flooding or flash flooding was observed due to heavy rainfall.  ||Helene did produce modest storm surge along the southeast South Carolina coast, resulting in a peak observed tide level of 2.26 ft MHHW (8.02 ft MLLW) at the Charleston Harbor National Ocean Service (NOS) tide gage.",347
1216969,CHARLESTON CO.,ROCKVILLE,09/27/2024,340,Tornado, ,EF1,0,0,0,0,SC,EST-5, ,196703,C,19,CHS,0,0,NWS Storm Survey, ,2.49,150,1,N,3,SE,MARTINS PT,09/27/2024,343,32.6094,-80.2016,32.6453,-80.1981,"A National Weather Service storm survey team confirmed that an EF-1 tornado with estimated peak winds of 90 mph and associated with Helene, impacted portions of Wadmalaw Island. The tornado, possibly beginning as a waterspout just west or northwest of Rockville, downed several large trees along Brigger Hill Road and McCants Road. The tornado then quickly travelled north snapping and blowing down several cluster of large hardwood trees along Leadenwah Drive and Allendale Plantation Road before dissipating in an area of water and marsh south of Heron Island Way. The tornado was likely at its strongest passing over Leadenwah Drive where the tree damage was the most extensive.","Helene first developed into a tropical storm in the northwest Caribbean Sea in the late morning of September 24, and strengthened into a hurricane near the Yucatan peninsula about 24 hours later. Helene continued to strengthen and became a major hurricane as it moved to the north-northeast across the eastern Gulf of Mexico. Helene made landfall in the Big Bend region of Florida in the late evening hours of September 26 as a category 4 hurricane. Once inland, Helene moved quickly northward through the state of Georgia and produced widespread significant impacts across multiple states. ||The very large wind field associated with Helen produced widespread tropical storm force winds across southeast South Carolina during the evening and overnight hours of September 26-27.  The peak observed wind gust in southeast South Carolina was 75 mph at the Beaufort Marine Corps Air Station (KNBC).  Wind impacts due to Helene were significant including widespread tree damage and power outages with several counties reporting near 100 percent power outages.  Conditions along the east side of the track of Helene were very conducive to tropical tornadoes, and 8 tornadoes were confirmed across southeast South Carolina.  Fortunately, there were no injuries or fatalities due to the tornadoes or strong winds associated with Helene.  |Helene also produced heavy rainfall across southeast South Carolina.  Rainfall amounts ranged from 2-5 inches in most areas, with the heaviest swath of rain occurring across Jasper, Hampton, Allendale, and Colleton counties where amounts were more on the order of 5-8 inches.  However, no significant flooding or flash flooding was observed due to heavy rainfall.  ||Helene did produce modest storm surge along the southeast South Carolina coast, resulting in a peak observed tide level of 2.26 ft MHHW (8.02 ft MLLW) at the Charleston Harbor National Ocean Service (NOS) tide gage.",348
1207848,ORANGEBURG CO.,EUTAW SPGS,09/27/2024,356,Tornado, ,EF0,0,0,0,0,SC,EST-5, ,195338,C,75,CAE,0,0,NWS Storm Survey, ,1.53,180,1,NNW,2,NE,EUTAWVILLE,09/27/2024,358,33.4088,-80.3067,33.4201,-80.3292,"A brief, EF0 tornado touched down northwest of the town of Eutaw|Springs on September 27. It began along Sinkler Avenue and|produced minor tree damage along its path before lifting along|Belvedere Dr near Fountain Lake.","Tropical Storm Helene formed in the NW Caribbean Sea on September 24. Helene moved northward into the Gulf of Mexico where it strengthened into a hurricane on September 25. Helene made landfall as a major hurricane in the Big Bend area of Florida the night of September 26 before quickly moving inland into east central Georgia by early morning on September 27. Helene weakened to a strong tropical storm and produced widespread significant wind damage, including wind gusts above 100 mph across east central Georgia and central South Carolina as well as numerous tornadoes. Numerous fatalities and injuries were reported associated with the passage of Helene.",349
1207849,SUMTER CO.,STATEBURG,09/27/2024,432,Tornado, ,EF0,0,0,45000,0,SC,EST-5, ,195338,C,85,CAE,0,0,NWS Storm Survey, ,4.56,1000,3,ESE,2,ENE,CLAREMONT,09/27/2024,438,33.9291,-80.4901,33.9774,-80.5436,"A brief, but wide, EF-0 tornado associated with Hurricane Helene |began near Squaw Valley Road north of Wedgefield in Sumter County |at 532 AM. The tornado uprooted multiple trees and snapped large|branches as it moved north across Cane Savannah Rd and eventually|Route 76/378. It continued into a neighborhood causing additional|large tree damage, with a tree falling across Brookland Drive.|One home on Brookland Drive suffered damage from a large|tree falling on it, while other yards had multiple large limbs|snapped and/or trees uprooted. The tornado continued northwest|causing a large tree to uproot and fall across powerlines and|North Kings Highway which caused traffic delays. The tornado|turned slightly more northward where it uprooted trees and|snapped large limbs near the Beech Creek Golf Club before it|lifted around 538 AM.","Tropical Storm Helene formed in the NW Caribbean Sea on September 24. Helene moved northward into the Gulf of Mexico where it strengthened into a hurricane on September 25. Helene made landfall as a major hurricane in the Big Bend area of Florida the night of September 26 before quickly moving inland into east central Georgia by early morning on September 27. Helene weakened to a strong tropical storm and produced widespread significant wind damage, including wind gusts above 100 mph across east central Georgia and central South Carolina as well as numerous tornadoes. Numerous fatalities and injuries were reported associated with the passage of Helene.",350
1207850,CLARENDON CO.,ST PAUL,09/27/2024,436,Tornado, ,EF0,0,0,0,0,SC,EST-5, ,195338,C,27,CAE,0,0,NWS Storm Survey, ,0.29,50,5,SSW,4,SSW,ST PAUL,09/27/2024,437,33.5197,-80.4321,33.5236,-80.4342,"A brief tornado touched down on the east side of I95, crossing|over and doing minor tree damage along Saint Paul Rd and Cooper|Lane.","Tropical Storm Helene formed in the NW Caribbean Sea on September 24. Helene moved northward into the Gulf of Mexico where it strengthened into a hurricane on September 25. Helene made landfall as a major hurricane in the Big Bend area of Florida the night of September 26 before quickly moving inland into east central Georgia by early morning on September 27. Helene weakened to a strong tropical storm and produced widespread significant wind damage, including wind gusts above 100 mph across east central Georgia and central South Carolina as well as numerous tornadoes. Numerous fatalities and injuries were reported associated with the passage of Helene.",351
1211966,GEORGETOWN CO.,LODGE HALL,09/27/2024,504,Tornado, ,EF0,0,0,0,0,SC,EST-5, ,195968,C,43,ILM,0,0,NWS Storm Survey, ,2.42,20,1,WSW,1,NW,NEW HOPE,09/27/2024,506,33.3248,-79.4946,33.359,-79.4855,"A small tornado associated with Helene likely started near the|intersection of Columbus Rd and Stafford Rd, where a concentrated|area of downed limbs was found, along with an uprooted tree. The|tornado tracked north-northeastward and snapped a couple trees in|a converging pattern at a residence near the intersection of|Stafford Dr, Knowlin Rd, and Ben Rufus Dr. with additional limbs|downed along Ben Rufus Dr. Another concentrated area of pine|needle loss and limbs down was found along Carrie Rd. Multiple|pine trees were snapped along Saints Delight Rd just west of the|Sampit Recycling Center where the tornado likely lifted. Note|that it is unknown whether a continuous path of damage occurred|between Carrie Rd and US 17 due to the forested area being|inaccessible.","Hurricane Helene made landfall along the Gulf Coast of FL in the Big Bend and weakened to a tropical storm before reaching central GA. The storm then turned northwest across the southern Appalachians before weakening to a tropical depression over eastern TN. Tropical Storm Warnings were issued for all of northeast SC. Limited impacts generally occurred across northeast SC.",352
1212019,GEORGETOWN CO.,WEDGEFIELD PLANTATIO,09/27/2024,553,Tornado, ,EFU,0,0,0,0,SC,EST-5, ,195968,C,43,ILM,0,0,NWS Storm Survey, ,5.29,50,2,E,2,W,JACKSON,09/27/2024,559,33.4212,-79.2157,33.4972,-79.2272,"A tornado developed on the west side of the Waccamaw River near Hagley Landing (west of Pawleys Island, SC). The area where the tornado occurred was not accessible by Emergency Management or the National Weather Service storm survey team.  However, a news direction from WPDE was able to take pictures of the tornado as it moved across the uninhabited marshes west of the river. Radar indicated strong rotation around that time the pictures were taken. Since there was no access to potential damage indicators this tornado was designated as EF-U (unknown) for its intensity. Also there was no way to determine its path width the path length was estimated based on radar imagery and the photos.","Hurricane Helene made landfall along the Gulf Coast of FL in the Big Bend and weakened to a tropical storm before reaching central GA. The storm then turned northwest across the southern Appalachians before weakening to a tropical depression over eastern TN. Tropical Storm Warnings were issued for all of northeast SC. Limited impacts generally occurred across northeast SC.",353
1212292,MARION CO.,BRITTON NECK,09/27/2024,623,Tornado, ,EF0,0,0,0,0,SC,EST-5, ,195968,C,67,ILM,0,0,NWS Storm Survey, ,3.89,20,5,SE,2,E,BRITTON NECK,09/27/2024,626,33.8512,-79.2757,33.9042,-79.2984,"Survey Summary: An EF0 tornado produced minor tree damage along Bay |Road from near the intersection with Archies Old Place to Truslow |Ct.","Hurricane Helene made landfall along the Gulf Coast of FL in the Big Bend and weakened to a tropical storm before reaching central GA. The storm then turned northwest across the southern Appalachians before weakening to a tropical depression over eastern TN. Tropical Storm Warnings were issued for all of northeast SC. Limited impacts generally occurred across northeast SC.",354
1212293,DARLINGTON CO.,PALMETTO,09/27/2024,630,Tornado, ,EF0,0,0,0,0,SC,EST-5, ,195968,C,31,ILM,0,0,NWS Storm Survey, ,6.68,20,34,SE,29,SE,MECHANICSVILLE,09/27/2024,636,33.9542,-79.34,34.0493,-79.3613,"An EF0 tornado produced mostly minor tree damage along a path|from Locust Tree Ct near Red Breast Ct to Ponderosa Road near|Cicero Gibson Road. A few trees were snapped along the path,|along with numerous small tree limbs broken out.","Hurricane Helene made landfall along the Gulf Coast of FL in the Big Bend and weakened to a tropical storm before reaching central GA. The storm then turned northwest across the southern Appalachians before weakening to a tropical depression over eastern TN. Tropical Storm Warnings were issued for all of northeast SC. Limited impacts generally occurred across northeast SC.",355
1225672,SPARTANBURG CO.,HOLLY SPGS,12/29/2024,755,Tornado, ,EF0,0,0,0,0,SC,EST-5, ,198213,C,83,GSP,0,0,NWS Storm Survey, ,1.7,30,3,NW,3,SSE,CAMPOBELLO ARPT,12/29/2024,757,35.03,-82.215,35.049,-82.196,"NWS damage survey determined that a weak tornado touched down in a wooded area along the middle Tyger River, just east of Jug Factory Rd where large limbs were snapped off trees. The tornado tracked to The northeast and crossed Sloan Rd, were a large tree was uprooted and additional large limbs snapped. The tornado reached peak intensity  as it crossed Holly Springs Church Rd and Bradley Dill Rd, where additional trees were uprooted and more limbs snapped. The tornado dissipated in a wooded area just east of the end of Cooper Rd.","A broken line of low-topped heavy rain showers and embedded thunderstorms developing ahead of a cold front moved from northeast Georgia into upstate South Carolina around sunrise, and moved across the area throughout the morning. The showers and storms produced areas of strong-to-damaging wind gusts, while multiple EF0 tornadoes also occurred.",356
1225673,UNION CO.,CROSS KEYS,12/29/2024,814,Tornado, ,EF0,0,0,0,0,SC,EST-5, ,198213,C,87,GSP,0,0,NWS Storm Survey, ,2.24,30,4,NW,5,NNW,CROSS KEYS,12/29/2024,817,34.662,-81.824,34.692,-81.809,"NWS damage survey found the path of an EF0 tornado that began along Monument Rd, just north of Blackstock Rd, where several large limbs were snapped. The tornado moved quickly north-northeast, uprooting several trees and snapping a number of large limbs along Battlefield Rd and the remainder of Monument Rd. The tornado continued into a heavily wooded area where it dissipated.","A broken line of low-topped heavy rain showers and embedded thunderstorms developing ahead of a cold front moved from northeast Georgia into upstate South Carolina around sunrise, and moved across the area throughout the morning. The showers and storms produced areas of strong-to-damaging wind gusts, while multiple EF0 tornadoes also occurred.",357
1225675,UNION CO.,CAREM,12/29/2024,827,Tornado, ,EF0,0,0,0,0,SC,EST-5, ,198213,C,87,GSP,0,0,NWS Storm Survey, ,6.97,50,1,NE,1,NE,ADAMSBURG,12/29/2024,834,34.71,-81.553,34.807,-81.519,"NWS damage survey found the path of an EF0 tornado that  touched down on the eastern end of County Landfill Road where several large limbs were snapped and a tree blown down. The tornado moved north-northeast, crossing Old Ferry Rd,  were several trees were uprooted. The tornado reached peak intensity as it crossed SC Highway 49 and moved along Phillip Church Rd, where a number of trees were uprooted and large limbs snapped. The  tornado crossed Black Bottom Rd, where several trees were downed before it weakened as it crossed SC Highway 9. The tornado downed several large limbs as it crossed Bailey Town Rd before dissipating.","A broken line of low-topped heavy rain showers and embedded thunderstorms developing ahead of a cold front moved from northeast Georgia into upstate South Carolina around sunrise, and moved across the area throughout the morning. The showers and storms produced areas of strong-to-damaging wind gusts, while multiple EF0 tornadoes also occurred.",358
1225674,UNION CO.,WEST SPGS,12/29/2024,828,Tornado, ,EF0,0,0,0,0,SC,EST-5, ,198213,C,87,GSP,0,0,NWS Storm Survey, ,2.24,25,2,ESE,2,S,MEAN XRDS,12/29/2024,831,34.761,-81.754,34.777,-81.73,"NWS damage survey found the path of a third weak tornado in Union County on 29 December 2024. This tornado began along John Hart Rd near the intersection of Lee Rd,  where numerous large limbs were snapped. The tornado  traveled northeast, downing a a couple of trees along Mitchell Creek. The tornado crossed Mud Bridge Rd, where additional large limbs were snapped before the tornado apparently dissipated just north of Harley Dr.","A broken line of low-topped heavy rain showers and embedded thunderstorms developing ahead of a cold front moved from northeast Georgia into upstate South Carolina around sunrise, and moved across the area throughout the morning. The showers and storms produced areas of strong-to-damaging wind gusts, while multiple EF0 tornadoes also occurred.",359
1221822,RICHLAND CO.,CHAPIN,12/29/2024,835,Tornado, ,EF0,0,0,0,0,SC,EST-5, ,197488,C,79,CAE,0,0,NWS Storm Survey, ,4.53,150,3,ESE,6,ENE,CHAPIN,12/29/2024,841,34.1534,-81.3024,34.2027,-81.2502,"A relatively long-lived EF-0 tornado with peak winds of 75 mph began near Old Hilton Rd east of Chapin and moved northeast causing sporadic EF-0 tree damage crossing I-26 and Bush Mill Road. The tornado continued northeast, causing more tree damage along Wash Lever Rd and Muddy Ford Rd before moving over the Broad River and into Fairfield County.","A deep upper trough and an associated surface prefrontal trough translated from the Deep South into the Southeast during the morning hours. A long-lived QLCS containing strong to severe storms propagated along with the prefrontal trough,  likely cold-pool dominated. This QLCS produced multiple reports of wind damage as well as multiple confirmed tornadoes.",360
1221823,FAIRFIELD CO.,WALLACEVILLE,12/29/2024,841,Tornado, ,EF0,0,0,0,0,SC,EST-5, ,197488,C,39,CAE,0,0,NWS Storm Survey, ,6.69,150,0,NNW,4,SSW,RION,12/29/2024,849,34.2034,-81.2521,34.2476,-81.1479,"An EF-0 tornado with peak winds of 75 mph that began near Old Hilton Rd east of Chapin in Richland County continued into Fairfield County after crossing the Broad River near Wateree Creek. The tornado moved generally northeast likely causing damage in an inaccessible area north of the river. Additional tree damage began again along Highway 215. The tornado began turning more easterly, causing additional tree damage near Landis Rd and Highway 269 before dissipating.","A deep upper trough and an associated surface prefrontal trough translated from the Deep South into the Southeast during the morning hours. A long-lived QLCS containing strong to severe storms propagated along with the prefrontal trough,  likely cold-pool dominated. This QLCS produced multiple reports of wind damage as well as multiple confirmed tornadoes.",361
1221824,FAIRFIELD CO.,RION,12/29/2024,852,Tornado, ,EF0,0,0,0,0,SC,EST-5, ,197488,C,39,CAE,0,0,NWS Storm Survey, ,3.28,200,1,SSW,2,W,SIMPSON,12/29/2024,857,34.2842,-81.1384,34.2949,-81.0823,"An EF-0 tornado with 80 mph peak winds began near Highway 269 and Mockingbird Ln where it snapped a few limbs. The tornado continued east crossing Bundrick Rd, snapping large limbs, uprooting a tree, and caused minor shingle damage to a home. The tornado crossed Greenbrier Mossydale Rd, High Hill Rd, and West Peach Rd, causing additional minor tree damage and some minor shingle damage to a couple of homes. It then shifted northeast, crossing Highway 321 where minor tree damage occurred before dissipating.","A deep upper trough and an associated surface prefrontal trough translated from the Deep South into the Southeast during the morning hours. A long-lived QLCS containing strong to severe storms propagated along with the prefrontal trough,  likely cold-pool dominated. This QLCS produced multiple reports of wind damage as well as multiple confirmed tornadoes.",362
1221825,FAIRFIELD CO.,ROCKTON,12/29/2024,856,Tornado, ,EF1,0,0,0,0,SC,EST-5, ,197488,C,39,CAE,0,0,NWS Storm Survey, ,4.74,250,1,SSW,4,E,WINNSBORO MILLS,12/29/2024,904,34.3341,-81.0875,34.3703,-81.017,"An EF-1 tornado with peak winds of 95 mph began just north of a manufacturing plant on Highway 321 and Guardian Way where it overturned four empty trailers and snapped multiple utility poles. The tornado moved east across Highway 321, where it collapsed a large garage door on the east side of a food plant then snapped numerous trees along Industrial Park Rd. The tornado moved across Highway 34E, snapping several trees and power poles near a medical manufacturer, before moving through an inaccessible wooded area and eventually crossing Horse Creek Rd and dissipating.","A deep upper trough and an associated surface prefrontal trough translated from the Deep South into the Southeast during the morning hours. A long-lived QLCS containing strong to severe storms propagated along with the prefrontal trough,  likely cold-pool dominated. This QLCS produced multiple reports of wind damage as well as multiple confirmed tornadoes.",363
1225676,YORK CO.,BETHANY,12/29/2024,909,Tornado, ,EF0,0,0,0,0,SC,EST-5, ,198213,C,91,GSP,0,0,NWS Storm Survey, ,3.02,50,1,SW,2,ENE,BETHANY,12/29/2024,912,35.113,-81.306,35.139,-81.263,"NWS damage survey found the path of en EF0 tornado that began along Highway 161 just south of the intersection with Highway 55 where several trees were uprooted. The tornado moved northeast, crossing Wilmoth Rd, Beamguard Rd and Highway 55 where additional trees were uprooted and large limbs snapped. The tornado dissipated shortly after crossing Knox Rd.","A broken line of low-topped heavy rain showers and embedded thunderstorms developing ahead of a cold front moved from northeast Georgia into upstate South Carolina around sunrise, and moved across the area throughout the morning. The showers and storms produced areas of strong-to-damaging wind gusts, while multiple EF0 tornadoes also occurred.",364
1232783,BARNWELL CO.,BARNWELL CO ARPT,03/16/2025,727,Tornado, ,EF0,0,0,0,0,SC,EST-5, ,199356,C,11,CAE,0,0,NWS Storm Survey, ,0.3,50,2,WSW,2,WSW,BARNWELL CO ARPT,03/16/2025,729,33.2373,-81.4195,33.2406,-81.4163,"A National Weather Service storm survey determined that an EF-0 tornado touched down between Snelling and Barnwell, SC with peak winds of 80 mph. The short-lived tornado began in the Sweetwater Country Club, between Fairway Lane and Club House Lane, and moved to the northeast. The tornado uprooted at least 5 large pine trees and snapped several large branches before dissipating around Dunbarton Blvd.","A surface low drifted into Great Lakes region with a cold front and line of convection nearing the forecast area by the early morning hours. Very strong shear dominated throughout the event with instability rather meager. The line of convection moved across the area from the west between 11z and 18-19z, bringing multiple reports of straight line wind damage, an EF-0 tornado in Barnwell County and an EF-1 tornado near Lake Murray in Lexington County.",365
1232784,LEXINGTON CO.,ELLA,03/16/2025,738,Tornado, ,EF1,0,0,0,0,SC,EST-5, ,199356,C,63,CAE,0,0,NWS Storm Survey, ,5.83,125,2,ENE,2,NNE,SYRUP,03/16/2025,748,34.08,-81.39,34.13,-81.31,"A National Weather Service survey team determined a tornado formed over Lake Murray near Dreher Island before causing EF0 and low end EF1 damage over the Timberlake community. The tornado continued northeast toward Isle of Pines before re-entering the lake, turning more ENE. It caused more EF0 damage from Indian Cove Rd to Wessinger Rd. The tornado then dissipated before reaching Indian Fork Rd.","A surface low drifted into Great Lakes region with a cold front and line of convection nearing the forecast area by the early morning hours. Very strong shear dominated throughout the event with instability rather meager. The line of convection moved across the area from the west between 11z and 18-19z, bringing multiple reports of straight line wind damage, an EF-0 tornado in Barnwell County and an EF-1 tornado near Lake Murray in Lexington County.",366
1266900,PICKENS CO.,BEVERLY,05/03/2025,2056,Tornado, ,EF0,0,0,0,0,SC,EST-5, ,203361,C,77,GSP,0,0,NWS Storm Survey, ,2.68,25,2,E,1,SW,LATHAM,05/03/2025,2102,34.8,-82.614,34.809,-82.568,"NWS storm survey found the path of an EF0 tornado that touched down along Adger Rd near the intersection of Highway 135 and moved ENE across the south side of Easley. The tornado crossed several residential neighborhoods where numerous large limbs were snapped and several pine trees were uprooted. The tornado dissipated over a neighborhood near Crestview Rd.","A couple of waves of strong to severe thunderstorms moved across upstate South Carolina during the afternoon and the evening. A few of the storms produced brief damaging wind gusts and even a brief tornado.",367
1253648,AIKEN CO.,GLOVERVILLE,05/12/2025,224,Tornado, ,EF1,0,0,0,0,SC,EST-5, ,201803,C,3,CAE,0,0,NWS Storm Survey, ,1.34,250,1,S,1,W,GLOVERVILLE,05/12/2025,226,33.51,-81.83,33.52,-81.85,"A National Weather Service Storm Survey team confirmed a brief high-end EF-1 tornado with winds up to 105 mph in Langley, SC that occurred around 330 am. The tornado began near Pinecrest Drive snapping several large branches before uprooting numerous trees in Langley Cemetery. Moving northwest, the tornado snapped numerous trees and caused minor roof damage to multiple homes between Piney House Road and Chaffee Street. After crossing near Cushman Road, the tornado caused substantial tree, siding, and shingle damage between Piney Heights Road and Dunbar Street. The fire department and adjacent structures along Augusta Road then sustained high-end EF-1 damage with garage door failure, outbuildings destroyed, and the metal roofing ripped off and thrown several hundred yards. Additional tree damage occurred along Langley Dam Road with dozens of uprooted trees before dissipating near Jefferson Davis Highway.","A high-end EF-1 tornado struck the community of Langley, SC overnight on May 12th. The tornado was embedded within an area of heavy rain in an otherwise unfavorable environment to severe weather across the area. It was the only severe report of the event other than some minor flash flooding that was reported later that morning across northern Orangeburg county.",368
1266951,ABBEVILLE CO.,LATIMER,05/12/2025,1831,Tornado, ,EF0,0,0,0,0,SC,EST-5, ,203368,C,1,GSP,0,0,NWS Storm Survey, ,1.69,20,3,ESE,3,ENE,LATIMER,05/12/2025,1838,34.121,-82.552,34.144,-82.542,"NWS storm survey reported a brief and weak tornado touched down along Old Calhoun Falls Rd near Mud Creek Rd. The tornado moved northeast, paralleling Old Calhoun Falls Rd before dissipating near the intersection with Latimer Rd. The tornado snapped multiple large limbs and uprooted a couple of trees.","Scattered thunderstorms and storm clusters developed across upstate South Carolina during the evening. One storm produced a brief tornado in Abbeville County. Storms and clusters tended to move slowly, resulting in locally heavy rainfall, with isolated flash flooding developing where multiple storms moved over the same areas.",369
1264103,CLARENDON CO.,ST PAUL,05/30/2025,1601,Tornado, ,EF1,0,0,0,0,SC,EST-5, ,201926,C,27,CAE,0,0,NWS Storm Survey, ,9.99,200,4,WNW,3,SW,DAVIS STATION,05/30/2025,1614,33.6007,-80.4697,33.5602,-80.303,"A National Weather Service Storm Survey team confirmed an EF1 tornado in Clarendon County that occurred within a wide swath of damaging winds, extending from Swansea to Lake Marion. Based on ground observations and radar, the tornado likely developed over Lake Marion, just east of Lone Star before emerging over land near Hickory Top Road. The tornado snapped numerous limbs and large branches along Old River Road as it moved southeast. The tornado strengthened and caused substantial tree and power line damage near Old River Road and Clifton Road and then further east near Liberty Hill Road and Rapid Edge Trail. Moving southeast, minor tree damage occurred across Highway 15 and I-95. Numerous trees were then uprooted along MG Hemingway Road. The tornado slowly weakened causing minor damage across Washington Davis Road before dissipating near Bill Davis Road.","An upper trough moved into the Southeast region during the afternoon on May 30th with an associated surface cold front. These features moved into an environment with modest instability and strong deep layer shear, yielding a severe line of convection that brought wind damage and a tornado south of Manning, SC.",370
1272768,MCCORMICK CO.,MT CARMEL,06/09/2025,1810,Tornado, ,EF1,0,0,0,0,SC,EST-5, ,201912,C,65,CAE,0,0,NWS Storm Survey, ,0.89,200,5,WSW,4,WSW,MT CARMEL,06/09/2025,1811,33.9735,-82.5843,33.9754,-82.569,"An NWS Greenville-Spartanburg storm survey confirmed a brief tornado touched down in Bobby Brown State Park in Elbert County, downing trees across Bobby Brown State Park Road and intensifying as it crossed Ranger Road. Dozens of trees were snapped and uprooted as the tornado approached a cove along the Savannah River. Some structural damage to pavilions occurred at the Bobby Brown Recreational Center. Tree damage was observed across the river in McCormick County SC, with some uprooted trees and large limbs broken. It is unknown how far into McCormick County the tornado may have traveled due to lack of roads on US Army Corps of Engineers property.","The same slow moving long wave trough caused severe weather on preceding days helped trigger and organize another broken line of severe convection in the Midlands of SC on June 9th. Sufficient low level shear and strong instability helped produce two tornadoes along with a swath of scattered damaging winds into the central Midlands.",371
1257750,LEXINGTON CO.,ELLA,06/09/2025,1943,Tornado, ,EF1,0,0,0,0,SC,EST-5, ,201912,C,63,CAE,0,0,NWS Storm Survey, ,6.17,200,4,NNE,2,ESE,CHAPIN,06/09/2025,1949,34.1229,-81.4043,34.1614,-81.3084,"A National Weather Service Storm Survey Team confirmed an EF-|1 tornado south of Chapin in Lexington County. The tornado began|on a peninsula of Lake Murray along Caro Lane, causing a swath of|snapped large limbs and substantial tree debris. Continuing|northeast, the tornado produced minor tree damage as it crossed|Amicks Ferry Road. Further east, substantial tree damage was found|on Lake Tide Drive with several dozen uprooted or snapped trees.|Additional tree damage was found across Sandbar Road and Lazy Creek|Court on the adjacent peninsulas. Numerous snapped limbs and debris|were found around Crooked Creek Park and Old Lexington Highway and|additional EF-1 damage behind Northshore Drive. The tornado crossed|Highway 76 causing a mix of EF-0 and EF-1 tree damage along Crooked|Creek Road and minor housing damage along Hollyoak Lane. The tornado|then lifted northeast of Hollyoak Lane.","The same slow moving long wave trough caused severe weather on preceding days helped trigger and organize another broken line of severe convection in the Midlands of SC on June 9th. Sufficient low level shear and strong instability helped produce two tornadoes along with a swath of scattered damaging winds into the central Midlands.",372
1286241,JASPER CO.,LIMEHOUSE,07/10/2025,1614,Tornado, ,EF0,0,0,0,0,SC,EST-5, ,206122,C,53,CHS,0,0,NWS Storm Survey, ,0.63,60,4,SSW,4,SSW,LIMEHOUSE,07/10/2025,1616,32.1647,-81.0879,32.1714,-81.0953,"A National Weather Service storm survey team confirmed an EF-0 tornado within the Savannah National Wildlife Refuge in Jasper County. The tornado touched down just east of Plantation Island Trail where it snapped some small tree limbs and the tops of some trees. The tornado moved toward the north-northwest, snapping more small tree limbs, before crossing Laurel Hill Wildlife Drive and ending just south of Highway 170.","Numerous clusters of thunderstorms started developing across southeast South Carolina in the early afternoon hours and gradually spread eastward through the late afternoon. These storms produced damaging wind gusts, frequent cloud to ground lightning, heavy rainfall, and even a weak tornado.",373
