EVENT_ID,CZ_NAME_STR,BEGIN_LOCATION,BEGIN_DATE,BEGIN_TIME,EVENT_TYPE,MAGNITUDE,TOR_F_SCALE,DEATHS_DIRECT,INJURIES_DIRECT,DAMAGE_PROPERTY_NUM,DAMAGE_CROPS_NUM,STATE_ABBR,CZ_TIMEZONE,MAGNITUDE_TYPE,EPISODE_ID,CZ_TYPE,CZ_FIPS,WFO,INJURIES_INDIRECT,DEATHS_INDIRECT,SOURCE,FLOOD_CAUSE,TOR_LENGTH,TOR_WIDTH,BEGIN_RANGE,BEGIN_AZIMUTH,END_RANGE,END_AZIMUTH,END_LOCATION,END_DATE,END_TIME,BEGIN_LAT,BEGIN_LON,END_LAT,END_LON,EVENT_NARRATIVE,EPISODE_NARRATIVE,ABSOLUTE_ROWNUMBER
267529,ADAIR CO.,WESTVILLE,12/31/2010,605,Tornado, ,EF2,0,0,60000,0,OK,CST-6, ,46132,C,1,TSA,0,0,NWS Storm Survey, ,2.1,250,1,NNE,3,NE,WESTVILLE,12/31/2010,608,35.9977,-94.5655,36.0176,-94.5374,"This segment is the first of six segments of this long-track tornado. A tornado developed just northeast of Westville and moved rapidly northeastward damaging a home, tossing or rolling four vehicles, snapping at least 13 large power poles, and snapping or uprooting large trees. Estimated maximum wind based on this damage was 125 mph. This tornado continued into Washington County, Arkansas.","Unseasonably warm and moist air spread into eastern Oklahoma ahead of a cold front. Scattered thunderstorms developed in the late evening and early morning hours ahead of the cold front as a weak upper level disturbance passed through the region. Large hail and damaging wind gusts occurred with some of these storms. Another round of storms developed on the cold front as it moved into eastern Oklahoma a few hours before sunrise. Weak to moderate instability combined with very strong low level wind shear created an environment that supported supercell thunderstorm structures. Several supercells developed resulting in large hail and damaging wind gusts in the hours just before and after sunrise on the 31st. One of these supercells produced a long-track, strong tornado that began in Adair County, Oklahoma, and moved into Washington County, Arkansas, where it killed four people in and near the town of Cincinnati.",1
285741,OSAGE CO.,GRAINOLA,02/27/2011,1821,Tornado, ,EF0,0,0,0,0,OK,CST-6, ,48573,C,113,TSA,0,0,Broadcast Media, ,2.4,50,3,NNW,4,NNE,GRAINOLA,02/27/2011,1823,36.9901,-96.6708,36.999,-96.6292,"A KOTV meteorologist witnessed a tornado from the station's helicopter during a live broadcast. The tornado remained over open country and thus resulted in no damage. The tornado continued into Cowley County Kansas.","The combination of a pacific cold front and dry line moving through the region with moist and unstable air in place ahead of them resulted in the development of severe thunderstorms during the evening of the 27th.",2
302758,OSAGE CO.,BURBANK,04/14/2011,1512,Tornado, ,EF0,0,0,0,0,OK,CST-6, ,49638,C,113,TSA,0,0,NWS Storm Survey, ,0.4,40,1,ENE,1,ENE,BURBANK,04/14/2011,1513,36.7033,-96.706,36.7084,-96.6997,"A tornado snapped large tree limbs. A storm chaser witnessed this tornado. Maximum estimated wind in the tornado based on the damage was about 75 mph.","Low pressure was centered over southern Kansas during the early afternoon of the 14th with a sharp dryline extending from the low pressure system through central Oklahoma. A moist and very unstable air mass was in place across eastern Oklahoma ahead of the dryline. Severe thunderstorms developed along the dryline during the afternoon and moved into eastern Oklahoma during the early evening hours. Large hail up to grapefruit size, damaging wind gusts, and numerous tornadoes occurred as the storms moved through the region.",3
285058,LINCOLN CO.,STROUD,04/14/2011,1542,Tornado, ,EF0,0,0,0,0,OK,CST-6, ,48744,C,81,OUN,0,0,Emergency Manager, ,0.3,40,2,NNW,2,NNW,STROUD,04/14/2011,1542,35.7767,-96.6737,35.7767,-96.6737,"Numerous sources (storm chasers, emergency managers, local media) reported a brief tornado that occurred over an open field. No damage was reported as a result of the tornado, although some minor damage occurred as as result of the RFD. The time was approximate.","An upper level trough moved onshore along the west coast on the 13th, and continued east toward the plains. The storm system strengthened as it moved east of the Rocky mountains, eventually becoming a major storm system, with blizzard conditions on the west and north sides of it, and powerful thunderstorms to the south and east. A surface low pressure moved from the Texas panhandle into southern Kansas, with a dry line extending to the south. The dry line moved quickly east before slowing to the east of I-35 in Oklahoma. Dew point temperatures reached the middle 60s east of the dry line, with bone-dry conditions advecting in on the back side of the dry line. The cap that was in place was all but erased by mid afternoon, and thunderstorms quickly developed over eastern Oklahoma. The wind shear in place was more than sufficient for rotating thunderstorms, with most storms become supercells. Very large hail and wind damage was common early in the thunderstorm life cycle. A weak tornado developed northwest of Stroud, with other storms showing signs of rotation by late afternoon. Additional tornadoes developed through the early evening, with a couple of them doing damage. The tornadoes were in addition to the hail up to softball size. By late evening, at least five tornadoes were reported, with one of them rated and EF-3.",4
302759,OSAGE CO.,HOMINY ARPT,04/14/2011,1600,Tornado, ,EF2,0,0,25000,0,OK,CST-6, ,49638,C,113,TSA,0,0,NWS Storm Survey, ,1,275,2,NNW,2,N,HOMINY ARPT,04/14/2011,1603,36.4523,-96.3937,36.4622,-96.38,"A tornado damaged a metal building and a permanent home. It also snapped power poles and trees. Maximum estimated wind in the tornado based on this damage was about 115 mph. Several storm chasers witnessed this tornado.","Low pressure was centered over southern Kansas during the early afternoon of the 14th with a sharp dryline extending from the low pressure system through central Oklahoma. A moist and very unstable air mass was in place across eastern Oklahoma ahead of the dryline. Severe thunderstorms developed along the dryline during the afternoon and moved into eastern Oklahoma during the early evening hours. Large hail up to grapefruit size, damaging wind gusts, and numerous tornadoes occurred as the storms moved through the region.",5
305893,PONTOTOC CO.,STONEWALL,04/14/2011,1624,Tornado, ,EF1,0,0,8000,0,OK,CST-6, ,48744,C,123,OUN,0,0,Storm Chaser, ,1,50,3,SSW,2,S,STONEWALL,04/14/2011,1625,34.6166,-96.5468,34.6211,-96.53,"Radar, storm chaser, and local medial reported a small tornado. The tornado was embedded in a larger area of thunderstorm wind damage associated with the rear-flank downdraft. A number of large trees were snapped. One tree fell on top of a car, damaging it. Monetary damages were estimated.","An upper level trough moved onshore along the west coast on the 13th, and continued east toward the plains. The storm system strengthened as it moved east of the Rocky mountains, eventually becoming a major storm system, with blizzard conditions on the west and north sides of it, and powerful thunderstorms to the south and east. A surface low pressure moved from the Texas panhandle into southern Kansas, with a dry line extending to the south. The dry line moved quickly east before slowing to the east of I-35 in Oklahoma. Dew point temperatures reached the middle 60s east of the dry line, with bone-dry conditions advecting in on the back side of the dry line. The cap that was in place was all but erased by mid afternoon, and thunderstorms quickly developed over eastern Oklahoma. The wind shear in place was more than sufficient for rotating thunderstorms, with most storms become supercells. Very large hail and wind damage was common early in the thunderstorm life cycle. A weak tornado developed northwest of Stroud, with other storms showing signs of rotation by late afternoon. Additional tornadoes developed through the early evening, with a couple of them doing damage. The tornadoes were in addition to the hail up to softball size. By late evening, at least five tornadoes were reported, with one of them rated and EF-3.",6
302760,OKFUSKEE CO.,WELTY,04/14/2011,1638,Tornado, ,EF0,0,0,0,0,OK,CST-6, ,49638,C,107,TSA,0,0,Trained Spotter, ,0.2,50,4,SSW,4,SSW,WELTY,04/14/2011,1638,35.5665,-96.4272,35.5665,-96.4272,"A brief tornado developed over open country. The tornado resulted in no known damage.","Low pressure was centered over southern Kansas during the early afternoon of the 14th with a sharp dryline extending from the low pressure system through central Oklahoma. A moist and very unstable air mass was in place across eastern Oklahoma ahead of the dryline. Severe thunderstorms developed along the dryline during the afternoon and moved into eastern Oklahoma during the early evening hours. Large hail up to grapefruit size, damaging wind gusts, and numerous tornadoes occurred as the storms moved through the region.",7
302762,WASHINGTON CO.,OCHELATA,04/14/2011,1639,Tornado, ,EF0,0,0,0,0,OK,CST-6, ,49638,C,147,TSA,0,0,Broadcast Media, ,0.1,50,1,W,1,W,OCHELATA,04/14/2011,1639,36.6,-95.998,36.6,-95.998,"Storm chasers for KOTV witnessed a brief tornado over open country. The tornado resulted in no known damage.","Low pressure was centered over southern Kansas during the early afternoon of the 14th with a sharp dryline extending from the low pressure system through central Oklahoma. A moist and very unstable air mass was in place across eastern Oklahoma ahead of the dryline. Severe thunderstorms developed along the dryline during the afternoon and moved into eastern Oklahoma during the early evening hours. Large hail up to grapefruit size, damaging wind gusts, and numerous tornadoes occurred as the storms moved through the region.",8
302765,WASHINGTON CO.,OCHELATA,04/14/2011,1644,Tornado, ,EF0,0,0,0,0,OK,CST-6, ,49638,C,147,TSA,0,0,Emergency Manager, ,0.1,50,2,N,2,N,OCHELATA,04/14/2011,1644,36.629,-95.98,36.629,-95.98,"Spotters with Washington County Emergency Management witnessed a brief tornado over open country. The tornado resulted in no known damage.","Low pressure was centered over southern Kansas during the early afternoon of the 14th with a sharp dryline extending from the low pressure system through central Oklahoma. A moist and very unstable air mass was in place across eastern Oklahoma ahead of the dryline. Severe thunderstorms developed along the dryline during the afternoon and moved into eastern Oklahoma during the early evening hours. Large hail up to grapefruit size, damaging wind gusts, and numerous tornadoes occurred as the storms moved through the region.",9
285071,MARSHALL CO.,MADILL,04/14/2011,1703,Tornado, ,EF1,0,0,0,0,OK,CST-6, ,48744,C,95,OUN,0,0,NWS Storm Survey, ,8,300,3,NNW,6,NNW,LITTLE CITY,04/14/2011,1715,34.1301,-96.7901,34.161,-96.657,"This tornado began three miles north-northwest of Madill and continued northeast into Johnston county. It finally lifted three miles south-southwest of Milburn. Damage was reported to several structures, with widespread tree/power pole/line damage. Monetary damages estimates were not available.","An upper level trough moved onshore along the west coast on the 13th, and continued east toward the plains. The storm system strengthened as it moved east of the Rocky mountains, eventually becoming a major storm system, with blizzard conditions on the west and north sides of it, and powerful thunderstorms to the south and east. A surface low pressure moved from the Texas panhandle into southern Kansas, with a dry line extending to the south. The dry line moved quickly east before slowing to the east of I-35 in Oklahoma. Dew point temperatures reached the middle 60s east of the dry line, with bone-dry conditions advecting in on the back side of the dry line. The cap that was in place was all but erased by mid afternoon, and thunderstorms quickly developed over eastern Oklahoma. The wind shear in place was more than sufficient for rotating thunderstorms, with most storms become supercells. Very large hail and wind damage was common early in the thunderstorm life cycle. A weak tornado developed northwest of Stroud, with other storms showing signs of rotation by late afternoon. Additional tornadoes developed through the early evening, with a couple of them doing damage. The tornadoes were in addition to the hail up to softball size. By late evening, at least five tornadoes were reported, with one of them rated and EF-3.",10
302775,OKFUSKEE CO.,HAYDENVILLE,04/14/2011,1705,Tornado, ,EF1,0,0,0,0,OK,CST-6, ,49638,C,107,TSA,0,0,NWS Storm Survey, ,4.9,100,1,SSE,3,NE,OKFUSKEE,04/14/2011,1712,35.588,-96.267,35.6245,-96.1924,"This is the first of two segments of this tornado. In this segment, the tornado snapped or uprooted several large trees. It was witnessed by storm chasers. Maximum estimated wind in the tornado based on the tree damage was 105 mph. The tornado continued into Okmulgee County, Oklahoma.","Low pressure was centered over southern Kansas during the early afternoon of the 14th with a sharp dryline extending from the low pressure system through central Oklahoma. A moist and very unstable air mass was in place across eastern Oklahoma ahead of the dryline. Severe thunderstorms developed along the dryline during the afternoon and moved into eastern Oklahoma during the early evening hours. Large hail up to grapefruit size, damaging wind gusts, and numerous tornadoes occurred as the storms moved through the region.",11
302781,WASHINGTON CO.,DEWEY,04/14/2011,1711,Tornado, ,EF1,0,0,0,0,OK,CST-6, ,49638,C,147,TSA,0,0,NWS Storm Survey, ,0.2,125,7,ESE,7,ESE,DEWEY,04/14/2011,1712,36.7645,-95.8126,36.767,-95.8099,"This is the first of two segments of this tornado. In Washington County, this tornado uprooted several trees. Maximum estimated wind in the tornado based on this damage was 95 mph. The tornado continued into Nowata County, Oklahoma.","Low pressure was centered over southern Kansas during the early afternoon of the 14th with a sharp dryline extending from the low pressure system through central Oklahoma. A moist and very unstable air mass was in place across eastern Oklahoma ahead of the dryline. Severe thunderstorms developed along the dryline during the afternoon and moved into eastern Oklahoma during the early evening hours. Large hail up to grapefruit size, damaging wind gusts, and numerous tornadoes occurred as the storms moved through the region.",12
302777,OKMULGEE CO.,NUYAKA,04/14/2011,1712,Tornado, ,EF0,0,0,0,0,OK,CST-6, ,49638,C,111,TSA,0,0,NWS Storm Survey, ,6.5,100,4,WSW,4,NNW,NUYAKA,04/14/2011,1726,35.6245,-96.1924,35.71,-96.1458,"This is the second of two segments of this tornado. The tornado continued into Okmulgee County, producing no known damage in Okmulgee County as it remained over mostly open country until it dissipated. The rope stage of this tornado was recorded by storm chasers.","Low pressure was centered over southern Kansas during the early afternoon of the 14th with a sharp dryline extending from the low pressure system through central Oklahoma. A moist and very unstable air mass was in place across eastern Oklahoma ahead of the dryline. Severe thunderstorms developed along the dryline during the afternoon and moved into eastern Oklahoma during the early evening hours. Large hail up to grapefruit size, damaging wind gusts, and numerous tornadoes occurred as the storms moved through the region.",13
302786,NOWATA CO.,GLENOAK,04/14/2011,1712,Tornado, ,EF1,0,0,20000,0,OK,CST-6, ,49638,C,105,TSA,0,0,NWS Storm Survey, ,1.4,200,3,NNW,4,N,GLENOAK,04/14/2011,1714,36.767,-95.8099,36.7818,-95.7935,"This is the second of two segments of this tornado. In Nowata County, the tornado damaged several permanent homes and snapped or uprooted trees. Maximum wind in the tornado based on this damage was about 105 mph.","Low pressure was centered over southern Kansas during the early afternoon of the 14th with a sharp dryline extending from the low pressure system through central Oklahoma. A moist and very unstable air mass was in place across eastern Oklahoma ahead of the dryline. Severe thunderstorms developed along the dryline during the afternoon and moved into eastern Oklahoma during the early evening hours. Large hail up to grapefruit size, damaging wind gusts, and numerous tornadoes occurred as the storms moved through the region.",14
285090,JOHNSTON CO.,TISHOMINGO,04/14/2011,1715,Tornado, ,EF0,0,0,0,0,OK,CST-6, ,48744,C,69,OUN,0,0,Trained Spotter, ,6,100,5,SSE,3,SSW,MILBURN,04/14/2011,1725,34.161,-96.657,34.1999,-96.5701,"This tornado was a continuation of the tornado that began 3 NNW of Madill in Marshall County. It continued to produce tree damage after crossing Lake Texoma into southern Marshall County.","An upper level trough moved onshore along the west coast on the 13th, and continued east toward the plains. The storm system strengthened as it moved east of the Rocky mountains, eventually becoming a major storm system, with blizzard conditions on the west and north sides of it, and powerful thunderstorms to the south and east. A surface low pressure moved from the Texas panhandle into southern Kansas, with a dry line extending to the south. The dry line moved quickly east before slowing to the east of I-35 in Oklahoma. Dew point temperatures reached the middle 60s east of the dry line, with bone-dry conditions advecting in on the back side of the dry line. The cap that was in place was all but erased by mid afternoon, and thunderstorms quickly developed over eastern Oklahoma. The wind shear in place was more than sufficient for rotating thunderstorms, with most storms become supercells. Very large hail and wind damage was common early in the thunderstorm life cycle. A weak tornado developed northwest of Stroud, with other storms showing signs of rotation by late afternoon. Additional tornadoes developed through the early evening, with a couple of them doing damage. The tornadoes were in addition to the hail up to softball size. By late evening, at least five tornadoes were reported, with one of them rated and EF-3.",15
305894,JOHNSTON CO.,MILBURN,04/14/2011,1725,Tornado, ,EF0,0,0,0,0,OK,CST-6, ,48744,C,69,OUN,0,0,NWS Employee, ,0.2,100,5,SSW,5,SSW,MILBURN,04/14/2011,1725,34.1731,-96.5835,34.1731,-96.5835,"Two off-duty NWS employees observed this tornado to the south of the tornado that moved from northeast of Madill to SSW of Milburn. No known damage occurred and the tornado location was estimated.","An upper level trough moved onshore along the west coast on the 13th, and continued east toward the plains. The storm system strengthened as it moved east of the Rocky mountains, eventually becoming a major storm system, with blizzard conditions on the west and north sides of it, and powerful thunderstorms to the south and east. A surface low pressure moved from the Texas panhandle into southern Kansas, with a dry line extending to the south. The dry line moved quickly east before slowing to the east of I-35 in Oklahoma. Dew point temperatures reached the middle 60s east of the dry line, with bone-dry conditions advecting in on the back side of the dry line. The cap that was in place was all but erased by mid afternoon, and thunderstorms quickly developed over eastern Oklahoma. The wind shear in place was more than sufficient for rotating thunderstorms, with most storms become supercells. Very large hail and wind damage was common early in the thunderstorm life cycle. A weak tornado developed northwest of Stroud, with other storms showing signs of rotation by late afternoon. Additional tornadoes developed through the early evening, with a couple of them doing damage. The tornadoes were in addition to the hail up to softball size. By late evening, at least five tornadoes were reported, with one of them rated and EF-3.",16
302787,OKFUSKEE CO.,CASTLE,04/14/2011,1733,Tornado, ,EF0,0,0,0,0,OK,CST-6, ,49638,C,107,TSA,0,0,Broadcast Media, ,0.1,50,2,NE,2,NE,CASTLE,04/14/2011,1733,35.4854,-96.3612,35.4854,-96.3612,"KOCO storm chasers witnessed this brief tornado. The tornado resulted in no known damage.","Low pressure was centered over southern Kansas during the early afternoon of the 14th with a sharp dryline extending from the low pressure system through central Oklahoma. A moist and very unstable air mass was in place across eastern Oklahoma ahead of the dryline. Severe thunderstorms developed along the dryline during the afternoon and moved into eastern Oklahoma during the early evening hours. Large hail up to grapefruit size, damaging wind gusts, and numerous tornadoes occurred as the storms moved through the region.",17
302788,PITTSBURG CO.,BOND,04/14/2011,1814,Tornado, ,EF1,0,0,0,0,OK,CST-6, ,49638,C,121,TSA,0,0,NWS Storm Survey, ,5.5,300,1,SW,1,E,BACHE,04/14/2011,1825,34.8108,-95.664,34.8788,-95.6135,"A tornado snapped or uprooted a number of large trees. Maximum estimated wind in the tornado based on this damage was about 105 mph.","Low pressure was centered over southern Kansas during the early afternoon of the 14th with a sharp dryline extending from the low pressure system through central Oklahoma. A moist and very unstable air mass was in place across eastern Oklahoma ahead of the dryline. Severe thunderstorms developed along the dryline during the afternoon and moved into eastern Oklahoma during the early evening hours. Large hail up to grapefruit size, damaging wind gusts, and numerous tornadoes occurred as the storms moved through the region.",18
285080,ATOKA CO.,TUSHKA,04/14/2011,1820,Tornado, ,EF3,2,40,0,0,OK,CST-6, ,48744,C,5,OUN,0,0,NWS Storm Survey, ,17,1320,5,WSW,2,E,STRINGTOWN,04/14/2011,1850,34.2923,-96.2509,34.47,-96.0149,"A large tornado began 5 miles west-southwest of Tushka and moved east-northeast through Tushka and about 3 miles southeast of Atoka before curving to the north-northeast and dissipating around 2 miles east of Stringtown. Almost 150 homes and business' were significantly damaged or destroyed, many numerous others sustaining minor damage. Two fatalities occurred in a mobile home to the west of Tushka. Monetary damage estimates were not available, although it is thought they would be well into the millions of dollars.","An upper level trough moved onshore along the west coast on the 13th, and continued east toward the plains. The storm system strengthened as it moved east of the Rocky mountains, eventually becoming a major storm system, with blizzard conditions on the west and north sides of it, and powerful thunderstorms to the south and east. A surface low pressure moved from the Texas panhandle into southern Kansas, with a dry line extending to the south. The dry line moved quickly east before slowing to the east of I-35 in Oklahoma. Dew point temperatures reached the middle 60s east of the dry line, with bone-dry conditions advecting in on the back side of the dry line. The cap that was in place was all but erased by mid afternoon, and thunderstorms quickly developed over eastern Oklahoma. The wind shear in place was more than sufficient for rotating thunderstorms, with most storms become supercells. Very large hail and wind damage was common early in the thunderstorm life cycle. A weak tornado developed northwest of Stroud, with other storms showing signs of rotation by late afternoon. Additional tornadoes developed through the early evening, with a couple of them doing damage. The tornadoes were in addition to the hail up to softball size. By late evening, at least five tornadoes were reported, with one of them rated and EF-3.",19
285733,ATOKA CO.,TUSHKA,04/14/2011,1821,Tornado, ,EF1,0,0,10000,0,OK,CST-6, ,48744,C,5,OUN,0,0,NWS Storm Survey, ,4,100,3,WNW,2,NNE,TUSHKA,04/14/2011,1828,34.3366,-96.2186,34.3467,-96.1566,"Another separate area of tree damage was noted north of the larger tornado that devastated Tushka. Monetary damages were estimated.","An upper level trough moved onshore along the west coast on the 13th, and continued east toward the plains. The storm system strengthened as it moved east of the Rocky mountains, eventually becoming a major storm system, with blizzard conditions on the west and north sides of it, and powerful thunderstorms to the south and east. A surface low pressure moved from the Texas panhandle into southern Kansas, with a dry line extending to the south. The dry line moved quickly east before slowing to the east of I-35 in Oklahoma. Dew point temperatures reached the middle 60s east of the dry line, with bone-dry conditions advecting in on the back side of the dry line. The cap that was in place was all but erased by mid afternoon, and thunderstorms quickly developed over eastern Oklahoma. The wind shear in place was more than sufficient for rotating thunderstorms, with most storms become supercells. Very large hail and wind damage was common early in the thunderstorm life cycle. A weak tornado developed northwest of Stroud, with other storms showing signs of rotation by late afternoon. Additional tornadoes developed through the early evening, with a couple of them doing damage. The tornadoes were in addition to the hail up to softball size. By late evening, at least five tornadoes were reported, with one of them rated and EF-3.",20
302789,DELAWARE CO.,EUCHA,04/14/2011,1847,Tornado, ,EF2,0,3,100000,0,OK,CST-6, ,49638,C,41,TSA,0,0,NWS Storm Survey, ,0.5,100,1,W,1,WNW,EUCHA,04/14/2011,1848,36.3735,-94.8743,36.3786,-94.8668,"A tornado destroyed a mobile home, injuring three people. Several other mobile homes were severely damaged. Trees were snapped or uprooted. Maximum estimated wind in the tornado based on this damage was about 125 mph.","Low pressure was centered over southern Kansas during the early afternoon of the 14th with a sharp dryline extending from the low pressure system through central Oklahoma. A moist and very unstable air mass was in place across eastern Oklahoma ahead of the dryline. Severe thunderstorms developed along the dryline during the afternoon and moved into eastern Oklahoma during the early evening hours. Large hail up to grapefruit size, damaging wind gusts, and numerous tornadoes occurred as the storms moved through the region.",21
305899,ATOKA CO.,REDDEN,04/14/2011,1904,Tornado, ,EF0,0,0,0,0,OK,CST-6, ,48744,C,5,OUN,0,0,Storm Chaser, ,6,125,6,SSW,6,SE,REDDEN,04/14/2011,1910,34.4298,-95.8903,34.4467,-95.7787,"A tornado was observed by a storm chaser that developed south-southwest of Redden and moved east-northeast into Pushmataha County (see Storm Data for eastern Oklahoma for the Pushmataha County portion of this tornado.)  This tornado produced no known damage.","An upper level trough moved onshore along the west coast on the 13th, and continued east toward the plains. The storm system strengthened as it moved east of the Rocky mountains, eventually becoming a major storm system, with blizzard conditions on the west and north sides of it, and powerful thunderstorms to the south and east. A surface low pressure moved from the Texas panhandle into southern Kansas, with a dry line extending to the south. The dry line moved quickly east before slowing to the east of I-35 in Oklahoma. Dew point temperatures reached the middle 60s east of the dry line, with bone-dry conditions advecting in on the back side of the dry line. The cap that was in place was all but erased by mid afternoon, and thunderstorms quickly developed over eastern Oklahoma. The wind shear in place was more than sufficient for rotating thunderstorms, with most storms become supercells. Very large hail and wind damage was common early in the thunderstorm life cycle. A weak tornado developed northwest of Stroud, with other storms showing signs of rotation by late afternoon. Additional tornadoes developed through the early evening, with a couple of them doing damage. The tornadoes were in addition to the hail up to softball size. By late evening, at least five tornadoes were reported, with one of them rated and EF-3.",22
302792,PUSHMATAHA CO.,JUMBO,04/14/2011,1910,Tornado, ,EF0,0,0,0,0,OK,CST-6, ,49638,C,127,TSA,0,0,Storm Chaser, ,1,125,3,WNW,2,NW,JUMBO,04/14/2011,1911,34.4467,-95.7787,34.4498,-95.7619,"This is the second of two segments of this tornado, which developed in Atoka County, Oklahoma. A storm chaser witnessed a large cone-shaped tornado over open country. No known damage resulted from this tornado.","Low pressure was centered over southern Kansas during the early afternoon of the 14th with a sharp dryline extending from the low pressure system through central Oklahoma. A moist and very unstable air mass was in place across eastern Oklahoma ahead of the dryline. Severe thunderstorms developed along the dryline during the afternoon and moved into eastern Oklahoma during the early evening hours. Large hail up to grapefruit size, damaging wind gusts, and numerous tornadoes occurred as the storms moved through the region.",23
302795,PUSHMATAHA CO.,JUMBO,04/14/2011,1912,Tornado, ,EF0,0,0,0,0,OK,CST-6, ,49638,C,127,TSA,0,0,Storm Chaser, ,0.1,50,1,NW,1,NW,JUMBO,04/14/2011,1912,34.4402,-95.7424,34.4402,-95.7424,"A storm chaser observed a brief tornado northwest of Jumbo that was over open country. This tornado produced no known damage.","Low pressure was centered over southern Kansas during the early afternoon of the 14th with a sharp dryline extending from the low pressure system through central Oklahoma. A moist and very unstable air mass was in place across eastern Oklahoma ahead of the dryline. Severe thunderstorms developed along the dryline during the afternoon and moved into eastern Oklahoma during the early evening hours. Large hail up to grapefruit size, damaging wind gusts, and numerous tornadoes occurred as the storms moved through the region.",24
302799,PUSHMATAHA CO.,JUMBO,04/14/2011,1912,Tornado, ,EF1,0,0,10000,0,OK,CST-6, ,49638,C,127,TSA,0,0,NWS Storm Survey, ,3,400,1,NW,3,NE,JUMBO,04/14/2011,1915,34.4419,-95.7417,34.4575,-95.6927,"A tornado snapped or uprooted a number of trees. Power poles were also snapped by this tornado. Maximum estimated wind in the tornado based on this damage was about 100 mph. This tornado was observed by a storm chaser.","Low pressure was centered over southern Kansas during the early afternoon of the 14th with a sharp dryline extending from the low pressure system through central Oklahoma. A moist and very unstable air mass was in place across eastern Oklahoma ahead of the dryline. Severe thunderstorms developed along the dryline during the afternoon and moved into eastern Oklahoma during the early evening hours. Large hail up to grapefruit size, damaging wind gusts, and numerous tornadoes occurred as the storms moved through the region.",25
302802,WAGONER CO.,LA BARGE,04/14/2011,1918,Tornado, ,EF1,0,0,40000,0,OK,CST-6, ,49638,C,145,TSA,0,0,NWS Storm Survey, ,1.8,290,2,WNW,2,N,LA BARGE,04/14/2011,1922,35.9862,-95.4067,36.0041,-95.383,"A tornado damaged a permanent home, destroyed several outbuildings, and snapped or uprooted a number of trees. Maximum estimated wind in the tornado based on this damage was about 110 mph.","Low pressure was centered over southern Kansas during the early afternoon of the 14th with a sharp dryline extending from the low pressure system through central Oklahoma. A moist and very unstable air mass was in place across eastern Oklahoma ahead of the dryline. Severe thunderstorms developed along the dryline during the afternoon and moved into eastern Oklahoma during the early evening hours. Large hail up to grapefruit size, damaging wind gusts, and numerous tornadoes occurred as the storms moved through the region.",26
302805,LATIMER CO.,BENGAL,04/14/2011,1928,Tornado, ,EF1,0,0,25000,0,OK,CST-6, ,49638,C,77,TSA,0,0,NWS Storm Survey, ,4.1,600,8,SSW,5,S,BENGAL,04/14/2011,1936,34.7298,-95.1245,34.7553,-95.0599,"This is the first of two segments of this tornado. In Latimer County, this tornado damaged a home, severely damaged a barn, and snapped or uprooted a number of large trees. Maximum estimated wind in the tornado based on this damage was about 110 mph. The tornado continued into Le Flore County, Oklahoma.","Low pressure was centered over southern Kansas during the early afternoon of the 14th with a sharp dryline extending from the low pressure system through central Oklahoma. A moist and very unstable air mass was in place across eastern Oklahoma ahead of the dryline. Severe thunderstorms developed along the dryline during the afternoon and moved into eastern Oklahoma during the early evening hours. Large hail up to grapefruit size, damaging wind gusts, and numerous tornadoes occurred as the storms moved through the region.",27
302814,PUSHMATAHA CO.,CRUM CREEK,04/14/2011,1935,Tornado, ,EF2,0,0,0,0,OK,CST-6, ,49638,C,127,TSA,0,0,NWS Storm Survey, ,7,1000,1,SW,4,W,CLAYTON,04/14/2011,1947,34.5092,-95.5091,34.5741,-95.4145,"A large tornado snapped or uprooted many large trees. Maximum estimated wind in the tornado based on this damage was about 115 mph.","Low pressure was centered over southern Kansas during the early afternoon of the 14th with a sharp dryline extending from the low pressure system through central Oklahoma. A moist and very unstable air mass was in place across eastern Oklahoma ahead of the dryline. Severe thunderstorms developed along the dryline during the afternoon and moved into eastern Oklahoma during the early evening hours. Large hail up to grapefruit size, damaging wind gusts, and numerous tornadoes occurred as the storms moved through the region.",28
302810,LE FLORE CO.,TALIHINA,04/14/2011,1936,Tornado, ,EF1,0,0,0,0,OK,CST-6, ,49638,C,79,TSA,0,0,NWS Storm Survey, ,0.5,250,1,WNW,1,N,TALIHINA,04/14/2011,1937,34.7553,-95.0599,34.7588,-95.0517,"This is the second of two segments of this tornado. In Le Flore County, this tornado uprooted a number of trees. Maximum estimated wind in the tornado based on this damage was about 95 mph.","Low pressure was centered over southern Kansas during the early afternoon of the 14th with a sharp dryline extending from the low pressure system through central Oklahoma. A moist and very unstable air mass was in place across eastern Oklahoma ahead of the dryline. Severe thunderstorms developed along the dryline during the afternoon and moved into eastern Oklahoma during the early evening hours. Large hail up to grapefruit size, damaging wind gusts, and numerous tornadoes occurred as the storms moved through the region.",29
285734,ATOKA CO.,ATOKA,04/14/2011,1936,Tornado, ,EF1,0,0,20000,0,OK,CST-6, ,48744,C,5,OUN,0,0,NWS Storm Survey, ,2,400,4,SE,4,ESE,ATOKA,04/14/2011,1939,34.3391,-96.0804,34.3579,-96.0652,"Another area of damage occurred south of the large tornado that devastated Tushka. This tornado damaged numerous trees and power lines. Monetary damages were estimated.","An upper level trough moved onshore along the west coast on the 13th, and continued east toward the plains. The storm system strengthened as it moved east of the Rocky mountains, eventually becoming a major storm system, with blizzard conditions on the west and north sides of it, and powerful thunderstorms to the south and east. A surface low pressure moved from the Texas panhandle into southern Kansas, with a dry line extending to the south. The dry line moved quickly east before slowing to the east of I-35 in Oklahoma. Dew point temperatures reached the middle 60s east of the dry line, with bone-dry conditions advecting in on the back side of the dry line. The cap that was in place was all but erased by mid afternoon, and thunderstorms quickly developed over eastern Oklahoma. The wind shear in place was more than sufficient for rotating thunderstorms, with most storms become supercells. Very large hail and wind damage was common early in the thunderstorm life cycle. A weak tornado developed northwest of Stroud, with other storms showing signs of rotation by late afternoon. Additional tornadoes developed through the early evening, with a couple of them doing damage. The tornadoes were in addition to the hail up to softball size. By late evening, at least five tornadoes were reported, with one of them rated and EF-3.",30
305902,ATOKA CO.,REDDEN,04/14/2011,1946,Tornado, ,EF1,0,0,30000,0,OK,CST-6, ,48744,C,5,OUN,0,0,NWS Storm Survey, ,4,500,2,NE,1,WSW,DAISY,04/14/2011,1951,34.5254,-95.8314,34.5328,-95.7611,"An NWS storm survey found a barn destroyed and numerous large trees snapped or uprooted along a path from northeast of Redden to west-southwest of Daisy. Monetary damages were estimated.","An upper level trough moved onshore along the west coast on the 13th, and continued east toward the plains. The storm system strengthened as it moved east of the Rocky mountains, eventually becoming a major storm system, with blizzard conditions on the west and north sides of it, and powerful thunderstorms to the south and east. A surface low pressure moved from the Texas panhandle into southern Kansas, with a dry line extending to the south. The dry line moved quickly east before slowing to the east of I-35 in Oklahoma. Dew point temperatures reached the middle 60s east of the dry line, with bone-dry conditions advecting in on the back side of the dry line. The cap that was in place was all but erased by mid afternoon, and thunderstorms quickly developed over eastern Oklahoma. The wind shear in place was more than sufficient for rotating thunderstorms, with most storms become supercells. Very large hail and wind damage was common early in the thunderstorm life cycle. A weak tornado developed northwest of Stroud, with other storms showing signs of rotation by late afternoon. Additional tornadoes developed through the early evening, with a couple of them doing damage. The tornadoes were in addition to the hail up to softball size. By late evening, at least five tornadoes were reported, with one of them rated and EF-3.",31
302817,PUSHMATAHA CO.,SARDIS,04/14/2011,1950,Tornado, ,EF1,0,0,0,0,OK,CST-6, ,49638,C,127,TSA,0,0,NWS Storm Survey, ,1,75,4,WSW,4,W,SARDIS,04/14/2011,1951,34.6365,-95.4727,34.6437,-95.4618,"A tornado blew down several trees. Maximum estimated wind based on this damage was about 90 mph.","Low pressure was centered over southern Kansas during the early afternoon of the 14th with a sharp dryline extending from the low pressure system through central Oklahoma. A moist and very unstable air mass was in place across eastern Oklahoma ahead of the dryline. Severe thunderstorms developed along the dryline during the afternoon and moved into eastern Oklahoma during the early evening hours. Large hail up to grapefruit size, damaging wind gusts, and numerous tornadoes occurred as the storms moved through the region.",32
305903,ATOKA CO.,DAISY,04/14/2011,1958,Tornado, ,EF1,0,0,50000,0,OK,CST-6, ,48744,C,5,OUN,0,0,NWS Storm Survey, ,4.1,1100,1,S,4,ENE,DAISY,04/14/2011,2003,34.5284,-95.74,34.5622,-95.6751,"This tornado developed to the south of Daisy in northeast Atoka County, then moved east-northeast into Pushmataha and Pittsburg Counties (see Storm Data for eastern Oklahoma for the Pushmataha and Pittsburg County segments of this tornado.)  Numerous trees were snapped or uprooted, roof damage was observed to at least two homes, and a barn suffered severe damage. Monetary damages were estimated.","An upper level trough moved onshore along the west coast on the 13th, and continued east toward the plains. The storm system strengthened as it moved east of the Rocky mountains, eventually becoming a major storm system, with blizzard conditions on the west and north sides of it, and powerful thunderstorms to the south and east. A surface low pressure moved from the Texas panhandle into southern Kansas, with a dry line extending to the south. The dry line moved quickly east before slowing to the east of I-35 in Oklahoma. Dew point temperatures reached the middle 60s east of the dry line, with bone-dry conditions advecting in on the back side of the dry line. The cap that was in place was all but erased by mid afternoon, and thunderstorms quickly developed over eastern Oklahoma. The wind shear in place was more than sufficient for rotating thunderstorms, with most storms become supercells. Very large hail and wind damage was common early in the thunderstorm life cycle. A weak tornado developed northwest of Stroud, with other storms showing signs of rotation by late afternoon. Additional tornadoes developed through the early evening, with a couple of them doing damage. The tornadoes were in addition to the hail up to softball size. By late evening, at least five tornadoes were reported, with one of them rated and EF-3.",33
305904,ATOKA CO.,DAISY,04/14/2011,1959,Tornado, ,EF1,0,0,10000,0,OK,CST-6, ,48744,C,5,OUN,0,0,NWS Storm Survey, ,0.5,125,2,SSE,2,SE,DAISY,04/14/2011,2000,34.5134,-95.7228,34.5164,-95.715,"Numerous large trees were snapped and uprooted by a tornado that paralleled a larger tornado to the north. Monetary damages were estimated.","An upper level trough moved onshore along the west coast on the 13th, and continued east toward the plains. The storm system strengthened as it moved east of the Rocky mountains, eventually becoming a major storm system, with blizzard conditions on the west and north sides of it, and powerful thunderstorms to the south and east. A surface low pressure moved from the Texas panhandle into southern Kansas, with a dry line extending to the south. The dry line moved quickly east before slowing to the east of I-35 in Oklahoma. Dew point temperatures reached the middle 60s east of the dry line, with bone-dry conditions advecting in on the back side of the dry line. The cap that was in place was all but erased by mid afternoon, and thunderstorms quickly developed over eastern Oklahoma. The wind shear in place was more than sufficient for rotating thunderstorms, with most storms become supercells. Very large hail and wind damage was common early in the thunderstorm life cycle. A weak tornado developed northwest of Stroud, with other storms showing signs of rotation by late afternoon. Additional tornadoes developed through the early evening, with a couple of them doing damage. The tornadoes were in addition to the hail up to softball size. By late evening, at least five tornadoes were reported, with one of them rated and EF-3.",34
302820,PUSHMATAHA CO.,ADEL,04/14/2011,2003,Tornado, ,EF1,0,0,0,0,OK,CST-6, ,49638,C,127,TSA,0,0,NWS Storm Survey, ,5.8,1100,6,WSW,1,NW,ADEL,04/14/2011,2012,34.5537,-95.672,34.5941,-95.5835,"This is the second of three segments of this tornado, which developed over northeastern Atoka County. In Pushmataha County, this large tornado snapped or uprooted many large trees. Maximum estimated wind based on this damage was about 105 mph. The tornado continued into Pittsburg County, Oklahoma.","Low pressure was centered over southern Kansas during the early afternoon of the 14th with a sharp dryline extending from the low pressure system through central Oklahoma. A moist and very unstable air mass was in place across eastern Oklahoma ahead of the dryline. Severe thunderstorms developed along the dryline during the afternoon and moved into eastern Oklahoma during the early evening hours. Large hail up to grapefruit size, damaging wind gusts, and numerous tornadoes occurred as the storms moved through the region.",35
302829,LATIMER CO.,YANUSH,04/14/2011,2008,Tornado, ,EF0,0,0,0,0,OK,CST-6, ,49638,C,77,TSA,0,0,NWS Storm Survey, ,6,500,3,WSW,2,WNW,LAURA,04/14/2011,2022,34.685,-95.3778,34.7431,-95.3018,"A tornado that apparently developed over Sardis Lake uprooted a few trees and snapped numerous large tree limbs. Maximum estimated wind in the tornado based on this damage was about 85 mph.","Low pressure was centered over southern Kansas during the early afternoon of the 14th with a sharp dryline extending from the low pressure system through central Oklahoma. A moist and very unstable air mass was in place across eastern Oklahoma ahead of the dryline. Severe thunderstorms developed along the dryline during the afternoon and moved into eastern Oklahoma during the early evening hours. Large hail up to grapefruit size, damaging wind gusts, and numerous tornadoes occurred as the storms moved through the region.",36
302826,PITTSBURG CO.,WEATHERS,04/14/2011,2012,Tornado, ,EF1,0,0,0,0,OK,CST-6, ,49638,C,121,TSA,0,0,NWS Storm Survey, ,4.4,700,4,S,4,ESE,WEATHERS,04/14/2011,2016,34.5941,-95.5835,34.6245,-95.5169,"This is the third of three segments of this tornado, which developed in northeastern Atoka County and moved across northwestern Pushmataha County. In Pittsburg County, this tornado snapped or uprooted a number of trees. Maximum estimated wind in the tornado based on this tree damage was about 105 mph.","Low pressure was centered over southern Kansas during the early afternoon of the 14th with a sharp dryline extending from the low pressure system through central Oklahoma. A moist and very unstable air mass was in place across eastern Oklahoma ahead of the dryline. Severe thunderstorms developed along the dryline during the afternoon and moved into eastern Oklahoma during the early evening hours. Large hail up to grapefruit size, damaging wind gusts, and numerous tornadoes occurred as the storms moved through the region.",37
302834,LE FLORE CO.,WISTER,04/14/2011,2023,Tornado, ,EF1,0,3,40000,0,OK,CST-6, ,49638,C,79,TSA,0,0,NWS Storm Survey, ,7,440,3,SSE,1,SW,POTEAU KERR ARPT,04/14/2011,2037,34.9285,-94.708,35.0082,-94.6362,"A tornado rolled a mobile home, injuring three people, damaged the roof of a permanent home, and snapped or uprooted numerous large trees. Maximum estimated wind in the tornado based on this damage was about 105 mph. A storm spotter witnessed this tornado.","Low pressure was centered over southern Kansas during the early afternoon of the 14th with a sharp dryline extending from the low pressure system through central Oklahoma. A moist and very unstable air mass was in place across eastern Oklahoma ahead of the dryline. Severe thunderstorms developed along the dryline during the afternoon and moved into eastern Oklahoma during the early evening hours. Large hail up to grapefruit size, damaging wind gusts, and numerous tornadoes occurred as the storms moved through the region.",38
302836,LE FLORE CO.,HOWE,04/14/2011,2035,Tornado, ,EF1,0,0,10000,0,OK,CST-6, ,49638,C,79,TSA,0,0,NWS Storm Survey, ,1.5,300,2,WSW,2,WNW,HOWE,04/14/2011,2037,34.9399,-94.6715,34.961,-94.6636,"An anticyclonic tornado damaged a barn and snapped or uprooted trees. Maximum estimated wind in the tornado based on this damage was about 100 mph.","Low pressure was centered over southern Kansas during the early afternoon of the 14th with a sharp dryline extending from the low pressure system through central Oklahoma. A moist and very unstable air mass was in place across eastern Oklahoma ahead of the dryline. Severe thunderstorms developed along the dryline during the afternoon and moved into eastern Oklahoma during the early evening hours. Large hail up to grapefruit size, damaging wind gusts, and numerous tornadoes occurred as the storms moved through the region.",39
285867,MCCURTAIN CO.,SMITHVILLE,04/14/2011,2133,Tornado, ,EF0,0,0,500,0,OK,CST-6, ,48852,C,89,SHV,0,0,NWS Storm Survey, ,1.7,75,2,WSW,1,SSW,SMITHVILLE,04/14/2011,2136,34.4545,-94.6623,34.4619,-94.6338,"The National Weather Service conducted a storm survey in McCurtain County Oklahoma and found evidence of an EF0 tornado near Smithville.  The tornado first touched down along US 259 southwest of Smithville where several trees were snapped on powerlines in front of a home.  Some minor roof damage occurred to the home.  The tornado crossed US 259 and snapped a few trees along the bank of Mountain Fork River. Near the end of the track���a large tree was snapped off along hwy 4 east of Smithville and several large branches were broken from trees in the area. Maximum winds are estimated at 65-70 mph.","A strong upper level trough of low pressure moved into the southern plains, producing strong lift across portions of the Middle Red River Valley of Southeast Oklahoma, Northeast Texas and Southwest Arkansas.  A dryline pushed into Eastern Oklahoma and Northeast Texas during the late afternoon and evening hours of April 14th. The atmosphere was moderately unstable across the region and the environment was conducive for supercells to develop.  A few of these storms developed, producing a few tornadoes across McCurtain County with large hail and damaging wind gusts noted across the remainder of the region.",40
285857,MCCURTAIN CO.,RINGOLD,04/14/2011,2202,Tornado, ,EF0,0,0,10000,0,OK,CST-6, ,48852,C,89,SHV,0,0,NWS Storm Survey, ,4.57,75,6,SE,7,NNW,GLOVER,04/14/2011,2205,34.16,-95.05,34.16,-94.97,"Numerous trees were uprooted and/or snapped.  One barn was completely destroyed and one home had minor roof damage.  The tornado was classified as an EF0 with a path width of 75 yards wide.","A strong upper level trough of low pressure moved into the southern plains, producing strong lift across portions of the Middle Red River Valley of Southeast Oklahoma, Northeast Texas and Southwest Arkansas.  A dryline pushed into Eastern Oklahoma and Northeast Texas during the late afternoon and evening hours of April 14th. The atmosphere was moderately unstable across the region and the environment was conducive for supercells to develop.  A few of these storms developed, producing a few tornadoes across McCurtain County with large hail and damaging wind gusts noted across the remainder of the region.",41
285862,MCCURTAIN CO.,HOCHATOWN,04/14/2011,2237,Tornado, ,EF0,0,0,0,0,OK,CST-6, ,48852,C,89,SHV,0,0,NWS Storm Survey, ,1.23,75,4,WSW,3,SW,HOCHATOWN,04/14/2011,2238,34.17,-94.732,34.166,-94.711,"The National Weather Service conducted a storm survey in McCurtain County Oklahoma and found evidence of an EF0 tornado near Hochatown.  The tornado first touched down along Meadow Lake Drive in Beaver Bend State Park.  Several trees were uprooted while others had their tops ripped out.  The tornado continued east crossing Coyote Drive uprooting a few trees in a camping area.  The tornado finally lifted along the shoreline of Lake Broken Bow.  Maximum winds are estimated at 65-70 mph.","A strong upper level trough of low pressure moved into the southern plains, producing strong lift across portions of the Middle Red River Valley of Southeast Oklahoma, Northeast Texas and Southwest Arkansas.  A dryline pushed into Eastern Oklahoma and Northeast Texas during the late afternoon and evening hours of April 14th. The atmosphere was moderately unstable across the region and the environment was conducive for supercells to develop.  A few of these storms developed, producing a few tornadoes across McCurtain County with large hail and damaging wind gusts noted across the remainder of the region.",42
302233,PUSHMATAHA CO.,FEWELL,04/19/2011,1658,Tornado, ,EF0,0,0,0,0,OK,CST-6, ,49979,C,127,TSA,0,0,Storm Chaser, ,0.1,50,1,N,1,N,FEWELL,04/19/2011,1658,34.5345,-95.03,34.5345,-95.03,"A brief tornado developed over open country north of Highway 144. The tornado resulted in no known damage.","During the afternoon and early evening of the 19th, an area of low pressure was centered over southeastern Kansas with a dryline extending southward through central Oklahoma. Severe thunderstorms initiated along the dryline and moved east across southeastern Oklahoma. The storms produced large hail up to tennis ball size and four tornadoes in Pushmataha and Le Flore Counties.",43
302236,PUSHMATAHA CO.,HONOBIA,04/19/2011,1707,Tornado, ,EF1,0,0,0,0,OK,CST-6, ,49979,C,127,TSA,0,0,NWS Storm Survey, ,1.5,75,1,W,1,NW,HONOBIA CHRISTS FLD,04/19/2011,1711,34.532,-94.9631,34.5389,-94.9375,"This is the first of two segments of this tornado. In this segment, the trunks of several large trees were snapped. A storm chaser videotaped this tornado during much of its lifecycle. Maximum estimated wind in this segment of the tornado based on the tree damage was about 105 mph. The tornado continued into Le Flore County, Oklahoma.","During the afternoon and early evening of the 19th, an area of low pressure was centered over southeastern Kansas with a dryline extending southward through central Oklahoma. Severe thunderstorms initiated along the dryline and moved east across southeastern Oklahoma. The storms produced large hail up to tennis ball size and four tornadoes in Pushmataha and Le Flore Counties.",44
302238,LE FLORE CO.,LUDLOW,04/19/2011,1711,Tornado, ,EF1,0,0,0,0,OK,CST-6, ,49979,C,79,TSA,0,0,NWS Storm Survey, ,2,100,4,W,3,NW,LUDLOW,04/19/2011,1715,34.5389,-94.9375,34.5542,-94.9074,"This is the second of two segments of this tornado. The tornado snapped the trunks of several large trees and much of its lifecycle was videotaped by a storm chaser. Maximum estimated wind speed in this segment of the tornado based on the tree damage was about 105 mph.","During the afternoon and early evening of the 19th, an area of low pressure was centered over southeastern Kansas with a dryline extending southward through central Oklahoma. Severe thunderstorms initiated along the dryline and moved east across southeastern Oklahoma. The storms produced large hail up to tennis ball size and four tornadoes in Pushmataha and Le Flore Counties.",45
302242,LE FLORE CO.,ZAFRA,04/19/2011,1745,Tornado, ,EF0,0,0,0,0,OK,CST-6, ,49979,C,79,TSA,0,0,Storm Chaser, ,0.1,75,6,NW,6,NW,ZAFRA,04/19/2011,1745,34.5823,-94.5823,34.5823,-94.5823,"A brief tornado developed over open country. The tornado resulted in no known damage.","During the afternoon and early evening of the 19th, an area of low pressure was centered over southeastern Kansas with a dryline extending southward through central Oklahoma. Severe thunderstorms initiated along the dryline and moved east across southeastern Oklahoma. The storms produced large hail up to tennis ball size and four tornadoes in Pushmataha and Le Flore Counties.",46
302244,LE FLORE CO.,ZAFRA,04/19/2011,1748,Tornado, ,EF0,0,0,0,0,OK,CST-6, ,49979,C,79,TSA,0,0,Storm Chaser, ,3,125,4,NNW,5,N,ZAFRA,04/19/2011,1752,34.5734,-94.5407,34.587,-94.4909,"A tornado developed and remained over open country, which was inaccessible by roads. The tornado resulted in no known damage.","During the afternoon and early evening of the 19th, an area of low pressure was centered over southeastern Kansas with a dryline extending southward through central Oklahoma. Severe thunderstorms initiated along the dryline and moved east across southeastern Oklahoma. The storms produced large hail up to tennis ball size and four tornadoes in Pushmataha and Le Flore Counties.",47
302290,OKFUSKEE CO.,WELTY,04/22/2011,1703,Tornado, ,EF0,0,0,0,0,OK,CST-6, ,50158,C,107,TSA,0,0,Storm Chaser, ,0.5,150,2,WSW,2,WSW,WELTY,04/22/2011,1704,35.6057,-96.4385,35.6041,-96.4325,"A large cone tornado was reported over open country. The tornado produced no known damage.","On the afternoon of the 22nd, a cold front pushed into the region with deep low level moisture and high atmospheric instability already in place. Severe thunderstorms developed ahead of the front with large hail up to tennis ball size, damaging wind gusts, and five brief tornadoes in eastern Oklahoma.",48
302292,DELAWARE CO.,KANSAS,04/22/2011,1716,Tornado, ,EF0,0,0,0,0,OK,CST-6, ,50158,C,41,TSA,0,0,Fire Department/Rescue, ,0.1,50,5,N,5,N,KANSAS,04/22/2011,1716,36.2724,-94.8,36.2724,-94.8,"A brief tornado developed in open country. This tornado was witnessed by several different people and produced no known damage.","On the afternoon of the 22nd, a cold front pushed into the region with deep low level moisture and high atmospheric instability already in place. Severe thunderstorms developed ahead of the front with large hail up to tennis ball size, damaging wind gusts, and five brief tornadoes in eastern Oklahoma.",49
302297,CHEROKEE CO.,MOODYS,04/22/2011,1818,Tornado, ,EF1,0,0,0,0,OK,CST-6, ,50158,C,21,TSA,0,0,NWS Storm Survey, ,1,200,2,SE,1,SSW,ELLERVILLE,04/22/2011,1819,36.0134,-94.932,36.0142,-94.913,"A tornado uprooted a number of trees and was photographed by a storm spotter. Maximum estimated wind in the tornado based on the tree damage was about 95 mph.","On the afternoon of the 22nd, a cold front pushed into the region with deep low level moisture and high atmospheric instability already in place. Severe thunderstorms developed ahead of the front with large hail up to tennis ball size, damaging wind gusts, and five brief tornadoes in eastern Oklahoma.",50
302302,OKMULGEE CO.,BLACKSTONE MINE,04/22/2011,1819,Tornado, ,EF0,0,0,0,0,OK,CST-6, ,50158,C,111,TSA,0,0,Storm Chaser, ,0.5,100,6,NW,6,NW,BLACKSTONE MINE,04/22/2011,1820,35.4877,-96.0814,35.4864,-96.0736,"A brief tornado developed over open country and produced no known damage.","On the afternoon of the 22nd, a cold front pushed into the region with deep low level moisture and high atmospheric instability already in place. Severe thunderstorms developed ahead of the front with large hail up to tennis ball size, damaging wind gusts, and five brief tornadoes in eastern Oklahoma.",51
288894,MCCLAIN CO.,BYARS,04/22/2011,1845,Tornado, ,EF0,0,0,0,0,OK,CST-6, ,49323,C,87,OUN,0,0,NWS Storm Survey, ,0.5,150,1,WSW,1,WSW,BYARS,04/22/2011,1848,34.8645,-97.0663,34.8645,-97.0663,"Numerous storm chasers observed a tornado just to the west-southwest of Byars. However, no known damage was reported with this tornado.","A cold front moved slowly southeast before stalling near the I-44 corridor. A dry line stretched just ahead of the front, lying from near Lawton southward into northern Texas,  with warm, moist air present ahead of it. By early evening, thunderstorms had developed ahead of these boundaries, just south and east of the Oklahoma City metro area. Large hail was reported with several of the thunderstorms. The development of the low-level jet added to the already sufficient wind shear for supercell thunderstorms, but also aided the low-level rotation in some of the thunderstorms. A couple of short-lived tornadoes were reported over Garvin and McClain counties, with some damage reported. The storms continued to develop through the evening hours, with many of them moving over the same areas. The drought that was in place was helped by the welcome rainfall, although a few areas reported brief flash-flooding.",52
288896,MCCLAIN CO.,BYARS,04/22/2011,1859,Tornado, ,EF1,0,0,5000,0,OK,CST-6, ,49323,C,87,OUN,0,0,Storm Chaser, ,0.2,30,1,E,1,E,BYARS,04/22/2011,1859,34.87,-97.0324,34.87,-97.0324,"Numerous chasers observed a tornado near state highway 59 to the east of Byars.  An outbuilding was damaged by this tornado. Several trees were downed. A downed power line caused the town to be without power for several hours. Monetary damages were estimated.","A cold front moved slowly southeast before stalling near the I-44 corridor. A dry line stretched just ahead of the front, lying from near Lawton southward into northern Texas,  with warm, moist air present ahead of it. By early evening, thunderstorms had developed ahead of these boundaries, just south and east of the Oklahoma City metro area. Large hail was reported with several of the thunderstorms. The development of the low-level jet added to the already sufficient wind shear for supercell thunderstorms, but also aided the low-level rotation in some of the thunderstorms. A couple of short-lived tornadoes were reported over Garvin and McClain counties, with some damage reported. The storms continued to develop through the evening hours, with many of them moving over the same areas. The drought that was in place was helped by the welcome rainfall, although a few areas reported brief flash-flooding.",53
288892,GARVIN CO.,STRATFORD,04/22/2011,1902,Tornado, ,EF0,0,0,0,0,OK,CST-6, ,49323,C,49,OUN,0,0,Storm Chaser, ,0.4,50,4,NW,4,NW,STRATFORD,04/22/2011,1905,34.8409,-97.0099,34.8409,-97.0099,"Numerous storm chasers reported a tornado between Byars and Stratford. No damage was reported with this tornado.","A cold front moved slowly southeast before stalling near the I-44 corridor. A dry line stretched just ahead of the front, lying from near Lawton southward into northern Texas,  with warm, moist air present ahead of it. By early evening, thunderstorms had developed ahead of these boundaries, just south and east of the Oklahoma City metro area. Large hail was reported with several of the thunderstorms. The development of the low-level jet added to the already sufficient wind shear for supercell thunderstorms, but also aided the low-level rotation in some of the thunderstorms. A couple of short-lived tornadoes were reported over Garvin and McClain counties, with some damage reported. The storms continued to develop through the evening hours, with many of them moving over the same areas. The drought that was in place was helped by the welcome rainfall, although a few areas reported brief flash-flooding.",54
302306,MCINTOSH CO.,FAME,04/22/2011,1914,Tornado, ,EF0,0,0,0,0,OK,CST-6, ,50158,C,91,TSA,0,0,Storm Chaser, ,0.1,50,2,SE,2,SE,FAME,04/22/2011,1914,35.3549,-95.6265,35.3549,-95.6265,"A brief tornado developed over Eufaula Lake.","On the afternoon of the 22nd, a cold front pushed into the region with deep low level moisture and high atmospheric instability already in place. Severe thunderstorms developed ahead of the front with large hail up to tennis ball size, damaging wind gusts, and five brief tornadoes in eastern Oklahoma.",55
302327,PITTSBURG CO.,SCIPIO,04/24/2011,1605,Tornado, ,EF0,0,0,15000,0,OK,CST-6, ,50335,C,121,TSA,0,0,Emergency Manager, ,0.5,100,4,SE,4,SE,SCIPIO,04/24/2011,1606,35.0142,-95.9263,35.0121,-95.9238,"A tornado blew down large tree limbs, damaged the roof of a permanent home, and blew the roof off of a barn. Maximum estimated wind in the tornado based on this damage was about 80 mph.","On the afternoon of the 24th, a stalled frontal boundary extended across northwestern Arkansas and far southeastern Oklahoma. This boundary began to lift to the north with widespread showers and thunderstorms initiating north of the boundary and affecting much of eastern Oklahoma. Recent heavy rains had saturated the ground and the additional heavy rainfall with this activity resulted in widespread flash flooding. Large hail was also observed with the stronger storms as well as two brief tornadoes. The activity continued into the early morning hours of the 25th.",56
302330,LE FLORE CO.,MONROE,04/24/2011,1803,Tornado, ,EF0,0,0,5000,0,OK,CST-6, ,50335,C,79,TSA,0,0,Emergency Manager, ,0.3,150,1,SE,1,SE,MONROE,04/24/2011,1803,34.9698,-94.5075,34.9698,-94.5075,"A tornado damaged the roof of a permanent home and snapped large tree limbs. Maximum estimated wind in the tornado based on this damage was about 85 mph.","On the afternoon of the 24th, a stalled frontal boundary extended across northwestern Arkansas and far southeastern Oklahoma. This boundary began to lift to the north with widespread showers and thunderstorms initiating north of the boundary and affecting much of eastern Oklahoma. Recent heavy rains had saturated the ground and the additional heavy rainfall with this activity resulted in widespread flash flooding. Large hail was also observed with the stronger storms as well as two brief tornadoes. The activity continued into the early morning hours of the 25th.",57
290030,MCCURTAIN CO.,HOLLY CREEK,04/25/2011,1302,Tornado, ,EF0,0,0,0,0,OK,CST-6, ,49476,C,89,SHV,0,0,NWS Storm Survey, ,9.18,75,2,ESE,4,E,BROKEN BOW,04/25/2011,1312,33.9714,-94.7912,34.0406,-94.6544,"Multiple trees were snapped along a 9 mile track just south and east of Broken Bow, Oklahoma.  A tornado touched down 5 miles southwest of Broken Bow and continued northeast crossing Hwy. 70 one mile south of Broken Bow.  The storm then continued northeast ending approximately 4 miles east of Broken Bow on Hwy. 70.  Damage consisted of mainly trees being snapped and uprooted.  Winds were estimated at 75-85 mph.","A stationary frontal boundary remained anchored across north Texas into eastern Oklahoma during the morning hours and throughout the day of April 25th.  The areas to the south and east of the frontal boundary remained moderately unstable with very strong shear in the lower levels of the atmosphere as well as the mid levels of the atmosphere.  The combination of strong shear, good instability along with an upper level disturbance moving across the southern plains resulted in an outbreak of strong to severe thunderstorms.  Some of these storms produced large hail, damaging thunderstorm wind gusts and isolated tornadoes.",58
290040,MCCURTAIN CO.,EAGLETOWN,04/25/2011,1618,Tornado, ,EF0,0,0,5000,0,OK,CST-6, ,49476,C,89,SHV,0,0,NWS Storm Survey, ,2.51,50,1,NNW,2,NE,EAGLETOWN,04/25/2011,1621,34.0454,-94.5812,34.0549,-94.5388,"Multiple trees were snapped and a small convenience store had roof damage along a 2.5 mile track.  The tornado touched down one mile north northwest of Eagletown, Oklahoma on Hwy. 24 then continued east for 2.5 miles ending just north of Hwy. 24.  Winds were estimated at 75-85 mph.","A stationary frontal boundary remained anchored across north Texas into eastern Oklahoma during the morning hours and throughout the day of April 25th.  The areas to the south and east of the frontal boundary remained moderately unstable with very strong shear in the lower levels of the atmosphere as well as the mid levels of the atmosphere.  The combination of strong shear, good instability along with an upper level disturbance moving across the southern plains resulted in an outbreak of strong to severe thunderstorms.  Some of these storms produced large hail, damaging thunderstorm wind gusts and isolated tornadoes.",59
302348,SEQUOYAH CO.,MOFFETT,04/26/2011,1646,Tornado, ,EF0,0,0,0,0,OK,CST-6, ,50520,C,135,TSA,0,0,Trained Spotter, ,0.1,50,4,WSW,4,WSW,MOFFETT,04/26/2011,1646,35.3606,-94.5074,35.3606,-94.5074,"A brief tornado developed over open country and was witnessed by several people. The tornado resulted in no known damage.","On the afternoon of the 26th, a frontal boundary began to lift north out of Texas with surface low pressure developing on the front over southeastern Oklahoma. Severe thunderstorms developed within the moist and unstable air mass near and north of the frontal boundary, producing large hail up to golfball size and a brief tornado.",60
308461,MAYES CO.,LOCUST GROVE,05/11/2011,1711,Tornado, ,EF0,0,0,10000,0,OK,CST-6, ,51710,C,97,TSA,0,0,NWS Storm Survey, ,0.5,50,3,SSE,3,SSE,LOCUST GROVE,05/11/2011,1712,36.1595,-95.159,36.1631,-95.1524,"A tornado damaged a barn, damaged a permanent home, and blew down poles and large tree limbs. Maximum estimated wind in the tornado based on this damage was about 80 mph.","Thunderstorms developed along the dry line in western and central Oklahoma during the afternoon of May 11th. This activity moved eastward into eastern Oklahoma during the afternoon and evening. Widespread damaging winds and isolated tornadoes occurred with this activity.",61
308463,DELAWARE CO.,BERNICE,05/11/2011,1747,Tornado, ,EF1,0,0,250000,0,OK,CST-6, ,51710,C,41,TSA,0,0,NWS Storm Survey, ,1.5,200,1,S,1,NE,BERNICE,05/11/2011,1750,36.6094,-94.9196,36.6284,-94.9067,"A tornado severely damaged a marina, damaged a number of boats, damaged a metal building, rolled trailers, and uprooted a number of trees. Maximum estimated wind in the tornado based on this damage was about 100 mph.","Thunderstorms developed along the dry line in western and central Oklahoma during the afternoon of May 11th. This activity moved eastward into eastern Oklahoma during the afternoon and evening. Widespread damaging winds and isolated tornadoes occurred with this activity.",62
315986,KIOWA CO.,COOPERTON,05/19/2011,1550,Tornado, ,EF0,0,0,0,0,OK,CST-6, ,52849,C,75,OUN,0,0,Storm Chaser, ,0.2,20,1,N,1,N,COOPERTON,05/19/2011,1550,34.8845,-98.87,34.8845,-98.87,"A storm chaser observed and photographed a tornado approximately 1 mile north of Cooperton. No known damage occurred.","Thunderstorms developed early in the afternoon over western Oklahoma, as the beginning of a very active weather pattern began to unfold. Thunderstorms were present from northwest Oklahoma, south through northern Texas. The thunderstorms over northern Oklahoma dissipated by early evening, with a cluster of thunderstorms continuing south of I-40. Embedded in the cluster were supercells, with many areas of large hail reported. Brief tornadoes occurred over Caddo county, but no damage was reported. Wind damage was reported into the evening as the storms become more linear. Non-thunderstorm severe winds were observed over north-central Oklahoma, due to strong winds mixing down to the surface. Minor tree damage was reported as a result.",63
316000,CADDO CO.,FT COBB,05/19/2011,1709,Tornado, ,EF0,0,0,0,0,OK,CST-6, ,52849,C,15,OUN,0,0,NWS Employee, ,0.2,40,2,SE,2,SE,FT COBB,05/19/2011,1709,35.0795,-98.415,35.0795,-98.415,"Two off-duty NWS employees observed a brief tornado southeast of Fort Cobb. No known damage occurred.","Thunderstorms developed early in the afternoon over western Oklahoma, as the beginning of a very active weather pattern began to unfold. Thunderstorms were present from northwest Oklahoma, south through northern Texas. The thunderstorms over northern Oklahoma dissipated by early evening, with a cluster of thunderstorms continuing south of I-40. Embedded in the cluster were supercells, with many areas of large hail reported. Brief tornadoes occurred over Caddo county, but no damage was reported. Wind damage was reported into the evening as the storms become more linear. Non-thunderstorm severe winds were observed over north-central Oklahoma, due to strong winds mixing down to the surface. Minor tree damage was reported as a result.",64
321365,CADDO CO.,APACHE,05/19/2011,1740,Tornado, ,EF0,0,0,0,0,OK,CST-6, ,52849,C,15,OUN,0,0,NWS Employee, ,0.2,20,3,W,3,W,APACHE,05/19/2011,1740,34.89,-98.4129,34.89,-98.4129,"An NWS employee observed a small, brief tornado to the west of Apache.  No known damage occurred with this tornado.","Thunderstorms developed early in the afternoon over western Oklahoma, as the beginning of a very active weather pattern began to unfold. Thunderstorms were present from northwest Oklahoma, south through northern Texas. The thunderstorms over northern Oklahoma dissipated by early evening, with a cluster of thunderstorms continuing south of I-40. Embedded in the cluster were supercells, with many areas of large hail reported. Brief tornadoes occurred over Caddo county, but no damage was reported. Wind damage was reported into the evening as the storms become more linear. Non-thunderstorm severe winds were observed over north-central Oklahoma, due to strong winds mixing down to the surface. Minor tree damage was reported as a result.",65
309594,MAYES CO.,MURPHY,05/20/2011,837,Tornado, ,EF1,0,0,35000,0,OK,CST-6, ,51952,C,97,TSA,0,0,NWS Storm Survey, ,1.5,100,7,ESE,7,SSE,LOCUST GROVE,05/20/2011,838,36.0982,-95.1415,36.1125,-95.1216,"A tornado damaged metal buildings, uprooted several metal fence posts, snapped a large hardwood tree, snapped numerous large tree limbs, and destroyed a storage shed. Maximum estimated wind in the tornado based on this damage was about 90 mph.","Thunderstorms developed into eastern Oklahoma during the early morning hours of the 20th ahead of an upper level disturbance and associated cold front. An isolated tornado developed in Mayes County from an intense storm.",66
316954,MURRAY CO.,SULPHUR,05/21/2011,1800,Tornado, ,EF0,0,0,0,0,OK,CST-6, ,52845,C,99,OUN,0,0,Storm Chaser, ,0.2,30,2,WNW,2,WNW,SULPHUR,05/21/2011,1800,34.5211,-97.0025,34.5211,-97.0025,"Storm chasers observed a brief tornado near the Chickasaw Turnpike to the west-northwest of Sulphur. This tornado produced no known damage.","Supercell storms developed from Lincoln county, south into Murray county. The largest and most severe storm moved over Pontotoc county, with several reports of tornadoes. The tornadoes were generally brief, but some damage did occur west of Ada. The thunderstorms moved into eastern Oklahoma by mid evening.",67
315932,MURRAY CO.,HICKORY,05/21/2011,1839,Tornado, ,EF0,0,0,0,0,OK,CST-6, ,52845,C,99,OUN,0,0,Storm Chaser, ,0.5,500,2,E,2,E,HICKORY,05/21/2011,1840,34.56,-96.8336,34.56,-96.8249,"Numerous storm chasers observed a multiple vortex tornado develop east of Hickory and move east-northeast into southeastern Pontotoc County. There was no known damage in Murray County.","Supercell storms developed from Lincoln county, south into Murray county. The largest and most severe storm moved over Pontotoc county, with several reports of tornadoes. The tornadoes were generally brief, but some damage did occur west of Ada. The thunderstorms moved into eastern Oklahoma by mid evening.",68
315948,PONTOTOC CO.,ROFF,05/21/2011,1840,Tornado, ,EF1,0,0,8000,0,OK,CST-6, ,52845,C,123,OUN,0,0,Emergency Manager, ,6.7,880,5,SSE,4,SE,FITZHUGH,05/21/2011,1853,34.5631,-96.8064,34.6291,-96.7202,"This large multiple vortex tornado moved into Pontotoc County from Murray County and moved east-northeast and northeast. The tornado damaged trees and power lines, but no structures were reported to be damaged. Monetary damages were estimated.","Supercell storms developed from Lincoln county, south into Murray county. The largest and most severe storm moved over Pontotoc county, with several reports of tornadoes. The tornadoes were generally brief, but some damage did occur west of Ada. The thunderstorms moved into eastern Oklahoma by mid evening.",69
315959,PONTOTOC CO.,VANOSS,05/21/2011,1918,Tornado, ,EF0,0,0,0,0,OK,CST-6, ,52845,C,123,OUN,0,0,Storm Chaser, ,1,50,2,NW,2,NW,VANOSS,05/21/2011,1920,34.7805,-96.8949,34.7805,-96.8949,"A number of storm chasers observed a tornado northwest of Vanoss.  No known damage occurred.","Supercell storms developed from Lincoln county, south into Murray county. The largest and most severe storm moved over Pontotoc county, with several reports of tornadoes. The tornadoes were generally brief, but some damage did occur west of Ada. The thunderstorms moved into eastern Oklahoma by mid evening.",70
315965,PONTOTOC CO.,VANOSS,05/21/2011,1929,Tornado, ,EF0,0,0,0,0,OK,CST-6, ,52845,C,123,OUN,0,0,Trained Spotter, ,1,50,2,NNE,2,NNE,VANOSS,05/21/2011,1933,34.7867,-96.8565,34.7867,-96.8565,"Spotters and storm chasers observed a relatively brief tornado north-northeast of Vanoss.  No known damage occurred.","Supercell storms developed from Lincoln county, south into Murray county. The largest and most severe storm moved over Pontotoc county, with several reports of tornadoes. The tornadoes were generally brief, but some damage did occur west of Ada. The thunderstorms moved into eastern Oklahoma by mid evening.",71
315979,PONTOTOC CO.,VANOSS,05/21/2011,1941,Tornado, ,EF1,0,0,0,0,OK,CST-6, ,52845,C,123,OUN,0,0,Emergency Manager, ,3.3,150,4,NE,5,WNW,ADA,05/21/2011,1947,34.8009,-96.8202,34.7977,-96.7614,"Spotters and storm chasers observed a tornado develop about 0.5 miles northwest of the community of Center which is located to the west-northwest of Ada.  The tornado damaged a few homes in Center as it moved generally east. Monetary damage estimates were not available.","Supercell storms developed from Lincoln county, south into Murray county. The largest and most severe storm moved over Pontotoc county, with several reports of tornadoes. The tornadoes were generally brief, but some damage did occur west of Ada. The thunderstorms moved into eastern Oklahoma by mid evening.",72
310045,DELAWARE CO.,CLEORA,05/22/2011,1733,Tornado, ,EF2,0,0,1000000,0,OK,CST-6, ,51958,C,41,TSA,0,0,NWS Storm Survey, ,6.7,800,2,S,4,N,ZENA,05/22/2011,1748,36.553,-94.9733,36.5505,-94.8549,"A tornado severely damaged several permanent homes, destroyed boat docks, damaged a number of other permanent homes, destroyed at least seven mobile homes, and snapped or uprooted many large trees. Maximum estimated wind in the tornado based on this damage was about 130 mph. ||The tornado developed south of Cleora and moved almost due east over land. It then moved across a portion of Grand Lake and back over land north of Dennis, where it appeared to move sharply to the southeast across the northern portion of a peninsula. It likely then moved back over Grand Lake where it dissipated. Storm chasers, storm spotters, and a number of citizens witnessed this tornado.","A very moist and very unstable air mass developed across eastern Oklahoma on the afternoon and evening of the 22nd as a dry line moved into the area from the west. Severe thunderstorms, including supercells, developed ahead of the dry line and moved across the area producing tornadoes, large hail up to softball size, and damaging wind gusts.",73
310047,WAGONER CO.,NEODESHA,05/22/2011,1742,Tornado, ,EF1,0,0,0,0,OK,CST-6, ,51958,C,145,TSA,0,0,NWS Storm Survey, ,3.5,300,3,ENE,3,WNW,YONKERS,05/22/2011,1748,36.0584,-95.3841,36.0681,-95.3228,"A tornado snapped or uprooted a number of large trees. Maximum estimated wind in the tornado based on this damage was about 105 mph.","A very moist and very unstable air mass developed across eastern Oklahoma on the afternoon and evening of the 22nd as a dry line moved into the area from the west. Severe thunderstorms, including supercells, developed ahead of the dry line and moved across the area producing tornadoes, large hail up to softball size, and damaging wind gusts.",74
310331,DELAWARE CO.,DENNIS,05/22/2011,1752,Tornado, ,EF3,0,2,1000000,0,OK,CST-6, ,51958,C,41,TSA,0,0,NWS Storm Survey, ,16.5,1550,2,SW,7,ESE,GROVE ARPT,05/22/2011,1826,36.4812,-94.8951,36.5579,-94.6179,"This is the first of two segments of this tornado. The tornado developed about 2.5 miles west-southwest of Zena, moved east-northeast across Grand Lake and then south of Zena crossing Highway 59 just north of the intersection with Highway 127. Permanent homes were damaged, barns and outbuildings were destroyed, mobile homes were severely damaged, and large trees were snapped or uprooted. The intensity and width of the tornado increased east of Highway 59 where several permanent homes were severely damaged, two double wide mobile homes were destroyed with only small pieces of debris remaining hundreds of yards from the homesite, and many large trees were snapped or uprooted. This extent of damage continued to the state line where a permanent home was severely damaged, two mobile homes were destroyed, and a steel-framed building was destroyed. Two people were injured in the permanent home. Maximum estimated wind in the tornado based on this damage was about 140 mph. The tornado continued into McDonald County, Missouri for about another mile before dissipating.","A very moist and very unstable air mass developed across eastern Oklahoma on the afternoon and evening of the 22nd as a dry line moved into the area from the west. Severe thunderstorms, including supercells, developed ahead of the dry line and moved across the area producing tornadoes, large hail up to softball size, and damaging wind gusts.",75
310052,CHEROKEE CO.,PEGGS,05/22/2011,1827,Tornado, ,EF1,0,0,70000,0,OK,CST-6, ,51958,C,21,TSA,0,0,NWS Storm Survey, ,3,250,2,ESE,4,SSW,TERESITA,05/22/2011,1835,36.0714,-95.0628,36.074,-95.0097,"A tornado destroyed a mobile home, damaged the roof of a permanent home, and snapped or uprooted large trees. Maximum estimated wind in the tornado based on this damage was about 110 mph.","A very moist and very unstable air mass developed across eastern Oklahoma on the afternoon and evening of the 22nd as a dry line moved into the area from the west. Severe thunderstorms, including supercells, developed ahead of the dry line and moved across the area producing tornadoes, large hail up to softball size, and damaging wind gusts.",76
310600,CHEROKEE CO.,SCRAPER,05/22/2011,1850,Tornado, ,EF0,0,0,0,0,OK,CST-6, ,51958,C,21,TSA,0,0,Storm Chaser, ,0.1,50,3,W,3,W,SCRAPER,05/22/2011,1850,36.0979,-94.8874,36.0979,-94.8874,"A brief tornado witnessed by storm chasers developed over open country. No known damage occurred as a result of the tornado.","A very moist and very unstable air mass developed across eastern Oklahoma on the afternoon and evening of the 22nd as a dry line moved into the area from the west. Severe thunderstorms, including supercells, developed ahead of the dry line and moved across the area producing tornadoes, large hail up to softball size, and damaging wind gusts.",77
310055,DELAWARE CO.,LEACH,05/22/2011,1913,Tornado, ,EF1,0,0,25000,0,OK,CST-6, ,51958,C,41,TSA,0,0,NWS Storm Survey, ,4.7,400,2,NW,2,NNW,TWIN OAKS,05/22/2011,1925,36.2291,-94.9451,36.2321,-94.8609,"A tornado damaged several homes and barns, and snapped or uprooted a number of large trees. Maximum estimated wind in the tornado based on this damage was about 105 mph. Several storm chasers, storm spotters, and citizens witnessed this tornado.","A very moist and very unstable air mass developed across eastern Oklahoma on the afternoon and evening of the 22nd as a dry line moved into the area from the west. Severe thunderstorms, including supercells, developed ahead of the dry line and moved across the area producing tornadoes, large hail up to softball size, and damaging wind gusts.",78
310058,ADAIR CO.,CHEWEY,05/22/2011,1914,Tornado, ,EF1,0,0,0,0,OK,CST-6, ,51958,C,1,TSA,0,0,NWS Storm Survey, ,2,200,3,NNE,5,NNE,CHEWEY,05/22/2011,1919,36.1389,-94.7574,36.1618,-94.7352,"This is the first of two segments of this tornado. In Adair County, this tornado uprooted large trees and snapped large tree limbs. Maximum estimated wind in the tornado based on this damage was about 95 mph. The tornado continued into Delaware County.","A very moist and very unstable air mass developed across eastern Oklahoma on the afternoon and evening of the 22nd as a dry line moved into the area from the west. Severe thunderstorms, including supercells, developed ahead of the dry line and moved across the area producing tornadoes, large hail up to softball size, and damaging wind gusts.",79
310059,DELAWARE CO.,FLINT,05/22/2011,1919,Tornado, ,EF2,0,0,250000,0,OK,CST-6, ,51958,C,41,TSA,0,0,NWS Storm Survey, ,2.5,200,3,SW,1,SSW,FLINT,05/22/2011,1927,36.1618,-94.7352,36.1894,-94.7072,"This is the second of two segments of this tornado. In Delaware County, this tornado severely damaged several homes in the Fiddler's Bend area and snapped or uprooted many trees. Maximum estimated wind in the tornado based on this damage was about 115 mph. Several citizens witnessed this tornado.","A very moist and very unstable air mass developed across eastern Oklahoma on the afternoon and evening of the 22nd as a dry line moved into the area from the west. Severe thunderstorms, including supercells, developed ahead of the dry line and moved across the area producing tornadoes, large hail up to softball size, and damaging wind gusts.",80
310057,DELAWARE CO.,TWIN OAKS,05/22/2011,1929,Tornado, ,EF0,0,0,0,0,OK,CST-6, ,51958,C,41,TSA,0,0,Storm Chaser, ,1,100,1,NNE,2,NE,TWIN OAKS,05/22/2011,1930,36.2182,-94.8433,36.2217,-94.8257,"A storm chaser witnessed a brief tornado over open country. No known damage occurred as a result of this tornado.","A very moist and very unstable air mass developed across eastern Oklahoma on the afternoon and evening of the 22nd as a dry line moved into the area from the west. Severe thunderstorms, including supercells, developed ahead of the dry line and moved across the area producing tornadoes, large hail up to softball size, and damaging wind gusts.",81
310271,DELAWARE CO.,MOSELEY,05/22/2011,1930,Tornado, ,EF2,0,12,400000,0,OK,CST-6, ,51958,C,41,TSA,0,0,NWS Storm Survey, ,2.9,350,3,SW,0,E,MOSELEY,05/22/2011,1937,36.1704,-94.6639,36.2,-94.6269,"A tornado destroyed six mobile homes, injuring twelve people, and rolled several vehicles. A number of large trees were snapped or uprooted and a barn was destroyed by the tornado. Maximum estimated wind in the tornado based on this damage was about 125 mph.","A very moist and very unstable air mass developed across eastern Oklahoma on the afternoon and evening of the 22nd as a dry line moved into the area from the west. Severe thunderstorms, including supercells, developed ahead of the dry line and moved across the area producing tornadoes, large hail up to softball size, and damaging wind gusts.",82
310282,DELAWARE CO.,MOSELEY,05/22/2011,1936,Tornado, ,EF1,0,0,0,0,OK,CST-6, ,51958,C,41,TSA,0,0,NWS Storm Survey, ,1.7,150,1,SSW,1,E,MOSELEY,05/22/2011,1940,36.1845,-94.6387,36.1981,-94.6132,"A tornado snapped or uprooted a number of large trees. Maximum estimated wind in the tornado based on this damage was about 105 mph.","A very moist and very unstable air mass developed across eastern Oklahoma on the afternoon and evening of the 22nd as a dry line moved into the area from the west. Severe thunderstorms, including supercells, developed ahead of the dry line and moved across the area producing tornadoes, large hail up to softball size, and damaging wind gusts.",83
310297,DELAWARE CO.,WEST SILOAM SPGS,05/22/2011,1944,Tornado, ,EF1,0,0,0,0,OK,CST-6, ,51958,C,41,TSA,0,0,NWS Storm Survey, ,0.5,100,2,NNE,3,NNE,WEST SILOAM SPGS,05/22/2011,1945,36.1975,-94.5859,36.2032,-94.5796,"A tornado snapped or uprooted large trees. Maximum estimated wind in the tornado based on this damage was about 100 mph.","A very moist and very unstable air mass developed across eastern Oklahoma on the afternoon and evening of the 22nd as a dry line moved into the area from the west. Severe thunderstorms, including supercells, developed ahead of the dry line and moved across the area producing tornadoes, large hail up to softball size, and damaging wind gusts.",84
315889,BLAINE CO.,OKEENE,05/23/2011,1526,Tornado, ,EF0,0,0,0,0,OK,CST-6, ,52838,C,11,OUN,0,0,NWS Employee, ,0.31,15,2,NW,2,NNW,OKEENE,05/23/2011,1528,36.1445,-98.3439,36.1462,-98.3388,"Off-duty NWS meteorologists, storm chasers, and local broadcast media confirmed a tornado that lasted 1 to 2 minutes. No known damage occurred.","Widespread severe thunderstorms, including supercells, occurred over a large area of Oklahoma during the afternoon and evening hours of the 23rd. The thunderstorms were focused near two main boundaries. One was a dry line that was set up over the western third of Oklahoma. The other was a stationary front that was draped over northern Oklahoma. More numerous thunderstorms occurred over northern Oklahoma, with more scattered development to the south. A very unstable air-mass was in place, and a well-timed shortwave was rounding a trough in southwest flow toward Oklahoma and northern Texas. Storms began firing by mid afternoon over northwest Oklahoma, with several supercells developing and merging to the east. A short-lived, weak tornado occurred north of Okeene, but occurred over open terrain with no damage. Other supercell storms developed over western and southwest Oklahoma. Although strong mid-level rotation was present with the southern storms, strong low-level rotation was absent. Very large hail occurred with the storms. One supercell produced a six inch diameter hailstone, the largest in Oklahoma history.  By early evening, many of the thunderstorms persisted, although with less intensity. A boundary left over from the northern Oklahoma storms was draped over central Oklahoma. The development of the low-level jet aided in the development of supercell thunderstorms with large hail. Hail around golf-ball size fell over parts of the Oklahoma City metro area, along with beneficial rainfall. By midnight, the storms had all weakened below severe limits as they moved into eastern Oklahoma.",85
310040,OSAGE CO.,FAIRFAX,05/23/2011,1652,Tornado, ,EF0,0,0,0,0,OK,CST-6, ,51963,C,113,TSA,0,0,Law Enforcement, ,0.1,50,0,ENE,0,ENE,FAIRFAX,05/23/2011,1652,36.5722,-96.6938,36.5722,-96.6938,"A brief tornado developed over open country. No damage resulted from the tornado.","Thunderstorms developed during the early morning hours across northeastern Oklahoma and southeastern Kansas in response to an approaching upper level disturbance and increasing low level jet. These storms moved east across the region producing damaging wind, large hail and flash flooding. Another round of severe thunderstorms moved into eastern Oklahoma from the west during the late afternoon and evening hours producing damaging wind and flash flooding.",86
315803,DEWEY CO.,HUCMAC,05/24/2011,1420,Tornado, ,EF1,0,0,0,0,OK,CST-6, ,52830,C,43,OUN,0,0,NWS Storm Survey, ,0.6,250,8,E,9,E,HUCMAC,05/24/2011,1421,36.059,-98.644,36.064,-98.634,"This tornado is labeled A1 (Segment #1 of the Canton Lake tornado). This large tornado began west of Canton and moved north-northeast toward (and eventually over) Canton Lake. The damage was confined to trees and power poles/lines during the early stages of the tornado. However, more significant damage occurred as the tornado moved into Blaine County. Monetary damage estimates were not available.","A tornado outbreak occurred over parts of northern and central Oklahoma during the day on the 24th, with violent tornadoes devastating several communities. By the end of the day, one EF-5, two EF-4, and two EF-3 tornadoes destroyed buildings, ripped up trees and power poles, and unfortunately, resulted in 11 deaths. The day began with a strong upper level trough ejecting out of the southwest United States. The trough took on a negative tilt as it approached the southern Plains. A strong jet stream was located at both the middle and upper levels rotating around the upper trough. At the surface, a low pressure strengthened rapidly over northwest Oklahoma, keeping the low-level flow of warm, moist air to flow east of a dry line that had moved into western Oklahoma. Thunderstorms developed by early afternoon over western Oklahoma, and quickly became supercellular as they moved northeast. Strong low-level rotation developed early, with the first tornado occurring over Blaine county, and moved northeast into Major county. Another supercell rapidly gained low-level rotation as it moved from Caddo into Canadian County. This tornado became the strongest of them all as it moved north of El Reno, west of Piedmont, and to south of Guthrie in Logan county. Nine people died as a result of this tornado. Two more powerful supercells developed over Grady county, and they moved northeast into McClain and Cleveland counties. Finally, the final tornado occurred east of Norman into Pottawatomie county. The timing of this outbreak could not have come at a worse time, as rush hour was just unfolding as the tornadoes neared the Oklahoma City metro area.",87
315814,BLAINE CO.,CANTON LAKE DAM,05/24/2011,1421,Tornado, ,EF3,0,2,0,0,OK,CST-6, ,52830,C,11,OUN,0,0,NWS Storm Survey, ,7.9,880,2,WSW,3,NNW,LONGDALE,05/24/2011,1434,36.064,-98.634,36.165,-98.578,"This tornado is labeled A1 (Segment #2 of the Canton Lake tornado). The tornado moved northeast toward Canton Lake, which is where more significant damage occurred. Near the lake, on both sides where the tornado crossed, significant tree damage occurred. Numerous trailer homes were knocked over or destroyed. On the south side of the lake, two injuries occurred at the Canadian Campground. Several other campers took shelter in a concrete bathhouse. Although the bathhouse sustained damage, no injuries were reported. Other concrete structures (benches, pick-nick tables, etc.) were knocked over or shattered. On the other side of the  lake, southwest of Longdale, significant damage continued to more structures and trees. The tornado continued to move almost due north into Major County. Monetary damage estimates were not available.","A tornado outbreak occurred over parts of northern and central Oklahoma during the day on the 24th, with violent tornadoes devastating several communities. By the end of the day, one EF-5, two EF-4, and two EF-3 tornadoes destroyed buildings, ripped up trees and power poles, and unfortunately, resulted in 11 deaths. The day began with a strong upper level trough ejecting out of the southwest United States. The trough took on a negative tilt as it approached the southern Plains. A strong jet stream was located at both the middle and upper levels rotating around the upper trough. At the surface, a low pressure strengthened rapidly over northwest Oklahoma, keeping the low-level flow of warm, moist air to flow east of a dry line that had moved into western Oklahoma. Thunderstorms developed by early afternoon over western Oklahoma, and quickly became supercellular as they moved northeast. Strong low-level rotation developed early, with the first tornado occurring over Blaine county, and moved northeast into Major county. Another supercell rapidly gained low-level rotation as it moved from Caddo into Canadian County. This tornado became the strongest of them all as it moved north of El Reno, west of Piedmont, and to south of Guthrie in Logan county. Nine people died as a result of this tornado. Two more powerful supercells developed over Grady county, and they moved northeast into McClain and Cleveland counties. Finally, the final tornado occurred east of Norman into Pottawatomie county. The timing of this outbreak could not have come at a worse time, as rush hour was just unfolding as the tornadoes neared the Oklahoma City metro area.",88
315827,CADDO CO.,LOOKEBA,05/24/2011,1431,Tornado, ,EF3,0,0,0,0,OK,CST-6, ,52830,C,15,OUN,0,0,NWS Storm Survey, ,8.6,800,5,W,5,NE,LOOKEBA,05/24/2011,1446,35.35,-98.441,35.413,-98.311,"This tornado is labeled Tornado B1 (Lookeba Tornado). This tornado damaged/destroyed several structures and mangled numerous many trees and power poles.  The tornado dissipated near the Canadian County line, minutes before the storm produced another tornado in Canadian County that became the EF5 Calumet-El Reno-Piedmont-Guthrie tornado. Monetary damage estimates were not available.","A tornado outbreak occurred over parts of northern and central Oklahoma during the day on the 24th, with violent tornadoes devastating several communities. By the end of the day, one EF-5, two EF-4, and two EF-3 tornadoes destroyed buildings, ripped up trees and power poles, and unfortunately, resulted in 11 deaths. The day began with a strong upper level trough ejecting out of the southwest United States. The trough took on a negative tilt as it approached the southern Plains. A strong jet stream was located at both the middle and upper levels rotating around the upper trough. At the surface, a low pressure strengthened rapidly over northwest Oklahoma, keeping the low-level flow of warm, moist air to flow east of a dry line that had moved into western Oklahoma. Thunderstorms developed by early afternoon over western Oklahoma, and quickly became supercellular as they moved northeast. Strong low-level rotation developed early, with the first tornado occurring over Blaine county, and moved northeast into Major county. Another supercell rapidly gained low-level rotation as it moved from Caddo into Canadian County. This tornado became the strongest of them all as it moved north of El Reno, west of Piedmont, and to south of Guthrie in Logan county. Nine people died as a result of this tornado. Two more powerful supercells developed over Grady county, and they moved northeast into McClain and Cleveland counties. Finally, the final tornado occurred east of Norman into Pottawatomie county. The timing of this outbreak could not have come at a worse time, as rush hour was just unfolding as the tornadoes neared the Oklahoma City metro area.",89
315816,MAJOR CO.,DANE,05/24/2011,1434,Tornado, ,EF3,1,0,0,0,OK,CST-6, ,52830,C,93,OUN,0,0,NWS Storm Survey, ,4.7,600,5,SE,3,ENE,DANE,05/24/2011,1444,36.165,-98.578,36.235,-98.583,"This tornado is labeled A1 (Segment #3 of the Canton Lake tornado). The large, violent tornado continued north into Major county. The tornado hit homesteads and barns, severely damaging most structures, and splintering trees and power poles. One of the farmsteads received on the upper end of EF-3 damage, with the house completely collapsing and the trees on the property debarked and snapped. The tornado continued near Cedar Springs, damaging the church roof, and severely damaging a mobile home and several buildings at a farmstead. The tornado finally lifted southwest of Fairview. Monetary damage estimates were not available.","A tornado outbreak occurred over parts of northern and central Oklahoma during the day on the 24th, with violent tornadoes devastating several communities. By the end of the day, one EF-5, two EF-4, and two EF-3 tornadoes destroyed buildings, ripped up trees and power poles, and unfortunately, resulted in 11 deaths. The day began with a strong upper level trough ejecting out of the southwest United States. The trough took on a negative tilt as it approached the southern Plains. A strong jet stream was located at both the middle and upper levels rotating around the upper trough. At the surface, a low pressure strengthened rapidly over northwest Oklahoma, keeping the low-level flow of warm, moist air to flow east of a dry line that had moved into western Oklahoma. Thunderstorms developed by early afternoon over western Oklahoma, and quickly became supercellular as they moved northeast. Strong low-level rotation developed early, with the first tornado occurring over Blaine county, and moved northeast into Major county. Another supercell rapidly gained low-level rotation as it moved from Caddo into Canadian County. This tornado became the strongest of them all as it moved north of El Reno, west of Piedmont, and to south of Guthrie in Logan county. Nine people died as a result of this tornado. Two more powerful supercells developed over Grady county, and they moved northeast into McClain and Cleveland counties. Finally, the final tornado occurred east of Norman into Pottawatomie county. The timing of this outbreak could not have come at a worse time, as rush hour was just unfolding as the tornadoes neared the Oklahoma City metro area.",90
315820,MAJOR CO.,FAIRVIEW,05/24/2011,1447,Tornado, ,EF0,0,0,0,0,OK,CST-6, ,52830,C,93,OUN,0,0,Storm Chaser, ,0.7,80,3,SSW,2,SSW,FAIRVIEW,05/24/2011,1451,36.236,-98.507,36.244,-98.5,"This tornado is labeled A2 (SW of Fairview brief tornado). A number of storm chasers observed this tornado to the southwest of Fairview. No known damage occurred.","A tornado outbreak occurred over parts of northern and central Oklahoma during the day on the 24th, with violent tornadoes devastating several communities. By the end of the day, one EF-5, two EF-4, and two EF-3 tornadoes destroyed buildings, ripped up trees and power poles, and unfortunately, resulted in 11 deaths. The day began with a strong upper level trough ejecting out of the southwest United States. The trough took on a negative tilt as it approached the southern Plains. A strong jet stream was located at both the middle and upper levels rotating around the upper trough. At the surface, a low pressure strengthened rapidly over northwest Oklahoma, keeping the low-level flow of warm, moist air to flow east of a dry line that had moved into western Oklahoma. Thunderstorms developed by early afternoon over western Oklahoma, and quickly became supercellular as they moved northeast. Strong low-level rotation developed early, with the first tornado occurring over Blaine county, and moved northeast into Major county. Another supercell rapidly gained low-level rotation as it moved from Caddo into Canadian County. This tornado became the strongest of them all as it moved north of El Reno, west of Piedmont, and to south of Guthrie in Logan county. Nine people died as a result of this tornado. Two more powerful supercells developed over Grady county, and they moved northeast into McClain and Cleveland counties. Finally, the final tornado occurred east of Norman into Pottawatomie county. The timing of this outbreak could not have come at a worse time, as rush hour was just unfolding as the tornadoes neared the Oklahoma City metro area.",91
315837,CANADIAN CO.,CALUMET,05/24/2011,1450,Tornado, ,EF5,7,112,0,0,OK,CST-6, ,52830,C,17,OUN,0,0,NWS Storm Survey, ,39.6,1760,14,SW,7,NNE,PIEDMONT,05/24/2011,1555,35.444,-98.287,35.725,-97.697,"This tornado is labeled Tornado B2 (Segment #1 of the Calumet-El Reno-Piedmont-Guthrie tornado). This tornado began very close to the Caddo/Canadian county border and quickly became a strong/violent tornado. The tornado destroyed numerous trees, many of them were debarked, before crossing Interstate 40. Three people died in vehicles near the I-40 Calumet exit, and two other fatalities occurred just northeast of that location. Cars were thrown thousands of feet off the roadways. It is believed that the tornado reached its maximum intensity just after crossing I-40, and it was here that a mobile radar measured winds of greater than 210 mph just off the surface. The El Reno Oklahoma Mesonet station (5 miles west) measured wind gusts of 131 and 151 mph. From this location, the tornado continued northeast, narrowly missing the town of Piedmont. Widespread EF-3, occasional EF-4 damage occurred between El Reno and Piedmont. More widespread EF-4 damage was seen west and north of Piedmont. Especially hard hit was the Falcon Lake neighborhood, near the Kingfisher county border. Two children were killed at this location. The tornado continued into southeastern Kingfisher County. Monetary damage estimates were not available at this time, but were probably going to be well in the tens of millions.","A tornado outbreak occurred over parts of northern and central Oklahoma during the day on the 24th, with violent tornadoes devastating several communities. By the end of the day, one EF-5, two EF-4, and two EF-3 tornadoes destroyed buildings, ripped up trees and power poles, and unfortunately, resulted in 11 deaths. The day began with a strong upper level trough ejecting out of the southwest United States. The trough took on a negative tilt as it approached the southern Plains. A strong jet stream was located at both the middle and upper levels rotating around the upper trough. At the surface, a low pressure strengthened rapidly over northwest Oklahoma, keeping the low-level flow of warm, moist air to flow east of a dry line that had moved into western Oklahoma. Thunderstorms developed by early afternoon over western Oklahoma, and quickly became supercellular as they moved northeast. Strong low-level rotation developed early, with the first tornado occurring over Blaine county, and moved northeast into Major county. Another supercell rapidly gained low-level rotation as it moved from Caddo into Canadian County. This tornado became the strongest of them all as it moved north of El Reno, west of Piedmont, and to south of Guthrie in Logan county. Nine people died as a result of this tornado. Two more powerful supercells developed over Grady county, and they moved northeast into McClain and Cleveland counties. Finally, the final tornado occurred east of Norman into Pottawatomie county. The timing of this outbreak could not have come at a worse time, as rush hour was just unfolding as the tornadoes neared the Oklahoma City metro area.",92
315853,CANADIAN CO.,RICHLAND,05/24/2011,1537,Tornado, ,EF0,0,0,0,0,OK,CST-6, ,52830,C,17,OUN,0,0,NWS Employee, ,1.5,50,4,NW,3,NW,RICHLAND,05/24/2011,1539,35.622,-97.856,35.618,-97.837,"Tornado B3 (Richland tornado.)  A Storm Prediction Center employee observed a satellite tornado rotating around the primary Calumet-El Reno-Piedmont-Guthrie tornado for a couple of minutes to the northwest of Richland.  This tornado produced no known damage that was distinguished from the primary tornado.","A tornado outbreak occurred over parts of northern and central Oklahoma during the day on the 24th, with violent tornadoes devastating several communities. By the end of the day, one EF-5, two EF-4, and two EF-3 tornadoes destroyed buildings, ripped up trees and power poles, and unfortunately, resulted in 11 deaths. The day began with a strong upper level trough ejecting out of the southwest United States. The trough took on a negative tilt as it approached the southern Plains. A strong jet stream was located at both the middle and upper levels rotating around the upper trough. At the surface, a low pressure strengthened rapidly over northwest Oklahoma, keeping the low-level flow of warm, moist air to flow east of a dry line that had moved into western Oklahoma. Thunderstorms developed by early afternoon over western Oklahoma, and quickly became supercellular as they moved northeast. Strong low-level rotation developed early, with the first tornado occurring over Blaine county, and moved northeast into Major county. Another supercell rapidly gained low-level rotation as it moved from Caddo into Canadian County. This tornado became the strongest of them all as it moved north of El Reno, west of Piedmont, and to south of Guthrie in Logan county. Nine people died as a result of this tornado. Two more powerful supercells developed over Grady county, and they moved northeast into McClain and Cleveland counties. Finally, the final tornado occurred east of Norman into Pottawatomie county. The timing of this outbreak could not have come at a worse time, as rush hour was just unfolding as the tornadoes neared the Oklahoma City metro area.",93
315839,KINGFISHER CO.,CASHION,05/24/2011,1555,Tornado, ,EF3,0,46,0,0,OK,CST-6, ,52830,C,73,OUN,0,0,NWS Storm Survey, ,2.2,1200,5,S,4,S,CASHION,05/24/2011,1559,35.725,-97.697,35.747,-97.674,"This tornado is labeled B2 (Segment #2 of Calumet-El Reno-Piedmont-Guthrie tornado). The tornado entered far southeast Kingfisher county before moving into Logan county. However, EF-3 damage occurred just over the Kingfisher county border, debarking trees and significantly damaging buildings. As the tornado continued northeast, the damage was mainly considered EF-2, with damage to mostly outbuildings and trees. The tornado continued into Logan County. Monetary damage estimates were not available.","A tornado outbreak occurred over parts of northern and central Oklahoma during the day on the 24th, with violent tornadoes devastating several communities. By the end of the day, one EF-5, two EF-4, and two EF-3 tornadoes destroyed buildings, ripped up trees and power poles, and unfortunately, resulted in 11 deaths. The day began with a strong upper level trough ejecting out of the southwest United States. The trough took on a negative tilt as it approached the southern Plains. A strong jet stream was located at both the middle and upper levels rotating around the upper trough. At the surface, a low pressure strengthened rapidly over northwest Oklahoma, keeping the low-level flow of warm, moist air to flow east of a dry line that had moved into western Oklahoma. Thunderstorms developed by early afternoon over western Oklahoma, and quickly became supercellular as they moved northeast. Strong low-level rotation developed early, with the first tornado occurring over Blaine county, and moved northeast into Major county. Another supercell rapidly gained low-level rotation as it moved from Caddo into Canadian County. This tornado became the strongest of them all as it moved north of El Reno, west of Piedmont, and to south of Guthrie in Logan county. Nine people died as a result of this tornado. Two more powerful supercells developed over Grady county, and they moved northeast into McClain and Cleveland counties. Finally, the final tornado occurred east of Norman into Pottawatomie county. The timing of this outbreak could not have come at a worse time, as rush hour was just unfolding as the tornadoes neared the Oklahoma City metro area.",94
315848,LOGAN CO.,NAVINA,05/24/2011,1559,Tornado, ,EF3,2,23,0,0,OK,CST-6, ,52830,C,83,OUN,0,0,NWS Storm Survey, ,21.3,1200,7,WSW,5,NE,GUTHRIE,05/24/2011,1635,35.747,-97.674,35.921,-97.356,"This tornado is labeled B2 (Segment #3 of the Calumet-El Reno-Piedmont-Guthrie tornado). The tornado moved into Logan County and resulted in two additional fatalities (both of whom were outside when the tornado struck) near Cashion. The tornado destroyed several manufactured homes (both double- and single-wide) after entering Logan county. Large high-transmission line tresses collapsed. Trees were debarked with only stumps remaining. Several buildings had most of their exterior walls collapse, with only the inner walls remaining. EF-2 to occasionally EF-3 damage occurred as the tornado neared Guthrie. Luckily, most of the town of Guthrie was spared to the tornado as it moved west and then north of the center of the city. Finally, the tornado dissipated northeast of Guthrie with some minor tree damage. After it was all said and done, the tornado continued for 63 miles, and lasted around an hour and 45 minutes. Monetary damage estimates were not available.","A tornado outbreak occurred over parts of northern and central Oklahoma during the day on the 24th, with violent tornadoes devastating several communities. By the end of the day, one EF-5, two EF-4, and two EF-3 tornadoes destroyed buildings, ripped up trees and power poles, and unfortunately, resulted in 11 deaths. The day began with a strong upper level trough ejecting out of the southwest United States. The trough took on a negative tilt as it approached the southern Plains. A strong jet stream was located at both the middle and upper levels rotating around the upper trough. At the surface, a low pressure strengthened rapidly over northwest Oklahoma, keeping the low-level flow of warm, moist air to flow east of a dry line that had moved into western Oklahoma. Thunderstorms developed by early afternoon over western Oklahoma, and quickly became supercellular as they moved northeast. Strong low-level rotation developed early, with the first tornado occurring over Blaine county, and moved northeast into Major county. Another supercell rapidly gained low-level rotation as it moved from Caddo into Canadian County. This tornado became the strongest of them all as it moved north of El Reno, west of Piedmont, and to south of Guthrie in Logan county. Nine people died as a result of this tornado. Two more powerful supercells developed over Grady county, and they moved northeast into McClain and Cleveland counties. Finally, the final tornado occurred east of Norman into Pottawatomie county. The timing of this outbreak could not have come at a worse time, as rush hour was just unfolding as the tornadoes neared the Oklahoma City metro area.",95
315858,GRADY CO.,NORGE,05/24/2011,1606,Tornado, ,EF4,1,48,0,0,OK,CST-6, ,52830,C,51,OUN,0,0,NWS Storm Survey, ,21,880,3,ENE,4,SE,BRIDGE CREEK,05/24/2011,1638,35.008,-97.961,35.189,-97.67,"This tornado is labeled C1 (Segment #1 of the Chickasha-Blanchard-Newcastle tornado). The tornado formed on the south side of Chickasha, quickly doing EF-2 damage. Mobile homes were damaged and destroyed, trees were uprooted/destroyed, outbuildings were destroyed, and many buildings lost significant portions of their roofs. One fatality occurred as a mobile home was destroyed in the south portion of Chickasha. As the tornado moved northeast of Chickasha, it gained significant strength, with several areas receiving EF-4 damage. Well-built homes were destroyed. Trees were debarked with only stumps remaining. Cars were thrown hundreds of feet. Almost continuous EF-3/occasional EF-4 damage occurred northeast until it crossed into McClain county 1.5 miles south of Highway 9. The tornado was probably at its strongest as it neared/crossed the McClain county line. Wind speeds there were estimated near 200 mph. Monetary damage estimates were not available.","A tornado outbreak occurred over parts of northern and central Oklahoma during the day on the 24th, with violent tornadoes devastating several communities. By the end of the day, one EF-5, two EF-4, and two EF-3 tornadoes destroyed buildings, ripped up trees and power poles, and unfortunately, resulted in 11 deaths. The day began with a strong upper level trough ejecting out of the southwest United States. The trough took on a negative tilt as it approached the southern Plains. A strong jet stream was located at both the middle and upper levels rotating around the upper trough. At the surface, a low pressure strengthened rapidly over northwest Oklahoma, keeping the low-level flow of warm, moist air to flow east of a dry line that had moved into western Oklahoma. Thunderstorms developed by early afternoon over western Oklahoma, and quickly became supercellular as they moved northeast. Strong low-level rotation developed early, with the first tornado occurring over Blaine county, and moved northeast into Major county. Another supercell rapidly gained low-level rotation as it moved from Caddo into Canadian County. This tornado became the strongest of them all as it moved north of El Reno, west of Piedmont, and to south of Guthrie in Logan county. Nine people died as a result of this tornado. Two more powerful supercells developed over Grady county, and they moved northeast into McClain and Cleveland counties. Finally, the final tornado occurred east of Norman into Pottawatomie county. The timing of this outbreak could not have come at a worse time, as rush hour was just unfolding as the tornadoes neared the Oklahoma City metro area.",96
315869,GRADY CO.,BRADLEY,05/24/2011,1626,Tornado, ,EF3,0,0,0,0,OK,CST-6, ,52830,C,51,OUN,0,0,NWS Storm Survey, ,5.5,880,1,W,5,NNE,BRADLEY,05/24/2011,1635,34.88,-97.732,34.939,-97.67,"This tornado is labeled D1 (Segment #1 of the Washington-Goldsby tornado). This tornado developed west of Bradley, downing tree limbs as it moved northeast. The tornado began to increase in intensity, producing EF-3 damage, as it approached McClain county. Although the damage was confined to trees, the severity of the damage became more intense. Trees were snapped at the bases, or debarked altogether. The tornado was several hundred yards wide as it neared the county line. Luckily, very few structures were in the path. This tornado continued into McClain County. Monetary damage estimates were not available.","A tornado outbreak occurred over parts of northern and central Oklahoma during the day on the 24th, with violent tornadoes devastating several communities. By the end of the day, one EF-5, two EF-4, and two EF-3 tornadoes destroyed buildings, ripped up trees and power poles, and unfortunately, resulted in 11 deaths. The day began with a strong upper level trough ejecting out of the southwest United States. The trough took on a negative tilt as it approached the southern Plains. A strong jet stream was located at both the middle and upper levels rotating around the upper trough. At the surface, a low pressure strengthened rapidly over northwest Oklahoma, keeping the low-level flow of warm, moist air to flow east of a dry line that had moved into western Oklahoma. Thunderstorms developed by early afternoon over western Oklahoma, and quickly became supercellular as they moved northeast. Strong low-level rotation developed early, with the first tornado occurring over Blaine county, and moved northeast into Major county. Another supercell rapidly gained low-level rotation as it moved from Caddo into Canadian County. This tornado became the strongest of them all as it moved north of El Reno, west of Piedmont, and to south of Guthrie in Logan county. Nine people died as a result of this tornado. Two more powerful supercells developed over Grady county, and they moved northeast into McClain and Cleveland counties. Finally, the final tornado occurred east of Norman into Pottawatomie county. The timing of this outbreak could not have come at a worse time, as rush hour was just unfolding as the tornadoes neared the Oklahoma City metro area.",97
315875,MCCLAIN CO.,CRINER,05/24/2011,1635,Tornado, ,EF4,0,61,0,0,OK,CST-6, ,52830,C,87,OUN,0,0,NWS Storm Survey, ,17.6,880,7,WSW,1,SW,GOLDSBY,05/24/2011,1705,34.939,-97.67,35.141,-97.491,"This tornado is labeled D1 (Segment #2 of the Washington-Goldsby tornado). Widespread tree damage and ground scouring was ongoing as the tornado crossed into McClain county. As the tornado crossed Highway 76, even more intense damage occurred. EF-4 damage was surveyed at several locations. Several homes were reduced to a pile of rubble, or were wiped clean off of their foundations. Automobiles were mangled and almost unrecognizable. The tornado weakened and narrowed as it crossed CR 410. Even though the tornado had weakened, EF-2 to EF-3 damage was still occurring as it approached Highway 39. The tornado increased in intensity once again near the Highway, with EF-4 damage surveyed for the 2nd time. Well constructed homes were destroyed, with several wiped clean off of their foundations. This also began a longer streak of higher end damage, with EF-3 to EF-4 damage occurring until it crossed Highway 74B, west of High Avenue. Equally devastating destruction occurred over the areas of EF-4 damage. The tornado lifted west of Goldsby with still EF-3 damage occurring prior to lifting. It should be noted that this tornado had estimated winds up to 200 mph at times, falling just short of the damage indicator for an EF-5 tornado. Monetary damage estimates were not available.","A tornado outbreak occurred over parts of northern and central Oklahoma during the day on the 24th, with violent tornadoes devastating several communities. By the end of the day, one EF-5, two EF-4, and two EF-3 tornadoes destroyed buildings, ripped up trees and power poles, and unfortunately, resulted in 11 deaths. The day began with a strong upper level trough ejecting out of the southwest United States. The trough took on a negative tilt as it approached the southern Plains. A strong jet stream was located at both the middle and upper levels rotating around the upper trough. At the surface, a low pressure strengthened rapidly over northwest Oklahoma, keeping the low-level flow of warm, moist air to flow east of a dry line that had moved into western Oklahoma. Thunderstorms developed by early afternoon over western Oklahoma, and quickly became supercellular as they moved northeast. Strong low-level rotation developed early, with the first tornado occurring over Blaine county, and moved northeast into Major county. Another supercell rapidly gained low-level rotation as it moved from Caddo into Canadian County. This tornado became the strongest of them all as it moved north of El Reno, west of Piedmont, and to south of Guthrie in Logan county. Nine people died as a result of this tornado. Two more powerful supercells developed over Grady county, and they moved northeast into McClain and Cleveland counties. Finally, the final tornado occurred east of Norman into Pottawatomie county. The timing of this outbreak could not have come at a worse time, as rush hour was just unfolding as the tornadoes neared the Oklahoma City metro area.",98
315859,MCCLAIN CO.,BLANCHARD,05/24/2011,1638,Tornado, ,EF4,0,0,0,0,OK,CST-6, ,52830,C,87,OUN,0,0,NWS Storm Survey, ,9.6,650,3,N,4,N,NEWCASTLE,05/24/2011,1653,35.189,-97.67,35.305,-97.589,"This tornado is labeled C1 (Segment #2 of the Chickasha-Blanchard-Newcastle tornado). Significant damage continued as the violent tornado moved over the McClain county border. This may have been the strongest portion of this tornado, with wind speeds near 200 mph. Well-built homes were destroyed, with some cleaned off of their foundation. A concrete dome home was severely damage, mainly by the flying debris. Trees were debarked or destroyed. Very little was left standing for the first few miles into McClain county. Fairly consistent EF-3, with brief periods of EF-4 damage occurred as the tornado neared/crossed Highway 9, near the Highway 76 junction. The tornado began to weaken as it moved toward the Cleveland county border, with mainly trees and power poles/lines snapped. The tornado continued into Cleveland County. Monetary damage estimates were not available.","A tornado outbreak occurred over parts of northern and central Oklahoma during the day on the 24th, with violent tornadoes devastating several communities. By the end of the day, one EF-5, two EF-4, and two EF-3 tornadoes destroyed buildings, ripped up trees and power poles, and unfortunately, resulted in 11 deaths. The day began with a strong upper level trough ejecting out of the southwest United States. The trough took on a negative tilt as it approached the southern Plains. A strong jet stream was located at both the middle and upper levels rotating around the upper trough. At the surface, a low pressure strengthened rapidly over northwest Oklahoma, keeping the low-level flow of warm, moist air to flow east of a dry line that had moved into western Oklahoma. Thunderstorms developed by early afternoon over western Oklahoma, and quickly became supercellular as they moved northeast. Strong low-level rotation developed early, with the first tornado occurring over Blaine county, and moved northeast into Major county. Another supercell rapidly gained low-level rotation as it moved from Caddo into Canadian County. This tornado became the strongest of them all as it moved north of El Reno, west of Piedmont, and to south of Guthrie in Logan county. Nine people died as a result of this tornado. Two more powerful supercells developed over Grady county, and they moved northeast into McClain and Cleveland counties. Finally, the final tornado occurred east of Norman into Pottawatomie county. The timing of this outbreak could not have come at a worse time, as rush hour was just unfolding as the tornadoes neared the Oklahoma City metro area.",99
315861,MCCLAIN CO.,NEWCASTLE,05/24/2011,1645,Tornado, ,EF0,0,0,0,0,OK,CST-6, ,52830,C,87,OUN,0,0,NWS Employee, ,0.7,50,2,WSW,1,WSW,NEWCASTLE,05/24/2011,1646,35.242,-97.628,35.243,-97.619,"Tornado C2 (Newcastle tornado.) An NWS employee observed this tornado in the southwestern portion of Newcastle while the primary Chickasha-Blanchard-Newcastle tornado was located to the south or southwest. This tornado only produced light damage.","A tornado outbreak occurred over parts of northern and central Oklahoma during the day on the 24th, with violent tornadoes devastating several communities. By the end of the day, one EF-5, two EF-4, and two EF-3 tornadoes destroyed buildings, ripped up trees and power poles, and unfortunately, resulted in 11 deaths. The day began with a strong upper level trough ejecting out of the southwest United States. The trough took on a negative tilt as it approached the southern Plains. A strong jet stream was located at both the middle and upper levels rotating around the upper trough. At the surface, a low pressure strengthened rapidly over northwest Oklahoma, keeping the low-level flow of warm, moist air to flow east of a dry line that had moved into western Oklahoma. Thunderstorms developed by early afternoon over western Oklahoma, and quickly became supercellular as they moved northeast. Strong low-level rotation developed early, with the first tornado occurring over Blaine county, and moved northeast into Major county. Another supercell rapidly gained low-level rotation as it moved from Caddo into Canadian County. This tornado became the strongest of them all as it moved north of El Reno, west of Piedmont, and to south of Guthrie in Logan county. Nine people died as a result of this tornado. Two more powerful supercells developed over Grady county, and they moved northeast into McClain and Cleveland counties. Finally, the final tornado occurred east of Norman into Pottawatomie county. The timing of this outbreak could not have come at a worse time, as rush hour was just unfolding as the tornadoes neared the Oklahoma City metro area.",100
315880,PAYNE CO.,LAKE CARL BLACKWELL DAM,05/24/2011,1650,Tornado, ,EF2,0,18,0,0,OK,CST-6, ,52830,C,119,OUN,0,0,NWS Storm Survey, ,10.4,880,7,SSE,3,ESE,STILLWATER,05/24/2011,1705,36.034,-97.163,36.108,-97.013,"This tornado was labeled B4 (Stillwater tornado). This tornado developed with mainly tree and power pole/line damage. The tree damage was significant, with several homes impacted as the tornado traveled northeast. Significant roof and siding damage occurred to the homes, with several barns and outbuildings sustaining significant damage or were destroyed altogether. EF-2 damage continued as the tornado moved south of Stillwater, with additional structures sustaining roof damage. A couple of the homes also had collapsed chimneys. The damage lessened in severity over the latter half of the tornado path, with mostly tree damage and minor structural damage. Monetary damage estimates were not available.","A tornado outbreak occurred over parts of northern and central Oklahoma during the day on the 24th, with violent tornadoes devastating several communities. By the end of the day, one EF-5, two EF-4, and two EF-3 tornadoes destroyed buildings, ripped up trees and power poles, and unfortunately, resulted in 11 deaths. The day began with a strong upper level trough ejecting out of the southwest United States. The trough took on a negative tilt as it approached the southern Plains. A strong jet stream was located at both the middle and upper levels rotating around the upper trough. At the surface, a low pressure strengthened rapidly over northwest Oklahoma, keeping the low-level flow of warm, moist air to flow east of a dry line that had moved into western Oklahoma. Thunderstorms developed by early afternoon over western Oklahoma, and quickly became supercellular as they moved northeast. Strong low-level rotation developed early, with the first tornado occurring over Blaine county, and moved northeast into Major county. Another supercell rapidly gained low-level rotation as it moved from Caddo into Canadian County. This tornado became the strongest of them all as it moved north of El Reno, west of Piedmont, and to south of Guthrie in Logan county. Nine people died as a result of this tornado. Two more powerful supercells developed over Grady county, and they moved northeast into McClain and Cleveland counties. Finally, the final tornado occurred east of Norman into Pottawatomie county. The timing of this outbreak could not have come at a worse time, as rush hour was just unfolding as the tornadoes neared the Oklahoma City metro area.",101
315860,CLEVELAND CO.,MOORE,05/24/2011,1653,Tornado, ,EF0,0,0,0,0,OK,CST-6, ,52830,C,27,OUN,0,0,NWS Storm Survey, ,2.7,200,6,WSW,5,WSW,MOORE,05/24/2011,1702,35.305,-97.589,35.311,-97.571,"This tornado is labeled C1 (Segment #3 of the Chickasha-Blanchard-Newcastle tornado). Only minor tree/power pole/power line damage occurred inside the Cleveland county line. A few barns and outbuilding also sustained minor damage east of I-44. The tornado dissipated just north of the South Canadian River. After it was finally over, the tornado continued for just under an hour, with a length of around 32 miles. Peak wind speeds were estimated just under 200 mph. Monetary damage estimates were not available.||.","A tornado outbreak occurred over parts of northern and central Oklahoma during the day on the 24th, with violent tornadoes devastating several communities. By the end of the day, one EF-5, two EF-4, and two EF-3 tornadoes destroyed buildings, ripped up trees and power poles, and unfortunately, resulted in 11 deaths. The day began with a strong upper level trough ejecting out of the southwest United States. The trough took on a negative tilt as it approached the southern Plains. A strong jet stream was located at both the middle and upper levels rotating around the upper trough. At the surface, a low pressure strengthened rapidly over northwest Oklahoma, keeping the low-level flow of warm, moist air to flow east of a dry line that had moved into western Oklahoma. Thunderstorms developed by early afternoon over western Oklahoma, and quickly became supercellular as they moved northeast. Strong low-level rotation developed early, with the first tornado occurring over Blaine county, and moved northeast into Major county. Another supercell rapidly gained low-level rotation as it moved from Caddo into Canadian County. This tornado became the strongest of them all as it moved north of El Reno, west of Piedmont, and to south of Guthrie in Logan county. Nine people died as a result of this tornado. Two more powerful supercells developed over Grady county, and they moved northeast into McClain and Cleveland counties. Finally, the final tornado occurred east of Norman into Pottawatomie county. The timing of this outbreak could not have come at a worse time, as rush hour was just unfolding as the tornadoes neared the Oklahoma City metro area.",102
315887,MCCLAIN CO.,GOLDSBY,05/24/2011,1702,Tornado, ,EF1,0,0,0,0,OK,CST-6, ,52830,C,87,OUN,0,0,NWS Storm Survey, ,0.5,40,3,SSE,3,SE,GOLDSBY,05/24/2011,1703,35.109,-97.451,35.116,-97.447,"Tornado D2 (Goldsby tornado.)||Storm chasers observed a tornado southeast of Goldsby in a parallel track to the east-southeast of the primary Washington-Goldsby tornado.  An NWS storm survey team observed barn damage associated with this tornado.","A tornado outbreak occurred over parts of northern and central Oklahoma during the day on the 24th, with violent tornadoes devastating several communities. By the end of the day, one EF-5, two EF-4, and two EF-3 tornadoes destroyed buildings, ripped up trees and power poles, and unfortunately, resulted in 11 deaths. The day began with a strong upper level trough ejecting out of the southwest United States. The trough took on a negative tilt as it approached the southern Plains. A strong jet stream was located at both the middle and upper levels rotating around the upper trough. At the surface, a low pressure strengthened rapidly over northwest Oklahoma, keeping the low-level flow of warm, moist air to flow east of a dry line that had moved into western Oklahoma. Thunderstorms developed by early afternoon over western Oklahoma, and quickly became supercellular as they moved northeast. Strong low-level rotation developed early, with the first tornado occurring over Blaine county, and moved northeast into Major county. Another supercell rapidly gained low-level rotation as it moved from Caddo into Canadian County. This tornado became the strongest of them all as it moved north of El Reno, west of Piedmont, and to south of Guthrie in Logan county. Nine people died as a result of this tornado. Two more powerful supercells developed over Grady county, and they moved northeast into McClain and Cleveland counties. Finally, the final tornado occurred east of Norman into Pottawatomie county. The timing of this outbreak could not have come at a worse time, as rush hour was just unfolding as the tornadoes neared the Oklahoma City metro area.",103
315890,POTTAWATOMIE CO.,DALE,05/24/2011,1736,Tornado, ,EF2,0,32,0,0,OK,CST-6, ,52830,C,125,OUN,0,0,NWS Storm Survey, ,2,50,5,WSW,3,W,DALE,05/24/2011,1739,35.373,-97.131,35.387,-97.108,"Tornado D3 (McLoud tornado.)  A tornado developed west-southwest of the intersection of Fishmarket Road and Memorial Road to the south-southwest of McLoud.  The tornado moved east-northeast where a telephone company building lost it's roof, and a number of sheds were damaged and causing tree damage as it crossed the intersection and Fishmarket and Memorial roads.  Extensive tree damage continued northeast of this intersection, at least one home suffered the destruction of an attached garage and a few homes suffered roof and window damage.  The tornado turned north-northeast crossing Interstate 40 near the Walker Road bridge where it struck and semi truck, lifting and destroying the trailer, lofting the pieces to the north.  The tornado dissipated soon after crossing Interstate 40.  Although the tornado was very narrow, the rotational velocity of the tornado was observed to be very strong.  Monetary damage estimates were not available.","A tornado outbreak occurred over parts of northern and central Oklahoma during the day on the 24th, with violent tornadoes devastating several communities. By the end of the day, one EF-5, two EF-4, and two EF-3 tornadoes destroyed buildings, ripped up trees and power poles, and unfortunately, resulted in 11 deaths. The day began with a strong upper level trough ejecting out of the southwest United States. The trough took on a negative tilt as it approached the southern Plains. A strong jet stream was located at both the middle and upper levels rotating around the upper trough. At the surface, a low pressure strengthened rapidly over northwest Oklahoma, keeping the low-level flow of warm, moist air to flow east of a dry line that had moved into western Oklahoma. Thunderstorms developed by early afternoon over western Oklahoma, and quickly became supercellular as they moved northeast. Strong low-level rotation developed early, with the first tornado occurring over Blaine county, and moved northeast into Major county. Another supercell rapidly gained low-level rotation as it moved from Caddo into Canadian County. This tornado became the strongest of them all as it moved north of El Reno, west of Piedmont, and to south of Guthrie in Logan county. Nine people died as a result of this tornado. Two more powerful supercells developed over Grady county, and they moved northeast into McClain and Cleveland counties. Finally, the final tornado occurred east of Norman into Pottawatomie county. The timing of this outbreak could not have come at a worse time, as rush hour was just unfolding as the tornadoes neared the Oklahoma City metro area.",104
310349,OSAGE CO.,HOMINY,05/24/2011,1744,Tornado, ,EF1,0,0,0,0,OK,CST-6, ,51966,C,113,TSA,0,0,NWS Storm Survey, ,2.8,440,10,W,9,W,HOMINY,05/24/2011,1747,36.4103,-96.5812,36.4429,-96.551,"A tornado uprooted several trees and snapped large tree limbs. Maximum estimated wind in the tornado based on this damage was about 95 mph.","Severe thunderstorms developed along a dry line over central Oklahoma during the afternoon hours. Very unstable air and strong wind shear east of the dry line supported supercell thunderstorm structures, which persisted as the storms moved into eastern Oklahoma during the evening hours. These severe storms produced tornadoes, large hail to golfball size, and very strong damaging downburst wind across much of eastern Oklahoma.",105
310353,OSAGE CO.,GRAY HORSE,05/24/2011,1749,Tornado, ,EF2,0,0,20000,0,OK,CST-6, ,51966,C,113,TSA,0,0,NWS Storm Survey, ,17,750,7,SE,0,NNW,PAWHUSKA ARPT,05/24/2011,1814,36.465,-96.576,36.6759,-96.4231,"A tornado snapped or uprooted a number of large trees and snapped power poles. Maximum estimated wind in the tornado based on this damage was about 115 mph.","Severe thunderstorms developed along a dry line over central Oklahoma during the afternoon hours. Very unstable air and strong wind shear east of the dry line supported supercell thunderstorm structures, which persisted as the storms moved into eastern Oklahoma during the evening hours. These severe storms produced tornadoes, large hail to golfball size, and very strong damaging downburst wind across much of eastern Oklahoma.",106
315905,JOHNSTON CO.,RAVIA,05/24/2011,1830,Tornado, ,EF1,0,0,0,0,OK,CST-6, ,52830,C,69,OUN,0,0,Emergency Manager, ,5.5,1200,1,N,3,N,TISHOMINGO,05/24/2011,1845,34.252,-96.76,34.274,-96.67,"This tornado is labeled E1 (the Ravia-Tishomingo tornado). This tornado began just north of Ravia and traveled east-northeast toward Tishomingo. Widespread tree damage occurred as, luckily, few structures were in the path. Four homes sustained minor roof damage, with another two homes damage by the falling trees. A 50-foot grain silo also lost its roof. The tornado lifted a couple of miles north of Tishomingo. No injuries were reported as a result of the tornado. Monetary damage estimates were not available. ||.","A tornado outbreak occurred over parts of northern and central Oklahoma during the day on the 24th, with violent tornadoes devastating several communities. By the end of the day, one EF-5, two EF-4, and two EF-3 tornadoes destroyed buildings, ripped up trees and power poles, and unfortunately, resulted in 11 deaths. The day began with a strong upper level trough ejecting out of the southwest United States. The trough took on a negative tilt as it approached the southern Plains. A strong jet stream was located at both the middle and upper levels rotating around the upper trough. At the surface, a low pressure strengthened rapidly over northwest Oklahoma, keeping the low-level flow of warm, moist air to flow east of a dry line that had moved into western Oklahoma. Thunderstorms developed by early afternoon over western Oklahoma, and quickly became supercellular as they moved northeast. Strong low-level rotation developed early, with the first tornado occurring over Blaine county, and moved northeast into Major county. Another supercell rapidly gained low-level rotation as it moved from Caddo into Canadian County. This tornado became the strongest of them all as it moved north of El Reno, west of Piedmont, and to south of Guthrie in Logan county. Nine people died as a result of this tornado. Two more powerful supercells developed over Grady county, and they moved northeast into McClain and Cleveland counties. Finally, the final tornado occurred east of Norman into Pottawatomie county. The timing of this outbreak could not have come at a worse time, as rush hour was just unfolding as the tornadoes neared the Oklahoma City metro area.",107
310375,MUSKOGEE CO.,JAMESVILLE,05/24/2011,1942,Tornado, ,EF2,0,0,100000,0,OK,CST-6, ,51966,C,101,TSA,0,0,NWS Storm Survey, ,7.6,400,5,W,2,NE,HASKELL,05/24/2011,1956,35.7631,-95.7423,35.8377,-95.6423,"This is the first of two segments of this tornado. In Muskogee County, the tornado destroyed a mobile home and a barn, damaged several other permanent homes, and snapped power poles and large trees. Maximum estimated wind in the tornado based on this damage was about 125 mph. The tornado continued into Wagoner County, Oklahoma. Several storm chasers, storm spotters, and citizens witnessed this tornado.","Severe thunderstorms developed along a dry line over central Oklahoma during the afternoon hours. Very unstable air and strong wind shear east of the dry line supported supercell thunderstorm structures, which persisted as the storms moved into eastern Oklahoma during the evening hours. These severe storms produced tornadoes, large hail to golfball size, and very strong damaging downburst wind across much of eastern Oklahoma.",108
310381,WAGONER CO.,CHOSKA,05/24/2011,1956,Tornado, ,EF1,0,0,10000,0,OK,CST-6, ,51966,C,145,TSA,0,0,NWS Storm Survey, ,2.6,250,1,WNW,2,S,REDBIRD,05/24/2011,2000,35.8377,-95.6423,35.8554,-95.6023,"This is the second of two segments of this tornado. In Wagoner County, this tornado uprooted trees and snapped power poles. Maximum estimated wind in the tornado based on this damage was about 95 mph.","Severe thunderstorms developed along a dry line over central Oklahoma during the afternoon hours. Very unstable air and strong wind shear east of the dry line supported supercell thunderstorm structures, which persisted as the storms moved into eastern Oklahoma during the evening hours. These severe storms produced tornadoes, large hail to golfball size, and very strong damaging downburst wind across much of eastern Oklahoma.",109
310396,WAGONER CO.,LA BARGE,05/24/2011,2013,Tornado, ,EF2,0,0,400000,0,OK,CST-6, ,51966,C,145,TSA,0,0,NWS Storm Survey, ,4.4,450,3,S,2,ESE,WAGONER AIRSTRIP,05/24/2011,2020,35.942,-95.3754,35.9533,-95.2978,"A tornado developed and moved across the southeastern portion of the City of Wagoner where it damaged the roofs of about a dozen homes, destroyed a carport, and snapped trees. The tornado moved across portions of Fort Gibson WMA and then across Long Bay of Fort Gibson Lake before impacting the Taylor Ferry and Long Bay Recreational Areas. In those areas, numerous campers and trailers were severely damaged or destroyed, several mobile homes were destroyed, several permanent homes were damaged, and numerous large trees were snapped or uprooted. Maximum estimated wind in the tornado based on this damage was about 115 mph. Several storm chasers, storm spotters, and citizens witnessed this tornado.","Severe thunderstorms developed along a dry line over central Oklahoma during the afternoon hours. Very unstable air and strong wind shear east of the dry line supported supercell thunderstorm structures, which persisted as the storms moved into eastern Oklahoma during the evening hours. These severe storms produced tornadoes, large hail to golfball size, and very strong damaging downburst wind across much of eastern Oklahoma.",110
312948,DELAWARE CO.,LEACH,05/24/2011,2048,Tornado, ,EF1,0,0,0,0,OK,CST-6, ,51966,C,41,TSA,0,0,NWS Storm Survey, ,7,150,3,NW,5,N,TWIN OAKS,05/24/2011,2059,36.2264,-94.9542,36.2693,-94.8406,"A tornado uprooted trees and snapped large limbs. Maximum estimated wind in the tornado based on this damage was about 95 mph. At least one storm chaser witnessed this tornado.","Severe thunderstorms developed along a dry line over central Oklahoma during the afternoon hours. Very unstable air and strong wind shear east of the dry line supported supercell thunderstorm structures, which persisted as the storms moved into eastern Oklahoma during the evening hours. These severe storms produced tornadoes, large hail to golfball size, and very strong damaging downburst wind across much of eastern Oklahoma.",111
312958,LATIMER CO.,PANOLA,05/24/2011,2050,Tornado, ,EF1,0,0,0,0,OK,CST-6, ,51966,C,77,TSA,0,0,Public, ,2.5,300,6,N,7,WNW,LODI,05/24/2011,2055,35.0021,-95.2106,35.0238,-95.1758,"A tornado snapped or uprooted a number of large trees in the San Bois Mountains. This area was not reachable by road and thus was surveyed by a citizen on an ATV who found hundreds of trees downed in multiple directions. The exact beginning point and end point could not be accessed but this tornado was on the ground for at least 2.5 miles.","Severe thunderstorms developed along a dry line over central Oklahoma during the afternoon hours. Very unstable air and strong wind shear east of the dry line supported supercell thunderstorm structures, which persisted as the storms moved into eastern Oklahoma during the evening hours. These severe storms produced tornadoes, large hail to golfball size, and very strong damaging downburst wind across much of eastern Oklahoma.",112
312951,DELAWARE CO.,ROW,05/24/2011,2106,Tornado, ,EF1,0,0,0,0,OK,CST-6, ,51966,C,41,TSA,0,0,Fire Department/Rescue, ,6,150,4,W,3,N,ROW,05/24/2011,2116,36.2757,-94.7575,36.3294,-94.6728,"A tornado uprooted trees and snapped large tree limbs. Maximum estimated wind in the tornado based on this damage was about 95 mph.","Severe thunderstorms developed along a dry line over central Oklahoma during the afternoon hours. Very unstable air and strong wind shear east of the dry line supported supercell thunderstorm structures, which persisted as the storms moved into eastern Oklahoma during the evening hours. These severe storms produced tornadoes, large hail to golfball size, and very strong damaging downburst wind across much of eastern Oklahoma.",113
312963,LE FLORE CO.,TALIHINA,05/24/2011,2114,Tornado, ,EF0,0,0,0,0,OK,CST-6, ,51966,C,79,TSA,0,0,Storm Chaser, ,1.5,100,4,S,4,SSE,TALIHINA,05/24/2011,2116,34.6942,-95.0378,34.7041,-95.0144,"A storm chaser observed a tornado over open country. No known damage resulted from this tornado.","Severe thunderstorms developed along a dry line over central Oklahoma during the afternoon hours. Very unstable air and strong wind shear east of the dry line supported supercell thunderstorm structures, which persisted as the storms moved into eastern Oklahoma during the evening hours. These severe storms produced tornadoes, large hail to golfball size, and very strong damaging downburst wind across much of eastern Oklahoma.",114
312972,LE FLORE CO.,REICHERT,05/24/2011,2144,Tornado, ,EF2,0,0,100000,0,OK,CST-6, ,51966,C,79,TSA,0,0,NWS Storm Survey, ,12,1760,2,SE,2,NE,HOWE,05/24/2011,2202,34.8256,-94.7248,34.9673,-94.6047,"A tornado destroyed a mobile home, damaged several permanent homes, snapped dozens of power poles, and snapped or uprooted numerous large trees. Maximum estimated wind in the tornado based on this damage was about 115 mph.","Severe thunderstorms developed along a dry line over central Oklahoma during the afternoon hours. Very unstable air and strong wind shear east of the dry line supported supercell thunderstorm structures, which persisted as the storms moved into eastern Oklahoma during the evening hours. These severe storms produced tornadoes, large hail to golfball size, and very strong damaging downburst wind across much of eastern Oklahoma.",115
312979,SEQUOYAH CO.,GREENWOOD JCT,05/24/2011,2237,Tornado, ,EF1,0,0,0,0,OK,CST-6, ,51966,C,135,TSA,0,0,NWS Storm Survey, ,1.2,500,1,NE,2,NE,GREENWOOD JCT,05/24/2011,2240,35.44,-94.4595,35.4493,-94.441,"This is the first of two segments of this tornado. In Sequoyah County, this tornado snapped or uprooted a number of large trees. Maximum estimated wind in the tornado based on this damage was about 105 mph. The tornado continued into Crawford County, Arkansas.","Severe thunderstorms developed along a dry line over central Oklahoma during the afternoon hours. Very unstable air and strong wind shear east of the dry line supported supercell thunderstorm structures, which persisted as the storms moved into eastern Oklahoma during the evening hours. These severe storms produced tornadoes, large hail to golfball size, and very strong damaging downburst wind across much of eastern Oklahoma.",116
328926,TEXAS CO.,TYRONE,06/11/2011,1811,Tornado, ,EF1,0,0,20000,0,OK,CST-6, ,54714,C,139,AMA,0,0,NWS Storm Survey, ,2.1,50,2,NNE,3,ENE,TYRONE,06/11/2011,1825,36.9806,-101.0535,36.9759,-101.0159,"An official National Weather storm survey determined that the tornado touched down near the intersection of Mile 54 Road and B Road about two miles north northeast of Tyrone Oklahoma in Texas County around 1811 CST. The tornado was on the ground for about two and one tenth miles with a maximum path width of fifty yards. The roof was removed and the windows were broken on a manufactured home in Wesley Acres. There were also a few outbuildings which were destroyed. The maximum wind speeds of the tornado were estimated to be seventy-eight knots. The tornado dissipated just southeast of the intersection of Mile 56 Road and B Road around 1825 CST. There were no reports of injuries or fatalities.","Severe thunderstorms produced large hail, thunderstorm wind gusts and an isolated tornado in the central and eastern Oklahoma Panhandle during the evening hours. Although no injuries or fatalities were reported, the tornado and thunderstorm wind gusts in the central and eastern Oklahoma Panhandle did result in damage.",117
328947,BEAVER CO.,BOYD,06/11/2011,1850,Tornado, ,EF0,0,0,0,0,OK,CST-6, ,54714,C,7,AMA,0,0,NWS Storm Survey, ,0.1,25,5,N,5,N,BOYD,06/11/2011,1852,36.77,-100.82,36.7695,-100.8183,"An official National Weather Service storm survey determined that the tornado briefly touched down near the intersection of U.S. Highway 83 and North 1228 Road about five miles north of Boyd Oklahoma in Beaver County around 1850 CST. The tornado dissipated around 1852 CST. There was no damage found from this tornado and the maximum estimated wind speeds were around fifty-six knots. The path length was approximately one tenth of a mile and the path width was estimated to be twenty-five yards. There were no injuries or fatalities reported.","Severe thunderstorms produced large hail, thunderstorm wind gusts and an isolated tornado in the central and eastern Oklahoma Panhandle during the evening hours. Although no injuries or fatalities were reported, the tornado and thunderstorm wind gusts in the central and eastern Oklahoma Panhandle did result in damage.",118
298531,ELLIS CO.,SHATTUCK,06/11/2011,1930,Tornado, ,EF0,0,0,100000,0,OK,CST-6, ,50624,C,45,OUN,0,0,Emergency Manager, ,1,10,6,N,6,N,SHATTUCK,06/11/2011,1930,36.3568,-99.88,36.3568,-99.88,"A tornado was observed crossing Highway 15, about 6.5 miles north of Shattuck. Tree limbs and power lines were downed at this location, and a residence and several outbuildings were damaged a mile and a half west.","The front that had waffled over Oklahoma for three four days began slowly lifting north as a warm front. Several areas of showers and thunderstorms developed near and just north of the front. A couple of the storms were able to maintain themselves, developing supercell characteristics, with very large hail and damaging winds.  Some damage was reported with the storms, with the most severe damage occurring over parts of Ellis and Woodward counties.",119
326560,OSAGE CO.,GRAINOLA,06/18/2011,1829,Tornado, ,EF0,0,0,0,0,OK,CST-6, ,54243,C,113,TSA,0,0,Storm Chaser, ,0.1,50,6,E,6,E,GRAINOLA,06/18/2011,1829,36.9614,-96.5458,36.9614,-96.5458,"Storm chasers witnessed a brief tornado over open country. The tornado resulted in no known damage.","A dry line advanced eastward into eastern Oklahoma on the evening of the 18th. An isolated supercell thunderstorm developed along this boundary and moved across several counties of far northeastern Oklahoma. The storm produced several tornadoes over open country and large hail up to golfball size.",120
326603,OSAGE CO.,BOULANGERVILLE,06/18/2011,1909,Tornado, ,EF0,0,0,0,0,OK,CST-6, ,54243,C,113,TSA,0,0,Storm Chaser, ,0.1,50,4,WSW,4,WSW,BOULANGERVILLE,06/18/2011,1909,36.9231,-96.2885,36.9231,-96.2885,"Storm chasers witnessed a brief tornado over open country. The tornado resulted in no known damage.","A dry line advanced eastward into eastern Oklahoma on the evening of the 18th. An isolated supercell thunderstorm developed along this boundary and moved across several counties of far northeastern Oklahoma. The storm produced several tornadoes over open country and large hail up to golfball size.",121
326606,OSAGE CO.,BOULANGERVILLE,06/18/2011,1910,Tornado, ,EF0,0,0,0,0,OK,CST-6, ,54243,C,113,TSA,0,0,Storm Chaser, ,2.9,75,3,WSW,1,S,BOULANGERVILLE,06/18/2011,1920,36.9345,-96.2705,36.9303,-96.2183,"Storm chasers and at least one off-duty NWS meteorologist witnessed a tornado over open country. The tornado resulted in no known damage.","A dry line advanced eastward into eastern Oklahoma on the evening of the 18th. An isolated supercell thunderstorm developed along this boundary and moved across several counties of far northeastern Oklahoma. The storm produced several tornadoes over open country and large hail up to golfball size.",122
326600,WASHINGTON CO.,COPAN,06/18/2011,2013,Tornado, ,EF0,0,0,0,0,OK,CST-6, ,54243,C,147,TSA,0,0,Storm Chaser, ,0.1,50,3,E,3,E,COPAN,06/18/2011,2013,36.8957,-95.8727,36.8957,-95.8727,"Storm chasers witnessed a brief tornado over open country. The tornado resulted in no known damage.","A dry line advanced eastward into eastern Oklahoma on the evening of the 18th. An isolated supercell thunderstorm developed along this boundary and moved across several counties of far northeastern Oklahoma. The storm produced several tornadoes over open country and large hail up to golfball size.",123
340623,MAYES CO.,LOCUST GROVE,08/10/2011,232,Tornado, ,EF1,0,0,0,0,OK,CST-6, ,55881,C,97,TSA,0,0,NWS Storm Survey, ,1.5,300,5,SSE,4,SE,LOCUST GROVE,08/10/2011,234,36.1393,-95.138,36.154,-95.1184,"This is the first of three segments of this tornado. The tornado developed on the leading edge of a short convective line of thunderstorms that wasn't undercut by cold outflow. It moved northeast uprooting and snapping a number of large trees within this segment in Mayes County and then moved into the extreme northwestern corner of Cherokee County. Based on the tree damage, maximum estimated wind in this segment of the tornado was about 105 mph.","Strong to severe thunderstorms developed during the early morning hours of August 10th near a stationary frontal boundary that extended across eastern Oklahoma. Strong, damaging winds occurred across much of eastern Oklahoma as these storms moved across the region as well as a tornado.",124
340630,CHEROKEE CO.,PEGGS,08/10/2011,234,Tornado, ,EF1,0,0,0,0,OK,CST-6, ,55881,C,21,TSA,0,0,NWS Storm Survey, ,0.8,400,5,NNW,6,N,PEGGS,08/10/2011,235,36.154,-95.1184,36.1616,-95.1082,"This is the second of three segments of this tornado. The tornado tracked northeast across the extreme northwestern corner of Cherokee County, uprooting and snapping numerous trees. Based on the tree damage, maximum estimated wind in this segment of the tornado was about 105 mph. The tornado continued northeastward into Mayes County.","Strong to severe thunderstorms developed during the early morning hours of August 10th near a stationary frontal boundary that extended across eastern Oklahoma. Strong, damaging winds occurred across much of eastern Oklahoma as these storms moved across the region as well as a tornado.",125
340632,MAYES CO.,LOCUST GROVE,08/10/2011,235,Tornado, ,EF2,1,2,0,0,OK,CST-6, ,55881,C,97,TSA,0,0,NWS Storm Survey, ,2.7,400,4,SE,3,SW,ROSE,08/10/2011,239,36.1616,-95.1082,36.1879,-95.0731,"This is the third of three segments of this tornado. As the tornado crossed back into Mayes County, it destroyed a double wide mobile home and damaged a single wide mobile home just north of the E590 Road. A woman was killed in the double wide mobile home and two people were injured in the other mobile home. Trees were uprooted and snapped and debris from the double wide mobile home was transported several hundred yards downstream. The tornado damaged another mobile home south of the E580 Road where it destroyed a greenhouse. Numerous trees were uprooted and snapped along the path until the tornado dissipated just south of the E570 Road. Based on this damage, maximum estimated wind in this segment of the tornado was about 125 mph. ||August is one of the least active months for tornadoes in this part of the country so the intensity of this tornado was even more unusual. In fact, this is only the 4th strong tornado (EF-2 or EF-3) that has been confirmed in eastern Oklahoma since 1950.","Strong to severe thunderstorms developed during the early morning hours of August 10th near a stationary frontal boundary that extended across eastern Oklahoma. Strong, damaging winds occurred across much of eastern Oklahoma as these storms moved across the region as well as a tornado.",126
349600,GRANT CO.,WAKITA,09/17/2011,1646,Tornado, ,EF0,0,0,0,0,OK,CST-6, ,55768,C,53,OUN,0,0,Storm Chaser, ,1.52,75,4,S,5,S,WAKITA,09/17/2011,1649,36.82,-97.932,36.808,-97.909,"Numerous storm chasers reported a tornado south of Wakita that persisted for a few minutes as it moved southeast. No damage was reported.","A warm front moved slowly north through Oklahoma, settling near the Oklahoma and Kansas border by mid afternoon. Scattered thunderstorms developed over western and northern Oklahoma, with another area of thunderstorms developing near the Red River. The thunderstorms produced large hail and heavy rain as they moved east and northeast. One thunderstorm, however, remained discrete and moved east and then east-southeast over north-central Oklahoma. Backed surface winds near the warm front helped maximize low-level wind shear, and three brief tornadoes developed over open country in Grant county. The storms over southwest Oklahoma weakened with the loss of daytime heating, but the northern Oklahoma storms merged into a complex. This complex continued well into the evening producing heavy rain.",127
349601,GRANT CO.,WAKITA,09/17/2011,1649,Tornado, ,EF0,0,0,0,0,OK,CST-6, ,55768,C,53,OUN,0,0,Storm Chaser, ,0.5,10,5,SSE,5,SSE,WAKITA,09/17/2011,1649,36.815,-97.887,36.815,-97.887,"A second tornado was observed by numerous storm chasers to the northeast of the larger tornado that was occurring south of Wakita. This tornado was a narrow rope tornado that became very elongated and tilted from the cloud base. No damage was reported with this tornado.","A warm front moved slowly north through Oklahoma, settling near the Oklahoma and Kansas border by mid afternoon. Scattered thunderstorms developed over western and northern Oklahoma, with another area of thunderstorms developing near the Red River. The thunderstorms produced large hail and heavy rain as they moved east and northeast. One thunderstorm, however, remained discrete and moved east and then east-southeast over north-central Oklahoma. Backed surface winds near the warm front helped maximize low-level wind shear, and three brief tornadoes developed over open country in Grant county. The storms over southwest Oklahoma weakened with the loss of daytime heating, but the northern Oklahoma storms merged into a complex. This complex continued well into the evening producing heavy rain.",128
349602,GRANT CO.,WAKITA,09/17/2011,1655,Tornado, ,EF0,0,0,0,0,OK,CST-6, ,55768,C,53,OUN,0,0,Broadcast Media, ,0.5,30,7,S,7,S,WAKITA,09/17/2011,1655,36.784,-97.897,36.784,-97.897,"A third brief tornado was observed by a media storm chaser. Again, no damage was reported with this tornado.","A warm front moved slowly north through Oklahoma, settling near the Oklahoma and Kansas border by mid afternoon. Scattered thunderstorms developed over western and northern Oklahoma, with another area of thunderstorms developing near the Red River. The thunderstorms produced large hail and heavy rain as they moved east and northeast. One thunderstorm, however, remained discrete and moved east and then east-southeast over north-central Oklahoma. Backed surface winds near the warm front helped maximize low-level wind shear, and three brief tornadoes developed over open country in Grant county. The storms over southwest Oklahoma weakened with the loss of daytime heating, but the northern Oklahoma storms merged into a complex. This complex continued well into the evening producing heavy rain.",129
353593,JACKSON CO.,HESS,11/07/2011,1439,Tornado, ,EF0,0,0,0,0,OK,CST-6, ,58317,C,65,OUN,0,0,NWS Storm Survey, ,1.49,200,9,SSE,8,SSE,HESS,11/07/2011,1443,34.34,-99.21,34.357,-99.194,"This tornado continued northeast from Wilbarger county, Texas into far southeast Jackson County, OK before moving into Tillman County. No known damage occurred in Jackson County.","A powerful storm system moving through the southern Great Plains produced tornadoes, large hail, damaging winds and flooding across parts of Oklahoma and western north Texas on November 7-8, 2011.||The strong storm system generated severe weather including tornadoes, large hail, damaging winds and flooding from the early afternoon of November 7th through the early morning of November 8th. Several supercell thunderstorms developed over southwest Oklahoma during the mid-afternoon hours and moved northeast. One particularly nasty supercell thunderstorm developed over northern Wilbarger county in north Texas. This thunderstorm moved northeast into Tillman county, eventually producing at least eight tornadoes over a five county area. Two of the tornadoes moved near two Oklahoma Mesonet sites, both taking direct hits. The Mesonet site at Tipton measured 86.4 mph before it was destroyed. The Mesonet site near Fort Cobb measured 91.4 mph before it was destroyed. Both sites also recorded significant drops in surface pressure. Other supercells over southwest Oklahoma eventually congealed into a complex of storms and moved east into central Oklahoma. Numerous reports of high winds (92 mph near Clinton, OK) and hail up to golf ball-size were reported. The severe threat transitioned to a heavy rain and high threat after sunset.",130
353589,TILLMAN CO.,TIPTON ARPT,11/07/2011,1443,Tornado, ,EF4,0,0,0,0,OK,CST-6, ,58317,C,141,OUN,0,0,NWS Storm Survey, ,15,500,7,S,3,NNE,TIPTON,11/07/2011,1513,34.357,-99.194,34.542,-99.115,"This violent tornado continued northeast into Tillman county about 9 miles SSW of Tipton. The most severe damage occurred at the Oklahoma State University Agronomy Research Station. The buildings at the site were demolished, with most of the debris thrown into the nearby fields. The trees surrounding the site were debarked and splintered. Other damage was to the Tipton Mesonet site that took a direct hit. The wind speed maxed out at 86.4 mph before the site was demolished by flying debris. The tornado lifted about 3 miles NNE of Tipton.","A powerful storm system moving through the southern Great Plains produced tornadoes, large hail, damaging winds and flooding across parts of Oklahoma and western north Texas on November 7-8, 2011.||The strong storm system generated severe weather including tornadoes, large hail, damaging winds and flooding from the early afternoon of November 7th through the early morning of November 8th. Several supercell thunderstorms developed over southwest Oklahoma during the mid-afternoon hours and moved northeast. One particularly nasty supercell thunderstorm developed over northern Wilbarger county in north Texas. This thunderstorm moved northeast into Tillman county, eventually producing at least eight tornadoes over a five county area. Two of the tornadoes moved near two Oklahoma Mesonet sites, both taking direct hits. The Mesonet site at Tipton measured 86.4 mph before it was destroyed. The Mesonet site near Fort Cobb measured 91.4 mph before it was destroyed. Both sites also recorded significant drops in surface pressure. Other supercells over southwest Oklahoma eventually congealed into a complex of storms and moved east into central Oklahoma. Numerous reports of high winds (92 mph near Clinton, OK) and hail up to golf ball-size were reported. The severe threat transitioned to a heavy rain and high threat after sunset.",131
362650,TILLMAN CO.,TIPTON,11/07/2011,1459,Tornado, ,EF0,0,0,0,0,OK,CST-6, ,58317,C,141,OUN,0,0,Storm Chaser, ,0.5,75,3,S,3,S,TIPTON,11/07/2011,1459,34.4566,-99.14,34.4566,-99.14,"A satellite tornado was observed rotating around the EF4 tornado south of Tipton.  No damage is known to have occurred from this tornado.","A powerful storm system moving through the southern Great Plains produced tornadoes, large hail, damaging winds and flooding across parts of Oklahoma and western north Texas on November 7-8, 2011.||The strong storm system generated severe weather including tornadoes, large hail, damaging winds and flooding from the early afternoon of November 7th through the early morning of November 8th. Several supercell thunderstorms developed over southwest Oklahoma during the mid-afternoon hours and moved northeast. One particularly nasty supercell thunderstorm developed over northern Wilbarger county in north Texas. This thunderstorm moved northeast into Tillman county, eventually producing at least eight tornadoes over a five county area. Two of the tornadoes moved near two Oklahoma Mesonet sites, both taking direct hits. The Mesonet site at Tipton measured 86.4 mph before it was destroyed. The Mesonet site near Fort Cobb measured 91.4 mph before it was destroyed. Both sites also recorded significant drops in surface pressure. Other supercells over southwest Oklahoma eventually congealed into a complex of storms and moved east into central Oklahoma. Numerous reports of high winds (92 mph near Clinton, OK) and hail up to golf ball-size were reported. The severe threat transitioned to a heavy rain and high threat after sunset.",132
353590,TILLMAN CO.,MANITOU,11/07/2011,1515,Tornado, ,EF0,0,0,0,0,OK,CST-6, ,58317,C,141,OUN,0,0,NWS Storm Survey, ,5.9,400,2,WNW,6,N,MANITOU,11/07/2011,1526,34.526,-99.019,34.5945,-98.961,"Another large tornado developed west-northwest of Manitou, OK and moved north-northeast toward the Kiowa county border. The tornado crossed into Kiowa county just east of US Highway 183.","A powerful storm system moving through the southern Great Plains produced tornadoes, large hail, damaging winds and flooding across parts of Oklahoma and western north Texas on November 7-8, 2011.||The strong storm system generated severe weather including tornadoes, large hail, damaging winds and flooding from the early afternoon of November 7th through the early morning of November 8th. Several supercell thunderstorms developed over southwest Oklahoma during the mid-afternoon hours and moved northeast. One particularly nasty supercell thunderstorm developed over northern Wilbarger county in north Texas. This thunderstorm moved northeast into Tillman county, eventually producing at least eight tornadoes over a five county area. Two of the tornadoes moved near two Oklahoma Mesonet sites, both taking direct hits. The Mesonet site at Tipton measured 86.4 mph before it was destroyed. The Mesonet site near Fort Cobb measured 91.4 mph before it was destroyed. Both sites also recorded significant drops in surface pressure. Other supercells over southwest Oklahoma eventually congealed into a complex of storms and moved east into central Oklahoma. Numerous reports of high winds (92 mph near Clinton, OK) and hail up to golf ball-size were reported. The severe threat transitioned to a heavy rain and high threat after sunset.",133
353592,KIOWA CO.,SNYDER,11/07/2011,1526,Tornado, ,EF0,0,0,0,0,OK,CST-6, ,58317,C,75,OUN,0,0,NWS Storm Survey, ,0.15,200,5,S,4,S,SNYDER,11/07/2011,1527,34.5945,-98.961,34.596,-98.959,"This tornado continued into Kiowa County from Tillman County. The tornado only briefly entered the county before dissipating with no damage reported.","A powerful storm system moving through the southern Great Plains produced tornadoes, large hail, damaging winds and flooding across parts of Oklahoma and western north Texas on November 7-8, 2011.||The strong storm system generated severe weather including tornadoes, large hail, damaging winds and flooding from the early afternoon of November 7th through the early morning of November 8th. Several supercell thunderstorms developed over southwest Oklahoma during the mid-afternoon hours and moved northeast. One particularly nasty supercell thunderstorm developed over northern Wilbarger county in north Texas. This thunderstorm moved northeast into Tillman county, eventually producing at least eight tornadoes over a five county area. Two of the tornadoes moved near two Oklahoma Mesonet sites, both taking direct hits. The Mesonet site at Tipton measured 86.4 mph before it was destroyed. The Mesonet site near Fort Cobb measured 91.4 mph before it was destroyed. Both sites also recorded significant drops in surface pressure. Other supercells over southwest Oklahoma eventually congealed into a complex of storms and moved east into central Oklahoma. Numerous reports of high winds (92 mph near Clinton, OK) and hail up to golf ball-size were reported. The severe threat transitioned to a heavy rain and high threat after sunset.",134
353591,KIOWA CO.,SNYDER,11/07/2011,1538,Tornado, ,EF0,0,0,0,0,OK,CST-6, ,58317,C,75,OUN,0,0,NWS Employee, ,0.5,100,3,E,3,E,SNYDER,11/07/2011,1538,34.66,-98.904,34.66,-98.904,"This brief tornado occurred east of Snyder, north of US Highway 62. No known damage occurred with this tornado.","A powerful storm system moving through the southern Great Plains produced tornadoes, large hail, damaging winds and flooding across parts of Oklahoma and western north Texas on November 7-8, 2011.||The strong storm system generated severe weather including tornadoes, large hail, damaging winds and flooding from the early afternoon of November 7th through the early morning of November 8th. Several supercell thunderstorms developed over southwest Oklahoma during the mid-afternoon hours and moved northeast. One particularly nasty supercell thunderstorm developed over northern Wilbarger county in north Texas. This thunderstorm moved northeast into Tillman county, eventually producing at least eight tornadoes over a five county area. Two of the tornadoes moved near two Oklahoma Mesonet sites, both taking direct hits. The Mesonet site at Tipton measured 86.4 mph before it was destroyed. The Mesonet site near Fort Cobb measured 91.4 mph before it was destroyed. Both sites also recorded significant drops in surface pressure. Other supercells over southwest Oklahoma eventually congealed into a complex of storms and moved east into central Oklahoma. Numerous reports of high winds (92 mph near Clinton, OK) and hail up to golf ball-size were reported. The severe threat transitioned to a heavy rain and high threat after sunset.",135
353597,KIOWA CO.,MOUNTAIN PARK,11/07/2011,1552,Tornado, ,EF0,0,0,0,0,OK,CST-6, ,58317,C,75,OUN,0,0,Trained Spotter, ,0.9,200,7,ENE,7,ENE,MOUNTAIN PARK,11/07/2011,1553,34.726,-98.836,34.736,-98.826,"This tornado began just west of the Wichita Mountain Wildlife Refuge in Kiowa county, and continued northeast through the refuge, and then entered Kiowa county a 2nd time before lifting. This portion of the tornado was only briefly in Kiowa county with no known damage reported.","A powerful storm system moving through the southern Great Plains produced tornadoes, large hail, damaging winds and flooding across parts of Oklahoma and western north Texas on November 7-8, 2011.||The strong storm system generated severe weather including tornadoes, large hail, damaging winds and flooding from the early afternoon of November 7th through the early morning of November 8th. Several supercell thunderstorms developed over southwest Oklahoma during the mid-afternoon hours and moved northeast. One particularly nasty supercell thunderstorm developed over northern Wilbarger county in north Texas. This thunderstorm moved northeast into Tillman county, eventually producing at least eight tornadoes over a five county area. Two of the tornadoes moved near two Oklahoma Mesonet sites, both taking direct hits. The Mesonet site at Tipton measured 86.4 mph before it was destroyed. The Mesonet site near Fort Cobb measured 91.4 mph before it was destroyed. Both sites also recorded significant drops in surface pressure. Other supercells over southwest Oklahoma eventually congealed into a complex of storms and moved east into central Oklahoma. Numerous reports of high winds (92 mph near Clinton, OK) and hail up to golf ball-size were reported. The severe threat transitioned to a heavy rain and high threat after sunset.",136
353595,COMANCHE CO.,WICHITA MTNS NWR HQ,11/07/2011,1553,Tornado, ,EF0,0,0,0,0,OK,CST-6, ,58317,C,31,OUN,0,0,NWS Employee, ,11,500,7,W,8,NW,MEERS,11/07/2011,1616,34.736,-98.826,34.855,-98.697,"This large tornado developed just west of the Wichita Mountain Wildlife Refuge in Kiowa County, then moved northeast into Comanche County and over the refuge. An elk was killed in the park, but little other damage occurred, despite the large size of the tornado. The tornado moved back into Kiowa County near Saddle Mountain.","A powerful storm system moving through the southern Great Plains produced tornadoes, large hail, damaging winds and flooding across parts of Oklahoma and western north Texas on November 7-8, 2011.||The strong storm system generated severe weather including tornadoes, large hail, damaging winds and flooding from the early afternoon of November 7th through the early morning of November 8th. Several supercell thunderstorms developed over southwest Oklahoma during the mid-afternoon hours and moved northeast. One particularly nasty supercell thunderstorm developed over northern Wilbarger county in north Texas. This thunderstorm moved northeast into Tillman county, eventually producing at least eight tornadoes over a five county area. Two of the tornadoes moved near two Oklahoma Mesonet sites, both taking direct hits. The Mesonet site at Tipton measured 86.4 mph before it was destroyed. The Mesonet site near Fort Cobb measured 91.4 mph before it was destroyed. Both sites also recorded significant drops in surface pressure. Other supercells over southwest Oklahoma eventually congealed into a complex of storms and moved east into central Oklahoma. Numerous reports of high winds (92 mph near Clinton, OK) and hail up to golf ball-size were reported. The severe threat transitioned to a heavy rain and high threat after sunset.",137
353596,KIOWA CO.,COOPERTON,11/07/2011,1616,Tornado, ,EF0,0,0,0,0,OK,CST-6, ,58317,C,75,OUN,0,0,NWS Employee, ,1.48,150,10,E,10,E,COOPERTON,11/07/2011,1618,34.855,-98.697,34.876,-98.692,"This large tornado continued into Kiowa county from Comanche county. The tornado dissipated about 1 mile east-northeast of the community of Saddle Mountain, shortly after entering the county for the 2nd time. No known damage occurred with this portion of the tornado.","A powerful storm system moving through the southern Great Plains produced tornadoes, large hail, damaging winds and flooding across parts of Oklahoma and western north Texas on November 7-8, 2011.||The strong storm system generated severe weather including tornadoes, large hail, damaging winds and flooding from the early afternoon of November 7th through the early morning of November 8th. Several supercell thunderstorms developed over southwest Oklahoma during the mid-afternoon hours and moved northeast. One particularly nasty supercell thunderstorm developed over northern Wilbarger county in north Texas. This thunderstorm moved northeast into Tillman county, eventually producing at least eight tornadoes over a five county area. Two of the tornadoes moved near two Oklahoma Mesonet sites, both taking direct hits. The Mesonet site at Tipton measured 86.4 mph before it was destroyed. The Mesonet site near Fort Cobb measured 91.4 mph before it was destroyed. Both sites also recorded significant drops in surface pressure. Other supercells over southwest Oklahoma eventually congealed into a complex of storms and moved east into central Oklahoma. Numerous reports of high winds (92 mph near Clinton, OK) and hail up to golf ball-size were reported. The severe threat transitioned to a heavy rain and high threat after sunset.",138
353598,KIOWA CO.,COOPERTON,11/07/2011,1619,Tornado, ,EF0,0,0,0,0,OK,CST-6, ,58317,C,75,OUN,0,0,NWS Employee, ,1.4,100,11,E,12,E,COOPERTON,11/07/2011,1622,34.883,-98.675,34.887,-98.651,"This brief tornado occurred east-northeast of Saddle Mountain. No known damage occurred with the tornado.","A powerful storm system moving through the southern Great Plains produced tornadoes, large hail, damaging winds and flooding across parts of Oklahoma and western north Texas on November 7-8, 2011.||The strong storm system generated severe weather including tornadoes, large hail, damaging winds and flooding from the early afternoon of November 7th through the early morning of November 8th. Several supercell thunderstorms developed over southwest Oklahoma during the mid-afternoon hours and moved northeast. One particularly nasty supercell thunderstorm developed over northern Wilbarger county in north Texas. This thunderstorm moved northeast into Tillman county, eventually producing at least eight tornadoes over a five county area. Two of the tornadoes moved near two Oklahoma Mesonet sites, both taking direct hits. The Mesonet site at Tipton measured 86.4 mph before it was destroyed. The Mesonet site near Fort Cobb measured 91.4 mph before it was destroyed. Both sites also recorded significant drops in surface pressure. Other supercells over southwest Oklahoma eventually congealed into a complex of storms and moved east into central Oklahoma. Numerous reports of high winds (92 mph near Clinton, OK) and hail up to golf ball-size were reported. The severe threat transitioned to a heavy rain and high threat after sunset.",139
353599,KIOWA CO.,COOPERTON,11/07/2011,1624,Tornado, ,EF0,0,0,0,0,OK,CST-6, ,58317,C,75,OUN,0,0,NWS Employee, ,0.5,100,13,E,13,E,COOPERTON,11/07/2011,1626,34.907,-98.642,34.907,-98.642,"This brief tornado occurred northeast of Saddle Mountain and just south of State Highway 19. No known damage occurred with the tornado.","A powerful storm system moving through the southern Great Plains produced tornadoes, large hail, damaging winds and flooding across parts of Oklahoma and western north Texas on November 7-8, 2011.||The strong storm system generated severe weather including tornadoes, large hail, damaging winds and flooding from the early afternoon of November 7th through the early morning of November 8th. Several supercell thunderstorms developed over southwest Oklahoma during the mid-afternoon hours and moved northeast. One particularly nasty supercell thunderstorm developed over northern Wilbarger county in north Texas. This thunderstorm moved northeast into Tillman county, eventually producing at least eight tornadoes over a five county area. Two of the tornadoes moved near two Oklahoma Mesonet sites, both taking direct hits. The Mesonet site at Tipton measured 86.4 mph before it was destroyed. The Mesonet site near Fort Cobb measured 91.4 mph before it was destroyed. Both sites also recorded significant drops in surface pressure. Other supercells over southwest Oklahoma eventually congealed into a complex of storms and moved east into central Oklahoma. Numerous reports of high winds (92 mph near Clinton, OK) and hail up to golf ball-size were reported. The severe threat transitioned to a heavy rain and high threat after sunset.",140
349809,CADDO CO.,CARNEGIE,11/07/2011,1640,Tornado, ,EF0,0,0,0,0,OK,CST-6, ,58317,C,15,OUN,0,0,NWS Employee, ,3,150,8,SSE,6,SE,CARNEGIE,11/07/2011,1648,34.9974,-98.5441,35.0364,-98.524,"Several storm spotters observed a tornado southeast of Carnegie. This tornado moved about 3 miles to the northeast, but no reports of damage were received.","A powerful storm system moving through the southern Great Plains produced tornadoes, large hail, damaging winds and flooding across parts of Oklahoma and western north Texas on November 7-8, 2011.||The strong storm system generated severe weather including tornadoes, large hail, damaging winds and flooding from the early afternoon of November 7th through the early morning of November 8th. Several supercell thunderstorms developed over southwest Oklahoma during the mid-afternoon hours and moved northeast. One particularly nasty supercell thunderstorm developed over northern Wilbarger county in north Texas. This thunderstorm moved northeast into Tillman county, eventually producing at least eight tornadoes over a five county area. Two of the tornadoes moved near two Oklahoma Mesonet sites, both taking direct hits. The Mesonet site at Tipton measured 86.4 mph before it was destroyed. The Mesonet site near Fort Cobb measured 91.4 mph before it was destroyed. Both sites also recorded significant drops in surface pressure. Other supercells over southwest Oklahoma eventually congealed into a complex of storms and moved east into central Oklahoma. Numerous reports of high winds (92 mph near Clinton, OK) and hail up to golf ball-size were reported. The severe threat transitioned to a heavy rain and high threat after sunset.",141
349811,CADDO CO.,CARNEGIE,11/07/2011,1651,Tornado, ,EF1,0,0,0,0,OK,CST-6, ,58317,C,15,OUN,0,0,NWS Storm Survey, ,13,400,6,SE,2,WSW,ALBERT,11/07/2011,1717,35.042,-98.523,35.213,-98.447,"Several storm spotters observed a tornado that moved 13 miles from southwest of Fort Cobb to Fort Cobb Lake to SW of Albert.  This tornado was observed to be multiple vortex at times. Near the beginning of the tornado path, a barn and cattle pens were damaged. As the tornado approached Fort Cobb Lake, the Oklahoma Mesonet weather station just south of Fort Cobb Lake reported a wind gust of 91 mph at 5:08 pm CST before a large irrigation pivot from a nearby field knocked the instrument tower down.","A powerful storm system moving through the southern Great Plains produced tornadoes, large hail, damaging winds and flooding across parts of Oklahoma and western north Texas on November 7-8, 2011.||The strong storm system generated severe weather including tornadoes, large hail, damaging winds and flooding from the early afternoon of November 7th through the early morning of November 8th. Several supercell thunderstorms developed over southwest Oklahoma during the mid-afternoon hours and moved northeast. One particularly nasty supercell thunderstorm developed over northern Wilbarger county in north Texas. This thunderstorm moved northeast into Tillman county, eventually producing at least eight tornadoes over a five county area. Two of the tornadoes moved near two Oklahoma Mesonet sites, both taking direct hits. The Mesonet site at Tipton measured 86.4 mph before it was destroyed. The Mesonet site near Fort Cobb measured 91.4 mph before it was destroyed. Both sites also recorded significant drops in surface pressure. Other supercells over southwest Oklahoma eventually congealed into a complex of storms and moved east into central Oklahoma. Numerous reports of high winds (92 mph near Clinton, OK) and hail up to golf ball-size were reported. The severe threat transitioned to a heavy rain and high threat after sunset.",142
353580,MCCLAIN CO.,BLANCHARD,11/07/2011,2247,Tornado, ,EF1,0,0,0,0,OK,CST-6, ,58317,C,87,OUN,0,0,NWS Storm Survey, ,1.6,110,3,NE,5,NE,BLANCHARD,11/07/2011,2249,35.1707,-97.6225,35.1802,-97.5966,"This tornado began northeast of Blanchard, paralleling Highway 62 on the north side. Most of the damage was confined to trees being snapped, with slightly more severe damage as the tornado crossed Highway 62, south of Highway 9. A barn lost most of its roof, with other roof/siding/awning damage to a residence as well. The tornado lifted prior to reaching the H.E. Bailey spur of I-44.","A powerful storm system moving through the southern Great Plains produced tornadoes, large hail, damaging winds and flooding across parts of Oklahoma and western north Texas on November 7-8, 2011.||The strong storm system generated severe weather including tornadoes, large hail, damaging winds and flooding from the early afternoon of November 7th through the early morning of November 8th. Several supercell thunderstorms developed over southwest Oklahoma during the mid-afternoon hours and moved northeast. One particularly nasty supercell thunderstorm developed over northern Wilbarger county in north Texas. This thunderstorm moved northeast into Tillman county, eventually producing at least eight tornadoes over a five county area. Two of the tornadoes moved near two Oklahoma Mesonet sites, both taking direct hits. The Mesonet site at Tipton measured 86.4 mph before it was destroyed. The Mesonet site near Fort Cobb measured 91.4 mph before it was destroyed. Both sites also recorded significant drops in surface pressure. Other supercells over southwest Oklahoma eventually congealed into a complex of storms and moved east into central Oklahoma. Numerous reports of high winds (92 mph near Clinton, OK) and hail up to golf ball-size were reported. The severe threat transitioned to a heavy rain and high threat after sunset.",143
348644,MCCURTAIN CO.,NORTH VALIANT,11/08/2011,1345,Tornado, ,EF1,0,0,25000,0,OK,CST-6, ,58141,C,89,SHV,0,0,NWS Storm Survey, ,6.15,50,4,SW,2,ENE,NORTH VALIANT,11/08/2011,1402,33.9511,-95.1416,34.0146,-95.0663,"The tornado touched down along County Road N4440 where it snapped several trees.  It continued northeast across rural areas lifting a small outbuilding off of its base on County Road D4447 and snapping additional trees and power lines along N4460 and 298.  Two empty train boxcars were blown over off of the railroad tracks just before the tornado crossed US HWY. 70.  The tornado continued to snap trees and limbs as it moved through forested land before lifting just southeast of the intersection of N4480 and N4490.  Maximum winds were estimated at 90 mph.","A potent upper level storm system moved out of the Texas Hill County and into the Southern Plains during the afternoon of November 11th.  Deep layer shear and low level shear was significant enough for supercells and mesocyclones during the afternoon and evening hours across the region given the instability in place.  Discrete storms developed ahead of a strong cold front and some of these storms produced damaging wind gusts, large hail and tornadoes.",144
361106,GREER CO.,REED,03/18/2012,1750,Tornado, ,EF0,0,0,0,0,OK,CST-6, ,60509,C,55,OUN,0,0,Storm Chaser, ,3.85,150,2,E,5,NE,REED,03/18/2012,1804,34.9,-99.6647,34.9512,-99.6376,"The tornado developed just south of State Highway 9 and moved north-northeast. Although it became a well-developed tornado, it produced no known damage.","Supercell thunderstorms developed over the southern Texas panhandle and moved into southwest Oklahoma, with large hail and four tornadoes reported by early evening. The first thunderstorms moved into western portions of north Texas and quickly strengthened to severe levels. large hail was reported as they moved northeast into southwest Oklahoma. As the storms moved into Greer county, the supercells developed strong low level rotation due to the high amounts of low-level wind shear. Four tornadoes developed over Greer and far southeast Beckham counties, but remained over open land and caused no known damage. Other storms developed during the evening hours, but the threat had transitioned to heavy rainfall, large hail, and damaging winds.",145
361107,GREER CO.,BRINKMAN,03/18/2012,1810,Tornado, ,EF0,0,0,0,0,OK,CST-6, ,60509,C,55,OUN,0,0,Storm Chaser, ,0.1,50,3,WSW,3,WSW,BRINKMAN,03/18/2012,1810,34.9934,-99.569,34.9934,-99.569,"The tornado produced no known damage.","Supercell thunderstorms developed over the southern Texas panhandle and moved into southwest Oklahoma, with large hail and four tornadoes reported by early evening. The first thunderstorms moved into western portions of north Texas and quickly strengthened to severe levels. large hail was reported as they moved northeast into southwest Oklahoma. As the storms moved into Greer county, the supercells developed strong low level rotation due to the high amounts of low-level wind shear. Four tornadoes developed over Greer and far southeast Beckham counties, but remained over open land and caused no known damage. Other storms developed during the evening hours, but the threat had transitioned to heavy rainfall, large hail, and damaging winds.",146
361109,GREER CO.,WILLOW,03/18/2012,1827,Tornado, ,EF0,0,0,0,0,OK,CST-6, ,60509,C,55,OUN,0,0,Storm Chaser, ,1.38,75,3,WNW,2,NW,WILLOW,03/18/2012,1830,35.0666,-99.559,35.0705,-99.535,"The tornado produced no known damage.","Supercell thunderstorms developed over the southern Texas panhandle and moved into southwest Oklahoma, with large hail and four tornadoes reported by early evening. The first thunderstorms moved into western portions of north Texas and quickly strengthened to severe levels. large hail was reported as they moved northeast into southwest Oklahoma. As the storms moved into Greer county, the supercells developed strong low level rotation due to the high amounts of low-level wind shear. Four tornadoes developed over Greer and far southeast Beckham counties, but remained over open land and caused no known damage. Other storms developed during the evening hours, but the threat had transitioned to heavy rainfall, large hail, and damaging winds.",147
361113,BECKHAM CO.,CARTER,03/18/2012,1837,Tornado, ,EF0,0,0,0,0,OK,CST-6, ,60509,C,9,OUN,0,0,Storm Chaser, ,1,75,7,SSW,6,SSW,CARTER,03/18/2012,1842,35.1264,-99.5474,35.1465,-99.5373,"The tornado produced no known damage.","Supercell thunderstorms developed over the southern Texas panhandle and moved into southwest Oklahoma, with large hail and four tornadoes reported by early evening. The first thunderstorms moved into western portions of north Texas and quickly strengthened to severe levels. large hail was reported as they moved northeast into southwest Oklahoma. As the storms moved into Greer county, the supercells developed strong low level rotation due to the high amounts of low-level wind shear. Four tornadoes developed over Greer and far southeast Beckham counties, but remained over open land and caused no known damage. Other storms developed during the evening hours, but the threat had transitioned to heavy rainfall, large hail, and damaging winds.",148
373099,SEQUOYAH CO.,VIAN,03/19/2012,1920,Tornado, ,EF0,0,0,0,0,OK,CST-6, ,61854,C,135,TSA,0,0,Storm Chaser, ,0.1,50,2,NW,2,NW,VIAN,03/19/2012,1920,35.5205,-94.9951,35.5205,-94.9951,"A storm chaser observed a brief tornado over open country. It produced no known damage.","Strong to severe thunderstorms developed along a cold front that pushed into the region during the midday hours of the 19th. The thunderstorms evolved into a line as they pushed eastward and produced damaging wind, large hail and a brief tornado over eastern Oklahoma. The slow moving nature of the complex also resulted in widespread flash flooding across the region.",149
379499,WOODWARD CO.,WOODWARD,04/09/2012,1623,Tornado, ,EF0,0,0,0,0,OK,CST-6, ,62007,C,153,OUN,0,0,Storm Chaser, ,0.1,30,3,SSW,3,SSW,WOODWARD,04/09/2012,1623,36.3899,-99.4107,36.3899,-99.4107,"A number of storm chasers reported a tornado approximately 3 miles south-southwest of Woodward. No known damage occurred and the location is estimated.","Supercell thunderstorms developed over northwest Oklahoma during the mid-afternoon hours and moved southeast through the evening hours. Hail up to softball-size was reported over many areas of Woodward county. In addition, several weak tornadoes occurred near and south of Woodward, OK. The tornadoes were brief in duration, although one did produce some damage east of Sharon, OK. The more extensive damage occurred with the very large hail that ravaged most of the city of Woodward. The hail shattered numerous automobile and building windows, some of which caused injuries. Two injuries occurred as hail busted through car windows. Another injury occurred to a girl that was closing her storm shelter. She broke her wrist after being struck by tennis ball-size hail. The Mesonet site located 2 miles south-southwest of Woodward recorded an interesting drop in pressure as the supercell tornado moved nearby. The storms moved southeast with large hail becoming primary threat as they moved over Clinton, OK. Other thunderstorms developed over the Texas panhandle and moved into far southwest Oklahoma and adjacent portions of western north Texas. These storms moved over mainly rural areas of Hardeman Foard counties, with large hail likely occurring and wind gusts over 60 mph.",150
379505,WOODWARD CO.,WOODWARD,04/09/2012,1635,Tornado, ,EF1,0,0,0,0,OK,CST-6, ,62007,C,153,OUN,0,0,Emergency Manager, ,0.2,100,5,S,5,S,WOODWARD,04/09/2012,1635,36.3568,-99.3722,36.3568,-99.3722,"A tornado was observed by spotters and storm chasers south of Woodward. A camper was rolled over, trees were uprooted and light damage occurred to a building.","Supercell thunderstorms developed over northwest Oklahoma during the mid-afternoon hours and moved southeast through the evening hours. Hail up to softball-size was reported over many areas of Woodward county. In addition, several weak tornadoes occurred near and south of Woodward, OK. The tornadoes were brief in duration, although one did produce some damage east of Sharon, OK. The more extensive damage occurred with the very large hail that ravaged most of the city of Woodward. The hail shattered numerous automobile and building windows, some of which caused injuries. Two injuries occurred as hail busted through car windows. Another injury occurred to a girl that was closing her storm shelter. She broke her wrist after being struck by tennis ball-size hail. The Mesonet site located 2 miles south-southwest of Woodward recorded an interesting drop in pressure as the supercell tornado moved nearby. The storms moved southeast with large hail becoming primary threat as they moved over Clinton, OK. Other thunderstorms developed over the Texas panhandle and moved into far southwest Oklahoma and adjacent portions of western north Texas. These storms moved over mainly rural areas of Hardeman Foard counties, with large hail likely occurring and wind gusts over 60 mph.",151
379508,WOODWARD CO.,SHARON,04/09/2012,1645,Tornado, ,EF0,0,0,0,0,OK,CST-6, ,62007,C,153,OUN,0,0,Storm Chaser, ,0.2,200,5,NNW,5,NNW,SHARON,04/09/2012,1645,36.3498,-99.3638,36.3498,-99.3638,"Emergency management and a storm chaser reported a multiple-vortex tornado between Woodward and Sharon. No known damage occurred and the location of this tornado is estimated.","Supercell thunderstorms developed over northwest Oklahoma during the mid-afternoon hours and moved southeast through the evening hours. Hail up to softball-size was reported over many areas of Woodward county. In addition, several weak tornadoes occurred near and south of Woodward, OK. The tornadoes were brief in duration, although one did produce some damage east of Sharon, OK. The more extensive damage occurred with the very large hail that ravaged most of the city of Woodward. The hail shattered numerous automobile and building windows, some of which caused injuries. Two injuries occurred as hail busted through car windows. Another injury occurred to a girl that was closing her storm shelter. She broke her wrist after being struck by tennis ball-size hail. The Mesonet site located 2 miles south-southwest of Woodward recorded an interesting drop in pressure as the supercell tornado moved nearby. The storms moved southeast with large hail becoming primary threat as they moved over Clinton, OK. Other thunderstorms developed over the Texas panhandle and moved into far southwest Oklahoma and adjacent portions of western north Texas. These storms moved over mainly rural areas of Hardeman Foard counties, with large hail likely occurring and wind gusts over 60 mph.",152
379509,WOODWARD CO.,SHARON,04/09/2012,1656,Tornado, ,EF0,0,0,0,0,OK,CST-6, ,62007,C,153,OUN,0,0,Storm Chaser, ,0.2,200,1,NE,1,NE,SHARON,04/09/2012,1656,36.2902,-99.3273,36.2902,-99.3273,"A storm spotter reported a tornado just NE of Sharon. No damage is known to have occurred and the location is estimated.","Supercell thunderstorms developed over northwest Oklahoma during the mid-afternoon hours and moved southeast through the evening hours. Hail up to softball-size was reported over many areas of Woodward county. In addition, several weak tornadoes occurred near and south of Woodward, OK. The tornadoes were brief in duration, although one did produce some damage east of Sharon, OK. The more extensive damage occurred with the very large hail that ravaged most of the city of Woodward. The hail shattered numerous automobile and building windows, some of which caused injuries. Two injuries occurred as hail busted through car windows. Another injury occurred to a girl that was closing her storm shelter. She broke her wrist after being struck by tennis ball-size hail. The Mesonet site located 2 miles south-southwest of Woodward recorded an interesting drop in pressure as the supercell tornado moved nearby. The storms moved southeast with large hail becoming primary threat as they moved over Clinton, OK. Other thunderstorms developed over the Texas panhandle and moved into far southwest Oklahoma and adjacent portions of western north Texas. These storms moved over mainly rural areas of Hardeman Foard counties, with large hail likely occurring and wind gusts over 60 mph.",153
370942,WOODWARD CO.,SHARON,04/09/2012,1706,Tornado, ,EF1,0,0,5000,0,OK,CST-6, ,62007,C,153,OUN,0,0,Emergency Manager, ,0.2,200,4,ESE,4,ESE,SHARON,04/09/2012,1706,36.2686,-99.2726,36.2686,-99.2726,"Numerous sources reported a tornado that developed east-southeast of Sharon. A 20x40 foot metal shed was destroyed and a roof was partially detached from a home.","Supercell thunderstorms developed over northwest Oklahoma during the mid-afternoon hours and moved southeast through the evening hours. Hail up to softball-size was reported over many areas of Woodward county. In addition, several weak tornadoes occurred near and south of Woodward, OK. The tornadoes were brief in duration, although one did produce some damage east of Sharon, OK. The more extensive damage occurred with the very large hail that ravaged most of the city of Woodward. The hail shattered numerous automobile and building windows, some of which caused injuries. Two injuries occurred as hail busted through car windows. Another injury occurred to a girl that was closing her storm shelter. She broke her wrist after being struck by tennis ball-size hail. The Mesonet site located 2 miles south-southwest of Woodward recorded an interesting drop in pressure as the supercell tornado moved nearby. The storms moved southeast with large hail becoming primary threat as they moved over Clinton, OK. Other thunderstorms developed over the Texas panhandle and moved into far southwest Oklahoma and adjacent portions of western north Texas. These storms moved over mainly rural areas of Hardeman Foard counties, with large hail likely occurring and wind gusts over 60 mph.",154
379497,WOODWARD CO.,MUTUAL,04/09/2012,1727,Tornado, ,EF0,0,0,0,0,OK,CST-6, ,62007,C,153,OUN,0,0,Emergency Manager, ,0.1,50,1,SW,1,SW,MUTUAL,04/09/2012,1727,36.2198,-99.1827,36.2198,-99.1827,"Emergency management and a storm chaser video showed a tornado about 1 miles southwest of Mutual. No damage was known to occur and the location is estimated.","Supercell thunderstorms developed over northwest Oklahoma during the mid-afternoon hours and moved southeast through the evening hours. Hail up to softball-size was reported over many areas of Woodward county. In addition, several weak tornadoes occurred near and south of Woodward, OK. The tornadoes were brief in duration, although one did produce some damage east of Sharon, OK. The more extensive damage occurred with the very large hail that ravaged most of the city of Woodward. The hail shattered numerous automobile and building windows, some of which caused injuries. Two injuries occurred as hail busted through car windows. Another injury occurred to a girl that was closing her storm shelter. She broke her wrist after being struck by tennis ball-size hail. The Mesonet site located 2 miles south-southwest of Woodward recorded an interesting drop in pressure as the supercell tornado moved nearby. The storms moved southeast with large hail becoming primary threat as they moved over Clinton, OK. Other thunderstorms developed over the Texas panhandle and moved into far southwest Oklahoma and adjacent portions of western north Texas. These storms moved over mainly rural areas of Hardeman Foard counties, with large hail likely occurring and wind gusts over 60 mph.",155
378463,MCCLAIN CO.,GOLDSBY,04/13/2012,1459,Tornado, ,EF0,0,0,0,0,OK,CST-6, ,62012,C,87,OUN,0,0,NWS Storm Survey, ,1,200,4,NNW,4,NNW,GOLDSBY,04/13/2012,1500,35.1991,-97.5188,35.202,-97.5021,"This tornado developed just west of the Canadian River, with minor tree damage reported. The tornado continued into Cleveland county.","A severe weather event began during the early afternoon hours of Friday, April 13, 2012, and lasted through the early morning hours of Saturday, April 14, 2012. Around a dozen tornadoes, as well as large hail, and strong wind gusts were produced by the numerous thunderstorms that occurred during this event. Much of the severe weather occurred in parts of southwestern and central Oklahoma. However, thunderstorms did develop in other portions of Oklahoma as well during the event.||A moist airmass had been in place over much of the region for several days prior to April 13th, and several rounds of showers and thunderstorms had occurred during this period. On Friday, April 13th, a dryline and weak frontal boundary moved into the area extending from near southwestern and west central Oklahoma then northeast into north central Oklahoma by the early afternoon hours. The first storms developed in parts of southwestern Oklahoma and west Texas. However, it was several hours before the first tornado occurred. In fact, the potential for tornadoes increased during the early evening hours of April 13th as the low level jet (strong winds just above the surface) became stronger.||The first tornadic activity of the day occurred in central Oklahoma as a tornado touched down just southwest of Norman at 3:59 pm CDT, and then moved east-northeast through the heart of that city shortly after 4:00 pm CDT. This tornado was eventually rated an EF-1 as it damaged many businesses and homes, and numerous trees and power lines were also downed. No fatalities were reported with this rush hour tornado, but 20 injuries were reported. The same parent supercell thunderstorm that produced the Norman tornado also spawned a brief, weak tornado in Pottawatomie County 6 miles northwest of Shawnee, OK.||Meanwhile, supercell thunderstorms continued to develop in southwestern Oklahoma. Nine tornadoes occurred in this area with 3, and possibly 4 tornadoes occurring at one time with a storm near Cooperton, OK in Kiowa County during the evening of April 13th. Two tornadoes were also reported near Blair, OK in Jackson County, and 3 tornadoes were observed near Carnegie, OK in Caddo County.|Large hail and strong wind gusts was also reported with these severe thunderstorms. The largest hail reported was 3 inches in diameter and fell in an area 12 miles south of Sayre, OK. Several wind gusts to 70 mph were also reported.||Approximately 12 tornadoes occurred during this severe weather event. Fortunately, no fatalities or major injuries were reported with these tornadoes.",156
378464,CLEVELAND CO.,NORMAN,04/13/2012,1500,Tornado, ,EF1,0,0,0,0,OK,CST-6, ,62012,C,27,OUN,20,0,NWS Storm Survey, ,5,600,4,WSW,1,NE,NORMAN,04/13/2012,1512,35.202,-97.5021,35.2299,-97.4261,"This tornado moved across the Canadian River into Cleveland County and southwest Norman. The tornado moved east-northeast through the heart of Norman. Numerous trees and power lines were blown down. Minor roof damage was also reported at a number of locations along the path. The higher degree of damage occurred near I-35, and also between Lahoma and Peters Avenues north of Main Street. The tornado finally dissipated just south of NE 12th and Robinson Street.","A severe weather event began during the early afternoon hours of Friday, April 13, 2012, and lasted through the early morning hours of Saturday, April 14, 2012. Around a dozen tornadoes, as well as large hail, and strong wind gusts were produced by the numerous thunderstorms that occurred during this event. Much of the severe weather occurred in parts of southwestern and central Oklahoma. However, thunderstorms did develop in other portions of Oklahoma as well during the event.||A moist airmass had been in place over much of the region for several days prior to April 13th, and several rounds of showers and thunderstorms had occurred during this period. On Friday, April 13th, a dryline and weak frontal boundary moved into the area extending from near southwestern and west central Oklahoma then northeast into north central Oklahoma by the early afternoon hours. The first storms developed in parts of southwestern Oklahoma and west Texas. However, it was several hours before the first tornado occurred. In fact, the potential for tornadoes increased during the early evening hours of April 13th as the low level jet (strong winds just above the surface) became stronger.||The first tornadic activity of the day occurred in central Oklahoma as a tornado touched down just southwest of Norman at 3:59 pm CDT, and then moved east-northeast through the heart of that city shortly after 4:00 pm CDT. This tornado was eventually rated an EF-1 as it damaged many businesses and homes, and numerous trees and power lines were also downed. No fatalities were reported with this rush hour tornado, but 20 injuries were reported. The same parent supercell thunderstorm that produced the Norman tornado also spawned a brief, weak tornado in Pottawatomie County 6 miles northwest of Shawnee, OK.||Meanwhile, supercell thunderstorms continued to develop in southwestern Oklahoma. Nine tornadoes occurred in this area with 3, and possibly 4 tornadoes occurring at one time with a storm near Cooperton, OK in Kiowa County during the evening of April 13th. Two tornadoes were also reported near Blair, OK in Jackson County, and 3 tornadoes were observed near Carnegie, OK in Caddo County.|Large hail and strong wind gusts was also reported with these severe thunderstorms. The largest hail reported was 3 inches in diameter and fell in an area 12 miles south of Sayre, OK. Several wind gusts to 70 mph were also reported.||Approximately 12 tornadoes occurred during this severe weather event. Fortunately, no fatalities or major injuries were reported with these tornadoes.",157
378642,POTTAWATOMIE CO.,DALE,04/13/2012,1624,Tornado, ,EF0,0,0,0,0,OK,CST-6, ,62012,C,125,OUN,0,0,Emergency Manager, ,0.2,20,3,E,3,E,DALE,04/13/2012,1624,35.39,-96.9967,35.39,-96.9967,"This brief tornado developed just northeast of the intersection of Interstate 35 and state highway 270. A small outbuilding was damaged.","A severe weather event began during the early afternoon hours of Friday, April 13, 2012, and lasted through the early morning hours of Saturday, April 14, 2012. Around a dozen tornadoes, as well as large hail, and strong wind gusts were produced by the numerous thunderstorms that occurred during this event. Much of the severe weather occurred in parts of southwestern and central Oklahoma. However, thunderstorms did develop in other portions of Oklahoma as well during the event.||A moist airmass had been in place over much of the region for several days prior to April 13th, and several rounds of showers and thunderstorms had occurred during this period. On Friday, April 13th, a dryline and weak frontal boundary moved into the area extending from near southwestern and west central Oklahoma then northeast into north central Oklahoma by the early afternoon hours. The first storms developed in parts of southwestern Oklahoma and west Texas. However, it was several hours before the first tornado occurred. In fact, the potential for tornadoes increased during the early evening hours of April 13th as the low level jet (strong winds just above the surface) became stronger.||The first tornadic activity of the day occurred in central Oklahoma as a tornado touched down just southwest of Norman at 3:59 pm CDT, and then moved east-northeast through the heart of that city shortly after 4:00 pm CDT. This tornado was eventually rated an EF-1 as it damaged many businesses and homes, and numerous trees and power lines were also downed. No fatalities were reported with this rush hour tornado, but 20 injuries were reported. The same parent supercell thunderstorm that produced the Norman tornado also spawned a brief, weak tornado in Pottawatomie County 6 miles northwest of Shawnee, OK.||Meanwhile, supercell thunderstorms continued to develop in southwestern Oklahoma. Nine tornadoes occurred in this area with 3, and possibly 4 tornadoes occurring at one time with a storm near Cooperton, OK in Kiowa County during the evening of April 13th. Two tornadoes were also reported near Blair, OK in Jackson County, and 3 tornadoes were observed near Carnegie, OK in Caddo County.|Large hail and strong wind gusts was also reported with these severe thunderstorms. The largest hail reported was 3 inches in diameter and fell in an area 12 miles south of Sayre, OK. Several wind gusts to 70 mph were also reported.||Approximately 12 tornadoes occurred during this severe weather event. Fortunately, no fatalities or major injuries were reported with these tornadoes.",158
378469,JACKSON CO.,BLAIR,04/13/2012,1710,Tornado, ,EF0,0,0,0,0,OK,CST-6, ,62012,C,65,OUN,0,0,Storm Chaser, ,0.5,25,2,SE,2,SE,BLAIR,04/13/2012,1712,34.7595,-99.3051,34.7595,-99.3051,"Storm chasers reported a brief tornado southeast of Blair. No damage is known to have occurred.","A severe weather event began during the early afternoon hours of Friday, April 13, 2012, and lasted through the early morning hours of Saturday, April 14, 2012. Around a dozen tornadoes, as well as large hail, and strong wind gusts were produced by the numerous thunderstorms that occurred during this event. Much of the severe weather occurred in parts of southwestern and central Oklahoma. However, thunderstorms did develop in other portions of Oklahoma as well during the event.||A moist airmass had been in place over much of the region for several days prior to April 13th, and several rounds of showers and thunderstorms had occurred during this period. On Friday, April 13th, a dryline and weak frontal boundary moved into the area extending from near southwestern and west central Oklahoma then northeast into north central Oklahoma by the early afternoon hours. The first storms developed in parts of southwestern Oklahoma and west Texas. However, it was several hours before the first tornado occurred. In fact, the potential for tornadoes increased during the early evening hours of April 13th as the low level jet (strong winds just above the surface) became stronger.||The first tornadic activity of the day occurred in central Oklahoma as a tornado touched down just southwest of Norman at 3:59 pm CDT, and then moved east-northeast through the heart of that city shortly after 4:00 pm CDT. This tornado was eventually rated an EF-1 as it damaged many businesses and homes, and numerous trees and power lines were also downed. No fatalities were reported with this rush hour tornado, but 20 injuries were reported. The same parent supercell thunderstorm that produced the Norman tornado also spawned a brief, weak tornado in Pottawatomie County 6 miles northwest of Shawnee, OK.||Meanwhile, supercell thunderstorms continued to develop in southwestern Oklahoma. Nine tornadoes occurred in this area with 3, and possibly 4 tornadoes occurring at one time with a storm near Cooperton, OK in Kiowa County during the evening of April 13th. Two tornadoes were also reported near Blair, OK in Jackson County, and 3 tornadoes were observed near Carnegie, OK in Caddo County.|Large hail and strong wind gusts was also reported with these severe thunderstorms. The largest hail reported was 3 inches in diameter and fell in an area 12 miles south of Sayre, OK. Several wind gusts to 70 mph were also reported.||Approximately 12 tornadoes occurred during this severe weather event. Fortunately, no fatalities or major injuries were reported with these tornadoes.",159
378471,JACKSON CO.,BLAIR,04/13/2012,1714,Tornado, ,EF0,0,0,0,0,OK,CST-6, ,62012,C,65,OUN,0,0,Storm Chaser, ,0.5,25,3,SE,3,SE,BLAIR,04/13/2012,1716,34.7493,-99.2926,34.7493,-99.2926,"Storm chasers reported another brief tornado southeast of Blair. This tornado produced no known damage.","A severe weather event began during the early afternoon hours of Friday, April 13, 2012, and lasted through the early morning hours of Saturday, April 14, 2012. Around a dozen tornadoes, as well as large hail, and strong wind gusts were produced by the numerous thunderstorms that occurred during this event. Much of the severe weather occurred in parts of southwestern and central Oklahoma. However, thunderstorms did develop in other portions of Oklahoma as well during the event.||A moist airmass had been in place over much of the region for several days prior to April 13th, and several rounds of showers and thunderstorms had occurred during this period. On Friday, April 13th, a dryline and weak frontal boundary moved into the area extending from near southwestern and west central Oklahoma then northeast into north central Oklahoma by the early afternoon hours. The first storms developed in parts of southwestern Oklahoma and west Texas. However, it was several hours before the first tornado occurred. In fact, the potential for tornadoes increased during the early evening hours of April 13th as the low level jet (strong winds just above the surface) became stronger.||The first tornadic activity of the day occurred in central Oklahoma as a tornado touched down just southwest of Norman at 3:59 pm CDT, and then moved east-northeast through the heart of that city shortly after 4:00 pm CDT. This tornado was eventually rated an EF-1 as it damaged many businesses and homes, and numerous trees and power lines were also downed. No fatalities were reported with this rush hour tornado, but 20 injuries were reported. The same parent supercell thunderstorm that produced the Norman tornado also spawned a brief, weak tornado in Pottawatomie County 6 miles northwest of Shawnee, OK.||Meanwhile, supercell thunderstorms continued to develop in southwestern Oklahoma. Nine tornadoes occurred in this area with 3, and possibly 4 tornadoes occurring at one time with a storm near Cooperton, OK in Kiowa County during the evening of April 13th. Two tornadoes were also reported near Blair, OK in Jackson County, and 3 tornadoes were observed near Carnegie, OK in Caddo County.|Large hail and strong wind gusts was also reported with these severe thunderstorms. The largest hail reported was 3 inches in diameter and fell in an area 12 miles south of Sayre, OK. Several wind gusts to 70 mph were also reported.||Approximately 12 tornadoes occurred during this severe weather event. Fortunately, no fatalities or major injuries were reported with these tornadoes.",160
379512,JACKSON CO.,BLAIR,04/13/2012,1730,Tornado, ,EF0,0,0,0,0,OK,CST-6, ,62012,C,65,OUN,0,0,Storm Chaser, ,2,400,7,E,9,E,BLAIR,04/13/2012,1735,34.78,-99.2067,34.78,-99.1714,"Storm chasers reported a tornado east of Blair and just south of state highway 19. The tornado produced no known damage.","A severe weather event began during the early afternoon hours of Friday, April 13, 2012, and lasted through the early morning hours of Saturday, April 14, 2012. Around a dozen tornadoes, as well as large hail, and strong wind gusts were produced by the numerous thunderstorms that occurred during this event. Much of the severe weather occurred in parts of southwestern and central Oklahoma. However, thunderstorms did develop in other portions of Oklahoma as well during the event.||A moist airmass had been in place over much of the region for several days prior to April 13th, and several rounds of showers and thunderstorms had occurred during this period. On Friday, April 13th, a dryline and weak frontal boundary moved into the area extending from near southwestern and west central Oklahoma then northeast into north central Oklahoma by the early afternoon hours. The first storms developed in parts of southwestern Oklahoma and west Texas. However, it was several hours before the first tornado occurred. In fact, the potential for tornadoes increased during the early evening hours of April 13th as the low level jet (strong winds just above the surface) became stronger.||The first tornadic activity of the day occurred in central Oklahoma as a tornado touched down just southwest of Norman at 3:59 pm CDT, and then moved east-northeast through the heart of that city shortly after 4:00 pm CDT. This tornado was eventually rated an EF-1 as it damaged many businesses and homes, and numerous trees and power lines were also downed. No fatalities were reported with this rush hour tornado, but 20 injuries were reported. The same parent supercell thunderstorm that produced the Norman tornado also spawned a brief, weak tornado in Pottawatomie County 6 miles northwest of Shawnee, OK.||Meanwhile, supercell thunderstorms continued to develop in southwestern Oklahoma. Nine tornadoes occurred in this area with 3, and possibly 4 tornadoes occurring at one time with a storm near Cooperton, OK in Kiowa County during the evening of April 13th. Two tornadoes were also reported near Blair, OK in Jackson County, and 3 tornadoes were observed near Carnegie, OK in Caddo County.|Large hail and strong wind gusts was also reported with these severe thunderstorms. The largest hail reported was 3 inches in diameter and fell in an area 12 miles south of Sayre, OK. Several wind gusts to 70 mph were also reported.||Approximately 12 tornadoes occurred during this severe weather event. Fortunately, no fatalities or major injuries were reported with these tornadoes.",161
378472,KIOWA CO.,COOPERTON,04/13/2012,1825,Tornado, ,EF0,0,0,0,0,OK,CST-6, ,62012,C,75,OUN,0,0,NWS Employee, ,0.5,300,1,SE,1,SE,COOPERTON,04/13/2012,1827,34.8598,-98.8575,34.8598,-98.8575,"An off-duty NWS employee observed this tornado just southeast of Cooperton for a couple of minutes but is not known to have produced any damage. The specific location is estimated.","A severe weather event began during the early afternoon hours of Friday, April 13, 2012, and lasted through the early morning hours of Saturday, April 14, 2012. Around a dozen tornadoes, as well as large hail, and strong wind gusts were produced by the numerous thunderstorms that occurred during this event. Much of the severe weather occurred in parts of southwestern and central Oklahoma. However, thunderstorms did develop in other portions of Oklahoma as well during the event.||A moist airmass had been in place over much of the region for several days prior to April 13th, and several rounds of showers and thunderstorms had occurred during this period. On Friday, April 13th, a dryline and weak frontal boundary moved into the area extending from near southwestern and west central Oklahoma then northeast into north central Oklahoma by the early afternoon hours. The first storms developed in parts of southwestern Oklahoma and west Texas. However, it was several hours before the first tornado occurred. In fact, the potential for tornadoes increased during the early evening hours of April 13th as the low level jet (strong winds just above the surface) became stronger.||The first tornadic activity of the day occurred in central Oklahoma as a tornado touched down just southwest of Norman at 3:59 pm CDT, and then moved east-northeast through the heart of that city shortly after 4:00 pm CDT. This tornado was eventually rated an EF-1 as it damaged many businesses and homes, and numerous trees and power lines were also downed. No fatalities were reported with this rush hour tornado, but 20 injuries were reported. The same parent supercell thunderstorm that produced the Norman tornado also spawned a brief, weak tornado in Pottawatomie County 6 miles northwest of Shawnee, OK.||Meanwhile, supercell thunderstorms continued to develop in southwestern Oklahoma. Nine tornadoes occurred in this area with 3, and possibly 4 tornadoes occurring at one time with a storm near Cooperton, OK in Kiowa County during the evening of April 13th. Two tornadoes were also reported near Blair, OK in Jackson County, and 3 tornadoes were observed near Carnegie, OK in Caddo County.|Large hail and strong wind gusts was also reported with these severe thunderstorms. The largest hail reported was 3 inches in diameter and fell in an area 12 miles south of Sayre, OK. Several wind gusts to 70 mph were also reported.||Approximately 12 tornadoes occurred during this severe weather event. Fortunately, no fatalities or major injuries were reported with these tornadoes.",162
378473,KIOWA CO.,COOPERTON,04/13/2012,1827,Tornado, ,EF0,0,0,0,0,OK,CST-6, ,62012,C,75,OUN,0,0,NWS Employee, ,0.2,100,1,S,1,S,COOPERTON,04/13/2012,1827,34.8555,-98.87,34.8555,-98.87,"This tornado occurred simultaneously to the end of another tornado south of Cooperton. This tornado produced no known damage and the location is estimated.","A severe weather event began during the early afternoon hours of Friday, April 13, 2012, and lasted through the early morning hours of Saturday, April 14, 2012. Around a dozen tornadoes, as well as large hail, and strong wind gusts were produced by the numerous thunderstorms that occurred during this event. Much of the severe weather occurred in parts of southwestern and central Oklahoma. However, thunderstorms did develop in other portions of Oklahoma as well during the event.||A moist airmass had been in place over much of the region for several days prior to April 13th, and several rounds of showers and thunderstorms had occurred during this period. On Friday, April 13th, a dryline and weak frontal boundary moved into the area extending from near southwestern and west central Oklahoma then northeast into north central Oklahoma by the early afternoon hours. The first storms developed in parts of southwestern Oklahoma and west Texas. However, it was several hours before the first tornado occurred. In fact, the potential for tornadoes increased during the early evening hours of April 13th as the low level jet (strong winds just above the surface) became stronger.||The first tornadic activity of the day occurred in central Oklahoma as a tornado touched down just southwest of Norman at 3:59 pm CDT, and then moved east-northeast through the heart of that city shortly after 4:00 pm CDT. This tornado was eventually rated an EF-1 as it damaged many businesses and homes, and numerous trees and power lines were also downed. No fatalities were reported with this rush hour tornado, but 20 injuries were reported. The same parent supercell thunderstorm that produced the Norman tornado also spawned a brief, weak tornado in Pottawatomie County 6 miles northwest of Shawnee, OK.||Meanwhile, supercell thunderstorms continued to develop in southwestern Oklahoma. Nine tornadoes occurred in this area with 3, and possibly 4 tornadoes occurring at one time with a storm near Cooperton, OK in Kiowa County during the evening of April 13th. Two tornadoes were also reported near Blair, OK in Jackson County, and 3 tornadoes were observed near Carnegie, OK in Caddo County.|Large hail and strong wind gusts was also reported with these severe thunderstorms. The largest hail reported was 3 inches in diameter and fell in an area 12 miles south of Sayre, OK. Several wind gusts to 70 mph were also reported.||Approximately 12 tornadoes occurred during this severe weather event. Fortunately, no fatalities or major injuries were reported with these tornadoes.",163
378474,KIOWA CO.,COOPERTON,04/13/2012,1828,Tornado, ,EF1,0,0,0,0,OK,CST-6, ,62012,C,75,OUN,0,0,NWS Employee, ,5,500,2,SW,3,E,COOPERTON,04/13/2012,1833,34.8495,-98.8949,34.87,-98.8259,"Just after the dissipation of two other tornadoes near Cooperton, storm chasers reported a third tornado developed about 2 miles southwest of Cooperton. This large tornado initially moved southeast before crossing state highway 54, then turned northeast. Some damage occurred to a roof and a silo.","A severe weather event began during the early afternoon hours of Friday, April 13, 2012, and lasted through the early morning hours of Saturday, April 14, 2012. Around a dozen tornadoes, as well as large hail, and strong wind gusts were produced by the numerous thunderstorms that occurred during this event. Much of the severe weather occurred in parts of southwestern and central Oklahoma. However, thunderstorms did develop in other portions of Oklahoma as well during the event.||A moist airmass had been in place over much of the region for several days prior to April 13th, and several rounds of showers and thunderstorms had occurred during this period. On Friday, April 13th, a dryline and weak frontal boundary moved into the area extending from near southwestern and west central Oklahoma then northeast into north central Oklahoma by the early afternoon hours. The first storms developed in parts of southwestern Oklahoma and west Texas. However, it was several hours before the first tornado occurred. In fact, the potential for tornadoes increased during the early evening hours of April 13th as the low level jet (strong winds just above the surface) became stronger.||The first tornadic activity of the day occurred in central Oklahoma as a tornado touched down just southwest of Norman at 3:59 pm CDT, and then moved east-northeast through the heart of that city shortly after 4:00 pm CDT. This tornado was eventually rated an EF-1 as it damaged many businesses and homes, and numerous trees and power lines were also downed. No fatalities were reported with this rush hour tornado, but 20 injuries were reported. The same parent supercell thunderstorm that produced the Norman tornado also spawned a brief, weak tornado in Pottawatomie County 6 miles northwest of Shawnee, OK.||Meanwhile, supercell thunderstorms continued to develop in southwestern Oklahoma. Nine tornadoes occurred in this area with 3, and possibly 4 tornadoes occurring at one time with a storm near Cooperton, OK in Kiowa County during the evening of April 13th. Two tornadoes were also reported near Blair, OK in Jackson County, and 3 tornadoes were observed near Carnegie, OK in Caddo County.|Large hail and strong wind gusts was also reported with these severe thunderstorms. The largest hail reported was 3 inches in diameter and fell in an area 12 miles south of Sayre, OK. Several wind gusts to 70 mph were also reported.||Approximately 12 tornadoes occurred during this severe weather event. Fortunately, no fatalities or major injuries were reported with these tornadoes.",164
378477,KIOWA CO.,COOPERTON,04/13/2012,1852,Tornado, ,EF0,0,0,0,0,OK,CST-6, ,62012,C,75,OUN,0,0,Storm Chaser, ,6,500,6,ENE,11,NE,COOPERTON,04/13/2012,1912,34.9032,-98.7722,34.9775,-98.7389,"A large tornado developed east-northeast of Cooperton and moved north-northeast. Despite the large width, no damage was reported with this tornado and the specific location is estimated.","A severe weather event began during the early afternoon hours of Friday, April 13, 2012, and lasted through the early morning hours of Saturday, April 14, 2012. Around a dozen tornadoes, as well as large hail, and strong wind gusts were produced by the numerous thunderstorms that occurred during this event. Much of the severe weather occurred in parts of southwestern and central Oklahoma. However, thunderstorms did develop in other portions of Oklahoma as well during the event.||A moist airmass had been in place over much of the region for several days prior to April 13th, and several rounds of showers and thunderstorms had occurred during this period. On Friday, April 13th, a dryline and weak frontal boundary moved into the area extending from near southwestern and west central Oklahoma then northeast into north central Oklahoma by the early afternoon hours. The first storms developed in parts of southwestern Oklahoma and west Texas. However, it was several hours before the first tornado occurred. In fact, the potential for tornadoes increased during the early evening hours of April 13th as the low level jet (strong winds just above the surface) became stronger.||The first tornadic activity of the day occurred in central Oklahoma as a tornado touched down just southwest of Norman at 3:59 pm CDT, and then moved east-northeast through the heart of that city shortly after 4:00 pm CDT. This tornado was eventually rated an EF-1 as it damaged many businesses and homes, and numerous trees and power lines were also downed. No fatalities were reported with this rush hour tornado, but 20 injuries were reported. The same parent supercell thunderstorm that produced the Norman tornado also spawned a brief, weak tornado in Pottawatomie County 6 miles northwest of Shawnee, OK.||Meanwhile, supercell thunderstorms continued to develop in southwestern Oklahoma. Nine tornadoes occurred in this area with 3, and possibly 4 tornadoes occurring at one time with a storm near Cooperton, OK in Kiowa County during the evening of April 13th. Two tornadoes were also reported near Blair, OK in Jackson County, and 3 tornadoes were observed near Carnegie, OK in Caddo County.|Large hail and strong wind gusts was also reported with these severe thunderstorms. The largest hail reported was 3 inches in diameter and fell in an area 12 miles south of Sayre, OK. Several wind gusts to 70 mph were also reported.||Approximately 12 tornadoes occurred during this severe weather event. Fortunately, no fatalities or major injuries were reported with these tornadoes.",165
378479,CADDO CO.,CARNEGIE,04/13/2012,1936,Tornado, ,EF0,0,0,0,0,OK,CST-6, ,62012,C,15,OUN,0,0,NWS Employee, ,2,50,3,S,3,SE,CARNEGIE,04/13/2012,1938,35.0566,-98.6,35.0744,-98.5687,"A tornado was observed south of Carnegie and east of state highway 58. The tornado produced no known damage and the location is estimated.","A severe weather event began during the early afternoon hours of Friday, April 13, 2012, and lasted through the early morning hours of Saturday, April 14, 2012. Around a dozen tornadoes, as well as large hail, and strong wind gusts were produced by the numerous thunderstorms that occurred during this event. Much of the severe weather occurred in parts of southwestern and central Oklahoma. However, thunderstorms did develop in other portions of Oklahoma as well during the event.||A moist airmass had been in place over much of the region for several days prior to April 13th, and several rounds of showers and thunderstorms had occurred during this period. On Friday, April 13th, a dryline and weak frontal boundary moved into the area extending from near southwestern and west central Oklahoma then northeast into north central Oklahoma by the early afternoon hours. The first storms developed in parts of southwestern Oklahoma and west Texas. However, it was several hours before the first tornado occurred. In fact, the potential for tornadoes increased during the early evening hours of April 13th as the low level jet (strong winds just above the surface) became stronger.||The first tornadic activity of the day occurred in central Oklahoma as a tornado touched down just southwest of Norman at 3:59 pm CDT, and then moved east-northeast through the heart of that city shortly after 4:00 pm CDT. This tornado was eventually rated an EF-1 as it damaged many businesses and homes, and numerous trees and power lines were also downed. No fatalities were reported with this rush hour tornado, but 20 injuries were reported. The same parent supercell thunderstorm that produced the Norman tornado also spawned a brief, weak tornado in Pottawatomie County 6 miles northwest of Shawnee, OK.||Meanwhile, supercell thunderstorms continued to develop in southwestern Oklahoma. Nine tornadoes occurred in this area with 3, and possibly 4 tornadoes occurring at one time with a storm near Cooperton, OK in Kiowa County during the evening of April 13th. Two tornadoes were also reported near Blair, OK in Jackson County, and 3 tornadoes were observed near Carnegie, OK in Caddo County.|Large hail and strong wind gusts was also reported with these severe thunderstorms. The largest hail reported was 3 inches in diameter and fell in an area 12 miles south of Sayre, OK. Several wind gusts to 70 mph were also reported.||Approximately 12 tornadoes occurred during this severe weather event. Fortunately, no fatalities or major injuries were reported with these tornadoes.",166
378480,CADDO CO.,CARNEGIE,04/13/2012,1942,Tornado, ,EF0,0,0,0,0,OK,CST-6, ,62012,C,15,OUN,0,0,NWS Employee, ,0.3,50,8,SSE,8,SSE,CARNEGIE,04/13/2012,1942,34.993,-98.5459,34.993,-98.5459,"This tornado formed a few miles south of the initial tornado south of Carnegie. No damage is known to have occurred with this brief tornado.","A severe weather event began during the early afternoon hours of Friday, April 13, 2012, and lasted through the early morning hours of Saturday, April 14, 2012. Around a dozen tornadoes, as well as large hail, and strong wind gusts were produced by the numerous thunderstorms that occurred during this event. Much of the severe weather occurred in parts of southwestern and central Oklahoma. However, thunderstorms did develop in other portions of Oklahoma as well during the event.||A moist airmass had been in place over much of the region for several days prior to April 13th, and several rounds of showers and thunderstorms had occurred during this period. On Friday, April 13th, a dryline and weak frontal boundary moved into the area extending from near southwestern and west central Oklahoma then northeast into north central Oklahoma by the early afternoon hours. The first storms developed in parts of southwestern Oklahoma and west Texas. However, it was several hours before the first tornado occurred. In fact, the potential for tornadoes increased during the early evening hours of April 13th as the low level jet (strong winds just above the surface) became stronger.||The first tornadic activity of the day occurred in central Oklahoma as a tornado touched down just southwest of Norman at 3:59 pm CDT, and then moved east-northeast through the heart of that city shortly after 4:00 pm CDT. This tornado was eventually rated an EF-1 as it damaged many businesses and homes, and numerous trees and power lines were also downed. No fatalities were reported with this rush hour tornado, but 20 injuries were reported. The same parent supercell thunderstorm that produced the Norman tornado also spawned a brief, weak tornado in Pottawatomie County 6 miles northwest of Shawnee, OK.||Meanwhile, supercell thunderstorms continued to develop in southwestern Oklahoma. Nine tornadoes occurred in this area with 3, and possibly 4 tornadoes occurring at one time with a storm near Cooperton, OK in Kiowa County during the evening of April 13th. Two tornadoes were also reported near Blair, OK in Jackson County, and 3 tornadoes were observed near Carnegie, OK in Caddo County.|Large hail and strong wind gusts was also reported with these severe thunderstorms. The largest hail reported was 3 inches in diameter and fell in an area 12 miles south of Sayre, OK. Several wind gusts to 70 mph were also reported.||Approximately 12 tornadoes occurred during this severe weather event. Fortunately, no fatalities or major injuries were reported with these tornadoes.",167
378481,CADDO CO.,CARNEGIE,04/13/2012,1950,Tornado, ,EF0,0,0,0,0,OK,CST-6, ,62012,C,15,OUN,0,0,NWS Employee, ,4,100,6,SSE,7,SE,CARNEGIE,04/13/2012,1955,35.0198,-98.5594,35.0284,-98.5125,"A third tornado developed south-southeast of Carnegie. This tornado also produced no known damage.","A severe weather event began during the early afternoon hours of Friday, April 13, 2012, and lasted through the early morning hours of Saturday, April 14, 2012. Around a dozen tornadoes, as well as large hail, and strong wind gusts were produced by the numerous thunderstorms that occurred during this event. Much of the severe weather occurred in parts of southwestern and central Oklahoma. However, thunderstorms did develop in other portions of Oklahoma as well during the event.||A moist airmass had been in place over much of the region for several days prior to April 13th, and several rounds of showers and thunderstorms had occurred during this period. On Friday, April 13th, a dryline and weak frontal boundary moved into the area extending from near southwestern and west central Oklahoma then northeast into north central Oklahoma by the early afternoon hours. The first storms developed in parts of southwestern Oklahoma and west Texas. However, it was several hours before the first tornado occurred. In fact, the potential for tornadoes increased during the early evening hours of April 13th as the low level jet (strong winds just above the surface) became stronger.||The first tornadic activity of the day occurred in central Oklahoma as a tornado touched down just southwest of Norman at 3:59 pm CDT, and then moved east-northeast through the heart of that city shortly after 4:00 pm CDT. This tornado was eventually rated an EF-1 as it damaged many businesses and homes, and numerous trees and power lines were also downed. No fatalities were reported with this rush hour tornado, but 20 injuries were reported. The same parent supercell thunderstorm that produced the Norman tornado also spawned a brief, weak tornado in Pottawatomie County 6 miles northwest of Shawnee, OK.||Meanwhile, supercell thunderstorms continued to develop in southwestern Oklahoma. Nine tornadoes occurred in this area with 3, and possibly 4 tornadoes occurring at one time with a storm near Cooperton, OK in Kiowa County during the evening of April 13th. Two tornadoes were also reported near Blair, OK in Jackson County, and 3 tornadoes were observed near Carnegie, OK in Caddo County.|Large hail and strong wind gusts was also reported with these severe thunderstorms. The largest hail reported was 3 inches in diameter and fell in an area 12 miles south of Sayre, OK. Several wind gusts to 70 mph were also reported.||Approximately 12 tornadoes occurred during this severe weather event. Fortunately, no fatalities or major injuries were reported with these tornadoes.",168
378518,CANADIAN CO.,MUSTANG,04/13/2012,2352,Tornado, ,EF1,0,0,0,0,OK,CST-6, ,62012,C,17,OUN,0,0,NWS Storm Survey, ,2,75,1,NNW,3,NNW,MUSTANG,04/13/2012,2355,35.4103,-97.726,35.4357,-97.7362,"The tornado occurred in southwest Oklahoma City, developing just southwest of Southwest 54th Street and Mustang Road and moving north-northwest to near Southwest 29th Street and Tucson Drive (just east of Czech Hall Road). Major roof damage was reported to a structure and four mobile homes sustained minor damage. Several trees, power lines, and fences were blown down along its path, including near the City baseball park.","A severe weather event began during the early afternoon hours of Friday, April 13, 2012, and lasted through the early morning hours of Saturday, April 14, 2012. Around a dozen tornadoes, as well as large hail, and strong wind gusts were produced by the numerous thunderstorms that occurred during this event. Much of the severe weather occurred in parts of southwestern and central Oklahoma. However, thunderstorms did develop in other portions of Oklahoma as well during the event.||A moist airmass had been in place over much of the region for several days prior to April 13th, and several rounds of showers and thunderstorms had occurred during this period. On Friday, April 13th, a dryline and weak frontal boundary moved into the area extending from near southwestern and west central Oklahoma then northeast into north central Oklahoma by the early afternoon hours. The first storms developed in parts of southwestern Oklahoma and west Texas. However, it was several hours before the first tornado occurred. In fact, the potential for tornadoes increased during the early evening hours of April 13th as the low level jet (strong winds just above the surface) became stronger.||The first tornadic activity of the day occurred in central Oklahoma as a tornado touched down just southwest of Norman at 3:59 pm CDT, and then moved east-northeast through the heart of that city shortly after 4:00 pm CDT. This tornado was eventually rated an EF-1 as it damaged many businesses and homes, and numerous trees and power lines were also downed. No fatalities were reported with this rush hour tornado, but 20 injuries were reported. The same parent supercell thunderstorm that produced the Norman tornado also spawned a brief, weak tornado in Pottawatomie County 6 miles northwest of Shawnee, OK.||Meanwhile, supercell thunderstorms continued to develop in southwestern Oklahoma. Nine tornadoes occurred in this area with 3, and possibly 4 tornadoes occurring at one time with a storm near Cooperton, OK in Kiowa County during the evening of April 13th. Two tornadoes were also reported near Blair, OK in Jackson County, and 3 tornadoes were observed near Carnegie, OK in Caddo County.|Large hail and strong wind gusts was also reported with these severe thunderstorms. The largest hail reported was 3 inches in diameter and fell in an area 12 miles south of Sayre, OK. Several wind gusts to 70 mph were also reported.||Approximately 12 tornadoes occurred during this severe weather event. Fortunately, no fatalities or major injuries were reported with these tornadoes.",169
378745,WOODWARD CO.,FORT SUPPLY,04/14/2012,1449,Tornado, ,EF0,0,0,0,0,OK,CST-6, ,62013,C,153,OUN,0,0,Trained Spotter, ,4,30,4,SE,6,E,FORT SUPPLY,04/14/2012,1453,36.5291,-99.519,36.57,-99.4619,"The tornado produced no known damage and the location is estimated.","A severe weather outbreak occurred on the afternoon and evening of Saturday April 14th, 2012 across Kansas and northwest Oklahoma. Multiple tornadoes, including a few that were strong, very large hail and damaging winds accompanied the supercells that formed through the afternoon and evening. Over a dozen tornadoes occurred in northwest Oklahoma in addition to the numerous tornadoes in Kansas.||Much of Oklahoma remained under clear skies for the afternoon, which coupled with plentiful moisture allowed very strong instability to develop. A dryline stretched from western Kansas into northwest and western Oklahoma through the afternoon hours. Thunderstorms ignited off the dryline in the early afternoon, with the first severe weather reports around 230pm. The first tornado was not reported until nearly 4pm as low level wind shear increased gradually. The tornado reports continued through nearly 1am with the tornado that impacted Woodward, OK the last tornado of the evening.||With the first supercells firing around 2 PM, many dropped large hail, some as large as 3 inches in diameter. Many brief tornado touchdowns were reported as well, with the initial reports north of Woodward, OK. Additional supercells developed through the afternoon with a prominent tornadic supercell developing near Waynoka, Oklahoma. This supercell produced multiple tornadoes near Cherokee and continued moving to the northeast. One tornado with this supercell produced damage to a cemetery west of Byron. Fortunately, many of the tornadoes from this thunderstorm remained over mainly rural areas in Waynoka, Woods and Alfalfa counties.||Another tornadic supercell developed southwest of Woodward before midnight and tracked toward Woodward. The Woodward tornado began around 1150 PM roughly 3 miles northeast of Arnett and moved northeast into Woodward county. The southwest city limits of Woodward were impacted near 1218 AM on Sunday April 15th, 2012 and the tornado finally exited the north-northwest side of Woodward around 1223 AM. The tornado dissipated shortly afterward, 4 miles north of Woodward. Sadly, 6 fatalities were reported with the tornado that impacted Woodward.",170
378746,WOODWARD CO.,FORT SUPPLY,04/14/2012,1459,Tornado, ,EF0,0,0,0,0,OK,CST-6, ,62013,C,153,OUN,0,0,Emergency Manager, ,0.25,30,9,E,9,E,FORT SUPPLY,04/14/2012,1500,36.591,-99.413,36.594,-99.411,"This tornado formed just south of the Harper County line and moved northeast into Harper County. A barn was damaged near the county line.","A severe weather outbreak occurred on the afternoon and evening of Saturday April 14th, 2012 across Kansas and northwest Oklahoma. Multiple tornadoes, including a few that were strong, very large hail and damaging winds accompanied the supercells that formed through the afternoon and evening. Over a dozen tornadoes occurred in northwest Oklahoma in addition to the numerous tornadoes in Kansas.||Much of Oklahoma remained under clear skies for the afternoon, which coupled with plentiful moisture allowed very strong instability to develop. A dryline stretched from western Kansas into northwest and western Oklahoma through the afternoon hours. Thunderstorms ignited off the dryline in the early afternoon, with the first severe weather reports around 230pm. The first tornado was not reported until nearly 4pm as low level wind shear increased gradually. The tornado reports continued through nearly 1am with the tornado that impacted Woodward, OK the last tornado of the evening.||With the first supercells firing around 2 PM, many dropped large hail, some as large as 3 inches in diameter. Many brief tornado touchdowns were reported as well, with the initial reports north of Woodward, OK. Additional supercells developed through the afternoon with a prominent tornadic supercell developing near Waynoka, Oklahoma. This supercell produced multiple tornadoes near Cherokee and continued moving to the northeast. One tornado with this supercell produced damage to a cemetery west of Byron. Fortunately, many of the tornadoes from this thunderstorm remained over mainly rural areas in Waynoka, Woods and Alfalfa counties.||Another tornadic supercell developed southwest of Woodward before midnight and tracked toward Woodward. The Woodward tornado began around 1150 PM roughly 3 miles northeast of Arnett and moved northeast into Woodward county. The southwest city limits of Woodward were impacted near 1218 AM on Sunday April 15th, 2012 and the tornado finally exited the north-northwest side of Woodward around 1223 AM. The tornado dissipated shortly afterward, 4 miles north of Woodward. Sadly, 6 fatalities were reported with the tornado that impacted Woodward.",171
379720,HARPER CO.,SELMAN,04/14/2012,1500,Tornado, ,EF1,0,0,0,0,OK,CST-6, ,62013,C,59,OUN,0,0,Emergency Manager, ,0.25,30,15,SSE,15,SSE,SELMAN,04/14/2012,1500,36.597,-99.408,36.597,-99.408,"This tornado moved into Harper County from Woodward County, producing barn damage near the county line.","A severe weather outbreak occurred on the afternoon and evening of Saturday April 14th, 2012 across Kansas and northwest Oklahoma. Multiple tornadoes, including a few that were strong, very large hail and damaging winds accompanied the supercells that formed through the afternoon and evening. Over a dozen tornadoes occurred in northwest Oklahoma in addition to the numerous tornadoes in Kansas.||Much of Oklahoma remained under clear skies for the afternoon, which coupled with plentiful moisture allowed very strong instability to develop. A dryline stretched from western Kansas into northwest and western Oklahoma through the afternoon hours. Thunderstorms ignited off the dryline in the early afternoon, with the first severe weather reports around 230pm. The first tornado was not reported until nearly 4pm as low level wind shear increased gradually. The tornado reports continued through nearly 1am with the tornado that impacted Woodward, OK the last tornado of the evening.||With the first supercells firing around 2 PM, many dropped large hail, some as large as 3 inches in diameter. Many brief tornado touchdowns were reported as well, with the initial reports north of Woodward, OK. Additional supercells developed through the afternoon with a prominent tornadic supercell developing near Waynoka, Oklahoma. This supercell produced multiple tornadoes near Cherokee and continued moving to the northeast. One tornado with this supercell produced damage to a cemetery west of Byron. Fortunately, many of the tornadoes from this thunderstorm remained over mainly rural areas in Waynoka, Woods and Alfalfa counties.||Another tornadic supercell developed southwest of Woodward before midnight and tracked toward Woodward. The Woodward tornado began around 1150 PM roughly 3 miles northeast of Arnett and moved northeast into Woodward county. The southwest city limits of Woodward were impacted near 1218 AM on Sunday April 15th, 2012 and the tornado finally exited the north-northwest side of Woodward around 1223 AM. The tornado dissipated shortly afterward, 4 miles north of Woodward. Sadly, 6 fatalities were reported with the tornado that impacted Woodward.",172
379730,WOODWARD CO.,MOORELAND,04/14/2012,1526,Tornado, ,EF0,0,0,0,0,OK,CST-6, ,62013,C,153,OUN,0,0,Storm Chaser, ,0.2,30,24,N,24,N,MOORELAND,04/14/2012,1526,36.7874,-99.21,36.7874,-99.21,"A tornado was observed by a storm chaser approximately 4 miles west-northwest of Freedom, likely just on the south side of the Cimarron River, however the location is estimated. No damage is known to have occurred with this tornado.","A severe weather outbreak occurred on the afternoon and evening of Saturday April 14th, 2012 across Kansas and northwest Oklahoma. Multiple tornadoes, including a few that were strong, very large hail and damaging winds accompanied the supercells that formed through the afternoon and evening. Over a dozen tornadoes occurred in northwest Oklahoma in addition to the numerous tornadoes in Kansas.||Much of Oklahoma remained under clear skies for the afternoon, which coupled with plentiful moisture allowed very strong instability to develop. A dryline stretched from western Kansas into northwest and western Oklahoma through the afternoon hours. Thunderstorms ignited off the dryline in the early afternoon, with the first severe weather reports around 230pm. The first tornado was not reported until nearly 4pm as low level wind shear increased gradually. The tornado reports continued through nearly 1am with the tornado that impacted Woodward, OK the last tornado of the evening.||With the first supercells firing around 2 PM, many dropped large hail, some as large as 3 inches in diameter. Many brief tornado touchdowns were reported as well, with the initial reports north of Woodward, OK. Additional supercells developed through the afternoon with a prominent tornadic supercell developing near Waynoka, Oklahoma. This supercell produced multiple tornadoes near Cherokee and continued moving to the northeast. One tornado with this supercell produced damage to a cemetery west of Byron. Fortunately, many of the tornadoes from this thunderstorm remained over mainly rural areas in Waynoka, Woods and Alfalfa counties.||Another tornadic supercell developed southwest of Woodward before midnight and tracked toward Woodward. The Woodward tornado began around 1150 PM roughly 3 miles northeast of Arnett and moved northeast into Woodward county. The southwest city limits of Woodward were impacted near 1218 AM on Sunday April 15th, 2012 and the tornado finally exited the north-northwest side of Woodward around 1223 AM. The tornado dissipated shortly afterward, 4 miles north of Woodward. Sadly, 6 fatalities were reported with the tornado that impacted Woodward.",173
378747,WOODS CO.,CAMP HOUSTON,04/14/2012,1533,Tornado, ,EF0,0,0,0,0,OK,CST-6, ,62013,C,151,OUN,0,0,Storm Chaser, ,0.3,30,3,WNW,3,WNW,CAMP HOUSTON,04/14/2012,1533,36.8243,-99.1631,36.8243,-99.1631,"Numerous storm chasers observed this brief tornado occurring north-northwest of Freedom. This tornado produced no known damage and the location is estimated.","A severe weather outbreak occurred on the afternoon and evening of Saturday April 14th, 2012 across Kansas and northwest Oklahoma. Multiple tornadoes, including a few that were strong, very large hail and damaging winds accompanied the supercells that formed through the afternoon and evening. Over a dozen tornadoes occurred in northwest Oklahoma in addition to the numerous tornadoes in Kansas.||Much of Oklahoma remained under clear skies for the afternoon, which coupled with plentiful moisture allowed very strong instability to develop. A dryline stretched from western Kansas into northwest and western Oklahoma through the afternoon hours. Thunderstorms ignited off the dryline in the early afternoon, with the first severe weather reports around 230pm. The first tornado was not reported until nearly 4pm as low level wind shear increased gradually. The tornado reports continued through nearly 1am with the tornado that impacted Woodward, OK the last tornado of the evening.||With the first supercells firing around 2 PM, many dropped large hail, some as large as 3 inches in diameter. Many brief tornado touchdowns were reported as well, with the initial reports north of Woodward, OK. Additional supercells developed through the afternoon with a prominent tornadic supercell developing near Waynoka, Oklahoma. This supercell produced multiple tornadoes near Cherokee and continued moving to the northeast. One tornado with this supercell produced damage to a cemetery west of Byron. Fortunately, many of the tornadoes from this thunderstorm remained over mainly rural areas in Waynoka, Woods and Alfalfa counties.||Another tornadic supercell developed southwest of Woodward before midnight and tracked toward Woodward. The Woodward tornado began around 1150 PM roughly 3 miles northeast of Arnett and moved northeast into Woodward county. The southwest city limits of Woodward were impacted near 1218 AM on Sunday April 15th, 2012 and the tornado finally exited the north-northwest side of Woodward around 1223 AM. The tornado dissipated shortly afterward, 4 miles north of Woodward. Sadly, 6 fatalities were reported with the tornado that impacted Woodward.",174
378751,WOODWARD CO.,TANGIER,04/14/2012,1618,Tornado, ,EF0,0,0,0,0,OK,CST-6, ,62013,C,153,OUN,0,0,Broadcast Media, ,0.2,30,13,SSW,13,SSW,TANGIER,04/14/2012,1618,36.236,-99.589,36.236,-99.589,"Television chasers reported a tornado that produced no known damage. The tornado was estimated to have occurred 6 miles north-northwest of Harmon.","A severe weather outbreak occurred on the afternoon and evening of Saturday April 14th, 2012 across Kansas and northwest Oklahoma. Multiple tornadoes, including a few that were strong, very large hail and damaging winds accompanied the supercells that formed through the afternoon and evening. Over a dozen tornadoes occurred in northwest Oklahoma in addition to the numerous tornadoes in Kansas.||Much of Oklahoma remained under clear skies for the afternoon, which coupled with plentiful moisture allowed very strong instability to develop. A dryline stretched from western Kansas into northwest and western Oklahoma through the afternoon hours. Thunderstorms ignited off the dryline in the early afternoon, with the first severe weather reports around 230pm. The first tornado was not reported until nearly 4pm as low level wind shear increased gradually. The tornado reports continued through nearly 1am with the tornado that impacted Woodward, OK the last tornado of the evening.||With the first supercells firing around 2 PM, many dropped large hail, some as large as 3 inches in diameter. Many brief tornado touchdowns were reported as well, with the initial reports north of Woodward, OK. Additional supercells developed through the afternoon with a prominent tornadic supercell developing near Waynoka, Oklahoma. This supercell produced multiple tornadoes near Cherokee and continued moving to the northeast. One tornado with this supercell produced damage to a cemetery west of Byron. Fortunately, many of the tornadoes from this thunderstorm remained over mainly rural areas in Waynoka, Woods and Alfalfa counties.||Another tornadic supercell developed southwest of Woodward before midnight and tracked toward Woodward. The Woodward tornado began around 1150 PM roughly 3 miles northeast of Arnett and moved northeast into Woodward county. The southwest city limits of Woodward were impacted near 1218 AM on Sunday April 15th, 2012 and the tornado finally exited the north-northwest side of Woodward around 1223 AM. The tornado dissipated shortly afterward, 4 miles north of Woodward. Sadly, 6 fatalities were reported with the tornado that impacted Woodward.",175
378785,WOODWARD CO.,TANGIER,04/14/2012,1624,Tornado, ,EF0,0,0,0,0,OK,CST-6, ,62013,C,153,OUN,0,0,Broadcast Media, ,0.2,30,10,SSW,10,SSW,TANGIER,04/14/2012,1624,36.275,-99.571,36.275,-99.571,"Television chasers reported a tornado that is estimated to have occurred about 9 miles north of Harmon. No known damage was produced by this tornado.","A severe weather outbreak occurred on the afternoon and evening of Saturday April 14th, 2012 across Kansas and northwest Oklahoma. Multiple tornadoes, including a few that were strong, very large hail and damaging winds accompanied the supercells that formed through the afternoon and evening. Over a dozen tornadoes occurred in northwest Oklahoma in addition to the numerous tornadoes in Kansas.||Much of Oklahoma remained under clear skies for the afternoon, which coupled with plentiful moisture allowed very strong instability to develop. A dryline stretched from western Kansas into northwest and western Oklahoma through the afternoon hours. Thunderstorms ignited off the dryline in the early afternoon, with the first severe weather reports around 230pm. The first tornado was not reported until nearly 4pm as low level wind shear increased gradually. The tornado reports continued through nearly 1am with the tornado that impacted Woodward, OK the last tornado of the evening.||With the first supercells firing around 2 PM, many dropped large hail, some as large as 3 inches in diameter. Many brief tornado touchdowns were reported as well, with the initial reports north of Woodward, OK. Additional supercells developed through the afternoon with a prominent tornadic supercell developing near Waynoka, Oklahoma. This supercell produced multiple tornadoes near Cherokee and continued moving to the northeast. One tornado with this supercell produced damage to a cemetery west of Byron. Fortunately, many of the tornadoes from this thunderstorm remained over mainly rural areas in Waynoka, Woods and Alfalfa counties.||Another tornadic supercell developed southwest of Woodward before midnight and tracked toward Woodward. The Woodward tornado began around 1150 PM roughly 3 miles northeast of Arnett and moved northeast into Woodward county. The southwest city limits of Woodward were impacted near 1218 AM on Sunday April 15th, 2012 and the tornado finally exited the north-northwest side of Woodward around 1223 AM. The tornado dissipated shortly afterward, 4 miles north of Woodward. Sadly, 6 fatalities were reported with the tornado that impacted Woodward.",176
378786,WOODWARD CO.,MOORELAND,04/14/2012,1715,Tornado, ,EF0,0,0,0,0,OK,CST-6, ,62013,C,153,OUN,0,0,Storm Chaser, ,0.2,30,8,NE,8,NE,MOORELAND,04/14/2012,1715,36.5219,-99.1082,36.5219,-99.1082,"No known damage occurred with the tornado and the location is estimated.","A severe weather outbreak occurred on the afternoon and evening of Saturday April 14th, 2012 across Kansas and northwest Oklahoma. Multiple tornadoes, including a few that were strong, very large hail and damaging winds accompanied the supercells that formed through the afternoon and evening. Over a dozen tornadoes occurred in northwest Oklahoma in addition to the numerous tornadoes in Kansas.||Much of Oklahoma remained under clear skies for the afternoon, which coupled with plentiful moisture allowed very strong instability to develop. A dryline stretched from western Kansas into northwest and western Oklahoma through the afternoon hours. Thunderstorms ignited off the dryline in the early afternoon, with the first severe weather reports around 230pm. The first tornado was not reported until nearly 4pm as low level wind shear increased gradually. The tornado reports continued through nearly 1am with the tornado that impacted Woodward, OK the last tornado of the evening.||With the first supercells firing around 2 PM, many dropped large hail, some as large as 3 inches in diameter. Many brief tornado touchdowns were reported as well, with the initial reports north of Woodward, OK. Additional supercells developed through the afternoon with a prominent tornadic supercell developing near Waynoka, Oklahoma. This supercell produced multiple tornadoes near Cherokee and continued moving to the northeast. One tornado with this supercell produced damage to a cemetery west of Byron. Fortunately, many of the tornadoes from this thunderstorm remained over mainly rural areas in Waynoka, Woods and Alfalfa counties.||Another tornadic supercell developed southwest of Woodward before midnight and tracked toward Woodward. The Woodward tornado began around 1150 PM roughly 3 miles northeast of Arnett and moved northeast into Woodward county. The southwest city limits of Woodward were impacted near 1218 AM on Sunday April 15th, 2012 and the tornado finally exited the north-northwest side of Woodward around 1223 AM. The tornado dissipated shortly afterward, 4 miles north of Woodward. Sadly, 6 fatalities were reported with the tornado that impacted Woodward.",177
378752,WOODWARD CO.,MOORELAND,04/14/2012,1750,Tornado, ,EF0,0,0,0,0,OK,CST-6, ,62013,C,153,OUN,0,0,Storm Chaser, ,0.1,20,7,ESE,7,ESE,MOORELAND,04/14/2012,1750,36.4012,-99.0937,36.4012,-99.0937,"The tornado produced no known damage and the location is estimated.","A severe weather outbreak occurred on the afternoon and evening of Saturday April 14th, 2012 across Kansas and northwest Oklahoma. Multiple tornadoes, including a few that were strong, very large hail and damaging winds accompanied the supercells that formed through the afternoon and evening. Over a dozen tornadoes occurred in northwest Oklahoma in addition to the numerous tornadoes in Kansas.||Much of Oklahoma remained under clear skies for the afternoon, which coupled with plentiful moisture allowed very strong instability to develop. A dryline stretched from western Kansas into northwest and western Oklahoma through the afternoon hours. Thunderstorms ignited off the dryline in the early afternoon, with the first severe weather reports around 230pm. The first tornado was not reported until nearly 4pm as low level wind shear increased gradually. The tornado reports continued through nearly 1am with the tornado that impacted Woodward, OK the last tornado of the evening.||With the first supercells firing around 2 PM, many dropped large hail, some as large as 3 inches in diameter. Many brief tornado touchdowns were reported as well, with the initial reports north of Woodward, OK. Additional supercells developed through the afternoon with a prominent tornadic supercell developing near Waynoka, Oklahoma. This supercell produced multiple tornadoes near Cherokee and continued moving to the northeast. One tornado with this supercell produced damage to a cemetery west of Byron. Fortunately, many of the tornadoes from this thunderstorm remained over mainly rural areas in Waynoka, Woods and Alfalfa counties.||Another tornadic supercell developed southwest of Woodward before midnight and tracked toward Woodward. The Woodward tornado began around 1150 PM roughly 3 miles northeast of Arnett and moved northeast into Woodward county. The southwest city limits of Woodward were impacted near 1218 AM on Sunday April 15th, 2012 and the tornado finally exited the north-northwest side of Woodward around 1223 AM. The tornado dissipated shortly afterward, 4 miles north of Woodward. Sadly, 6 fatalities were reported with the tornado that impacted Woodward.",178
378753,WOODWARD CO.,MOORELAND,04/14/2012,1751,Tornado, ,EF0,0,0,0,0,OK,CST-6, ,62013,C,153,OUN,0,0,Storm Chaser, ,0.2,50,13,ENE,13,ENE,MOORELAND,04/14/2012,1751,36.512,-98.9938,36.512,-98.9938,"The multiple-vortex tornado was brief and produced no known damage. The location is estimated.","A severe weather outbreak occurred on the afternoon and evening of Saturday April 14th, 2012 across Kansas and northwest Oklahoma. Multiple tornadoes, including a few that were strong, very large hail and damaging winds accompanied the supercells that formed through the afternoon and evening. Over a dozen tornadoes occurred in northwest Oklahoma in addition to the numerous tornadoes in Kansas.||Much of Oklahoma remained under clear skies for the afternoon, which coupled with plentiful moisture allowed very strong instability to develop. A dryline stretched from western Kansas into northwest and western Oklahoma through the afternoon hours. Thunderstorms ignited off the dryline in the early afternoon, with the first severe weather reports around 230pm. The first tornado was not reported until nearly 4pm as low level wind shear increased gradually. The tornado reports continued through nearly 1am with the tornado that impacted Woodward, OK the last tornado of the evening.||With the first supercells firing around 2 PM, many dropped large hail, some as large as 3 inches in diameter. Many brief tornado touchdowns were reported as well, with the initial reports north of Woodward, OK. Additional supercells developed through the afternoon with a prominent tornadic supercell developing near Waynoka, Oklahoma. This supercell produced multiple tornadoes near Cherokee and continued moving to the northeast. One tornado with this supercell produced damage to a cemetery west of Byron. Fortunately, many of the tornadoes from this thunderstorm remained over mainly rural areas in Waynoka, Woods and Alfalfa counties.||Another tornadic supercell developed southwest of Woodward before midnight and tracked toward Woodward. The Woodward tornado began around 1150 PM roughly 3 miles northeast of Arnett and moved northeast into Woodward county. The southwest city limits of Woodward were impacted near 1218 AM on Sunday April 15th, 2012 and the tornado finally exited the north-northwest side of Woodward around 1223 AM. The tornado dissipated shortly afterward, 4 miles north of Woodward. Sadly, 6 fatalities were reported with the tornado that impacted Woodward.",179
379740,MAJOR CO.,BOUSE JUNCTION,04/14/2012,1801,Tornado, ,EF0,0,0,0,0,OK,CST-6, ,62013,C,93,OUN,0,0,Storm Chaser, ,0.1,30,4,NW,4,NW,BOUSE JUNCTION,04/14/2012,1801,36.4609,-98.9409,36.4609,-98.9409,"Storm chasers reported a brief tornado that is estimated to have occurred about 4 miles northwest of Bouse Junction (the junction of US Highways 281 and 412.) This tornado produced no known damage.","A severe weather outbreak occurred on the afternoon and evening of Saturday April 14th, 2012 across Kansas and northwest Oklahoma. Multiple tornadoes, including a few that were strong, very large hail and damaging winds accompanied the supercells that formed through the afternoon and evening. Over a dozen tornadoes occurred in northwest Oklahoma in addition to the numerous tornadoes in Kansas.||Much of Oklahoma remained under clear skies for the afternoon, which coupled with plentiful moisture allowed very strong instability to develop. A dryline stretched from western Kansas into northwest and western Oklahoma through the afternoon hours. Thunderstorms ignited off the dryline in the early afternoon, with the first severe weather reports around 230pm. The first tornado was not reported until nearly 4pm as low level wind shear increased gradually. The tornado reports continued through nearly 1am with the tornado that impacted Woodward, OK the last tornado of the evening.||With the first supercells firing around 2 PM, many dropped large hail, some as large as 3 inches in diameter. Many brief tornado touchdowns were reported as well, with the initial reports north of Woodward, OK. Additional supercells developed through the afternoon with a prominent tornadic supercell developing near Waynoka, Oklahoma. This supercell produced multiple tornadoes near Cherokee and continued moving to the northeast. One tornado with this supercell produced damage to a cemetery west of Byron. Fortunately, many of the tornadoes from this thunderstorm remained over mainly rural areas in Waynoka, Woods and Alfalfa counties.||Another tornadic supercell developed southwest of Woodward before midnight and tracked toward Woodward. The Woodward tornado began around 1150 PM roughly 3 miles northeast of Arnett and moved northeast into Woodward county. The southwest city limits of Woodward were impacted near 1218 AM on Sunday April 15th, 2012 and the tornado finally exited the north-northwest side of Woodward around 1223 AM. The tornado dissipated shortly afterward, 4 miles north of Woodward. Sadly, 6 fatalities were reported with the tornado that impacted Woodward.",180
378759,MAJOR CO.,BOUSE JUNCTION,04/14/2012,1806,Tornado, ,EF0,0,0,0,0,OK,CST-6, ,62013,C,93,OUN,0,0,Storm Chaser, ,3.9,150,4,NNW,6,NNE,BOUSE JUNCTION,04/14/2012,1814,36.4735,-98.9175,36.506,-98.86,"Numerous storm chasers observed this tornado which produced no known damage as it moved northeast into Woods county. The location is estimated.","A severe weather outbreak occurred on the afternoon and evening of Saturday April 14th, 2012 across Kansas and northwest Oklahoma. Multiple tornadoes, including a few that were strong, very large hail and damaging winds accompanied the supercells that formed through the afternoon and evening. Over a dozen tornadoes occurred in northwest Oklahoma in addition to the numerous tornadoes in Kansas.||Much of Oklahoma remained under clear skies for the afternoon, which coupled with plentiful moisture allowed very strong instability to develop. A dryline stretched from western Kansas into northwest and western Oklahoma through the afternoon hours. Thunderstorms ignited off the dryline in the early afternoon, with the first severe weather reports around 230pm. The first tornado was not reported until nearly 4pm as low level wind shear increased gradually. The tornado reports continued through nearly 1am with the tornado that impacted Woodward, OK the last tornado of the evening.||With the first supercells firing around 2 PM, many dropped large hail, some as large as 3 inches in diameter. Many brief tornado touchdowns were reported as well, with the initial reports north of Woodward, OK. Additional supercells developed through the afternoon with a prominent tornadic supercell developing near Waynoka, Oklahoma. This supercell produced multiple tornadoes near Cherokee and continued moving to the northeast. One tornado with this supercell produced damage to a cemetery west of Byron. Fortunately, many of the tornadoes from this thunderstorm remained over mainly rural areas in Waynoka, Woods and Alfalfa counties.||Another tornadic supercell developed southwest of Woodward before midnight and tracked toward Woodward. The Woodward tornado began around 1150 PM roughly 3 miles northeast of Arnett and moved northeast into Woodward county. The southwest city limits of Woodward were impacted near 1218 AM on Sunday April 15th, 2012 and the tornado finally exited the north-northwest side of Woodward around 1223 AM. The tornado dissipated shortly afterward, 4 miles north of Woodward. Sadly, 6 fatalities were reported with the tornado that impacted Woodward.",181
378790,WOODS CO.,WAYNOKA,04/14/2012,1814,Tornado, ,EF1,0,0,0,0,OK,CST-6, ,62013,C,151,OUN,0,0,Broadcast Media, ,3.3,150,6,S,5,SE,WAYNOKA,04/14/2012,1820,36.506,-98.86,36.5388,-98.8163,"The tornado moved from Major County into Woods County south and southeast of Waynoka. As the tornado was in the process of dissipating, it damaged equipment at an oil field southeast of Waynoka starting a fire.","A severe weather outbreak occurred on the afternoon and evening of Saturday April 14th, 2012 across Kansas and northwest Oklahoma. Multiple tornadoes, including a few that were strong, very large hail and damaging winds accompanied the supercells that formed through the afternoon and evening. Over a dozen tornadoes occurred in northwest Oklahoma in addition to the numerous tornadoes in Kansas.||Much of Oklahoma remained under clear skies for the afternoon, which coupled with plentiful moisture allowed very strong instability to develop. A dryline stretched from western Kansas into northwest and western Oklahoma through the afternoon hours. Thunderstorms ignited off the dryline in the early afternoon, with the first severe weather reports around 230pm. The first tornado was not reported until nearly 4pm as low level wind shear increased gradually. The tornado reports continued through nearly 1am with the tornado that impacted Woodward, OK the last tornado of the evening.||With the first supercells firing around 2 PM, many dropped large hail, some as large as 3 inches in diameter. Many brief tornado touchdowns were reported as well, with the initial reports north of Woodward, OK. Additional supercells developed through the afternoon with a prominent tornadic supercell developing near Waynoka, Oklahoma. This supercell produced multiple tornadoes near Cherokee and continued moving to the northeast. One tornado with this supercell produced damage to a cemetery west of Byron. Fortunately, many of the tornadoes from this thunderstorm remained over mainly rural areas in Waynoka, Woods and Alfalfa counties.||Another tornadic supercell developed southwest of Woodward before midnight and tracked toward Woodward. The Woodward tornado began around 1150 PM roughly 3 miles northeast of Arnett and moved northeast into Woodward county. The southwest city limits of Woodward were impacted near 1218 AM on Sunday April 15th, 2012 and the tornado finally exited the north-northwest side of Woodward around 1223 AM. The tornado dissipated shortly afterward, 4 miles north of Woodward. Sadly, 6 fatalities were reported with the tornado that impacted Woodward.",182
378760,WOODS CO.,WAYNOKA,04/14/2012,1819,Tornado, ,EF0,0,0,0,0,OK,CST-6, ,62013,C,151,OUN,0,0,Storm Chaser, ,1,75,4,SE,4,SE,WAYNOKA,04/14/2012,1821,36.5491,-98.829,36.5491,-98.829,"The tornado developed just northwest and west of the tornado that moved into Woods County from Major County. It produced no known damage and the location is estimated.","A severe weather outbreak occurred on the afternoon and evening of Saturday April 14th, 2012 across Kansas and northwest Oklahoma. Multiple tornadoes, including a few that were strong, very large hail and damaging winds accompanied the supercells that formed through the afternoon and evening. Over a dozen tornadoes occurred in northwest Oklahoma in addition to the numerous tornadoes in Kansas.||Much of Oklahoma remained under clear skies for the afternoon, which coupled with plentiful moisture allowed very strong instability to develop. A dryline stretched from western Kansas into northwest and western Oklahoma through the afternoon hours. Thunderstorms ignited off the dryline in the early afternoon, with the first severe weather reports around 230pm. The first tornado was not reported until nearly 4pm as low level wind shear increased gradually. The tornado reports continued through nearly 1am with the tornado that impacted Woodward, OK the last tornado of the evening.||With the first supercells firing around 2 PM, many dropped large hail, some as large as 3 inches in diameter. Many brief tornado touchdowns were reported as well, with the initial reports north of Woodward, OK. Additional supercells developed through the afternoon with a prominent tornadic supercell developing near Waynoka, Oklahoma. This supercell produced multiple tornadoes near Cherokee and continued moving to the northeast. One tornado with this supercell produced damage to a cemetery west of Byron. Fortunately, many of the tornadoes from this thunderstorm remained over mainly rural areas in Waynoka, Woods and Alfalfa counties.||Another tornadic supercell developed southwest of Woodward before midnight and tracked toward Woodward. The Woodward tornado began around 1150 PM roughly 3 miles northeast of Arnett and moved northeast into Woodward county. The southwest city limits of Woodward were impacted near 1218 AM on Sunday April 15th, 2012 and the tornado finally exited the north-northwest side of Woodward around 1223 AM. The tornado dissipated shortly afterward, 4 miles north of Woodward. Sadly, 6 fatalities were reported with the tornado that impacted Woodward.",183
378766,WOODS CO.,WAYNOKA,04/14/2012,1830,Tornado, ,EF0,0,0,0,0,OK,CST-6, ,62013,C,151,OUN,0,0,Storm Chaser, ,9,400,10,E,2,NE,HOPETON,04/14/2012,1846,36.59,-98.6997,36.7105,-98.6445,"Numerous chasers observed this tornado that moved from approximately 10 miles east of Waynoka to approximately 2 miles northeast of Hopeton. Despite the 9-mile long path, no damage was reported.","A severe weather outbreak occurred on the afternoon and evening of Saturday April 14th, 2012 across Kansas and northwest Oklahoma. Multiple tornadoes, including a few that were strong, very large hail and damaging winds accompanied the supercells that formed through the afternoon and evening. Over a dozen tornadoes occurred in northwest Oklahoma in addition to the numerous tornadoes in Kansas.||Much of Oklahoma remained under clear skies for the afternoon, which coupled with plentiful moisture allowed very strong instability to develop. A dryline stretched from western Kansas into northwest and western Oklahoma through the afternoon hours. Thunderstorms ignited off the dryline in the early afternoon, with the first severe weather reports around 230pm. The first tornado was not reported until nearly 4pm as low level wind shear increased gradually. The tornado reports continued through nearly 1am with the tornado that impacted Woodward, OK the last tornado of the evening.||With the first supercells firing around 2 PM, many dropped large hail, some as large as 3 inches in diameter. Many brief tornado touchdowns were reported as well, with the initial reports north of Woodward, OK. Additional supercells developed through the afternoon with a prominent tornadic supercell developing near Waynoka, Oklahoma. This supercell produced multiple tornadoes near Cherokee and continued moving to the northeast. One tornado with this supercell produced damage to a cemetery west of Byron. Fortunately, many of the tornadoes from this thunderstorm remained over mainly rural areas in Waynoka, Woods and Alfalfa counties.||Another tornadic supercell developed southwest of Woodward before midnight and tracked toward Woodward. The Woodward tornado began around 1150 PM roughly 3 miles northeast of Arnett and moved northeast into Woodward county. The southwest city limits of Woodward were impacted near 1218 AM on Sunday April 15th, 2012 and the tornado finally exited the north-northwest side of Woodward around 1223 AM. The tornado dissipated shortly afterward, 4 miles north of Woodward. Sadly, 6 fatalities were reported with the tornado that impacted Woodward.",184
378767,ALFALFA CO.,CHEROKEE,04/14/2012,1847,Tornado, ,EF1,0,0,0,0,OK,CST-6, ,62013,C,3,OUN,0,0,Emergency Manager, ,10,400,10,WSW,5,NW,CHEROKEE,04/14/2012,1904,36.6946,-98.5168,36.8012,-98.4139,"Soon after the tornado in eastern Woods County dissipated, the storm produced another tornado in western Alfalfa County that moved from west-southwest to northwest of Cherokee. Farm equipment was damaged west-southwest of Cherokee, outbuildings were damaged west of Cherokee, and 2 large steel barns were damaged northwest of Cherokee.","A severe weather outbreak occurred on the afternoon and evening of Saturday April 14th, 2012 across Kansas and northwest Oklahoma. Multiple tornadoes, including a few that were strong, very large hail and damaging winds accompanied the supercells that formed through the afternoon and evening. Over a dozen tornadoes occurred in northwest Oklahoma in addition to the numerous tornadoes in Kansas.||Much of Oklahoma remained under clear skies for the afternoon, which coupled with plentiful moisture allowed very strong instability to develop. A dryline stretched from western Kansas into northwest and western Oklahoma through the afternoon hours. Thunderstorms ignited off the dryline in the early afternoon, with the first severe weather reports around 230pm. The first tornado was not reported until nearly 4pm as low level wind shear increased gradually. The tornado reports continued through nearly 1am with the tornado that impacted Woodward, OK the last tornado of the evening.||With the first supercells firing around 2 PM, many dropped large hail, some as large as 3 inches in diameter. Many brief tornado touchdowns were reported as well, with the initial reports north of Woodward, OK. Additional supercells developed through the afternoon with a prominent tornadic supercell developing near Waynoka, Oklahoma. This supercell produced multiple tornadoes near Cherokee and continued moving to the northeast. One tornado with this supercell produced damage to a cemetery west of Byron. Fortunately, many of the tornadoes from this thunderstorm remained over mainly rural areas in Waynoka, Woods and Alfalfa counties.||Another tornadic supercell developed southwest of Woodward before midnight and tracked toward Woodward. The Woodward tornado began around 1150 PM roughly 3 miles northeast of Arnett and moved northeast into Woodward county. The southwest city limits of Woodward were impacted near 1218 AM on Sunday April 15th, 2012 and the tornado finally exited the north-northwest side of Woodward around 1223 AM. The tornado dissipated shortly afterward, 4 miles north of Woodward. Sadly, 6 fatalities were reported with the tornado that impacted Woodward.",185
378768,ALFALFA CO.,CHEROKEE,04/14/2012,1857,Tornado, ,EF0,0,0,0,0,OK,CST-6, ,62013,C,3,OUN,0,0,Emergency Manager, ,12,400,3,NW,1,NW,AMORITA,04/14/2012,1923,36.7807,-98.3883,36.9302,-98.3028,"This tornado developed and was occurring simultaneously with the previous tornado northwest of Cherokee for about 7 minutes. This tornado is estimated to have moved from about 3 miles northwest of Cherokee to about 1 mile northwest of Amorita. Damage occurred to numerous outbuildings and trees along the path, including at the Byron-Amorita cemetery.","A severe weather outbreak occurred on the afternoon and evening of Saturday April 14th, 2012 across Kansas and northwest Oklahoma. Multiple tornadoes, including a few that were strong, very large hail and damaging winds accompanied the supercells that formed through the afternoon and evening. Over a dozen tornadoes occurred in northwest Oklahoma in addition to the numerous tornadoes in Kansas.||Much of Oklahoma remained under clear skies for the afternoon, which coupled with plentiful moisture allowed very strong instability to develop. A dryline stretched from western Kansas into northwest and western Oklahoma through the afternoon hours. Thunderstorms ignited off the dryline in the early afternoon, with the first severe weather reports around 230pm. The first tornado was not reported until nearly 4pm as low level wind shear increased gradually. The tornado reports continued through nearly 1am with the tornado that impacted Woodward, OK the last tornado of the evening.||With the first supercells firing around 2 PM, many dropped large hail, some as large as 3 inches in diameter. Many brief tornado touchdowns were reported as well, with the initial reports north of Woodward, OK. Additional supercells developed through the afternoon with a prominent tornadic supercell developing near Waynoka, Oklahoma. This supercell produced multiple tornadoes near Cherokee and continued moving to the northeast. One tornado with this supercell produced damage to a cemetery west of Byron. Fortunately, many of the tornadoes from this thunderstorm remained over mainly rural areas in Waynoka, Woods and Alfalfa counties.||Another tornadic supercell developed southwest of Woodward before midnight and tracked toward Woodward. The Woodward tornado began around 1150 PM roughly 3 miles northeast of Arnett and moved northeast into Woodward county. The southwest city limits of Woodward were impacted near 1218 AM on Sunday April 15th, 2012 and the tornado finally exited the north-northwest side of Woodward around 1223 AM. The tornado dissipated shortly afterward, 4 miles north of Woodward. Sadly, 6 fatalities were reported with the tornado that impacted Woodward.",186
378788,ALFALFA CO.,AMORITA,04/14/2012,1919,Tornado, ,EF1,0,0,0,0,OK,CST-6, ,62013,C,3,OUN,0,0,NWS Employee, ,10,600,3,SE,11,ENE,AMORITA,04/14/2012,1937,36.8893,-98.2516,36.974,-98.112,"A large and violently rotating tornado moved northeast over open land, crossing into the far northwest corner of Grant county before entering Kansas. The tornado produced tree damage, but no known structure damage.","A severe weather outbreak occurred on the afternoon and evening of Saturday April 14th, 2012 across Kansas and northwest Oklahoma. Multiple tornadoes, including a few that were strong, very large hail and damaging winds accompanied the supercells that formed through the afternoon and evening. Over a dozen tornadoes occurred in northwest Oklahoma in addition to the numerous tornadoes in Kansas.||Much of Oklahoma remained under clear skies for the afternoon, which coupled with plentiful moisture allowed very strong instability to develop. A dryline stretched from western Kansas into northwest and western Oklahoma through the afternoon hours. Thunderstorms ignited off the dryline in the early afternoon, with the first severe weather reports around 230pm. The first tornado was not reported until nearly 4pm as low level wind shear increased gradually. The tornado reports continued through nearly 1am with the tornado that impacted Woodward, OK the last tornado of the evening.||With the first supercells firing around 2 PM, many dropped large hail, some as large as 3 inches in diameter. Many brief tornado touchdowns were reported as well, with the initial reports north of Woodward, OK. Additional supercells developed through the afternoon with a prominent tornadic supercell developing near Waynoka, Oklahoma. This supercell produced multiple tornadoes near Cherokee and continued moving to the northeast. One tornado with this supercell produced damage to a cemetery west of Byron. Fortunately, many of the tornadoes from this thunderstorm remained over mainly rural areas in Waynoka, Woods and Alfalfa counties.||Another tornadic supercell developed southwest of Woodward before midnight and tracked toward Woodward. The Woodward tornado began around 1150 PM roughly 3 miles northeast of Arnett and moved northeast into Woodward county. The southwest city limits of Woodward were impacted near 1218 AM on Sunday April 15th, 2012 and the tornado finally exited the north-northwest side of Woodward around 1223 AM. The tornado dissipated shortly afterward, 4 miles north of Woodward. Sadly, 6 fatalities were reported with the tornado that impacted Woodward.",187
378789,GRANT CO.,MANCHESTER,04/14/2012,1937,Tornado, ,EF0,0,0,0,0,OK,CST-6, ,62013,C,53,OUN,0,0,NWS Employee, ,2.9,600,4,WSW,2,WNW,MANCHESTER,04/14/2012,1942,36.974,-98.112,36.998,-98.069,"A large and violently rotating tornado crossed from Alfalfa County through far northwest Grant County briefly before entering Harper County, Kansas (see NWS Wichita report for southeast Kansas for the continuation of this tornado). The tornado produced no known damage in Grant County, except to trees.","A severe weather outbreak occurred on the afternoon and evening of Saturday April 14th, 2012 across Kansas and northwest Oklahoma. Multiple tornadoes, including a few that were strong, very large hail and damaging winds accompanied the supercells that formed through the afternoon and evening. Over a dozen tornadoes occurred in northwest Oklahoma in addition to the numerous tornadoes in Kansas.||Much of Oklahoma remained under clear skies for the afternoon, which coupled with plentiful moisture allowed very strong instability to develop. A dryline stretched from western Kansas into northwest and western Oklahoma through the afternoon hours. Thunderstorms ignited off the dryline in the early afternoon, with the first severe weather reports around 230pm. The first tornado was not reported until nearly 4pm as low level wind shear increased gradually. The tornado reports continued through nearly 1am with the tornado that impacted Woodward, OK the last tornado of the evening.||With the first supercells firing around 2 PM, many dropped large hail, some as large as 3 inches in diameter. Many brief tornado touchdowns were reported as well, with the initial reports north of Woodward, OK. Additional supercells developed through the afternoon with a prominent tornadic supercell developing near Waynoka, Oklahoma. This supercell produced multiple tornadoes near Cherokee and continued moving to the northeast. One tornado with this supercell produced damage to a cemetery west of Byron. Fortunately, many of the tornadoes from this thunderstorm remained over mainly rural areas in Waynoka, Woods and Alfalfa counties.||Another tornadic supercell developed southwest of Woodward before midnight and tracked toward Woodward. The Woodward tornado began around 1150 PM roughly 3 miles northeast of Arnett and moved northeast into Woodward county. The southwest city limits of Woodward were impacted near 1218 AM on Sunday April 15th, 2012 and the tornado finally exited the north-northwest side of Woodward around 1223 AM. The tornado dissipated shortly afterward, 4 miles north of Woodward. Sadly, 6 fatalities were reported with the tornado that impacted Woodward.",188
378787,ELLIS CO.,ARNETT,04/14/2012,2242,Tornado, ,EF3,0,0,0,0,OK,CST-6, ,62013,C,45,OUN,0,0,NWS Employee, ,15,400,2,SSW,7,S,FARGO,04/14/2012,2305,36.1133,-99.7837,36.276,-99.604,"The tornado developed south of Arnett and moved northeast. Two homes were categorized as destroyed and a few other homes sustained damage. Trees and power lines were also damaged as the tornado moved toward the Woodward county border. The tornado eventually crossed the border, doing substantially more damage towards Woodward.","A severe weather outbreak occurred on the afternoon and evening of Saturday April 14th, 2012 across Kansas and northwest Oklahoma. Multiple tornadoes, including a few that were strong, very large hail and damaging winds accompanied the supercells that formed through the afternoon and evening. Over a dozen tornadoes occurred in northwest Oklahoma in addition to the numerous tornadoes in Kansas.||Much of Oklahoma remained under clear skies for the afternoon, which coupled with plentiful moisture allowed very strong instability to develop. A dryline stretched from western Kansas into northwest and western Oklahoma through the afternoon hours. Thunderstorms ignited off the dryline in the early afternoon, with the first severe weather reports around 230pm. The first tornado was not reported until nearly 4pm as low level wind shear increased gradually. The tornado reports continued through nearly 1am with the tornado that impacted Woodward, OK the last tornado of the evening.||With the first supercells firing around 2 PM, many dropped large hail, some as large as 3 inches in diameter. Many brief tornado touchdowns were reported as well, with the initial reports north of Woodward, OK. Additional supercells developed through the afternoon with a prominent tornadic supercell developing near Waynoka, Oklahoma. This supercell produced multiple tornadoes near Cherokee and continued moving to the northeast. One tornado with this supercell produced damage to a cemetery west of Byron. Fortunately, many of the tornadoes from this thunderstorm remained over mainly rural areas in Waynoka, Woods and Alfalfa counties.||Another tornadic supercell developed southwest of Woodward before midnight and tracked toward Woodward. The Woodward tornado began around 1150 PM roughly 3 miles northeast of Arnett and moved northeast into Woodward county. The southwest city limits of Woodward were impacted near 1218 AM on Sunday April 15th, 2012 and the tornado finally exited the north-northwest side of Woodward around 1223 AM. The tornado dissipated shortly afterward, 4 miles north of Woodward. Sadly, 6 fatalities were reported with the tornado that impacted Woodward.",189
378771,WOODWARD CO.,TANGIER,04/14/2012,2305,Tornado, ,EF3,6,29,0,0,OK,CST-6, ,62013,C,153,OUN,0,0,NWS Storm Survey, ,19,400,11,SSW,4,N,WOODWARD,04/14/2012,2327,36.276,-99.604,36.4879,-99.39,"The tornado developed approximately just south of Arnett (Ellis County) at 11:42 pm CDT on April 14, 2012 and moved northeast. Only minor damage, downed trees and power poles/lines, was seen as the tornado moved over mainly rural portions of Woodward County, southwest of the city of Woodward. At approximately 12:12 am CDT on April 15, 2012, the tornado struck two mobile homes 5 miles southwest of Woodward. The damage here was determined to be EF-2 in intensity, and also resulted in 3 fatalities. The heaviest damage, rated EF-3, was reported as the tornado entered the southwest sides of Woodward around 12:18 am CDT. Several homes and businesses were heavily damaged as the tornado continued northeast.|Several more mobile homes were destroyed by the tornado on the north side of Woodward, and resulted in 3 additional fatalities. The tornado finally exited the city of Woodward at approximately 12:23 am CDT, eventually dissipating approximately 4 miles north of Woodward at 12:27 am CDT.","A severe weather outbreak occurred on the afternoon and evening of Saturday April 14th, 2012 across Kansas and northwest Oklahoma. Multiple tornadoes, including a few that were strong, very large hail and damaging winds accompanied the supercells that formed through the afternoon and evening. Over a dozen tornadoes occurred in northwest Oklahoma in addition to the numerous tornadoes in Kansas.||Much of Oklahoma remained under clear skies for the afternoon, which coupled with plentiful moisture allowed very strong instability to develop. A dryline stretched from western Kansas into northwest and western Oklahoma through the afternoon hours. Thunderstorms ignited off the dryline in the early afternoon, with the first severe weather reports around 230pm. The first tornado was not reported until nearly 4pm as low level wind shear increased gradually. The tornado reports continued through nearly 1am with the tornado that impacted Woodward, OK the last tornado of the evening.||With the first supercells firing around 2 PM, many dropped large hail, some as large as 3 inches in diameter. Many brief tornado touchdowns were reported as well, with the initial reports north of Woodward, OK. Additional supercells developed through the afternoon with a prominent tornadic supercell developing near Waynoka, Oklahoma. This supercell produced multiple tornadoes near Cherokee and continued moving to the northeast. One tornado with this supercell produced damage to a cemetery west of Byron. Fortunately, many of the tornadoes from this thunderstorm remained over mainly rural areas in Waynoka, Woods and Alfalfa counties.||Another tornadic supercell developed southwest of Woodward before midnight and tracked toward Woodward. The Woodward tornado began around 1150 PM roughly 3 miles northeast of Arnett and moved northeast into Woodward county. The southwest city limits of Woodward were impacted near 1218 AM on Sunday April 15th, 2012 and the tornado finally exited the north-northwest side of Woodward around 1223 AM. The tornado dissipated shortly afterward, 4 miles north of Woodward. Sadly, 6 fatalities were reported with the tornado that impacted Woodward.",190
379940,OSAGE CO.,SKIATOOK ARPT,04/15/2012,449,Tornado, ,EF1,0,0,50000,0,OK,CST-6, ,62894,C,113,TSA,0,0,NWS Storm Survey, ,4.2,200,3,SW,1,SW,SKIATOOK,04/15/2012,455,36.3233,-96.0682,36.3607,-96.0093,"A tornado damaged two airplanes and the roof of a hangar at the Skiatook Municipal Airport. It also snapped and uprooted large hardwood trees. Maximum wind in the tornado based on this damage was 90 to 100 mph.","Early morning thunderstorms developed over northeast Oklahoma in advance of a slow moving cold front. Damaging winds, large hail, and two tornadoes were produced by the strongest storms.",191
379974,CHEROKEE CO.,STANDING ROCK,04/15/2012,822,Tornado, ,EF1,0,0,30000,0,OK,CST-6, ,62894,C,21,TSA,0,0,NWS Storm Survey, ,10.3,500,2,N,2,SSE,ELDON,04/15/2012,835,35.7847,-94.926,35.8991,-94.8073,"A tornado damaged homes and destroyed several sheds and barns. It also snapped hardwood trees. Maximum estimated wind in the tornado based on this damage was 85 to 95 mph. The tornado continued into Adair County, Oklahoma.","Early morning thunderstorms developed over northeast Oklahoma in advance of a slow moving cold front. Damaging winds, large hail, and two tornadoes were produced by the strongest storms.",192
379975,ADAIR CO.,TITANIC,04/15/2012,835,Tornado, ,EF0,0,0,25000,0,OK,CST-6, ,62894,C,1,TSA,0,0,NWS Storm Survey, ,0.3,200,2,W,1,W,TITANIC,04/15/2012,836,35.8991,-94.8073,35.9009,-94.8047,"This is the second segment of this tornado. The tornado moved across Highway 51 snapping large tree limbs and destroying an unoccupied mobile home that was not tied down. Maximum estimated wind during this segment of the tornado based on this damage was about 75 mph. The tornado continued into Cherokee County, Oklahoma.","Early morning thunderstorms developed over northeast Oklahoma in advance of a slow moving cold front. Damaging winds, large hail, and two tornadoes were produced by the strongest storms.",193
379977,CHEROKEE CO.,ELDON,04/15/2012,836,Tornado, ,EF0,0,0,0,0,OK,CST-6, ,62894,C,21,TSA,0,0,NWS Storm Survey, ,0.5,160,2,SE,3,SE,ELDON,04/15/2012,837,35.9009,-94.8047,35.9055,-94.7972,"This is the third segment of this tornado. The tornado moved back into Cherokee County after crossing Highway 51. During this segment, the tornado snapped large tree limbs. Maximum estimated wind in the tornado based on this damage was about 75 mph. The tornado continued into Adair County, Oklahoma.","Early morning thunderstorms developed over northeast Oklahoma in advance of a slow moving cold front. Damaging winds, large hail, and two tornadoes were produced by the strongest storms.",194
379978,ADAIR CO.,TITANIC,04/15/2012,837,Tornado, ,EF0,0,0,20000,0,OK,CST-6, ,62894,C,1,TSA,0,0,NWS Storm Survey, ,3.4,150,1,WNW,3,NE,TITANIC,04/15/2012,843,35.9055,-94.7972,35.9346,-94.7514,"This is the final segment of this tornado. The tornado moved back into Adair County just north of Highway 51 snapping large tree limbs and destroying a few sheds and outbuildings. Maximum estimated wind in the tornado during this segment based on this damage was about 70 mph.","Early morning thunderstorms developed over northeast Oklahoma in advance of a slow moving cold front. Damaging winds, large hail, and two tornadoes were produced by the strongest storms.",195
379985,OSAGE CO.,GRAY HORSE,04/29/2012,1957,Tornado, ,EF1,0,0,8000,0,OK,CST-6, ,63162,C,113,TSA,0,0,NWS Storm Survey, ,1.3,220,4,ENE,6,ENE,GRAY HORSE,04/29/2012,1959,36.577,-96.5783,36.5822,-96.5565,"A tornado uprooted hardwood trees, snapped large tree limbs, and downed four power poles. Maximum estimated wind in the tornado based on this damage was 85 to 95 mph.","A complex of thunderstorms developed along and ahead of a slow moving cold front during the evening hours of April 29th and the early morning hours of the 30th. Heavy rain fell across a large part of northeast Oklahoma resulting in flash flooding. An isolated tornado, large hail, and damaging winds also occurred as these storms moved across the area.",196
378949,ALFALFA CO.,JET,04/30/2012,1834,Tornado, ,EF0,0,0,0,0,OK,CST-6, ,63218,C,3,OUN,0,0,Broadcast Media, ,0.1,20,3,W,3,W,JET,04/30/2012,1834,36.6631,-98.2242,36.6631,-98.2242,"Alfalfa County emergency management and a KFOR-TV chaser reported a brief tornado, with no damage reported. The tornado was observed to be just south of U.S. Highway 64 approximately 2.5 miles west of Jet.","Two distinct areas of severe thunderstorms developed late on the afternoon of April 30. The first was a cluster of supercells that initiated near a warm front across southwest Kansas and northwest Oklahoma. Several reports of golfball size hail were received between 7:00pm and 9:00pm CDT in Woods and Alfalfa County. More significantly, several tornadoes occurred in the area from near Great Salt Plains Lake to Medford with the easternmost supercell in this cluster. Some minor damage was reported, and the Oklahoma Mesonet site 1 SW Medford recorded a gust to 84 mph near a tornado.||The second area of severe weather initially developed across the Texas Panhandle, but spread eastward into parts of western and central Oklahoma overnight. One supercell affected Harmon County between 9:00-10:30pm CDT, with reports of golfball size hail and a wind gust of 76 mph near Gould. A large complex moved across much of central Oklahoma between 10:00pm-1:00am. While a couple of 1.00 hail reports were received in Oklahoma City, the main impact was severe winds, with numerous reports received from Caddo, Canadian, Grady, and Oklahoma County.",197
378950,ALFALFA CO.,JET,04/30/2012,1840,Tornado, ,EF0,0,0,0,0,OK,CST-6, ,63218,C,3,OUN,0,0,Emergency Manager, ,3.2,30,3,NW,5,W,GREAT SALT PLAINS LAKE DAM,04/30/2012,1857,36.703,-98.216,36.748,-98.224,"Alfalfa County Emergency Management and KFOR-TV reported a tornado that formed on the south side of the Great Salt Plains Lake and moved north across the lake. The only reported damage was to an outbuilding on the edge of the lake. The specific path was estimated.","Two distinct areas of severe thunderstorms developed late on the afternoon of April 30. The first was a cluster of supercells that initiated near a warm front across southwest Kansas and northwest Oklahoma. Several reports of golfball size hail were received between 7:00pm and 9:00pm CDT in Woods and Alfalfa County. More significantly, several tornadoes occurred in the area from near Great Salt Plains Lake to Medford with the easternmost supercell in this cluster. Some minor damage was reported, and the Oklahoma Mesonet site 1 SW Medford recorded a gust to 84 mph near a tornado.||The second area of severe weather initially developed across the Texas Panhandle, but spread eastward into parts of western and central Oklahoma overnight. One supercell affected Harmon County between 9:00-10:30pm CDT, with reports of golfball size hail and a wind gust of 76 mph near Gould. A large complex moved across much of central Oklahoma between 10:00pm-1:00am. While a couple of 1.00 hail reports were received in Oklahoma City, the main impact was severe winds, with numerous reports received from Caddo, Canadian, Grady, and Oklahoma County.",198
379995,NOWATA CO.,NOWATA,04/30/2012,1910,Tornado, ,EF0,0,0,0,0,OK,CST-6, ,63165,C,105,TSA,0,0,Trained Spotter, ,0.1,50,5,WNW,5,WNW,NOWATA,04/30/2012,1910,36.7132,-95.712,36.7132,-95.712,"Storm spotters reported a brief tornado. Large tree limbs were snapped by this tornado.","Thunderstorms developed over northeastern Oklahoma along a warm front and an outflow boundary from earlier thunderstorms. Tornadoes, large hail, damaging winds, and flash flooding were observed with these thunderstorms. This event continued into the early morning hours of May 1st.",199
379998,NOWATA CO.,NOWATA,04/30/2012,1912,Tornado, ,EF1,0,0,0,0,OK,CST-6, ,63165,C,105,TSA,0,0,Trained Spotter, ,0.2,75,4,W,4,W,NOWATA,04/30/2012,1912,36.6982,-95.7093,36.6982,-95.7093,"Storm spotters reported a brief tornado. The tornado snapped hardwood trees.","Thunderstorms developed over northeastern Oklahoma along a warm front and an outflow boundary from earlier thunderstorms. Tornadoes, large hail, damaging winds, and flash flooding were observed with these thunderstorms. This event continued into the early morning hours of May 1st.",200
378953,GRANT CO.,WAKITA,04/30/2012,1913,Tornado, ,EF1,0,0,0,0,OK,CST-6, ,63218,C,53,OUN,0,0,Storm Chaser, ,16,300,2,SSE,5,N,NASH,04/30/2012,2005,36.8533,-97.9062,36.7424,-98.05,"Numerous storm chasers observed this tornado at various times. The tornado initially developed around 1913 CST approximately 5 miles north of Nash and began moving east-northeast. After a general east-northeast course for about 6 miles, the tornado then began curving northeast and eventually moved north-northwest for the final 5 miles crossing state highway 11 about 8.5 miles west of Medford, then approaching Wakita from the southeast and dissipating approximately 2 miles south-southeast of town. Power lines were damaged, but no structural damage was reported despite the long path as the tornado primarily moved through farmland.","Two distinct areas of severe thunderstorms developed late on the afternoon of April 30. The first was a cluster of supercells that initiated near a warm front across southwest Kansas and northwest Oklahoma. Several reports of golfball size hail were received between 7:00pm and 9:00pm CDT in Woods and Alfalfa County. More significantly, several tornadoes occurred in the area from near Great Salt Plains Lake to Medford with the easternmost supercell in this cluster. Some minor damage was reported, and the Oklahoma Mesonet site 1 SW Medford recorded a gust to 84 mph near a tornado.||The second area of severe weather initially developed across the Texas Panhandle, but spread eastward into parts of western and central Oklahoma overnight. One supercell affected Harmon County between 9:00-10:30pm CDT, with reports of golfball size hail and a wind gust of 76 mph near Gould. A large complex moved across much of central Oklahoma between 10:00pm-1:00am. While a couple of 1.00 hail reports were received in Oklahoma City, the main impact was severe winds, with numerous reports received from Caddo, Canadian, Grady, and Oklahoma County.",201
380000,NOWATA CO.,NOWATA ARPT,04/30/2012,1925,Tornado, ,EF0,0,0,0,0,OK,CST-6, ,63165,C,105,TSA,0,0,Trained Spotter, ,0.1,50,4,WNW,4,WNW,NOWATA ARPT,04/30/2012,1925,36.7386,-95.692,36.7386,-95.692,"Storm spotters reported a brief tornado over open country. This tornado produced no known damage.","Thunderstorms developed over northeastern Oklahoma along a warm front and an outflow boundary from earlier thunderstorms. Tornadoes, large hail, damaging winds, and flash flooding were observed with these thunderstorms. This event continued into the early morning hours of May 1st.",202
380005,NOWATA CO.,NOWATA ARPT,04/30/2012,1933,Tornado, ,EF0,0,0,5000,0,OK,CST-6, ,63165,C,105,TSA,0,0,Trained Spotter, ,0.2,75,2,NNW,2,NNW,NOWATA ARPT,04/30/2012,1933,36.7437,-95.6296,36.7437,-95.6296,"Storm spotters reported a brief tornado. The tornado blew down power poles and power lines.","Thunderstorms developed over northeastern Oklahoma along a warm front and an outflow boundary from earlier thunderstorms. Tornadoes, large hail, damaging winds, and flash flooding were observed with these thunderstorms. This event continued into the early morning hours of May 1st.",203
380007,NOWATA CO.,CHILDERS,04/30/2012,1959,Tornado, ,EF1,0,0,2000,0,OK,CST-6, ,63165,C,105,TSA,0,0,NWS Storm Survey, ,1.5,200,4,ENE,5,ENE,CHILDERS,04/30/2012,2003,36.7885,-95.5027,36.8003,-95.4802,"A tornado snapped a number of hardwood trees and damaged a large barn. Maximum estimated wind in the tornado based on this damage was 95 to 105 mph.","Thunderstorms developed over northeastern Oklahoma along a warm front and an outflow boundary from earlier thunderstorms. Tornadoes, large hail, damaging winds, and flash flooding were observed with these thunderstorms. This event continued into the early morning hours of May 1st.",204
378956,GRANT CO.,MEDFORD,04/30/2012,2006,Tornado, ,EF1,0,0,0,0,OK,CST-6, ,63218,C,53,OUN,0,0,Broadcast Media, ,1,50,2,SW,1,S,MEDFORD,04/30/2012,2010,36.7947,-97.7492,36.7955,-97.73,"This tornado developed just southwest of the town of Medford and remained south of town. The mesonet site southwest of Medford measured a wind gust 84 mph. A large barn was destroyed southwest of Medford, with debris scattered across the property. Many roadways leading in and out of Medford were closed due to fallen trees and power poles/lines.","Two distinct areas of severe thunderstorms developed late on the afternoon of April 30. The first was a cluster of supercells that initiated near a warm front across southwest Kansas and northwest Oklahoma. Several reports of golfball size hail were received between 7:00pm and 9:00pm CDT in Woods and Alfalfa County. More significantly, several tornadoes occurred in the area from near Great Salt Plains Lake to Medford with the easternmost supercell in this cluster. Some minor damage was reported, and the Oklahoma Mesonet site 1 SW Medford recorded a gust to 84 mph near a tornado.||The second area of severe weather initially developed across the Texas Panhandle, but spread eastward into parts of western and central Oklahoma overnight. One supercell affected Harmon County between 9:00-10:30pm CDT, with reports of golfball size hail and a wind gust of 76 mph near Gould. A large complex moved across much of central Oklahoma between 10:00pm-1:00am. While a couple of 1.00 hail reports were received in Oklahoma City, the main impact was severe winds, with numerous reports received from Caddo, Canadian, Grady, and Oklahoma County.",205
379945,GRANT CO.,MEDFORD,04/30/2012,2010,Tornado, ,EF1,0,0,0,0,OK,CST-6, ,63218,C,53,OUN,0,0,Broadcast Media, ,14,400,1,SE,2,E,DEER CREEK,04/30/2012,2100,36.7998,-97.7172,36.81,-97.4839,"Soon after one tornado dissipated just south of Medford, another tornado developed just southeast of Medford. This tornado moved north-northeast damaging hundreds of power poles east of Medford toward Deer Creek and heavily damaging the Hohmann substation west of Deer Creek. When the tornado reached a point to the northwest of Deer Creek, the tornado began to curve to the east-southeast passing just north of Deer Creek and dissipating 2 or 3 miles east of Deer Creek.  Near Deer Creek, the tornado damaged the valve of a 30000 gallon anhydrous ammonia tank causing a leak that could not be stopped for a few hours. Much of the path of this tornado is estimated since it moved primarily through farmland.","Two distinct areas of severe thunderstorms developed late on the afternoon of April 30. The first was a cluster of supercells that initiated near a warm front across southwest Kansas and northwest Oklahoma. Several reports of golfball size hail were received between 7:00pm and 9:00pm CDT in Woods and Alfalfa County. More significantly, several tornadoes occurred in the area from near Great Salt Plains Lake to Medford with the easternmost supercell in this cluster. Some minor damage was reported, and the Oklahoma Mesonet site 1 SW Medford recorded a gust to 84 mph near a tornado.||The second area of severe weather initially developed across the Texas Panhandle, but spread eastward into parts of western and central Oklahoma overnight. One supercell affected Harmon County between 9:00-10:30pm CDT, with reports of golfball size hail and a wind gust of 76 mph near Gould. A large complex moved across much of central Oklahoma between 10:00pm-1:00am. While a couple of 1.00 hail reports were received in Oklahoma City, the main impact was severe winds, with numerous reports received from Caddo, Canadian, Grady, and Oklahoma County.",206
378958,GRANT CO.,NASH,04/30/2012,2029,Tornado, ,EF1,0,0,0,0,OK,CST-6, ,63218,C,53,OUN,0,0,Storm Chaser, ,12,200,4,NE,1,N,POND CREEK,04/30/2012,2050,36.7058,-98.0053,36.6845,-97.8,"Several large trees were uprooted near Pond Creek. No other damage was reported with the tornado.","Two distinct areas of severe thunderstorms developed late on the afternoon of April 30. The first was a cluster of supercells that initiated near a warm front across southwest Kansas and northwest Oklahoma. Several reports of golfball size hail were received between 7:00pm and 9:00pm CDT in Woods and Alfalfa County. More significantly, several tornadoes occurred in the area from near Great Salt Plains Lake to Medford with the easternmost supercell in this cluster. Some minor damage was reported, and the Oklahoma Mesonet site 1 SW Medford recorded a gust to 84 mph near a tornado.||The second area of severe weather initially developed across the Texas Panhandle, but spread eastward into parts of western and central Oklahoma overnight. One supercell affected Harmon County between 9:00-10:30pm CDT, with reports of golfball size hail and a wind gust of 76 mph near Gould. A large complex moved across much of central Oklahoma between 10:00pm-1:00am. While a couple of 1.00 hail reports were received in Oklahoma City, the main impact was severe winds, with numerous reports received from Caddo, Canadian, Grady, and Oklahoma County.",207
418737,CRAIG CO.,CENTRALIA,04/30/2012,2105,Tornado, ,EF0,0,0,0,0,OK,CST-6, ,63165,C,35,TSA,0,0,Storm Chaser, ,1,75,10,N,11,N,CENTRALIA,04/30/2012,2106,36.9444,-95.349,36.9543,-95.3349,"A storm chaser videotaped a brief tornado over open country. The tornado produced no known damage.","Thunderstorms developed over northeastern Oklahoma along a warm front and an outflow boundary from earlier thunderstorms. Tornadoes, large hail, damaging winds, and flash flooding were observed with these thunderstorms. This event continued into the early morning hours of May 1st.",208
379948,KAY CO.,NARDIN,04/30/2012,2107,Tornado, ,EF1,0,0,0,0,OK,CST-6, ,63218,C,71,OUN,0,0,Emergency Manager, ,2,50,1,W,2,S,NARDIN,04/30/2012,2113,36.81,-97.459,36.7811,-97.45,"Trees were damaged near west and south of Nardin as a tornado moved from near state highway 11 and 164th Street south-southeast.","Two distinct areas of severe thunderstorms developed late on the afternoon of April 30. The first was a cluster of supercells that initiated near a warm front across southwest Kansas and northwest Oklahoma. Several reports of golfball size hail were received between 7:00pm and 9:00pm CDT in Woods and Alfalfa County. More significantly, several tornadoes occurred in the area from near Great Salt Plains Lake to Medford with the easternmost supercell in this cluster. Some minor damage was reported, and the Oklahoma Mesonet site 1 SW Medford recorded a gust to 84 mph near a tornado.||The second area of severe weather initially developed across the Texas Panhandle, but spread eastward into parts of western and central Oklahoma overnight. One supercell affected Harmon County between 9:00-10:30pm CDT, with reports of golfball size hail and a wind gust of 76 mph near Gould. A large complex moved across much of central Oklahoma between 10:00pm-1:00am. While a couple of 1.00 hail reports were received in Oklahoma City, the main impact was severe winds, with numerous reports received from Caddo, Canadian, Grady, and Oklahoma County.",209
378965,KAY CO.,NARDIN,04/30/2012,2125,Tornado, ,EF1,0,0,0,0,OK,CST-6, ,63218,C,71,OUN,0,0,Emergency Manager, ,7,100,3,SSE,6,W,TONKAWA,04/30/2012,2138,36.7766,-97.4327,36.68,-97.4183,"Several outbuildings and one home were heavily damaged. Numerous large trees were also blown over.","Two distinct areas of severe thunderstorms developed late on the afternoon of April 30. The first was a cluster of supercells that initiated near a warm front across southwest Kansas and northwest Oklahoma. Several reports of golfball size hail were received between 7:00pm and 9:00pm CDT in Woods and Alfalfa County. More significantly, several tornadoes occurred in the area from near Great Salt Plains Lake to Medford with the easternmost supercell in this cluster. Some minor damage was reported, and the Oklahoma Mesonet site 1 SW Medford recorded a gust to 84 mph near a tornado.||The second area of severe weather initially developed across the Texas Panhandle, but spread eastward into parts of western and central Oklahoma overnight. One supercell affected Harmon County between 9:00-10:30pm CDT, with reports of golfball size hail and a wind gust of 76 mph near Gould. A large complex moved across much of central Oklahoma between 10:00pm-1:00am. While a couple of 1.00 hail reports were received in Oklahoma City, the main impact was severe winds, with numerous reports received from Caddo, Canadian, Grady, and Oklahoma County.",210
380008,NOWATA CO.,GLENOAK,04/30/2012,2342,Tornado, ,EF1,0,0,10000,0,OK,CST-6, ,63165,C,105,TSA,0,0,NWS Storm Survey, ,6.5,300,3,SSE,4,WSW,DELAWARE,04/30/2012,2348,36.6843,-95.7808,36.7523,-95.7017,"A tornado snapped and uprooted numerous hardwood trees and damaged several barns. Maximum estimated wind in the tornado based on this damage was 105 to 115 mph.","Thunderstorms developed over northeastern Oklahoma along a warm front and an outflow boundary from earlier thunderstorms. Tornadoes, large hail, damaging winds, and flash flooding were observed with these thunderstorms. This event continued into the early morning hours of May 1st.",211
380011,CRAIG CO.,WELCH,05/01/2012,30,Tornado, ,EF2,0,1,250000,0,OK,CST-6, ,63245,C,35,TSA,0,0,NWS Storm Survey, ,1,150,1,NNE,2,NNE,WELCH,05/01/2012,32,36.8872,-95.094,36.8961,-95.0796,"A tornado tore the roof off of a permanent home, shifted another permanent home off its foundation and blew out an exterior wall, turned over an outbuilding, rolled two horse trailers, destroyed a 40' by 60' steel-framed barn, and snapped or uprooted a number of hardwood trees. Maximum estimated wind in the tornado based on this damage was 110 to 120 mph.","Thunderstorms developed over far northeast Oklahoma, in the vicinity of a warm front and an outflow boundary from earlier thunderstorms. Large hail, damaging winds, several tornadoes and flash flooding were observed with these thunderstorms. This event began during the evening hours of April 30th and continued into the early morning hours of May 1st.",212
386213,CANADIAN CO.,PIEDMONT,05/29/2012,1926,Tornado, ,EF1,0,0,5000,0,OK,CST-6, ,64128,C,17,OUN,0,0,Emergency Manager, ,1,30,3,WSW,3,WSW,PIEDMONT,05/29/2012,1928,35.6236,-97.7984,35.6236,-97.7984,"Numerous people observed a small tornado that touched down near northwest 150th Street and Richland Road to the WSW of Piemont. The tornado damaged the roof of a trailer. Monetary damages estimated.","A surface low developed over the Texas Panhandle through the day, lifting a stationary front northward as a warm front across Oklahoma. As the surface low deepened, a potent dryline developed over western Oklahoma. Despite somewhat marginal upper level winds for supercells, effective shear was highly supportive of sustained rotating thunderstorms which propagated east-southeastward through the afternoon. Storms began during the mid to late afternoon over parts of north-central and northwest Oklahoma, and migrated southward into the Oklahoma City metropolitan area by evening. Significant damage occurred across the Oklahoma City area due to very large hail and severe winds. A couple of brief tornadoes also occurred northwest of Oklahoma City. Total damages of $400 to $500 million were estimated across the Oklahoma City Metropolitan area.",213
386216,CANADIAN CO.,UNION CITY,05/29/2012,2015,Tornado, ,EF0,0,0,0,0,OK,CST-6, ,64128,C,17,OUN,0,0,Storm Chaser, ,1,30,3,W,3,W,UNION CITY,05/29/2012,2016,35.384,-97.99,35.384,-97.99,"Storm chasers observed a small tornado to the west of Union City. Some light damage was reported near Reformatory Road to the south of southwest 74th Street.","A surface low developed over the Texas Panhandle through the day, lifting a stationary front northward as a warm front across Oklahoma. As the surface low deepened, a potent dryline developed over western Oklahoma. Despite somewhat marginal upper level winds for supercells, effective shear was highly supportive of sustained rotating thunderstorms which propagated east-southeastward through the afternoon. Storms began during the mid to late afternoon over parts of north-central and northwest Oklahoma, and migrated southward into the Oklahoma City metropolitan area by evening. Significant damage occurred across the Oklahoma City area due to very large hail and severe winds. A couple of brief tornadoes also occurred northwest of Oklahoma City. Total damages of $400 to $500 million were estimated across the Oklahoma City Metropolitan area.",214
414939,CARTER CO.,HEALDTON,10/13/2012,1646,Tornado, ,EF1,0,2,0,0,OK,CST-6, ,68654,C,19,OUN,0,0,Law Enforcement, ,5.1,75,3,SW,2,ENE,HEALDTON,10/13/2012,1651,34.1942,-97.5205,34.2408,-97.4511,"A sheriff's deputy encountered a rain-wrapped tornado near Healdton that was embedded within a larger area of severe thunderstorm winds. The tornado developed approximately 3 miles southwest of Healdton and moved northeast toward Healdton Lake. Trees and power lines were damaged along the path. The most significant damage occurred at Healdton Lake where five mobile homes were destroyed. Two injuries reported in one of these homes. The tornado likely dissipated over or just northeast of Healdton Lake.","Numerous quasi-discrete thunderstorms developed along and ahead of a dryline across western Oklahoma during the early afternoon. These storms continued into the evening hours, affecting much of Oklahoma south of I-40. One tornado was reported, as well as widespread damaging winds and severe hail.",215
429858,LOGAN CO.,ORLANDO,01/29/2013,648,Tornado, ,EF1,0,0,200000,0,OK,CST-6, ,70212,C,83,OUN,0,0,Public, ,1.1,40,4,W,3,W,ORLANDO,01/29/2013,649,36.155,-97.456,36.159,-97.437,"Public reported damage to a farmstead northwest of Orlando. Damage survey indicated partial destruction of pole barn with sheet metal tossed several hundred yards. Wood debris was littered across the property with splintered boards driven several inches into the ground. Substantial tree damage was also noted with some partial debarking. Several pieces of heavy farm equipment were partially moved or overturned. Damages estimated.","A strong upper level storm system and cold front, coupled with a moist and modestly unstable airmass, lead to the development of severe storms during the morning hours on the 29th. Storms produced large hail and some significant wind damage across parts of the area.",216
422660,SEQUOYAH CO.,SHORT,01/29/2013,1455,Tornado, ,EF1,0,0,0,0,OK,CST-6, ,70358,C,135,TSA,0,0,NWS Storm Survey, ,2.4,400,3,NNW,4,N,SHORT,01/29/2013,1457,35.605,-94.498,35.6332,-94.4718,"This is the first segment of a two-segment tornado. This tornado developed in rural, northeastern Sequoyah County, Oklahoma. It snapped or uprooted numerous trees as it moved rapidly northeast. Based on this tree damage, maximum estimated wind in the tornado was 100 to 110 mph. The tornado continued into Crawford County, Arkansas.","Severe thunderstorms developed over eastern Oklahoma ahead of a strong cold front that was moving across the region during the morning hours of the 29th. Unseasonably warm and moist air was in place ahead of the front and very strong wind shear was present, allowing storms to become long-lived and organized. Damaging wind and a tornado resulted from these storms.",217
432342,MUSKOGEE CO.,WYBARK,03/30/2013,2035,Tornado, ,EF0,0,0,25000,0,OK,CST-6, ,71784,C,101,TSA,0,0,NWS Storm Survey, ,1,200,2,ESE,2,WNW,FT GIBSON,03/30/2013,2036,35.8076,-95.3016,35.8132,-95.2866,"This is the first segment of a two segment tornado. The tornado damaged a center-pivot irrigation system, snapped large tree limbs, damaged a permanent home, and damaged barns. Based on this damage, maximum estimated wind in this segment of the tornado was 80 to 85 mph. This tornado moved into Wagoner County and dissipated.","Thunderstorms developed across southeastern Kansas and eastern Oklahoma during the evening hours of the 30th. The combination of instability and wind shear across the area resulted in supercell storm structures as these storms evolved. The storms moved east-southeast across much of eastern Oklahoma during the evening producing large hail up to three inches in diameter, damaging wind gusts, and two tornadoes.",218
432343,WAGONER CO.,WYBARK,03/30/2013,2036,Tornado, ,EF0,0,0,5000,0,OK,CST-6, ,71784,C,145,TSA,0,0,NWS Storm Survey, ,0.1,120,2,E,3,E,WYBARK,03/30/2013,2037,35.8132,-95.2866,35.815,-95.2855,"This is the second segment of a two segment tornado. The tornado moved into Wagoner County and blew down large tree limbs and a couple power poles before dissipating. Maximum estimated wind in this segment of the tornado based on this damage was 70 to 75 mph.","Thunderstorms developed across southeastern Kansas and eastern Oklahoma during the evening hours of the 30th. The combination of instability and wind shear across the area resulted in supercell storm structures as these storms evolved. The storms moved east-southeast across much of eastern Oklahoma during the evening producing large hail up to three inches in diameter, damaging wind gusts, and two tornadoes.",219
432339,SEQUOYAH CO.,SALLISAW ARPT,03/30/2013,2220,Tornado, ,EF1,0,0,100000,0,OK,CST-6, ,71784,C,135,TSA,0,0,NWS Storm Survey, ,0.5,175,1,WSW,0,SSW,SALLISAW ARPT,03/30/2013,2221,35.427,-94.81,35.425,-94.804,"A tornado developed atop a ridge south-southwest of Sallisaw. The tornado destroyed several wood-framed barns and snapped large tree limbs on top of the ridge then moved southeast damaging a permanent home and snapping power poles as it crossed Highway 59. Based on this damage, maximum estimated wind in the tornado was 100 to 110 mph.","Thunderstorms developed across southeastern Kansas and eastern Oklahoma during the evening hours of the 30th. The combination of instability and wind shear across the area resulted in supercell storm structures as these storms evolved. The storms moved east-southeast across much of eastern Oklahoma during the evening producing large hail up to three inches in diameter, damaging wind gusts, and two tornadoes.",220
446456,COMANCHE CO.,CACHE,04/17/2013,1750,Tornado, ,EF0,0,0,200000,0,OK,CST-6, ,72154,C,31,OUN,0,0,NWS Employee, ,3.41,100,5,SE,7,W,LAWTON,04/17/2013,1756,34.58,-98.5633,34.603,-98.5103,"The tornado was reported on the west side of Lawton. Minor damage was done to the Goodyear Tire Plant at southwest Lee and Goodyear Boulevards.","A strong warm front became stationary along the interstate 44 corridor during the early afternoon of the 17th. Through the day, areas south of the warm front and east of a well-defined dryline became very unstable. As a large upper trough shifted into the Southern Plains, scattered thunderstorms developed near the dryline/warm front triple point. As these storms moved eastward into the highly unstable warm sector, they became supercellular. These storms produced all facets of severe weather, including very large hail, damaging straight line winds, and a few brief tornadoes. Training of supercells also led to flash flooding over portions of southwest Oklahoma around the Wichita Mountains Wildlife Refuge. Storms eventually shifted eastward and weakened overnight as a cold front pushed through Oklahoma.",221
446459,TILLMAN CO.,GRANDFIELD,04/17/2013,1935,Tornado, ,EF1,0,0,500000,0,OK,CST-6, ,72154,C,141,OUN,0,0,Trained Spotter, ,5.21,200,7,WNW,2,NW,GRANDFIELD,04/17/2013,1945,34.2688,-98.8032,34.2505,-98.7148,"Multiple spotter and storm chaser reports of a tornado. Damage occurred a the Grandfield airport. The tornado has been assigned a preliminary EF-1 rating.","A strong warm front became stationary along the interstate 44 corridor during the early afternoon of the 17th. Through the day, areas south of the warm front and east of a well-defined dryline became very unstable. As a large upper trough shifted into the Southern Plains, scattered thunderstorms developed near the dryline/warm front triple point. As these storms moved eastward into the highly unstable warm sector, they became supercellular. These storms produced all facets of severe weather, including very large hail, damaging straight line winds, and a few brief tornadoes. Training of supercells also led to flash flooding over portions of southwest Oklahoma around the Wichita Mountains Wildlife Refuge. Storms eventually shifted eastward and weakened overnight as a cold front pushed through Oklahoma.",222
436278,TULSA CO.,GLENPOOL,04/17/2013,2250,Tornado, ,EF0,0,0,0,0,OK,CST-6, ,72358,C,143,TSA,0,0,Broadcast Media, ,0.5,50,6,S,5,S,GLENPOOL,04/17/2013,2251,35.8715,-96.0166,35.878,-96.0126,"A KOTV meteorologist observed a tornado crossing Highway 75. This tornado blew a vehicle off the road into the median and damaged trees.","Thunderstorms developed along and south of a stationary frontal boundary that extended across southeastern Kansas through southwestern Oklahoma during the evening hours of the 17th. This frontal boundary surged southward as a cold front overnight, increasing the thunderstorm activity over eastern Oklahoma as it moved into warm, moist, and unstable air. The thunderstorms evolved into a bow echo that moved rapidly east-northeast across the region producing damaging wind, some large hail, and locally heavy rainfall as thunderstorms moved repeatedly across the same areas. Tornadoes developed across northeastern Oklahoma in the storms that moved along the frontal boundary.",223
436279,TULSA CO.,BIXBY,04/17/2013,2301,Tornado, ,EF0,0,0,50000,0,OK,CST-6, ,72358,C,143,TSA,0,0,NWS Storm Survey, ,1.3,250,3,NE,3,NNE,BIXBY,04/17/2013,2303,35.9739,-95.8363,35.988,-95.8506,"This tornado damaged a number of homes and snapped numerous large tree limbs as it moved north and then curved to the northwest. Based on this damage, maximum estimated wind in the tornado was 80 to 85 mph.","Thunderstorms developed along and south of a stationary frontal boundary that extended across southeastern Kansas through southwestern Oklahoma during the evening hours of the 17th. This frontal boundary surged southward as a cold front overnight, increasing the thunderstorm activity over eastern Oklahoma as it moved into warm, moist, and unstable air. The thunderstorms evolved into a bow echo that moved rapidly east-northeast across the region producing damaging wind, some large hail, and locally heavy rainfall as thunderstorms moved repeatedly across the same areas. Tornadoes developed across northeastern Oklahoma in the storms that moved along the frontal boundary.",224
436288,TULSA CO.,BIXBY,04/17/2013,2303,Tornado, ,EF1,0,0,250000,0,OK,CST-6, ,72358,C,143,TSA,0,0,NWS Storm Survey, ,2.1,400,2,NE,4,SSE,BROKEN ARROW ARPK,04/17/2013,2305,35.97,-95.8503,35.9994,-95.8385,"This tornado severely damaged the second story of a permanent home and damaged many others. Some windows were blown out of a few homes. Trees were uprooted and numerous large limbs were snapped. The tornado moved north-northeast then curved slightly north. Based on this damage, maximum estimated wind in the tornado was 90 to 100 mph.","Thunderstorms developed along and south of a stationary frontal boundary that extended across southeastern Kansas through southwestern Oklahoma during the evening hours of the 17th. This frontal boundary surged southward as a cold front overnight, increasing the thunderstorm activity over eastern Oklahoma as it moved into warm, moist, and unstable air. The thunderstorms evolved into a bow echo that moved rapidly east-northeast across the region producing damaging wind, some large hail, and locally heavy rainfall as thunderstorms moved repeatedly across the same areas. Tornadoes developed across northeastern Oklahoma in the storms that moved along the frontal boundary.",225
436297,ROGERS CO.,INOLA,04/17/2013,2328,Tornado, ,EF0,0,0,40000,0,OK,CST-6, ,72358,C,131,TSA,0,0,NWS Storm Survey, ,0.9,125,4,SSW,3,SSW,INOLA,04/17/2013,2329,36.0989,-95.5336,36.1089,-95.5258,"This tornado severely damaged a barn, blew down numerous large tree limbs, and did minor damage to the roof of a home. Based on this damage, maximum estimated wind in the tornado was 70 to 75 mph.","Thunderstorms developed along and south of a stationary frontal boundary that extended across southeastern Kansas through southwestern Oklahoma during the evening hours of the 17th. This frontal boundary surged southward as a cold front overnight, increasing the thunderstorm activity over eastern Oklahoma as it moved into warm, moist, and unstable air. The thunderstorms evolved into a bow echo that moved rapidly east-northeast across the region producing damaging wind, some large hail, and locally heavy rainfall as thunderstorms moved repeatedly across the same areas. Tornadoes developed across northeastern Oklahoma in the storms that moved along the frontal boundary.",226
436298,ROGERS CO.,INOLA,04/17/2013,2329,Tornado, ,EF1,0,0,100000,0,OK,CST-6, ,72358,C,131,TSA,0,0,NWS Storm Survey, ,1.8,140,2,SW,1,S,INOLA,04/17/2013,2332,36.1216,-95.5246,36.1372,-95.5011,"This tornado overturned several empty rail cars, destroyed a mobile home, and damaged several permanent homes. The tornado traveled northeast and then curved more northerly before it dissipated. Based on the damage, maximum estimated wind in the tornado was 100 to 110 mph.","Thunderstorms developed along and south of a stationary frontal boundary that extended across southeastern Kansas through southwestern Oklahoma during the evening hours of the 17th. This frontal boundary surged southward as a cold front overnight, increasing the thunderstorm activity over eastern Oklahoma as it moved into warm, moist, and unstable air. The thunderstorms evolved into a bow echo that moved rapidly east-northeast across the region producing damaging wind, some large hail, and locally heavy rainfall as thunderstorms moved repeatedly across the same areas. Tornadoes developed across northeastern Oklahoma in the storms that moved along the frontal boundary.",227
436299,ROGERS CO.,INOLA,04/17/2013,2333,Tornado, ,EF1,0,0,80000,0,OK,CST-6, ,72358,C,131,TSA,0,0,NWS Storm Survey, ,1.9,180,0,SSW,1,ENE,INOLA,04/17/2013,2336,36.1465,-95.5014,36.157,-95.4771,"This tornado damaged the roofs of a number of homes and badly damaged a metal frame building. It also destroyed an outbuilding. The tornado initially moved east-northeast before turning sharply north. Before it dissipated, the tornado veered toward the east as it was influenced by a larger area of rotation within the storm complex. Based on the damage, estimated maximum wind in the tornado was 90 to 95 mph.","Thunderstorms developed along and south of a stationary frontal boundary that extended across southeastern Kansas through southwestern Oklahoma during the evening hours of the 17th. This frontal boundary surged southward as a cold front overnight, increasing the thunderstorm activity over eastern Oklahoma as it moved into warm, moist, and unstable air. The thunderstorms evolved into a bow echo that moved rapidly east-northeast across the region producing damaging wind, some large hail, and locally heavy rainfall as thunderstorms moved repeatedly across the same areas. Tornadoes developed across northeastern Oklahoma in the storms that moved along the frontal boundary.",228
436300,MAYES CO.,PRYOR CREEK ARPT,04/17/2013,2348,Tornado, ,EF1,0,0,30000,0,OK,CST-6, ,72358,C,97,TSA,0,0,NWS Storm Survey, ,6.5,100,3,NE,2,NW,LAKE HUDSON,04/17/2013,2358,36.25,-95.2861,36.3061,-95.1922,"This tornado tore much of the roof off of an industrial building on Highway 69A on the north side of the Mid-America Industrial Complex. It also destroyed a barn, snapped numerous large tree limbs, and uprooted a couple trees. Based on this damage, maximum estimated wind in the tornado was 85 to 95 mph.","Thunderstorms developed along and south of a stationary frontal boundary that extended across southeastern Kansas through southwestern Oklahoma during the evening hours of the 17th. This frontal boundary surged southward as a cold front overnight, increasing the thunderstorm activity over eastern Oklahoma as it moved into warm, moist, and unstable air. The thunderstorms evolved into a bow echo that moved rapidly east-northeast across the region producing damaging wind, some large hail, and locally heavy rainfall as thunderstorms moved repeatedly across the same areas. Tornadoes developed across northeastern Oklahoma in the storms that moved along the frontal boundary.",229
436302,MAYES CO.,SPAVINAW,04/18/2013,7,Tornado, ,EF1,0,2,750000,0,OK,CST-6, ,72358,C,97,TSA,0,0,NWS Storm Survey, ,3.5,350,2,WSW,2,NE,SPAVINAW,04/18/2013,13,36.3752,-95.0788,36.4011,-95.0248,"This tornado developed in the cyclonic comma head of the bow echo, well behind the intial gust front. It damaged numerous homes and businesses in Spavinaw and tore much of the roof off of the school. Several mobile homes were destroyed, numerous trees were snapped or uprooted, and numerous power poles were snapped. Based on this damage, maximum estimated wind in the tornado was 100 to 110 mph.","Thunderstorms developed along and south of a stationary frontal boundary that extended across southeastern Kansas through southwestern Oklahoma during the evening hours of the 17th. This frontal boundary surged southward as a cold front overnight, increasing the thunderstorm activity over eastern Oklahoma as it moved into warm, moist, and unstable air. The thunderstorms evolved into a bow echo that moved rapidly east-northeast across the region producing damaging wind, some large hail, and locally heavy rainfall as thunderstorms moved repeatedly across the same areas. Tornadoes developed across northeastern Oklahoma in the storms that moved along the frontal boundary.",230
436304,DELAWARE CO.,ZENA,04/18/2013,30,Tornado, ,EF2,0,0,400000,0,OK,CST-6, ,72358,C,41,TSA,0,0,NWS Storm Survey, ,8,800,4,E,5,SE,GROVE ARPT,04/18/2013,40,36.4918,-94.7809,36.5513,-94.6567,"This tornado developed along the leading edge of the bow echo. Near the beginning of its track, it destroyed a large swath of hardwood trees and severely damaged a home. Several other homes were damaged by the tornado, barns and outbuildings were destroyed, and power poles were snapped. Based on this damage, maximum estimated wind in the tornado was 115 to 125 mph.","Thunderstorms developed along and south of a stationary frontal boundary that extended across southeastern Kansas through southwestern Oklahoma during the evening hours of the 17th. This frontal boundary surged southward as a cold front overnight, increasing the thunderstorm activity over eastern Oklahoma as it moved into warm, moist, and unstable air. The thunderstorms evolved into a bow echo that moved rapidly east-northeast across the region producing damaging wind, some large hail, and locally heavy rainfall as thunderstorms moved repeatedly across the same areas. Tornadoes developed across northeastern Oklahoma in the storms that moved along the frontal boundary.",231
449210,DEWEY CO.,PUTNAM,04/26/2013,1731,Tornado, ,EF0,0,0,0,0,OK,CST-6, ,72833,C,43,OUN,0,0,Storm Chaser, ,0.16,50,6,N,6,N,PUTNAM,04/26/2013,1733,35.95,-98.99,35.949,-98.9873,"A very brief tornado was observed by a storm chaser over open country. No damage occurred.","A strong surface low developed over the Texas and Oklahoma panhandles. During the afternoon, a weak wave of low pressure aloft acted to drive a warm front southward as a cold front. Scattered supercells developed along the front, traveling from northwest Oklahoma southeastward into portions of central and south central Oklahoma. Very large hail and significant wind damage accompanied the storms, which lingered well into the overnight hours.",232
446587,GRADY CO.,MINCO,05/08/2013,1918,Tornado, ,EF0,0,0,0,0,OK,CST-6, ,72857,C,51,OUN,0,0,Broadcast Media, ,0.1,50,4,SE,4,SE,MINCO,05/08/2013,1918,35.2691,-97.8899,35.2691,-97.8899,"Brief tornado reported by KWTV and a Spotter Network storm chaser.","A dryline was located from western Kansas through the Texas Panhandle during the afternoon, with a moist, unstable airmass in place over Oklahoma as a shortwave trough approached. Numerous thunderstorms developed during the mid- to late-afternoon hours over much of western and central Oklahoma, with some displaying supercell characteristics at times. Widespread large hail was reported, some significant, along with isolated damaging winds.",233
465038,KIOWA CO.,SNYDER,05/09/2013,1600,Tornado, ,EF0,0,0,0,0,OK,CST-6, ,72858,C,75,OUN,0,0,Broadcast Media, ,0.1,10,0,N,0,N,SNYDER,05/09/2013,1600,34.66,-98.95,34.66,-98.95,"A brief, weak landspout tornado was observed in Snyder. This tornado caused minor damage to a carport. The time of this tornado is estimated.","A weak frontal boundary was quasi-stationary near the I-40 corridor through the day, with moist and unstable air to its south. Several rounds of thunderstorms occurred throughout the afternoon and evening across the southern half of Oklahoma. Most were sub-severe, due to weak deep-layer wind shear, but a few produced marginally-severe hail.",234
465039,JACKSON CO.,ALTUS,05/09/2013,1721,Tornado, ,EF0,0,0,0,0,OK,CST-6, ,72858,C,65,OUN,0,0,Public, ,0.1,20,9,SSW,9,SSW,ALTUS,05/09/2013,1721,34.5197,-99.3905,34.5197,-99.3905,"A resident photographed a brief landspout tornado in Jackson County to the south-southwest of Altus. No damage was reported.","A weak frontal boundary was quasi-stationary near the I-40 corridor through the day, with moist and unstable air to its south. Several rounds of thunderstorms occurred throughout the afternoon and evening across the southern half of Oklahoma. Most were sub-severe, due to weak deep-layer wind shear, but a few produced marginally-severe hail.",235
446638,PONTOTOC CO.,ADA,05/15/2013,1734,Tornado, ,EF0,0,0,20000,0,OK,CST-6, ,73619,C,123,OUN,0,0,NWS Storm Survey, ,0.5,50,2,WNW,2,NW,ADA,05/15/2013,1735,34.7805,-96.7083,34.7844,-96.7008,"An F0 tornado developed just west of the city limits Ada and moved northeast about one-half mile. A mobile home was damaged near the beginning of the path and trees were snapped or uprooted along the path.","A weak upper-level low was centered over western Oklahoma, with moderately moist and unstable air in place over central and southern Oklahoma. Combined with substantial low-level shear, this allowed supercells to develop during the mid-afternoon hours, generally along and southeast of the I-44 corridor. A few hail reports were received, along with one tornado near Ada.",236
451523,OKLAHOMA CO.,EDMOND,05/19/2013,1522,Tornado, ,EF1,0,0,0,0,OK,CST-6, ,73821,C,109,OUN,0,0,NWS Storm Survey, ,4.5,900,2,S,2,WSW,ARCADIA LAKE,05/19/2013,1530,35.624,-97.481,35.643,-97.406,"A tornado touched down in Edmond just northwest of 33rd Street and Boulevard Street. The tornado moved east just north of 33rd Street causing primarily EF0 damage, primarily to trees. The tornado turned northeast just before crossing Interstate 35 with isolated EF1 damage beginning just west of Interstate 35. One home north of E 15th Street and east of Interstate 35 suffered significant roof damage just before the tornado dissipated north of 15th Street and Air Depot Blvd.","A moist and very unstable airmass was in place over the eastern two thirds of Oklahoma, to the east of a dryline. Additionally, strong wind shear was present as a mid-level jet streak carved into the southern Plains. Several supercells developed along the dryline during the mid and late afternoon hours, producing large hail. Two supercells in central Oklahoma also produced tornadoes, including a few significant, damaging tornadoes.",237
451524,OKLAHOMA CO.,ARCADIA LAKE,05/19/2013,1533,Tornado, ,EF1,0,0,0,0,OK,CST-6, ,73821,C,109,OUN,0,0,NWS Storm Survey, ,0.54,200,1,ENE,1,ENE,ARCADIA LAKE,05/19/2013,1534,35.6534,-97.3621,35.6544,-97.3523,"A brief tornado was observed just northeast of Lake Arcdia. The tornado damaged a power pole along Post Road just north of State Highway 66, otherwise no known damage occurred.","A moist and very unstable airmass was in place over the eastern two thirds of Oklahoma, to the east of a dryline. Additionally, strong wind shear was present as a mid-level jet streak carved into the southern Plains. Several supercells developed along the dryline during the mid and late afternoon hours, producing large hail. Two supercells in central Oklahoma also produced tornadoes, including a few significant, damaging tornadoes.",238
451533,OKLAHOMA CO.,LUTHER,05/19/2013,1541,Tornado, ,EF2,0,0,0,0,OK,CST-6, ,73821,C,109,OUN,0,0,NWS Storm Survey, ,5,1000,3,NW,5,NNE,LUTHER,05/19/2013,1554,35.693,-97.232,35.724,-97.154,"A tornado touched down just south of Triple XXX Road and Coffee Creek Road to the northwest of Luther and began to move east-northeast. The tornado began producing EF2 damage soon after crossing Luther Road where an outbuilding was destroyed. At least two mobile homes were destroyed as the tornado continued to the east-northeast. The tornado crossed Waterloo Road and moved into Logan County.","A moist and very unstable airmass was in place over the eastern two thirds of Oklahoma, to the east of a dryline. Additionally, strong wind shear was present as a mid-level jet streak carved into the southern Plains. Several supercells developed along the dryline during the mid and late afternoon hours, producing large hail. Two supercells in central Oklahoma also produced tornadoes, including a few significant, damaging tornadoes.",239
451534,LOGAN CO.,MERIDIAN,05/19/2013,1554,Tornado, ,EF2,0,0,0,0,OK,CST-6, ,73821,C,83,OUN,0,0,NWS Storm Survey, ,0.84,1000,10,SE,10,SE,MERIDIAN,05/19/2013,1556,35.724,-97.154,35.73,-97.141,"Tornado continued tracking ENE, producing tree damage as it clipped the extreme southeast corner of Logan County before moving into Lincoln County.","A moist and very unstable airmass was in place over the eastern two thirds of Oklahoma, to the east of a dryline. Additionally, strong wind shear was present as a mid-level jet streak carved into the southern Plains. Several supercells developed along the dryline during the mid and late afternoon hours, producing large hail. Two supercells in central Oklahoma also produced tornadoes, including a few significant, damaging tornadoes.",240
451535,LINCOLN CO.,FALLIS,05/19/2013,1556,Tornado, ,EF3,0,4,0,0,OK,CST-6, ,73821,C,81,OUN,0,0,NWS Storm Survey, ,15,1200,2,SW,3,SE,TRYON,05/19/2013,1624,35.73,-97.141,35.847,-96.92,"The large tornado continued to move northeast from Logan County into Lincoln County. The tornado passed just southeast of Fallis and then clipped the southeastern portion of Carney. It produced EF3 damage to a number of homes from just south of Carney into the southeast portion of the town. The tornado finally dissipated about 3 miles southeast of Tryon. Motions observed visually in this tornado suggest that the tornado was likely stronger then EF3 in western Lincoln County, but no damage indicators were available that would have supplied a rating higher than EF3 in this area.","A moist and very unstable airmass was in place over the eastern two thirds of Oklahoma, to the east of a dryline. Additionally, strong wind shear was present as a mid-level jet streak carved into the southern Plains. Several supercells developed along the dryline during the mid and late afternoon hours, producing large hail. Two supercells in central Oklahoma also produced tornadoes, including a few significant, damaging tornadoes.",241
451505,CLEVELAND CO.,LAKE THUNDERBIRD DAM,05/19/2013,1700,Tornado, ,EF3,0,4,0,0,OK,CST-6, ,73821,C,27,OUN,0,0,NWS Storm Survey, ,10.5,1150,5,WNW,4,ESE,STELLA,05/19/2013,1720,35.2531,-97.3001,35.308,-97.142,"A long track tornado began in Cleveland County in east Norman to the north of Lake Thunderbird along 96th Avenue to the south of Tecumseh Road. The tornado moved northeast, crossing the eastern arm of Lake Thunderbird. A number of homes were significantly damaged as the tornado moved east-northeast through neighborhoods from near Indian Hills Road and 168th Avenue SE to the Pottawatomie County line. The tornado then moved into Pottawatomie County.","A moist and very unstable airmass was in place over the eastern two thirds of Oklahoma, to the east of a dryline. Additionally, strong wind shear was present as a mid-level jet streak carved into the southern Plains. Several supercells developed along the dryline during the mid and late afternoon hours, producing large hail. Two supercells in central Oklahoma also produced tornadoes, including a few significant, damaging tornadoes.",242
451506,POTTAWATOMIE CO.,PINK,05/19/2013,1720,Tornado, ,EF4,2,6,0,0,OK,CST-6, ,73821,C,125,OUN,0,0,NWS Storm Survey, ,12.5,1500,4,NNW,4,WSW,AYDELOTTE,05/19/2013,1750,35.308,-97.142,35.423,-96.981,"The large tornado moved east-northeast into Pottawatomie County then curving northeast as it approached State Highway 102. The tornado moved through a mobile home park north of Independence Road after crossing State Highway 102. Just northeast of the mobile home park, a permanent home was destroyed with much of the debris blown well to the northeast.  It continued northeast crossing Interstate 40 near the intersection of US-177, then curved north-northeast finally dissipating near Wolverine Road and Coker Road. One fatality occurred in the mobile home park, and another man was killed in his vehicle.","A moist and very unstable airmass was in place over the eastern two thirds of Oklahoma, to the east of a dryline. Additionally, strong wind shear was present as a mid-level jet streak carved into the southern Plains. Several supercells developed along the dryline during the mid and late afternoon hours, producing large hail. Two supercells in central Oklahoma also produced tornadoes, including a few significant, damaging tornadoes.",243
451536,POTTAWATOMIE CO.,DALE,05/19/2013,1740,Tornado, ,EF0,0,0,0,0,OK,CST-6, ,73821,C,125,OUN,0,0,NWS Storm Survey, ,2,30,4,SSE,3,SE,DALE,05/19/2013,1743,35.3365,-97.0228,35.3644,-97.0186,"An anticyclonic tornado was observed in RaXPol mobile radar data and an area of tree damage was observed by the storm survey team.","A moist and very unstable airmass was in place over the eastern two thirds of Oklahoma, to the east of a dryline. Additionally, strong wind shear was present as a mid-level jet streak carved into the southern Plains. Several supercells developed along the dryline during the mid and late afternoon hours, producing large hail. Two supercells in central Oklahoma also produced tornadoes, including a few significant, damaging tornadoes.",244
442444,CREEK CO.,SHAMROCK,05/19/2013,1747,Tornado, ,EF0,0,0,0,0,OK,CST-6, ,73247,C,37,TSA,0,0,Storm Chaser, ,0.2,50,2,WNW,2,WNW,SHAMROCK,05/19/2013,1748,35.9323,-96.6143,35.9328,-96.6133,"A brief tornado was photographed by a Fox23 storm chaser. No damage is known to have occurred from this tornado as it remained over open country.","Early morning thunderstorms produced isolated wind damage across northeastern Oklahoma during the morning of the 19th but more widespread severe weather occurred later in the day. Severe thunderstorms developed across central Oklahoma along a dry line during the late afternoon hours. Very unstable air combined with very strong wind shear allowed these storms to evolve rapidly into supercells, which produced several damaging tornadoes in central Oklahoma before moving into eastern Oklahoma. Most of these supercell thunderstorms gradually weakened as they moved into the eastern portion of the state. The storm that produced damaging tornadoes around Shawnee also produced a strong tornado west and northwest of Prague, and another north northeast of Prague that moved across northwestern Okfuskee County. Another supercell produced a brief tornado northwest of Shamrock in northwestern Creek County before weakening as it moved further into northeastern Oklahoma. Large hail and damaging wind was reported across portions of northeastern Oklahoma during the evening.",245
451515,POTTAWATOMIE CO.,JOHNSON,05/19/2013,1759,Tornado, ,EF0,0,0,0,0,OK,CST-6, ,73821,C,125,OUN,0,0,NWS Storm Survey, ,0.5,250,4,NE,5,NE,JOHNSON,05/19/2013,1800,35.458,-96.795,35.463,-96.789,"A tornado began about just south of the Pottawatomie-Lincoln County line damaging some trees before moving into Lincoln County.","A moist and very unstable airmass was in place over the eastern two thirds of Oklahoma, to the east of a dryline. Additionally, strong wind shear was present as a mid-level jet streak carved into the southern Plains. Several supercells developed along the dryline during the mid and late afternoon hours, producing large hail. Two supercells in central Oklahoma also produced tornadoes, including a few significant, damaging tornadoes.",246
451518,LINCOLN CO.,PRAGUE,05/19/2013,1800,Tornado, ,EF2,0,0,0,0,OK,CST-6, ,73821,C,81,OUN,0,0,NWS Storm Survey, ,6.75,450,6,WSW,3,N,PRAGUE,05/19/2013,1812,35.463,-96.789,35.526,-96.698,"This tornado moved into Lincoln County from Pottawatomie County and affect areas to the west and north of Prague. Large sctions of roof were removed from two homes northwest of Prague.","A moist and very unstable airmass was in place over the eastern two thirds of Oklahoma, to the east of a dryline. Additionally, strong wind shear was present as a mid-level jet streak carved into the southern Plains. Several supercells developed along the dryline during the mid and late afternoon hours, producing large hail. Two supercells in central Oklahoma also produced tornadoes, including a few significant, damaging tornadoes.",247
451531,LINCOLN CO.,PRAGUE,05/19/2013,1817,Tornado, ,EF0,0,0,0,0,OK,CST-6, ,73821,C,81,OUN,0,0,NWS Storm Survey, ,2.12,300,4,NE,6,NE,PRAGUE,05/19/2013,1820,35.5323,-96.6538,35.5487,-96.6219,"A tornado touched down about 3.5 miles northeast of Prague and caused tree damage before moving into Okfuskee County in the Tulsa County Warning Area (see Storm Data for eastern Oklahoma for information about the continuation of this tornado).","A moist and very unstable airmass was in place over the eastern two thirds of Oklahoma, to the east of a dryline. Additionally, strong wind shear was present as a mid-level jet streak carved into the southern Plains. Several supercells developed along the dryline during the mid and late afternoon hours, producing large hail. Two supercells in central Oklahoma also produced tornadoes, including a few significant, damaging tornadoes.",248
442445,OKFUSKEE CO.,PADEN,05/19/2013,1820,Tornado, ,EF1,0,0,50000,0,OK,CST-6, ,73247,C,107,TSA,0,0,NWS Storm Survey, ,10.9,700,4,NW,3,ENE,MICAWBER,05/19/2013,1838,35.5487,-96.6219,35.6391,-96.4649,"This is the second segment of a three segment tornado, which began in Lincoln County north-northeast of Prague. In Okfuskee County, the tornado snapped or uprooted numerous trees and damaged several barns and outbuildings. Based on this damage, maximum estimated wind in this segment of the tornado was 100 to 110 mph. The tornado continued into Creek County, where it dissipated.","Early morning thunderstorms produced isolated wind damage across northeastern Oklahoma during the morning of the 19th but more widespread severe weather occurred later in the day. Severe thunderstorms developed across central Oklahoma along a dry line during the late afternoon hours. Very unstable air combined with very strong wind shear allowed these storms to evolve rapidly into supercells, which produced several damaging tornadoes in central Oklahoma before moving into eastern Oklahoma. Most of these supercell thunderstorms gradually weakened as they moved into the eastern portion of the state. The storm that produced damaging tornadoes around Shawnee also produced a strong tornado west and northwest of Prague, and another north northeast of Prague that moved across northwestern Okfuskee County. Another supercell produced a brief tornado northwest of Shamrock in northwestern Creek County before weakening as it moved further into northeastern Oklahoma. Large hail and damaging wind was reported across portions of northeastern Oklahoma during the evening.",249
442446,CREEK CO.,IRON POST,05/19/2013,1838,Tornado, ,EF1,0,0,0,0,OK,CST-6, ,73247,C,37,TSA,0,0,NWS Storm Survey, ,1.4,200,7,SSW,5,SSW,IRON POST,05/19/2013,1840,35.6391,-96.4649,35.6547,-96.4493,"This is the third segment of a three segment tornado, continuing from Okfuskee County. In Creek County, this tornado snapped large tree limbs and uprooted a few small trees. Based on this damage, maximum estimated wind in this segment of the tornado was 85 to 95 mph.","Early morning thunderstorms produced isolated wind damage across northeastern Oklahoma during the morning of the 19th but more widespread severe weather occurred later in the day. Severe thunderstorms developed across central Oklahoma along a dry line during the late afternoon hours. Very unstable air combined with very strong wind shear allowed these storms to evolve rapidly into supercells, which produced several damaging tornadoes in central Oklahoma before moving into eastern Oklahoma. Most of these supercell thunderstorms gradually weakened as they moved into the eastern portion of the state. The storm that produced damaging tornadoes around Shawnee also produced a strong tornado west and northwest of Prague, and another north northeast of Prague that moved across northwestern Okfuskee County. Another supercell produced a brief tornado northwest of Shamrock in northwestern Creek County before weakening as it moved further into northeastern Oklahoma. Large hail and damaging wind was reported across portions of northeastern Oklahoma during the evening.",250
451537,MCCLAIN CO.,NEWCASTLE,05/20/2013,1356,Tornado, ,EF4,0,5,0,0,OK,CST-6, ,74673,C,87,OUN,0,0,NWS Storm Survey, ,1.85,1280,3,NW,4,N,NEWCASTLE,05/20/2013,1404,35.284,-97.628,35.303,-97.605,"The violent Newcastle-Moore tornado was first observed developing about one-half mile south of State Highway 37 in northwest Newcastle to the east of Rockwell Avenue. EF4 damage was observed soon after the tornado crossed State Highway 37. The tornado continued to expand in size as it approached the Canadian River and moved into Cleveland County.||Of the 212 direct injuries documented with this tornado, 5 are estimated to have occurred in McClain County.","A tornado outbreak occurred during the afternoon and evening hours of the 20th. Several tornadoes occurred from central Oklahoma down through south central Oklahoma near the Red River. The strongest tornado touched down near Newcastle and traveled through Moore and south Oklahoma City. This tornado caused catastrophic damage in these areas, with a maximum rating of EF-5. The tornado claimed 24 lives and caused billions of dollars in damage. In addition to the tornadoes, large hail and damaging winds cause damage in many areas.",251
453283,STEPHENS CO.,MARLOW,05/20/2013,1358,Tornado, ,EF0,0,0,0,0,OK,CST-6, ,74673,C,137,OUN,0,0,Storm Chaser, ,1,30,7,SSE,6,NE,DUNCAN,05/20/2013,1401,34.5564,-97.9129,34.5664,-97.9,"A brief tornado was reported via Spotter Network near Marlow. No damage was reported and the tornado lasted a very short time.","A tornado outbreak occurred during the afternoon and evening hours of the 20th. Several tornadoes occurred from central Oklahoma down through south central Oklahoma near the Red River. The strongest tornado touched down near Newcastle and traveled through Moore and south Oklahoma City. This tornado caused catastrophic damage in these areas, with a maximum rating of EF-5. The tornado claimed 24 lives and caused billions of dollars in damage. In addition to the tornadoes, large hail and damaging winds cause damage in many areas.",252
451572,CLEVELAND CO.,MOORE,05/20/2013,1404,Tornado, ,EF5,24,207,2000000000,0,OK,CST-6, ,74673,C,27,OUN,0,0,NWS Storm Survey, ,12,1900,7,WSW,3,WNW,STANLEY DRAPER LAKE DAM,05/20/2013,1435,35.303,-97.605,35.341,-97.3999,"The violent Newcastle-Moore tornado moved into Cleveland County from McClain County as it moved northeast across the Canadian River near Interstate 44. The tornado then turned more east and then east-northeast after crossing Interstate 44. Violent EF4 damage was again observed as it began to move into progressively higher density residential areas approaching May Avenue.||The center of the large tornado path passed near SW 149th Street and Western Avenue. After crossing Western Avenue, numerous buildings were destroyed and horses killed at Orr Family Farm. Two storage tanks estimated to weigh approximately 10 tons were lifted from Orr Family Farm and landed about one-half mile east. Moving east, the tornado destroyed much of Briarwood Elementary School, where the NWS storm survey team initially rated the damage as EF5. However, further evaluation indicated that an EF4 rating was more appropriate at the school. Despite the destruction of this elementary school during school hours, no fatalities occurred at the school. As the tornado continued to move east and east-northeast, it moved through much more densely populated suburban neighborhoods of southwest Oklahoma City and Moore where violent destruction was widespread and a few houses were rated EF5. The width of EF4 and greater damage was up to 250 yards wide as the tornado moved through neighborhoods east of Western Avenue. The first two fatalities occurred in a house in the neighborhood just east of Briarwood Elementary, with another fatality in a house as the tornado approached Santa Fe Avenue. ||After crossing Santa Fe Avenue, the tornado moved through more suburban neighborhoods and toward Plaza Towers Elementary School. Damage to the school was extensive and seven children were killed when a wall collapsed at the school. Nine other people were killed in eight different neighborhood homes within one-quarter mile of Plaza Towers Elementary, most occurring just south of the school.||The tornado turned northeast as it approached Telephone Road, made a loop near the intersection of Telephone Road and 4th Street, then moved southeast crossing the interstate. Three people were killed when a convenience store along Telephone Road was destroyed. Crossing Telephone Road, the tornado inflicted significant damage to the Moore Medical Center, a post office and numerous businesses along Telephone Road and Interstate 35. Although the tornado was more narrow after crossing Interstate 35, it continued to produce EF4 damage in neighborhoods east of the interstate as it curved east and then again east-northeast. One fatality occurred at a business just east of the interstate, and one final fatality occurred in a home between Eastern Avenue and Bryant Avenue. Consistent EF4 damage continued until the tornado passed SE 4th Street just east of Bryant Avenue. Moving east from Bryant, the tornado continued to produce EF2 damage with isolated EF4 damage noted. The density of housing also decreased east of Bryant as the tornado moved east and east-northeast before dissipating east of Air Depot Blvd. between SE 119th Street and SE 134th Street in southeast Oklahoma City.||Overall, over 300 homes experienced EF4/EF5 damage along the tornado path. Of the 212 direct injuries documented from this tornado, 207 are estimated to have occurred in Cleveland County.","A tornado outbreak occurred during the afternoon and evening hours of the 20th. Several tornadoes occurred from central Oklahoma down through south central Oklahoma near the Red River. The strongest tornado touched down near Newcastle and traveled through Moore and south Oklahoma City. This tornado caused catastrophic damage in these areas, with a maximum rating of EF-5. The tornado claimed 24 lives and caused billions of dollars in damage. In addition to the tornadoes, large hail and damaging winds cause damage in many areas.",253
453285,STEPHENS CO.,MARLOW,05/20/2013,1407,Tornado, ,EF1,0,0,20000,0,OK,CST-6, ,74673,C,137,OUN,0,0,Storm Chaser, ,4,200,4,SSE,4,W,BRAY,05/20/2013,1422,34.5965,-97.9331,34.64,-97.8904,"Several storm chasers and spotters observed a tornado that developed southeast of Marlow, and moved northeast to between Marlow and Bray. Minor damage to trees and power lines was reported. No injuries or fatalities occurred.","A tornado outbreak occurred during the afternoon and evening hours of the 20th. Several tornadoes occurred from central Oklahoma down through south central Oklahoma near the Red River. The strongest tornado touched down near Newcastle and traveled through Moore and south Oklahoma City. This tornado caused catastrophic damage in these areas, with a maximum rating of EF-5. The tornado claimed 24 lives and caused billions of dollars in damage. In addition to the tornadoes, large hail and damaging winds cause damage in many areas.",254
455273,OSAGE CO.,AVANT,05/20/2013,1451,Tornado, ,EF1,0,0,5000,0,OK,CST-6, ,73707,C,113,TSA,0,0,NWS Storm Survey, ,4.5,500,4,S,5,SE,AVANT,05/20/2013,1501,36.4185,-96.0778,36.4398,-96.0014,"This is the first segment of a two segment tornado. In Osage County, the tornado snapped or uprooted a number of hardwood trees. Large tree limbs were snapped, one of which fell onto the roof of a home. Based on this damage, estimated maximum wind in the tornado was 100 to 110 mph. It was photographed by a number of storm spotters and storm chasers. This tornado continued into Washington County, Oklahoma.","Severe thunderstorms developed along a nearly stationary frontal boundary over central Oklahoma during the early afternoon hours of the 20th. Very unstable air combined with strong low-level and deep-layer shear resulted in long-lived supercells forming over central Oklahoma and moving eastward into eastern Oklahoma. Several tornadoes occurred from these storms across Osage, Washington, and Nowata Counties. The storms organized into bow echos and line segments over eastern Oklahoma, from which several other tornadoes developed during the early evening hours across Ottawa, Adair, and Le Flore Counties. Damaging wind and large hail was also widespread across the region from these storms.",255
455276,WASHINGTON CO.,VERA,05/20/2013,1501,Tornado, ,EF1,0,0,0,0,OK,CST-6, ,73707,C,147,TSA,0,0,NWS Storm Survey, ,2,500,7,W,5,W,VERA,05/20/2013,1505,36.4398,-96.0014,36.4587,-95.9738,"This is the second and final segment of this tornado. In Washington County, the tornado snapped or uprooted numerous trees. Based on this damage, maximum estimated wind in the tornado was 100 to 110 mph. Numerous storm spotters and storm chasers photographed this tornado.","Severe thunderstorms developed along a nearly stationary frontal boundary over central Oklahoma during the early afternoon hours of the 20th. Very unstable air combined with strong low-level and deep-layer shear resulted in long-lived supercells forming over central Oklahoma and moving eastward into eastern Oklahoma. Several tornadoes occurred from these storms across Osage, Washington, and Nowata Counties. The storms organized into bow echos and line segments over eastern Oklahoma, from which several other tornadoes developed during the early evening hours across Ottawa, Adair, and Le Flore Counties. Damaging wind and large hail was also widespread across the region from these storms.",256
455283,WASHINGTON CO.,RAMONA,05/20/2013,1521,Tornado, ,EF1,0,0,10000,0,OK,CST-6, ,73707,C,147,TSA,0,0,NWS Storm Survey, ,4.5,400,3,SSE,5,E,RAMONA,05/20/2013,1530,36.4923,-95.8971,36.5301,-95.8308,"This tornado damaged the roofs of two homes and damaged the siding of another. It also snapped or uprooted several hardwood trees. Based on this damage, maximum estimated wind in the tornado was 95 to 105 mph. Multiple storm spotters and storm chasers photographed this tornado.","Severe thunderstorms developed along a nearly stationary frontal boundary over central Oklahoma during the early afternoon hours of the 20th. Very unstable air combined with strong low-level and deep-layer shear resulted in long-lived supercells forming over central Oklahoma and moving eastward into eastern Oklahoma. Several tornadoes occurred from these storms across Osage, Washington, and Nowata Counties. The storms organized into bow echos and line segments over eastern Oklahoma, from which several other tornadoes developed during the early evening hours across Ottawa, Adair, and Le Flore Counties. Damaging wind and large hail was also widespread across the region from these storms.",257
455288,WASHINGTON CO.,RAMONA,05/20/2013,1533,Tornado, ,EF0,0,0,0,0,OK,CST-6, ,73707,C,147,TSA,0,0,Storm Chaser, ,0.6,150,6,ENE,6,ENE,RAMONA,05/20/2013,1534,36.5504,-95.8223,36.5531,-95.8122,"This is the first segment of a two segment tornado. Several storm spotters and storm chasers photographed this tornado. An NWS damage survey team could find no damage in the Washington County segment as it remained over open country during this portion of its life cycle.","Severe thunderstorms developed along a nearly stationary frontal boundary over central Oklahoma during the early afternoon hours of the 20th. Very unstable air combined with strong low-level and deep-layer shear resulted in long-lived supercells forming over central Oklahoma and moving eastward into eastern Oklahoma. Several tornadoes occurred from these storms across Osage, Washington, and Nowata Counties. The storms organized into bow echos and line segments over eastern Oklahoma, from which several other tornadoes developed during the early evening hours across Ottawa, Adair, and Le Flore Counties. Damaging wind and large hail was also widespread across the region from these storms.",258
455289,ROGERS CO.,TALALA,05/20/2013,1534,Tornado, ,EF1,0,0,30000,0,OK,CST-6, ,73707,C,131,TSA,0,0,NWS Storm Survey, ,5.4,500,8,WNW,4,NNW,TALALA,05/20/2013,1547,36.5531,-95.8122,36.577,-95.7188,"This is the second and final segment of this tornado. In Rogers County, this tornado remained over open country for much of its life cycle but an NWS damage survey team did find a home that received roof damage and a barn that had two doors blown out by the tornado. A cattle trailer was also thrown across a field. Several trees were also damaged. Based on this damage, maximum estimated wind in the tornado was 95 to 105 mph but video of this tornado indicates that it may have been stronger over open country before it hit the home and barn. Multiple storm spotters and storm chasers photographed the tornado until it dissipated.","Severe thunderstorms developed along a nearly stationary frontal boundary over central Oklahoma during the early afternoon hours of the 20th. Very unstable air combined with strong low-level and deep-layer shear resulted in long-lived supercells forming over central Oklahoma and moving eastward into eastern Oklahoma. Several tornadoes occurred from these storms across Osage, Washington, and Nowata Counties. The storms organized into bow echos and line segments over eastern Oklahoma, from which several other tornadoes developed during the early evening hours across Ottawa, Adair, and Le Flore Counties. Damaging wind and large hail was also widespread across the region from these storms.",259
453287,LINCOLN CO.,MEEKER,05/20/2013,1540,Tornado, ,EF0,0,0,0,0,OK,CST-6, ,74673,C,81,OUN,0,0,NWS Employee, ,1.21,100,6,NE,3,SSE,SPARKS,05/20/2013,1542,35.5614,-96.8146,35.5694,-96.7954,"Several reports were received of a brief tornado northeast of Meeker. No damage was reported.","A tornado outbreak occurred during the afternoon and evening hours of the 20th. Several tornadoes occurred from central Oklahoma down through south central Oklahoma near the Red River. The strongest tornado touched down near Newcastle and traveled through Moore and south Oklahoma City. This tornado caused catastrophic damage in these areas, with a maximum rating of EF-5. The tornado claimed 24 lives and caused billions of dollars in damage. In addition to the tornadoes, large hail and damaging winds cause damage in many areas.",260
455290,OTTAWA CO.,OTTAWA,05/20/2013,1725,Tornado, ,EF2,0,0,1000000,0,OK,CST-6, ,73707,C,115,TSA,0,0,NWS Storm Survey, ,10,800,4,SW,4,ENE,WYANDOTTE,05/20/2013,1740,36.8129,-94.8461,36.8298,-94.6706,"This tornado snapped or uprooted numerous trees and damaged numerous homes. It moved east-northeast for several miles but turned more easterly after crossing the Neosho River. The most significant damage occurred as the tornado crossed Highway 137, where a metal building and several homes were severely damaged. Many hardwood trees were also snapped above the ground in that area. Based on this damage, maximum estimated wind in the tornado was 115 to 125 mph.","Severe thunderstorms developed along a nearly stationary frontal boundary over central Oklahoma during the early afternoon hours of the 20th. Very unstable air combined with strong low-level and deep-layer shear resulted in long-lived supercells forming over central Oklahoma and moving eastward into eastern Oklahoma. Several tornadoes occurred from these storms across Osage, Washington, and Nowata Counties. The storms organized into bow echos and line segments over eastern Oklahoma, from which several other tornadoes developed during the early evening hours across Ottawa, Adair, and Le Flore Counties. Damaging wind and large hail was also widespread across the region from these storms.",261
455295,ADAIR CO.,PROCTOR,05/20/2013,1732,Tornado, ,EF1,0,0,0,0,OK,CST-6, ,73707,C,1,TSA,0,0,NWS Storm Survey, ,2,150,2,SE,2,WNW,CHRISTIE,05/20/2013,1734,35.9476,-94.7581,35.9641,-94.7285,"This tornado uprooted trees and snapped a few other trees. Based on this damage, maximum estimated wind in the tornado was 95 to 105 mph.","Severe thunderstorms developed along a nearly stationary frontal boundary over central Oklahoma during the early afternoon hours of the 20th. Very unstable air combined with strong low-level and deep-layer shear resulted in long-lived supercells forming over central Oklahoma and moving eastward into eastern Oklahoma. Several tornadoes occurred from these storms across Osage, Washington, and Nowata Counties. The storms organized into bow echos and line segments over eastern Oklahoma, from which several other tornadoes developed during the early evening hours across Ottawa, Adair, and Le Flore Counties. Damaging wind and large hail was also widespread across the region from these storms.",262
455293,OTTAWA CO.,WYANDOTTE,05/20/2013,1732,Tornado, ,EF1,0,0,150000,0,OK,CST-6, ,73707,C,115,TSA,0,0,NWS Storm Survey, ,8.5,600,2,WNW,7,ENE,WYANDOTTE,05/20/2013,1741,36.8128,-94.7701,36.8295,-94.6184,"This is the first segment of a two segment tornado. In Ottawa County, Oklahoma, this tornado damaged several houses, damaged barns and outbuildings, and snapped or uprooted a number of trees. Based on this damage, maximum estimated wind in the tornado was 100 to 110 mph. The tornado moved in an easterly direction for much of its life cycle but turned more to the northeast as it approached the state line. It continued into Newton County, Missouri, and dissipated on the south side of the town of Seneca.","Severe thunderstorms developed along a nearly stationary frontal boundary over central Oklahoma during the early afternoon hours of the 20th. Very unstable air combined with strong low-level and deep-layer shear resulted in long-lived supercells forming over central Oklahoma and moving eastward into eastern Oklahoma. Several tornadoes occurred from these storms across Osage, Washington, and Nowata Counties. The storms organized into bow echos and line segments over eastern Oklahoma, from which several other tornadoes developed during the early evening hours across Ottawa, Adair, and Le Flore Counties. Damaging wind and large hail was also widespread across the region from these storms.",263
455296,ADAIR CO.,CHRISTIE,05/20/2013,1735,Tornado, ,EF1,0,0,15000,0,OK,CST-6, ,73707,C,1,TSA,0,0,NWS Storm Survey, ,2.5,300,2,WSW,1,N,CHRISTIE,05/20/2013,1737,35.939,-94.7271,35.969,-94.7012,"This tornado snapped or uprooted a number of trees and damaged a barn. Based on this damage, maximum estimated wind in the tornado was 100 to 110 mph.","Severe thunderstorms developed along a nearly stationary frontal boundary over central Oklahoma during the early afternoon hours of the 20th. Very unstable air combined with strong low-level and deep-layer shear resulted in long-lived supercells forming over central Oklahoma and moving eastward into eastern Oklahoma. Several tornadoes occurred from these storms across Osage, Washington, and Nowata Counties. The storms organized into bow echos and line segments over eastern Oklahoma, from which several other tornadoes developed during the early evening hours across Ottawa, Adair, and Le Flore Counties. Damaging wind and large hail was also widespread across the region from these storms.",264
455297,ADAIR CO.,ADDIELEE,05/20/2013,1740,Tornado, ,EF1,0,0,125000,0,OK,CST-6, ,73707,C,1,TSA,0,0,NWS Storm Survey, ,5.8,500,1,NE,4,SSE,BALLARD,05/20/2013,1745,35.9817,-94.614,36.0419,-94.5416,"This is the first segment of a two segment tornado. In Adair County, this tornado destroyed two barns and damaged a third barn. It also snapped or uprooted numerous trees as it moved northeast. Based on this damage, maximum estimated wind in this segment of the tornado was 100 to 110 mph. The tornado continued into Washington County, Arkansas, where it dissipated north of the town of Cincinnati.","Severe thunderstorms developed along a nearly stationary frontal boundary over central Oklahoma during the early afternoon hours of the 20th. Very unstable air combined with strong low-level and deep-layer shear resulted in long-lived supercells forming over central Oklahoma and moving eastward into eastern Oklahoma. Several tornadoes occurred from these storms across Osage, Washington, and Nowata Counties. The storms organized into bow echos and line segments over eastern Oklahoma, from which several other tornadoes developed during the early evening hours across Ottawa, Adair, and Le Flore Counties. Damaging wind and large hail was also widespread across the region from these storms.",265
453289,COAL CO.,LEHIGH,05/20/2013,1749,Tornado, ,EF1,0,0,30000,0,OK,CST-6, ,74673,C,29,OUN,0,0,Emergency Manager, ,5.9,250,4,WSW,2,E,LEHIGH,05/20/2013,1757,34.4479,-96.2849,34.47,-96.1849,"Emergency management and spotters reported a tornado near Lehigh. Damage to trees and outbuildings occurred. Damages estimated.","A tornado outbreak occurred during the afternoon and evening hours of the 20th. Several tornadoes occurred from central Oklahoma down through south central Oklahoma near the Red River. The strongest tornado touched down near Newcastle and traveled through Moore and south Oklahoma City. This tornado caused catastrophic damage in these areas, with a maximum rating of EF-5. The tornado claimed 24 lives and caused billions of dollars in damage. In addition to the tornadoes, large hail and damaging winds cause damage in many areas.",266
455299,LE FLORE CO.,MILTON,05/20/2013,1933,Tornado, ,EF0,0,0,0,0,OK,CST-6, ,73707,C,79,TSA,0,0,NWS Storm Survey, ,0.7,260,2,S,2,SSE,MILTON,05/20/2013,1934,35.1399,-94.8763,35.1446,-94.8633,"This tornado damaged trees. Maximum estimated wind in the tornado based on this damage was 70 to 80 mph.","Severe thunderstorms developed along a nearly stationary frontal boundary over central Oklahoma during the early afternoon hours of the 20th. Very unstable air combined with strong low-level and deep-layer shear resulted in long-lived supercells forming over central Oklahoma and moving eastward into eastern Oklahoma. Several tornadoes occurred from these storms across Osage, Washington, and Nowata Counties. The storms organized into bow echos and line segments over eastern Oklahoma, from which several other tornadoes developed during the early evening hours across Ottawa, Adair, and Le Flore Counties. Damaging wind and large hail was also widespread across the region from these storms.",267
455300,LE FLORE CO.,NEFF,05/20/2013,1944,Tornado, ,EF1,0,0,5000,0,OK,CST-6, ,73707,C,79,TSA,0,0,NWS Storm Survey, ,8.5,500,1,ENE,2,S,ROCK IS,05/20/2013,1955,35.0737,-94.5888,35.1538,-94.4761,"This tornado damaged the roof of a home, uprooted several trees, and snapped a number of large tree limbs. Based on this damage, maximum estimated wind in the tornado was 90 to 100 mph.","Severe thunderstorms developed along a nearly stationary frontal boundary over central Oklahoma during the early afternoon hours of the 20th. Very unstable air combined with strong low-level and deep-layer shear resulted in long-lived supercells forming over central Oklahoma and moving eastward into eastern Oklahoma. Several tornadoes occurred from these storms across Osage, Washington, and Nowata Counties. The storms organized into bow echos and line segments over eastern Oklahoma, from which several other tornadoes developed during the early evening hours across Ottawa, Adair, and Le Flore Counties. Damaging wind and large hail was also widespread across the region from these storms.",268
459170,BEAVER CO.,CLEAR LAKE,05/28/2013,1408,Tornado, ,EF0,0,0,0,0,OK,CST-6, ,76141,C,7,AMA,0,0,NWS Storm Survey, ,0.82,25,9,NNW,9,WSW,KNOWLES,05/28/2013,1411,36.7996,-100.33,36.8096,-100.3221,"A landspout tornado formed during the afternoon hours of the 28th. Eye-witness accounts described the landspout as a brief spin-up that started from the ground and connected with the base of a developing thunderstorm. Several pictures were taken by the eye-witnesses from U.S. Highway 83 approximately 4 miles south of Beaver (Beaver County). A National Weather Service survey team, using the eye-witness accounts, located the track of this landspout. Very little damage was evident given the landspout formed over grasslands and away from developed real estate. The max estimated wind speed was 60 mph. No injuries or fatalities were associated with this landspout tornado.","A severe weather outbreak brought hail, damaging winds, and tornadoes to portions of the Oklahoma Panhandle from the afternoon of the 28th into the early morning hours of the 29th. The morning upper air analysis on the 28th showed a mid-level shortwave trough rotating around the base of a longwave trough situated from Idaho to Arizona. At the surface, a dryline was situated from the northeastern Oklahoma Panhandle to the southwestern Texas Panhandle. The 6 AM CST upper air sounding from Amarillo showed a low level capping inversion with significant elevated instability. Also deep layer shear was primed for the development of discrete supercells. By noon, the northern portion of the dryline had moved into south central Kansas before stretching back into the southwestern Texas Panhandle, as instability values increased across the area. At this time, the combination of a residual cold frontal boundary and the dryline helped to form two landspout tornadoes as thunderstorms developed along the dryline across Beaver County. These tornadoes formed over undeveloped land and produced little damage.||During the late evening the dryline began to retreat westward as the nocturnal low level jet transported moisture from the Gulf of Mexico northwestward. This allowed the remnants of a supercell that brought severe weather to the Texas Panhandle to move into Beaver County. These storms produced isolated downbursts while decaying over the county.",269
459172,BEAVER CO.,FORGAN,05/28/2013,1429,Tornado, ,EF0,0,0,0,0,OK,CST-6, ,76141,C,7,AMA,0,0,NWS Storm Survey, ,1.77,25,6,E,7,ESE,FORGAN,05/28/2013,1440,36.903,-100.4272,36.8804,-100.412,"A landspout tornado formed during the afternoon hours of the 28th near the town of Beaver (Beaver County). Eye-witness accounts stated the landspout developed north of the Beaver Sand Dunes State Park east of State Road 23. A National Weather Service survey team located the start of the track approximately 4 miles north of Beaver (Beaver County). Eye-witness reported that the landspout traveled to the northwest, crossed State Road 23, and traveled west of State Road 23 before dissipating approximately 5 miles north-northwest of Beaver (Beaver County). The survey team verified the eye-witness accounts and noted that little damage was evident since the landspout formed over undeveloped grassland. The estimated max wind speed with this tornado was 60 mph. No injuries or fatalities were associated with this landspout.","A severe weather outbreak brought hail, damaging winds, and tornadoes to portions of the Oklahoma Panhandle from the afternoon of the 28th into the early morning hours of the 29th. The morning upper air analysis on the 28th showed a mid-level shortwave trough rotating around the base of a longwave trough situated from Idaho to Arizona. At the surface, a dryline was situated from the northeastern Oklahoma Panhandle to the southwestern Texas Panhandle. The 6 AM CST upper air sounding from Amarillo showed a low level capping inversion with significant elevated instability. Also deep layer shear was primed for the development of discrete supercells. By noon, the northern portion of the dryline had moved into south central Kansas before stretching back into the southwestern Texas Panhandle, as instability values increased across the area. At this time, the combination of a residual cold frontal boundary and the dryline helped to form two landspout tornadoes as thunderstorms developed along the dryline across Beaver County. These tornadoes formed over undeveloped land and produced little damage.||During the late evening the dryline began to retreat westward as the nocturnal low level jet transported moisture from the Gulf of Mexico northwestward. This allowed the remnants of a supercell that brought severe weather to the Texas Panhandle to move into Beaver County. These storms produced isolated downbursts while decaying over the county.",270
465041,CANADIAN CO.,CALUMET,05/29/2013,1600,Tornado, ,EF1,0,0,20000,0,OK,CST-6, ,74677,C,17,OUN,0,0,Public, ,0.2,20,6,W,6,W,CALUMET,05/29/2013,1600,35.6,-98.2268,35.6,-98.2268,"A tornado touched down briefly about 6 miles west of Calumet destroying a barn and damaging a house. Damage was estimated.","A large upper trough was ejecting out of the Rockies, with a dryline extending from western Nebraska through the Texas Panhandle. Strong wind shear and instability were in place over the southern Plains. Supercells developed along the dryline during the early to mid afternoon, then progressed eastward into western Oklahoma, producing hail, wind and isolated tornadoes. Additional severe thunderstorms developed farther east over western and central Oklahoma during the mid to late afternoon, with severe wind and hail reported.",271
465044,CLEVELAND CO.,NORMAN,05/29/2013,1742,Tornado, ,EF1,0,0,40000,0,OK,CST-6, ,74677,C,27,OUN,0,0,Emergency Manager, ,0.1,10,2,SSW,2,SSW,NORMAN,05/29/2013,1742,35.1907,-97.4535,35.1907,-97.4535,"A tornado touched down very briefly in the southwest portion of the city of Norman, damaging a home near Fairfield Drive and Belmont Drive. No other damage occurred. The damage amount was estimated.","A large upper trough was ejecting out of the Rockies, with a dryline extending from western Nebraska through the Texas Panhandle. Strong wind shear and instability were in place over the southern Plains. Supercells developed along the dryline during the early to mid afternoon, then progressed eastward into western Oklahoma, producing hail, wind and isolated tornadoes. Additional severe thunderstorms developed farther east over western and central Oklahoma during the mid to late afternoon, with severe wind and hail reported.",272
465046,BECKHAM CO.,ERICK,05/29/2013,1821,Tornado, ,EF0,0,0,0,0,OK,CST-6, ,74677,C,9,OUN,0,0,Storm Chaser, ,0.75,150,12,S,12,S,ERICK,05/29/2013,1823,35.033,-99.884,35.033,-99.884,"A storm chaser observed a weak tornado in far southern Beckham County near the Harmon and Greer County intersection. A funnel was observed with a rotating column of dust observed. The tornado produced no known damage.","A large upper trough was ejecting out of the Rockies, with a dryline extending from western Nebraska through the Texas Panhandle. Strong wind shear and instability were in place over the southern Plains. Supercells developed along the dryline during the early to mid afternoon, then progressed eastward into western Oklahoma, producing hail, wind and isolated tornadoes. Additional severe thunderstorms developed farther east over western and central Oklahoma during the mid to late afternoon, with severe wind and hail reported.",273
453305,PAYNE CO.,PERKINS,05/30/2013,1408,Tornado, ,EF0,0,0,0,0,OK,CST-6, ,74966,C,119,OUN,0,0,Broadcast Media, ,0.26,100,1,SSW,1,SSW,PERKINS,05/30/2013,1409,35.9619,-97.0395,35.9634,-97.0351,"Tornado reported via KWTV. Tornado was brief and only lasted 30 seconds. No damage was reported and the location was estimated.","A stalled frontal boundary and dryline became the focus for scattered supercell thunderstorms during the afternoon hours of the 30th. While a couple of brief tornadoes occurred, very large hail and damaging winds were the main hazards of the day.",274
453306,PAYNE CO.,RIPLEY,05/30/2013,1415,Tornado, ,EF0,0,0,0,0,OK,CST-6, ,74966,C,119,OUN,0,0,Broadcast Media, ,0.71,100,4,SW,3,SSW,RIPLEY,05/30/2013,1416,35.98,-96.94,35.9825,-96.9277,"Tornado was reported by KWTV. No damage was reported.","A stalled frontal boundary and dryline became the focus for scattered supercell thunderstorms during the afternoon hours of the 30th. While a couple of brief tornadoes occurred, very large hail and damaging winds were the main hazards of the day.",275
453307,PAYNE CO.,RIPLEY,05/30/2013,1426,Tornado, ,EF0,0,0,0,0,OK,CST-6, ,74966,C,119,OUN,0,0,Broadcast Media, ,1.64,200,1,ESE,3,E,RIPLEY,05/30/2013,1430,36.0145,-96.8835,36.0195,-96.8548,"Tornado was reported by a storm chaser via Spotter Network and by broadcast media. A large revolving bowl wall cloud with debris was noted. No damage was reported.","A stalled frontal boundary and dryline became the focus for scattered supercell thunderstorms during the afternoon hours of the 30th. While a couple of brief tornadoes occurred, very large hail and damaging winds were the main hazards of the day.",276
444288,MCCURTAIN CO.,PLUNKETTVILLE,05/30/2013,1435,Tornado, ,EF1,0,0,10000,0,OK,CST-6, ,73474,C,89,SHV,0,0,NWS Storm Survey, ,3.4,330,4,SSW,1,SE,PLUNKETTVILLE,05/30/2013,1444,34.3652,-94.4992,34.4051,-94.4642,"A supercell thunderstorm moved through McCurtain county on the afternoon of May 30th.  The storm produced an EF1 tornado about 6 miles southeast of Watson, Oklahoma. The tornado mainly uprooted and snapped trees.  A tree fell on a home in this rural community, causing damage to the roof. The tornado then crossed over the state line into Arkansas about 3 miles southwest of Cove, Arkansas. Please see the report from WFO Little Rock on the continuation of this tornado.","A broad upper trough ejected out of the Great Basin and moved into the Central Plains. Broad southwest flow aloft developed across the Southern Plains into the Lower Mississippi Valley.  A disturbance rotated around the trough and provided the lift needed for scattered thunderstorms across the Middle Red River Valley.  Instability was extreme across the region and low level shear values were supportive of rotating thunderstorms during the early afternoon hours.",277
453334,PAYNE CO.,CUSHING,05/30/2013,1437,Tornado, ,EF0,0,0,0,0,OK,CST-6, ,74966,C,119,OUN,0,0,Trained Spotter, ,0.37,50,4,NNW,4,NNW,CUSHING,05/30/2013,1438,36.0335,-96.7874,36.0364,-96.7818,"Tornado was reported via Spotter Network. Brief spin up tornado near Cushing. No damage was reported.","A stalled frontal boundary and dryline became the focus for scattered supercell thunderstorms during the afternoon hours of the 30th. While a couple of brief tornadoes occurred, very large hail and damaging winds were the main hazards of the day.",278
455304,CREEK CO.,OILTON,05/30/2013,1501,Tornado, ,EF0,0,0,0,0,OK,CST-6, ,73709,C,37,TSA,0,0,Storm Chaser, ,0.1,50,4,NNW,4,NNW,OILTON,05/30/2013,1501,36.1268,-96.604,36.1268,-96.604,"Storm chasers reported a brief tornado over open country. No known damage resulted from this tornado.","A complex of storms that had been over portions of eastern Oklahoma during the early morning hours intensified during the late morning and afternoon resulting in isolated reports of large hail and damaging wind. A much more widespread severe weather event occurred later in the day as severe thunderstorms redeveloped across central and eastern Oklahoma during the afternoon hours ahead of a dry line over central Oklahoma and along an outflow boundary across northeastern Oklahoma. The storms produced large hail and damaging wind. A bow echo type of storm produced a brief tornado in northern Creek County during the afternoon. Two supercell thunderstorms moved along the outflow boundary from the morning thunderstorms and produced several tornadoes during the evening. One storm produced several tornadoes across Mayes County and the other produced a damaging tornado in Broken Arrow.",279
453335,GARVIN CO.,PERNELL,05/30/2013,1658,Tornado, ,EF0,0,0,0,0,OK,CST-6, ,74966,C,49,OUN,0,0,Trained Spotter, ,0.41,200,1,NE,1,NE,PERNELL,05/30/2013,1659,34.565,-97.501,34.5702,-97.4976,"Brief rain wrapped tornado was reported via Spotter Network. No damage was reported.","A stalled frontal boundary and dryline became the focus for scattered supercell thunderstorms during the afternoon hours of the 30th. While a couple of brief tornadoes occurred, very large hail and damaging winds were the main hazards of the day.",280
455306,MAYES CO.,MAZIE,05/30/2013,1749,Tornado, ,EF0,0,0,0,0,OK,CST-6, ,73709,C,97,TSA,0,0,Storm Chaser, ,0.1,50,3,WSW,3,WSW,MAZIE,05/30/2013,1749,36.0813,-95.419,36.0813,-95.419,"Storm chasers photographed a brief tornado over open country. No known damage resulted from this tornado.","A complex of storms that had been over portions of eastern Oklahoma during the early morning hours intensified during the late morning and afternoon resulting in isolated reports of large hail and damaging wind. A much more widespread severe weather event occurred later in the day as severe thunderstorms redeveloped across central and eastern Oklahoma during the afternoon hours ahead of a dry line over central Oklahoma and along an outflow boundary across northeastern Oklahoma. The storms produced large hail and damaging wind. A bow echo type of storm produced a brief tornado in northern Creek County during the afternoon. Two supercell thunderstorms moved along the outflow boundary from the morning thunderstorms and produced several tornadoes during the evening. One storm produced several tornadoes across Mayes County and the other produced a damaging tornado in Broken Arrow.",281
455308,MAYES CO.,MAZIE,05/30/2013,1754,Tornado, ,EF0,0,0,0,0,OK,CST-6, ,73709,C,97,TSA,0,0,Storm Chaser, ,0.1,50,2,WSW,2,WSW,MAZIE,05/30/2013,1754,36.0936,-95.3985,36.0936,-95.3985,"Storm chasers photographed a brief tornado over open country. No known damage resulted from this tornado.","A complex of storms that had been over portions of eastern Oklahoma during the early morning hours intensified during the late morning and afternoon resulting in isolated reports of large hail and damaging wind. A much more widespread severe weather event occurred later in the day as severe thunderstorms redeveloped across central and eastern Oklahoma during the afternoon hours ahead of a dry line over central Oklahoma and along an outflow boundary across northeastern Oklahoma. The storms produced large hail and damaging wind. A bow echo type of storm produced a brief tornado in northern Creek County during the afternoon. Two supercell thunderstorms moved along the outflow boundary from the morning thunderstorms and produced several tornadoes during the evening. One storm produced several tornadoes across Mayes County and the other produced a damaging tornado in Broken Arrow.",282
455310,MAYES CO.,MAZIE,05/30/2013,1808,Tornado, ,EF0,0,0,0,0,OK,CST-6, ,73709,C,97,TSA,0,0,Storm Chaser, ,0.6,100,0,ENE,1,ENE,MAZIE,05/30/2013,1809,36.1009,-95.3669,36.1034,-95.3563,"Storm chasers photographed a tornado over open country. No known damage resulted from this tornado.","A complex of storms that had been over portions of eastern Oklahoma during the early morning hours intensified during the late morning and afternoon resulting in isolated reports of large hail and damaging wind. A much more widespread severe weather event occurred later in the day as severe thunderstorms redeveloped across central and eastern Oklahoma during the afternoon hours ahead of a dry line over central Oklahoma and along an outflow boundary across northeastern Oklahoma. The storms produced large hail and damaging wind. A bow echo type of storm produced a brief tornado in northern Creek County during the afternoon. Two supercell thunderstorms moved along the outflow boundary from the morning thunderstorms and produced several tornadoes during the evening. One storm produced several tornadoes across Mayes County and the other produced a damaging tornado in Broken Arrow.",283
455311,MAYES CO.,MURPHY,05/30/2013,1824,Tornado, ,EF1,0,0,0,0,OK,CST-6, ,73709,C,97,TSA,0,0,NWS Storm Survey, ,2.1,200,2,SSE,3,ESE,MURPHY,05/30/2013,1830,36.1233,-95.2282,36.137,-95.1938,"This tornado snapped a couple trees and uprooted several others. Based on this damage, maximum estimated wind in the tornado was 95 to 105 mph.","A complex of storms that had been over portions of eastern Oklahoma during the early morning hours intensified during the late morning and afternoon resulting in isolated reports of large hail and damaging wind. A much more widespread severe weather event occurred later in the day as severe thunderstorms redeveloped across central and eastern Oklahoma during the afternoon hours ahead of a dry line over central Oklahoma and along an outflow boundary across northeastern Oklahoma. The storms produced large hail and damaging wind. A bow echo type of storm produced a brief tornado in northern Creek County during the afternoon. Two supercell thunderstorms moved along the outflow boundary from the morning thunderstorms and produced several tornadoes during the evening. One storm produced several tornadoes across Mayes County and the other produced a damaging tornado in Broken Arrow.",284
455314,TULSA CO.,BROKEN ARROW,05/30/2013,1940,Tornado, ,EF1,0,0,50000,0,OK,CST-6, ,73709,C,143,TSA,0,0,NWS Storm Survey, ,0.6,220,2,SSE,2,SE,BROKEN ARROW,05/30/2013,1941,36.0224,-95.7729,36.0282,-95.7616,"This is the first of two segments for this tornado. This tornado developed south of E 96th Street South and west of S 16th Street where it damaged roofs of homes, snapped or uprooted large trees, and destroyed barns as it moved northeast. Based on this damage, maximum estimated wind in this segment of the tornado was 100 to 110 mph. The tornado continued into Wagoner County, crossing County Line Road near E 94th Street South.","A complex of storms that had been over portions of eastern Oklahoma during the early morning hours intensified during the late morning and afternoon resulting in isolated reports of large hail and damaging wind. A much more widespread severe weather event occurred later in the day as severe thunderstorms redeveloped across central and eastern Oklahoma during the afternoon hours ahead of a dry line over central Oklahoma and along an outflow boundary across northeastern Oklahoma. The storms produced large hail and damaging wind. A bow echo type of storm produced a brief tornado in northern Creek County during the afternoon. Two supercell thunderstorms moved along the outflow boundary from the morning thunderstorms and produced several tornadoes during the evening. One storm produced several tornadoes across Mayes County and the other produced a damaging tornado in Broken Arrow.",285
455319,WAGONER CO.,BROKEN ARROW,05/30/2013,1941,Tornado, ,EF2,0,0,3000000,0,OK,CST-6, ,73709,C,145,TSA,0,0,NWS Storm Survey, ,5,450,2,SE,3,ENE,ONETA,05/30/2013,1954,36.0282,-95.7616,36.0401,-95.6785,"This is the second and final segment of this tornado. As the tornado crossed into Wagoner County south of E 91st Street South it blew down trees and damaged barns. Roofs of homes were damaged as it crossed E 91st Street South near S 199th E Avenue, where it also snapped trees and damaged barns. The tornado turned more east crossing open fields and the Muskogee Turnpike. A gas station, several metal buildings, and a small wood-framed building was damaged as it crossed Highway 51. ||The tornado appeared to intensify as it approached and crossed S 225th E Avenue where several homes were severely damaged. The most pronounced damage followed as the tornado moved into a subdivision north of E 91st Street South, where the second floor of one home was destroyed. Several other homes in this neighborhood sustained major damage to their roofs and exterior walls. The tornado continued to move eastward, crossing the Muskogee Turnpike where it snapped numerous large trees. Two school buildings lost a number of windows as the tornado approached S 257th E Avenue. A home was damaged and a large outbuilding was destroyed in this area. Trees were snapped along and near Joy Avenue before the tornado dissipated.||Maximum estimated wind in this segment of this tornado based on this damage was 125 to 135 mph.","A complex of storms that had been over portions of eastern Oklahoma during the early morning hours intensified during the late morning and afternoon resulting in isolated reports of large hail and damaging wind. A much more widespread severe weather event occurred later in the day as severe thunderstorms redeveloped across central and eastern Oklahoma during the afternoon hours ahead of a dry line over central Oklahoma and along an outflow boundary across northeastern Oklahoma. The storms produced large hail and damaging wind. A bow echo type of storm produced a brief tornado in northern Creek County during the afternoon. Two supercell thunderstorms moved along the outflow boundary from the morning thunderstorms and produced several tornadoes during the evening. One storm produced several tornadoes across Mayes County and the other produced a damaging tornado in Broken Arrow.",286
453689,KINGFISHER CO.,OMEGA,05/31/2013,1635,Tornado, ,EF0,0,0,0,0,OK,CST-6, ,75037,C,73,OUN,0,0,Broadcast Media, ,1,50,1,NE,2,NE,OMEGA,05/31/2013,1637,35.8802,-98.1874,35.8905,-98.1747,"Broadcast media and Spotter Network reports of brief tornado northeast of Omega. No damage was reported.","A tornado outbreak occurred during the late afternoon and early evening hours of the 31st. A stalled front and deeply mixed dryline served as a focus for thunderstorm development. The front/dryline triple point was where the most intense supercells initiated. These storms traveled eastward, eventually impacting the Oklahoma City metropolitan area. Several tornadoes occurred, including the El Reno tornado, which unfortunately claimed several lives. In addition to the tornado, very large hail and heavy rains led to flash flooding in Oklahoma City. This flash flood event ranked as one of the worst in Oklahoma City history in terms of fatalities and damages to property. The event lasted well into the overnight hours.",287
453690,CANADIAN CO.,CALUMET,05/31/2013,1655,Tornado, ,EF0,0,0,1000,0,OK,CST-6, ,75037,C,17,OUN,0,0,NWS Storm Survey, ,0.35,30,7,S,7,S,CALUMET,05/31/2013,1656,35.4987,-98.12,35.5014,-98.1148,"Storm damage survey and Spotter Network reports confirmed a brief tornado in rural areas south of Calumet. Convergent wheat pattern and minor tree damage were noted.","A tornado outbreak occurred during the late afternoon and early evening hours of the 31st. A stalled front and deeply mixed dryline served as a focus for thunderstorm development. The front/dryline triple point was where the most intense supercells initiated. These storms traveled eastward, eventually impacting the Oklahoma City metropolitan area. Several tornadoes occurred, including the El Reno tornado, which unfortunately claimed several lives. In addition to the tornado, very large hail and heavy rains led to flash flooding in Oklahoma City. This flash flood event ranked as one of the worst in Oklahoma City history in terms of fatalities and damages to property. The event lasted well into the overnight hours.",288
453682,CANADIAN CO.,CALUMET,05/31/2013,1703,Tornado, ,EF3,8,26,300000,0,OK,CST-6, ,75037,C,17,OUN,0,0,NWS Storm Survey, ,16.2,4576,8,S,6,SSW,RICHLAND,05/31/2013,1744,35.485,-98.096,35.502,-97.848,"On 31 May, an intense, long-track tornado formed southwest of El Reno. This exceptionally wide tornado took a complex path, rapidly changing in both speed and direction. The tornado spared El Reno and its airport from a direct hit, tracking just south of those locations. The tornado damaged numerous homes along with a few businesses near El Reno.  Additionally, intense sub-vortices destroyed crops in numerous fields in the area.||The tornado developed at 6:03 p.m. just northeast of the intersection of Heaston and Reuter roads.  Initially, the tornado moved to the southeast at 20 to 25 mph.  At 6:09 p.m., the tornado turned to the east, just south of Reno Road between Heaston and Brandley roads.  The tornado continued to expand in size just southwest of the El Reno Municipal Air Park, where its speed increased to 30 to 40 mph.  As the tornado passed just south of the airport, two satellite tornadoes formed briefly on the west side of the tornado.||At 6:19 p.m. the tornado crossed Highway 81 near Reno Road as it continued to expand in size.  There, the tornado abruptly turned to the north, while also accelerating to greater than 50 mph.   From 6:24 to 6:26 p.m., the tornado reached its maximum in size and intensity near the intersection of Radio and Reuter roads.  The tornado, still very large, slowed down as it approached I-40.  From 6:27 to 6:35 the tornado made a loop just north of the interstate while decelerating to less than 10 mph.  After 6:35, the tornado moved east once again, and dissipated at 6:42 p.m. near the intersection of I-40 and Banner Road.| |Eight people were killed in the tornado, all in vehicles. This included three severe storm researchers who were killed east of US-81 as the tornado overtook their position. Additionally, several other people were killed while attempting to escape the tornado near Highway 81.  Finally, two people were killed along I-40 while waiting for the storm to pass.||The monetary damages were estimated.  This tornado was well sampled by two separate mobile research radar teams ��� the University of Oklahoma RaXPol radar, and the Center for Severe Weather Research���s Doppler on Wheels. Both radars captured high temporal and spatial resolution data relatively close to the large tornado. Both radars measured winds in the tornado of more than 200 mph. The RaXPol radar data shows winds of at least 295 mph very close to the surface. These intense winds were present in very small sub-vortices within the larger tornado circulation. An analysis of the high resolution radar data combined with the results of the ground damage survey indicates that none of these intense sub-vortices impacted any structures in rural Canadian County. So despite the measured wind speeds, surveyors could not find any damage that would support a rating higher than EF3 based solely on the damage indicators used with the EF scale. ||The maximum tornado width was 2.6 miles.  However, the damaging wind swath was much larger, as non-tornadic downdraft winds extended for at least a mile south of the tornado.  Given the difficulty of separating this damage from tornadic damage, the OU RaXPol radar was used to help determine the width.","A tornado outbreak occurred during the late afternoon and early evening hours of the 31st. A stalled front and deeply mixed dryline served as a focus for thunderstorm development. The front/dryline triple point was where the most intense supercells initiated. These storms traveled eastward, eventually impacting the Oklahoma City metropolitan area. Several tornadoes occurred, including the El Reno tornado, which unfortunately claimed several lives. In addition to the tornado, very large hail and heavy rains led to flash flooding in Oklahoma City. This flash flood event ranked as one of the worst in Oklahoma City history in terms of fatalities and damages to property. The event lasted well into the overnight hours.",289
488183,CANADIAN CO.,UNION CITY,05/31/2013,1712,Tornado, ,EF0,0,0,0,0,OK,CST-6, ,75037,C,17,OUN,0,0,Storm Chaser, ,0.5,120,5,NW,5,NW,UNION CITY,05/31/2013,1713,35.44,-98.003,35.44,-98.003,"One of two satellite tornadoes was observed rotating around the primary El Reno tornado by storm chasers and the RaXPol mobile research radar.","A tornado outbreak occurred during the late afternoon and early evening hours of the 31st. A stalled front and deeply mixed dryline served as a focus for thunderstorm development. The front/dryline triple point was where the most intense supercells initiated. These storms traveled eastward, eventually impacting the Oklahoma City metropolitan area. Several tornadoes occurred, including the El Reno tornado, which unfortunately claimed several lives. In addition to the tornado, very large hail and heavy rains led to flash flooding in Oklahoma City. This flash flood event ranked as one of the worst in Oklahoma City history in terms of fatalities and damages to property. The event lasted well into the overnight hours.",290
488184,CANADIAN CO.,EL RENO,05/31/2013,1713,Tornado, ,EF0,0,0,0,0,OK,CST-6, ,75037,C,17,OUN,0,0,Storm Chaser, ,0.5,350,6,SSW,6,SSW,EL RENO,05/31/2013,1714,35.459,-98.011,35.459,-98.011,"The second of two satellite tornadoes that was observed rotating around the primary El Reno tornado by storm chasers and the RaXPol mobile research radar.","A tornado outbreak occurred during the late afternoon and early evening hours of the 31st. A stalled front and deeply mixed dryline served as a focus for thunderstorm development. The front/dryline triple point was where the most intense supercells initiated. These storms traveled eastward, eventually impacting the Oklahoma City metropolitan area. Several tornadoes occurred, including the El Reno tornado, which unfortunately claimed several lives. In addition to the tornado, very large hail and heavy rains led to flash flooding in Oklahoma City. This flash flood event ranked as one of the worst in Oklahoma City history in terms of fatalities and damages to property. The event lasted well into the overnight hours.",291
455324,OSAGE CO.,HULAH,05/31/2013,1718,Tornado, ,EF0,0,0,0,0,OK,CST-6, ,73710,C,113,TSA,0,0,Storm Chaser, ,0.1,50,2,WNW,2,WNW,HULAH,05/31/2013,1718,36.9451,-96.0678,36.9451,-96.0678,"This brief tornado was reported by a storm chaser. The NWS survey team could find no damage as a result of this tornado as it occurred over open country.","Severe thunderstorms developed over central Oklahoma and southern Kansas along a slow-moving cold front during the afternoon hours of the 31st. Very unstable air ahead of the cold front, combined with strong wind shear, resulted in storms quickly evolving into supercells. These storms produced several tornadoes, large hail to golfball size, and damaging wind across eastern Oklahoma during the evening hours of the 31st into the overnight hours of June 1st.",292
453691,CANADIAN CO.,YUKON,05/31/2013,1729,Tornado, ,EF2,0,1,20000,0,OK,CST-6, ,75037,C,17,OUN,0,0,NWS Storm Survey, ,5,150,6,W,5,SW,YUKON,05/31/2013,1741,35.4858,-97.8511,35.451,-97.7929,"The storm damage survey and Doppler on Wheels mobile radar detected a long-lived anticyclonic tornado southwest of Yukon. Some structural damage was noted along with damage to trees. Damages estimated.","A tornado outbreak occurred during the late afternoon and early evening hours of the 31st. A stalled front and deeply mixed dryline served as a focus for thunderstorm development. The front/dryline triple point was where the most intense supercells initiated. These storms traveled eastward, eventually impacting the Oklahoma City metropolitan area. Several tornadoes occurred, including the El Reno tornado, which unfortunately claimed several lives. In addition to the tornado, very large hail and heavy rains led to flash flooding in Oklahoma City. This flash flood event ranked as one of the worst in Oklahoma City history in terms of fatalities and damages to property. The event lasted well into the overnight hours.",293
455326,OSAGE CO.,LITTLE CHIEF,05/31/2013,1730,Tornado, ,EF1,0,0,2000,0,OK,CST-6, ,73710,C,113,TSA,0,0,NWS Storm Survey, ,2.5,200,4,SSE,5,SE,LITTLE CHIEF,05/31/2013,1737,36.6154,-96.6006,36.6305,-96.5599,"This tornado remained over open country much of its life cycle but did snap two power poles. Maximum estimated wind in the tornado based on this limited amount of damage, from which to make the assessment, was 85 to 95 mph.","Severe thunderstorms developed over central Oklahoma and southern Kansas along a slow-moving cold front during the afternoon hours of the 31st. Very unstable air ahead of the cold front, combined with strong wind shear, resulted in storms quickly evolving into supercells. These storms produced several tornadoes, large hail to golfball size, and damaging wind across eastern Oklahoma during the evening hours of the 31st into the overnight hours of June 1st.",294
455327,WASHINGTON CO.,OWEN,05/31/2013,1738,Tornado, ,EF1,0,0,5000,0,OK,CST-6, ,73710,C,147,TSA,0,0,NWS Storm Survey, ,1.2,200,5,ESE,7,E,OWEN,05/31/2013,1740,36.9623,-95.8343,36.9657,-95.8127,"This tornado occurred mostly over open country but did damage the roof of a home and uproot several trees. Based on this damage, maximum estimated wind in the tornado was 85 to 95 mph.","Severe thunderstorms developed over central Oklahoma and southern Kansas along a slow-moving cold front during the afternoon hours of the 31st. Very unstable air ahead of the cold front, combined with strong wind shear, resulted in storms quickly evolving into supercells. These storms produced several tornadoes, large hail to golfball size, and damaging wind across eastern Oklahoma during the evening hours of the 31st into the overnight hours of June 1st.",295
454115,CANADIAN CO.,YUKON,05/31/2013,1751,Tornado, ,EF0,0,0,50000,0,OK,CST-6, ,75037,C,17,OUN,0,0,NWS Storm Survey, ,1.61,500,4,SE,5,NE,MUSTANG,05/31/2013,1754,35.454,-97.699,35.449,-97.671,"An relatively long-lived weak tornado began northwest of SW 15th Street and Morgan Road in western Oklahoma City to the southeast of Yukon. The tornado moved just south of east for a little over 1.5 miles and into Oklahoma County. Damage to trees and power lines was noted, as well as very minor structural damage to some homes. Damages estimated.","A tornado outbreak occurred during the late afternoon and early evening hours of the 31st. A stalled front and deeply mixed dryline served as a focus for thunderstorm development. The front/dryline triple point was where the most intense supercells initiated. These storms traveled eastward, eventually impacting the Oklahoma City metropolitan area. Several tornadoes occurred, including the El Reno tornado, which unfortunately claimed several lives. In addition to the tornado, very large hail and heavy rains led to flash flooding in Oklahoma City. This flash flood event ranked as one of the worst in Oklahoma City history in terms of fatalities and damages to property. The event lasted well into the overnight hours.",296
465027,OKLAHOMA CO.,WHEATLAND,05/31/2013,1754,Tornado, ,EF1,0,0,100000,0,OK,CST-6, ,75037,C,109,OUN,0,0,NWS Storm Survey, ,4.1,600,4,NNW,4,N,(OKC)WILL ROGERS APT,05/31/2013,1809,35.449,-97.671,35.448,-97.599,"A tornado moved into Oklahoma County from Canadian County in western Oklahoma City and moved generally east along and near SW 15th Street before dissipating near SW 15th and Meridian Avenue. Buildings, power lines and trees were damaged, including broken windows at a couple of motels along Meridian Avenue. Damage amounts were estimated.","A tornado outbreak occurred during the late afternoon and early evening hours of the 31st. A stalled front and deeply mixed dryline served as a focus for thunderstorm development. The front/dryline triple point was where the most intense supercells initiated. These storms traveled eastward, eventually impacting the Oklahoma City metropolitan area. Several tornadoes occurred, including the El Reno tornado, which unfortunately claimed several lives. In addition to the tornado, very large hail and heavy rains led to flash flooding in Oklahoma City. This flash flood event ranked as one of the worst in Oklahoma City history in terms of fatalities and damages to property. The event lasted well into the overnight hours.",297
453810,CANADIAN CO.,EL RENO,05/31/2013,1755,Tornado, ,EF0,0,0,0,0,OK,CST-6, ,75037,C,17,OUN,0,0,Trained Spotter, ,0.47,50,6,S,4,N,UNION CITY,05/31/2013,1757,35.4432,-97.96,35.4412,-97.952,"A tornado was reported from Spotter Network where a strong radar signal from terminal doppler TOKC was also located. And damage from this tornado would have been indiscernible as this tornado occurred within the damage path of the earlier El Reno EF5 tornado.","A tornado outbreak occurred during the late afternoon and early evening hours of the 31st. A stalled front and deeply mixed dryline served as a focus for thunderstorm development. The front/dryline triple point was where the most intense supercells initiated. These storms traveled eastward, eventually impacting the Oklahoma City metropolitan area. Several tornadoes occurred, including the El Reno tornado, which unfortunately claimed several lives. In addition to the tornado, very large hail and heavy rains led to flash flooding in Oklahoma City. This flash flood event ranked as one of the worst in Oklahoma City history in terms of fatalities and damages to property. The event lasted well into the overnight hours.",298
455329,NOWATA CO.,SOUTH COFFEYVILLE,05/31/2013,1821,Tornado, ,EF0,0,0,0,0,OK,CST-6, ,73710,C,105,TSA,0,0,NWS Storm Survey, ,1.1,310,10,E,11,E,SOUTH COFFEYVILLE,05/31/2013,1822,36.9873,-95.4317,36.9974,-95.4197,"This tornado damaged a number of trees. Based on this damage, maximum estimated wind in the tornado was 80 to 85 mph.","Severe thunderstorms developed over central Oklahoma and southern Kansas along a slow-moving cold front during the afternoon hours of the 31st. Very unstable air ahead of the cold front, combined with strong wind shear, resulted in storms quickly evolving into supercells. These storms produced several tornadoes, large hail to golfball size, and damaging wind across eastern Oklahoma during the evening hours of the 31st into the overnight hours of June 1st.",299
453816,OKLAHOMA CO.,VALLEY BROOK,05/31/2013,1835,Tornado, ,EF0,0,0,20000,0,OK,CST-6, ,75037,C,109,OUN,0,0,NWS Storm Survey, ,0.5,200,2,ENE,2,ENE,VALLEY BROOK,05/31/2013,1837,35.411,-97.457,35.41,-97.449,"An EF-0 tornado traveled from Creekwood Terrace southeast to Keith Drive near SE 54th Street. Minor damage to trees and power lines was noted. Damages estimated.","A tornado outbreak occurred during the late afternoon and early evening hours of the 31st. A stalled front and deeply mixed dryline served as a focus for thunderstorm development. The front/dryline triple point was where the most intense supercells initiated. These storms traveled eastward, eventually impacting the Oklahoma City metropolitan area. Several tornadoes occurred, including the El Reno tornado, which unfortunately claimed several lives. In addition to the tornado, very large hail and heavy rains led to flash flooding in Oklahoma City. This flash flood event ranked as one of the worst in Oklahoma City history in terms of fatalities and damages to property. The event lasted well into the overnight hours.",300
453826,CLEVELAND CO.,MOORE,05/31/2013,1842,Tornado, ,EF1,0,0,100000,0,OK,CST-6, ,75037,C,27,OUN,0,0,NWS Storm Survey, ,1,100,7,W,6,W,MOORE,05/31/2013,1843,35.341,-97.609,35.347,-97.594,"Storm damage survey indicated a brief EF-1 tornado developed near in the South Lakes Park area near SW 119th Street and Meridian Avenue. Damage to several homes, trees, and power lines and poles occurred. Damages estimated.","A tornado outbreak occurred during the late afternoon and early evening hours of the 31st. A stalled front and deeply mixed dryline served as a focus for thunderstorm development. The front/dryline triple point was where the most intense supercells initiated. These storms traveled eastward, eventually impacting the Oklahoma City metropolitan area. Several tornadoes occurred, including the El Reno tornado, which unfortunately claimed several lives. In addition to the tornado, very large hail and heavy rains led to flash flooding in Oklahoma City. This flash flood event ranked as one of the worst in Oklahoma City history in terms of fatalities and damages to property. The event lasted well into the overnight hours.",301
465047,GRADY CO.,TUTTLE,05/31/2013,1845,Tornado, ,EF0,0,0,0,0,OK,CST-6, ,75037,C,51,OUN,0,0,Storm Chaser, ,0.2,50,2,NNE,2,NNE,TUTTLE,05/31/2013,1845,35.321,-97.799,35.321,-97.799,"Two storm chasers filmed a tornado to the northeast of Tuttle near the Canadian River. The tornado produced no known damage.","A tornado outbreak occurred during the late afternoon and early evening hours of the 31st. A stalled front and deeply mixed dryline served as a focus for thunderstorm development. The front/dryline triple point was where the most intense supercells initiated. These storms traveled eastward, eventually impacting the Oklahoma City metropolitan area. Several tornadoes occurred, including the El Reno tornado, which unfortunately claimed several lives. In addition to the tornado, very large hail and heavy rains led to flash flooding in Oklahoma City. This flash flood event ranked as one of the worst in Oklahoma City history in terms of fatalities and damages to property. The event lasted well into the overnight hours.",302
465049,OKLAHOMA CO.,(OKC)WILL ROGERS APT,05/31/2013,1853,Tornado, ,EF1,0,8,80000,0,OK,CST-6, ,75037,C,109,OUN,0,0,NWS Storm Survey, ,1.13,300,3,ENE,3,W,VALLEY BROOK,05/31/2013,1855,35.406,-97.551,35.404,-97.531,"A tornado touched down just west of SW 59th Street and Pennsylvania Avenue in southwest Oklahoma City, and moved east to just southwest of SW 59th Street and Western Avenue. Roof and tree damage occurred with this tornado. Damage amounts are estimated.","A tornado outbreak occurred during the late afternoon and early evening hours of the 31st. A stalled front and deeply mixed dryline served as a focus for thunderstorm development. The front/dryline triple point was where the most intense supercells initiated. These storms traveled eastward, eventually impacting the Oklahoma City metropolitan area. Several tornadoes occurred, including the El Reno tornado, which unfortunately claimed several lives. In addition to the tornado, very large hail and heavy rains led to flash flooding in Oklahoma City. This flash flood event ranked as one of the worst in Oklahoma City history in terms of fatalities and damages to property. The event lasted well into the overnight hours.",303
456088,ROGERS CO.,TALALA,05/31/2013,1921,Tornado, ,EF1,0,0,0,0,OK,CST-6, ,73710,C,131,TSA,0,0,NWS Storm Survey, ,2.8,320,5,NW,5,N,TALALA,05/31/2013,1925,36.5886,-95.7326,36.5975,-95.6882,"This is the first of two segments of this tornado. The tornado snapped a number of trees and uprooted many others in Rogers County. Based on this tree damage, maximum estimated wind in the tornado was 100 to 110 mph. The tornado was photographed by several storm chasers. It continued into Nowata County, Oklahoma.","Severe thunderstorms developed over central Oklahoma and southern Kansas along a slow-moving cold front during the afternoon hours of the 31st. Very unstable air ahead of the cold front, combined with strong wind shear, resulted in storms quickly evolving into supercells. These storms produced several tornadoes, large hail to golfball size, and damaging wind across eastern Oklahoma during the evening hours of the 31st into the overnight hours of June 1st.",304
456089,NOWATA CO.,WATOVA,05/31/2013,1925,Tornado, ,EF1,0,0,0,0,OK,CST-6, ,73710,C,105,TSA,0,0,NWS Storm Survey, ,0.7,320,3,SW,2,SW,WATOVA,05/31/2013,1926,36.5975,-95.6882,36.605,-95.6736,"This is the final segment of a two segment tornado. In Nowata County, this tornado snapped or uprooted numerous trees. Based on this damage, maximum estimated wind in this segment was 100 to 110 mph. Several storm chasers photographed this tornado. The tornado moved east-northeast, turning more northeasterly as it crossed the N 4110 Road.","Severe thunderstorms developed over central Oklahoma and southern Kansas along a slow-moving cold front during the afternoon hours of the 31st. Very unstable air ahead of the cold front, combined with strong wind shear, resulted in storms quickly evolving into supercells. These storms produced several tornadoes, large hail to golfball size, and damaging wind across eastern Oklahoma during the evening hours of the 31st into the overnight hours of June 1st.",305
456095,ROGERS CO.,TALALA,05/31/2013,1927,Tornado, ,EF1,0,0,0,0,OK,CST-6, ,73710,C,131,TSA,0,0,NWS Storm Survey, ,0.2,240,5,N,5,N,TALALA,05/31/2013,1928,36.5972,-95.676,36.5975,-95.6735,"This is the first of two segements of this tornado. In Rogers County, this tornado snapped or uprooted trees. Maximum estimated wind in the tornado based on this damage was 100 to 110 mph. Several storm chasers photographed this tornado. It continued into Nowata County, Oklahoma.","Severe thunderstorms developed over central Oklahoma and southern Kansas along a slow-moving cold front during the afternoon hours of the 31st. Very unstable air ahead of the cold front, combined with strong wind shear, resulted in storms quickly evolving into supercells. These storms produced several tornadoes, large hail to golfball size, and damaging wind across eastern Oklahoma during the evening hours of the 31st into the overnight hours of June 1st.",306
456097,NOWATA CO.,WATOVA,05/31/2013,1928,Tornado, ,EF1,0,2,75000,0,OK,CST-6, ,73710,C,105,TSA,0,0,NWS Storm Survey, ,4.6,350,2,SW,2,ENE,WATOVA,05/31/2013,1935,36.5975,-95.6735,36.6317,-95.6111,"This is the final segment of this two segment tornado. In Nowata County, this tornado destroyed a mobile home, injuring two occupants. It also damaged other permanent homes, destroyed a barn, and snapped or uprooted numerous trees. Based on this damage, maximum estimated wind in this segment of the tornado was 100 to 110 mph. Several storm chasers photographed this tornado. This tornado moved east-northeast until it crossed E 28 Road then turned sharply to the north, paralleling the N 4150 Road until it dissipated.","Severe thunderstorms developed over central Oklahoma and southern Kansas along a slow-moving cold front during the afternoon hours of the 31st. Very unstable air ahead of the cold front, combined with strong wind shear, resulted in storms quickly evolving into supercells. These storms produced several tornadoes, large hail to golfball size, and damaging wind across eastern Oklahoma during the evening hours of the 31st into the overnight hours of June 1st.",307
456098,DELAWARE CO.,ZENA,05/31/2013,2223,Tornado, ,EF1,0,0,0,0,OK,CST-6, ,73710,C,41,TSA,0,0,NWS Storm Survey, ,1.8,500,3,NNE,3,SSW,GROVE,05/31/2013,2227,36.5379,-94.8236,36.5417,-94.7914,"This tornado developed near the shore of Grand Lake and traveled east-northeast, snapping large tree limbs and uprooting many trees in its path. No significant damage was noted to the homes in the path near the lake shore. Based on this damage, maximum estimated wind in the tornado was 90 to 100 mph.","Severe thunderstorms developed over central Oklahoma and southern Kansas along a slow-moving cold front during the afternoon hours of the 31st. Very unstable air ahead of the cold front, combined with strong wind shear, resulted in storms quickly evolving into supercells. These storms produced several tornadoes, large hail to golfball size, and damaging wind across eastern Oklahoma during the evening hours of the 31st into the overnight hours of June 1st.",308
471127,WAGONER CO.,LA BARGE,07/23/2013,2306,Tornado, ,EF1,0,0,180000,0,OK,CST-6, ,77717,C,145,TSA,0,0,NWS Storm Survey, ,3.5,850,3,WSW,3,S,LA BARGE,07/23/2013,2312,35.9597,-95.4247,35.9341,-95.3704,"This tornado damaged a metal building, destroyed barns and outbuildings, destroyed portions of two storage units, damaged the roofs and siding of dozens of homes and businesses, uprooted trees, and blew down power poles. Based on this damage, maximum estimated wind in the tornado was 90 to 100 mph.","Severe thunderstorms developed over central Kansas during the late afternoon of the 23rd. These storms moved southeast during the evening and into eastern Oklahoma during the late evening and overnight hours. High amounts of instability and considerable deep layer shear over eastern Oklahoma resulted in the development of a highly organized line of storms. Widespread damaging wind, a tornado, and some large hail resulted across eastern Oklahoma as the line of thunderstorms moved through the region. At least 300,000 people were reportedly without power due to the storms in the area surrounding Tulsa. Some of these outages lasted for nearly a week. In addition, lightning from these storms resulted in a number of structural fires.",309
488245,MARSHALL CO.,KINGSTON,07/26/2013,1425,Tornado, ,EF0,0,0,0,0,OK,CST-6, ,81362,C,95,OUN,0,0,Public, ,0.1,10,4,S,4,S,KINGSTON,07/26/2013,1425,33.943,-96.731,33.943,-96.731,"KXII-TV received two public reports and a photograph of a tornado that was observed to briefly touch down from the Enos area of Marshall County near Lake Texoma. The time and the location of this tornado are estimated and no damage is known to have occurred.","Storms developed across portions of southeastern Oklahoma on the afternoon of the 26th. Although the storms generally remained below severe limits, one storm briefly produced a tornado near Lake Texoma.",310
475275,BEAVER CO.,TURPIN,08/07/2013,1836,Tornado, ,EF0,0,0,0,0,OK,CST-6, ,79212,C,7,AMA,0,0,NWS Storm Survey, ,0.11,25,4,WSW,4,WSW,TURPIN,08/07/2013,1842,36.8506,-100.9385,36.8506,-100.9385,"A weak EF0 tornado touched down 3.5 miles west-southwest of Turpin, Oklahoma during the evening hours of the 7th. A supercell thunderstorm spawned the tornado, which lasted for 6 minutes but produced no damage. The maximum wind speed was estimated to be 65 mph.","The combination of a moderately unstable atmosphere, decent deep layer shear, and the presence of a stalled frontal boundary led to a severe weather outbreak during the evening and overnight hours of the 7th. The 6 PM CST upper air soundings out of Amarillo, Texas and Dodge City, Kansas showed surface based instability between 1700 and 2500 J/kg with deep layer shear around 32 kt across the Oklahoma Panhandle. As daytime heating maximized during the early afternoon discrete thunderstorms began developing across the western Texas and Oklahoma Panhandle. After briefly moving to the north these discrete thunderstorms turn to the right and began moving to the east across the panhandle. These discrete thunderstorms would produce hail across the Oklahoma Panhandle up to the size of baseballs. One discrete thunderstorm over eastern Texas County and western Beaver County developed near enough to the stationary boundary for the additional low level wind shear to help develop a brief tornado. The tornado lasted less than ten minutes and the parent thunderstorms quickly diminished as it moved eastward into Beaver County. By 7 PM CST, discrete thunderstorms over the western Oklahoma Panhandle began forming into a squall line. This line would go on to traverse the Oklahoma Panhandle producing 60 to 70 mph gusts and ping pong ball size hail before entering western Oklahoma by midnight of the 8th.",311
510244,STEPHENS CO.,LAKE FUQUA  DAM,04/13/2014,1658,Tornado, ,EF0,0,0,0,0,OK,CST-6, ,84515,C,137,OUN,0,0,Broadcast Media, ,0.37,50,2,WSW,2,WSW,LAKE FUQUA  DAM,04/13/2014,1659,34.59,-97.71,34.588,-97.704,"Very brief tornado was reported by KWTV news. No damage was reported.","A slow moving cold front sparked scattered severe thunderstorms during the afternoon and evening hours. Abundant moisture and instability fueled the storms, giving way to several reports of large hail and damaging winds. Funnel clouds and two brief tornadoes were also observed.",312
515691,STEPHENS CO.,LAKE FUQUA  DAM,04/13/2014,1705,Tornado, ,EF0,0,0,0,0,OK,CST-6, ,84515,C,137,OUN,0,0,Storm Chaser, ,0.3,40,1,SSE,1,SSE,LAKE FUQUA  DAM,04/13/2014,1705,34.58,-97.66,34.58,-97.66,"Storm chasers reported a brief tornado in northeast Stephens County. No damage was reported and the location is estimated.","A slow moving cold front sparked scattered severe thunderstorms during the afternoon and evening hours. Abundant moisture and instability fueled the storms, giving way to several reports of large hail and damaging winds. Funnel clouds and two brief tornadoes were also observed.",313
505204,OTTAWA CO.,COMMERCE,04/27/2014,1629,Tornado, ,EF2,1,12,3000000,0,OK,CST-6, ,83684,C,115,TSA,0,0,NWS Storm Survey, ,7.1,325,3,ESE,2,E,HOCKERVILLE,04/27/2014,1635,36.912,-94.8215,36.9987,-94.7515,"A tornado damaged or destroyed about 50 homes and businesses in and around Quapaw, destroyed several metal-framed buildings, destroyed barns and outbuildings, blew over several vehicles, snapped or uprooted numerous trees, and blew down numerous power poles. At least twelve people were injured in Quapaw from the tornado and one fatality occurred when a brick wall fell onto a vehicle that was parked along side it. Based on this damage, maximum estimated wind in the tornado was 115 to 125 mph. The tornado continued into Cherokee County, Kansas, where it destroyed homes and businesses in Baxter Springs and injured about two dozen people there.","Severe thunderstorms developed along a dry line as it moved into eastern Oklahoma during the afternoon hours of April 27th. These storms produced large hail up to golfball size, damaging wind gusts, and two tornadoes. Additional severe thunderstorm development occurred as a cold front moved into the region during the late evening hours.",314
505205,LE FLORE CO.,OCTAVIA,04/27/2014,1631,Tornado, ,EF1,0,0,0,0,OK,CST-6, ,83684,C,79,TSA,0,0,NWS Storm Survey, ,1.5,250,2,NNW,3,NNE,OCTAVIA,04/27/2014,1634,34.548,-94.7109,34.5566,-94.6889,"A tornado snapped or uprooted a number of trees as it crossed Highway 259 north of Octavia. Due to much of the remainder of the path being in areas inaccessible by road, the beginning and ending points of this tornado were estimated. Based on the damage to the trees along Highway 259, maximum estimated wind in the tornado was 95 to 105 mph.","Severe thunderstorms developed along a dry line as it moved into eastern Oklahoma during the afternoon hours of April 27th. These storms produced large hail up to golfball size, damaging wind gusts, and two tornadoes. Additional severe thunderstorm development occurred as a cold front moved into the region during the late evening hours.",315
521846,COMANCHE CO.,WICHITA MTNS NWR HQ,05/07/2014,1806,Tornado, ,EF0,0,0,0,0,OK,CST-6, ,86111,C,31,OUN,0,0,Other Federal Agency, ,1.5,400,3,NNE,4,NNE,WICHITA MTNS NWR HQ,05/07/2014,1809,34.767,-98.697,34.783,-98.69,"Employees of the Wichita Mountain National Wildlife Refuge observed this tornado in the north part of the refuge. A ground survey by the refuge deputy manager indicated that the tornado developed southwest of Moko Mountain and initially moved northeast toward the 2,288 foot peak. The tornado then turned north-northwest moving down the north slope of Moko Mountain. Numerous trees were snapped and uprooted along the path.","A large upper level trough became established over the western U.S. bringing strong southwest flow across the Southern Plains. At the surface, a north to south oriented dryline became well established across western Oklahoma. This dryline served as a focus for several rounds of supercell thunderstorms. Sporadic severe wind and hail occurred, along with a couple of brief tornadoes.",316
522504,OKMULGEE CO.,NUYAKA,05/27/2014,1138,Tornado, ,EF0,0,0,5000,0,OK,CST-6, ,85438,C,111,TSA,0,0,Emergency Manager, ,0.3,50,4,SE,4,SE,NUYAKA,05/27/2014,1138,35.6111,-96.0689,35.6111,-96.0689,"A brief tornado snapped large tree limbs and moved a trailer at Dripping Springs State Park. It was witnessed by several people as it moved northwest.","An upper level low pressure system translated across southern Oklahoma and northern Texas on the 27th. A band of strong thunderstorms developed on the north side of this system and moved across portions of east central and northeastern Oklahoma during the morning and early afternoon hours. One of the storms within the band produced a brief, weak tornado in Okmulgee County.",317
522266,JEFFERSON CO.,RINGLING,05/27/2014,1255,Tornado, ,EF0,0,0,0,0,OK,CST-6, ,86117,C,67,OUN,0,0,Public, ,0.1,30,5,W,5,W,RINGLING,05/27/2014,1255,34.18,-97.6775,34.18,-97.6775,"A photo was taken of a tornado west of Ringling and sent to KSWO TV. The location and the time of the tornado were estimated. No known damage occurred.","A cutoff upper level low meandered into central Oklahoma during the afternoon hours. This feature brought moderate wind shear into the region, along with substantial directional shear. This combined with appreciable instability and abundant moisture led to the formation of numerous thunderstorms across southern and central Oklahoma. Two brief tornadoes were observed near the center of the upper low across southwestern Oklahoma. Several other funnel clouds were also reported.",318
521355,COMANCHE CO.,FAXON,05/27/2014,1300,Tornado, ,EF0,0,0,0,0,OK,CST-6, ,86117,C,31,OUN,0,0,Broadcast Media, ,0.12,50,6,NE,6,NE,FAXON,05/27/2014,1302,34.51,-98.49,34.5101,-98.4922,"A brief tornado developed near Faxon. Very minor damage occurred to pato furniture and small outbuildings. Damage information provided by KSWO.","A cutoff upper level low meandered into central Oklahoma during the afternoon hours. This feature brought moderate wind shear into the region, along with substantial directional shear. This combined with appreciable instability and abundant moisture led to the formation of numerous thunderstorms across southern and central Oklahoma. Two brief tornadoes were observed near the center of the upper low across southwestern Oklahoma. Several other funnel clouds were also reported.",319
527702,BEAVER CO.,CLEAR LAKE,06/22/2014,1642,Tornado, ,EF0,0,0,0,0,OK,CST-6, ,87142,C,7,AMA,0,0,NWS Storm Survey, ,2.01,100,3,S,4,NW,LOGAN,06/22/2014,1650,36.6354,-100.2722,36.6062,-100.2713,"A slow moving supercell thunderstorm moved southward across the eastern Oklahoma Panhandle during the evening hours of the 22nd. This supercell produced multiple brief tornadoes over the course of several hours. This tornado developed across eastern Beaver County near Slapout (Beaver County). The tornado caused minor damage to an old barn as well as minor roof damage to a manufactured home. A few outbuildings were also damaged as the tornado drifted south across US. Highway 412. The winds were estimated at 80 mph. After producing this tornado, the parent supercell continued moving southward across the eastern Oklahoma Panhandle.","A favorable northwest flow aloft pattern and abundant moisture resulted in a round of severe convection for the 22nd and into the early morning hours of the 23rd. A discrete supercell developed over the eastern Oklahoma Panhandle during the early afternoon hours of the 22nd. This supercell would go on to produce several brief tornadoes and hail up to the size of tennis balls while slowly moving southward across the far eastern Oklahoma Panhandle. The outflow from this tornadic supercell interacted with discrete storms developing along a southward moving cold front over western Kansas, and caused the storms to transition into a linear structure. This line would enter the central Oklahoma Panhandle around 8 PM CST before exiting by 10 PM CST.",320
527703,BEAVER CO.,ELMWOOD,06/22/2014,1703,Tornado, ,EF1,0,0,0,0,OK,CST-6, ,87142,C,7,AMA,0,0,NWS Storm Survey, ,3.77,150,7,E,7,WNW,LOGAN,06/22/2014,1713,36.6286,-100.3962,36.5916,-100.3464,"A slow moving supercell thunderstorm moved southward across the eastern Oklahoma Panhandle during the evening hours of the 22nd. This supercell produced multiple brief tornadoes over the course of several hours. This tornado developed across eastern Beaver County roughly 12 miles west of Slapout (Beaver County). The tornado snapped nearly two dozen power poles and caused damage to a barn with the east wall and roof missing. It also damaged a center pivot irrigation system and caused additional roof and wall damage to a barn and house. The winds were estimated at 90 mph. After producing this tornado, the parent supercell continued moving southward across the eastern Oklahoma Panhandle.","A favorable northwest flow aloft pattern and abundant moisture resulted in a round of severe convection for the 22nd and into the early morning hours of the 23rd. A discrete supercell developed over the eastern Oklahoma Panhandle during the early afternoon hours of the 22nd. This supercell would go on to produce several brief tornadoes and hail up to the size of tennis balls while slowly moving southward across the far eastern Oklahoma Panhandle. The outflow from this tornadic supercell interacted with discrete storms developing along a southward moving cold front over western Kansas, and caused the storms to transition into a linear structure. This line would enter the central Oklahoma Panhandle around 8 PM CST before exiting by 10 PM CST.",321
527704,BEAVER CO.,ELMWOOD,06/22/2014,1731,Tornado, ,EF0,0,0,0,0,OK,CST-6, ,87142,C,7,AMA,0,0,NWS Storm Survey, ,0.44,50,10,SE,10,SE,ELMWOOD,06/22/2014,1732,36.5151,-100.3998,36.5102,-100.3946,"A slow moving supercell thunderstorm moved southward across the eastern Oklahoma Panhandle during the evening hours of the 22nd. This supercell produced multiple brief tornadoes over the course of several hours. This tornado developed across eastern Beaver County near Elmwood (Beaver County). The tornado snapped the tops of trees and destroyed a metal garage completely. The winds were estimated at 75 mph. After producing this tornado, the parent supercell continued moving southward across the eastern Oklahoma Panhandle.","A favorable northwest flow aloft pattern and abundant moisture resulted in a round of severe convection for the 22nd and into the early morning hours of the 23rd. A discrete supercell developed over the eastern Oklahoma Panhandle during the early afternoon hours of the 22nd. This supercell would go on to produce several brief tornadoes and hail up to the size of tennis balls while slowly moving southward across the far eastern Oklahoma Panhandle. The outflow from this tornadic supercell interacted with discrete storms developing along a southward moving cold front over western Kansas, and caused the storms to transition into a linear structure. This line would enter the central Oklahoma Panhandle around 8 PM CST before exiting by 10 PM CST.",322
531559,PITTSBURG CO.,HAILEYVILLE,06/23/2014,1859,Tornado, ,EF0,0,0,0,0,OK,CST-6, ,88059,C,121,TSA,0,0,Emergency Manager, ,0.5,50,2,NNE,1,NE,HAILEYVILLE,06/23/2014,1902,34.8701,-95.5599,34.8643,-95.5525,"A landspout tornado developed northeast of Haileyville. This tornado was witnessed by several people as it moved southeast. It produced no known damage.","A landspout tornado developed from a convective cell moving east-southeast across eastern Pittsburg County.",323
515635,MAYES CO.,ADAIR,06/28/2014,1422,Tornado, ,EF0,0,0,50000,0,OK,CST-6, ,85374,C,97,TSA,0,0,NWS Storm Survey, ,4.3,400,1,WNW,4,ENE,ADAIR,06/28/2014,1428,36.4323,-95.2831,36.4589,-95.2133,"A tornado damaged the fire department, homes, and businesses. It snapped large tree limbs and blew down power lines. Based on this damage, maximum estimated wind in the tornado was 70 to 80 mph.","A line of strong to severe thunderstorms moved across northeastern Oklahoma during the afternoon hours of the 28th. One of the storms within the line produced a weak tornado in Mayes County. Other storms produced some wind damage.",324
543894,CRAIG CO.,WELCH,09/01/2014,1841,Tornado, ,EF0,0,0,0,0,OK,CST-6, ,90169,C,35,TSA,0,0,Emergency Manager, ,0.2,50,4,N,4,N,WELCH,09/01/2014,1841,36.9279,-95.1,36.9279,-95.1,"A brief tornado was reported over open country. No known damage occurred with this tornado.","Severe thunderstorms developed near an outflow boundary across northern Oklahoma and southern Kansas during the early evening hours of the 1st. These storms moved across portions of northeastern Oklahoma during the evening, producing large hail up to baseball size, damaging wind gusts of upwards of 80 mph, a brief tornado, and locally heavy rainfall.",325
546447,LE FLORE CO.,STONY PT,10/06/2014,1,Tornado, ,EF1,0,0,50000,0,OK,CST-6, ,90957,C,79,TSA,0,0,NWS Storm Survey, ,0.8,75,3,W,2,W,STONY PT,10/06/2014,2,35.2508,-94.7246,35.2521,-94.7113,"A tornado tore portions of the roofs and walls from two chicken houses, uprooted several hardwood trees, and snapped numerous large tree limbs. Based on this damage, maximum estimated wind in the tornado was 85 to 90 mph.","Thunderstorms developed across portions of eastern Oklahoma during the late evening hours of the 5th. The strongest storms produced large hail up to quarter size, damaging wind gusts, and a brief tornado.",326
553549,OKLAHOMA CO.,ARCADIA LAKE,12/14/2014,1709,Tornado, ,EF0,0,0,0,0,OK,CST-6, ,90973,C,109,OUN,0,0,Broadcast Media, ,0.17,50,2,SSW,2,SSW,ARCADIA LAKE,12/14/2014,1710,35.62,-97.38,35.6217,-97.3778,"From KWTV helicopter video. The tornado lasted less than a minute and no damage was observed or reported.","A strong upper level low moved over the Southern and Central Plains region during the day on Sunday. Adequate moistening and sunshine allowed for modest instability to build within a narrow corridor across central Oklahoma. Isolated thunderstorms developed along a pacific front/dryline feature during the mid afternoon hours. These storms occasionally exhibited supercell characteristics, producing large hail and funnel clouds. One very brief tornado occurred over northeastern Oklahoma county. No damage or injuries occurred.",327
560160,PAWNEE CO.,APPALACHIA,03/25/2015,1621,Tornado, ,EF0,0,0,0,0,OK,CST-6, ,93249,C,117,TSA,0,0,NWS Storm Survey, ,2,200,1,W,1,ESE,APPALACHIA,03/25/2015,1625,36.1832,-96.302,36.1763,-96.2672,"This is the first segment of a three segment tornado. The tornado developed over Keystone Lake, west of Appalachia Bay Recreation Area. The beginning of this tornado was filmed by storm chasers. The tornado moved east-southeast across the lake waters and adjacent uninhabited land areas. Damage is strongly suspected to trees in this segment of the tornado but those suspected areas were not accessible by road. The tornado continued into Osage County, Oklahoma.","Severe thunderstorms developed during the afternoon hours to the east of a surface low pressure system located over southwestern Oklahoma and near a stationary frontal boundary that was draped across northeastern Oklahoma. Several of these storms developed supercell characteristics due to a very unstable air mass that was in place over the region coupled with strong vertical wind shear. These supercells produced several tornadoes, including a strong tornado that resulted in a fatality in Sand Springs. The storms also produced hail up to softball size and wind gusts to around 90 mph. ||The storms evolved into a line during the evening hours and moved swiftly across eastern Oklahoma producing wind damage and hail to golfball size. ||Locally heavy rainfall as a result of storms moving repeatedly across the same locations resulted in flash flooding. Two flash flood fatalities occurred in Muskogee County when a vehicle was driven into flood waters and was swept off the road.",328
560177,OSAGE CO.,PRUE,03/25/2015,1625,Tornado, ,EF1,0,0,100000,0,OK,CST-6, ,93249,C,113,TSA,0,0,NWS Storm Survey, ,3,650,5,SE,6,W,SAND SPGS,03/25/2015,1630,36.1763,-96.2672,36.1615,-96.2181,"This is the second segment of a three segment tornado. The tornado crossed into Osage County over Keystone Lake and quickly crossed Highway 412. It then moved through a wooded area that was inaccessible by road. The first damage that was accessible by the survey team was at S 209th W Avenue, where the tornado damaged a church, snapped large tree limbs, and damaged a home. It moved east-southeast toward W Archer Road snapping or uprooting trees and damaging homes. Based on this damage, maximum estimated wind in this segment of the tornado was 95 to 105 mph. The tornado continued into Tulsa County, Oklahoma.","Severe thunderstorms developed during the afternoon hours to the east of a surface low pressure system located over southwestern Oklahoma and near a stationary frontal boundary that was draped across northeastern Oklahoma. Several of these storms developed supercell characteristics due to a very unstable air mass that was in place over the region coupled with strong vertical wind shear. These supercells produced several tornadoes, including a strong tornado that resulted in a fatality in Sand Springs. The storms also produced hail up to softball size and wind gusts to around 90 mph. ||The storms evolved into a line during the evening hours and moved swiftly across eastern Oklahoma producing wind damage and hail to golfball size. ||Locally heavy rainfall as a result of storms moving repeatedly across the same locations resulted in flash flooding. Two flash flood fatalities occurred in Muskogee County when a vehicle was driven into flood waters and was swept off the road.",329
560188,TULSA CO.,WEKIWA,03/25/2015,1630,Tornado, ,EF2,1,30,2000000,0,OK,CST-6, ,93249,C,143,TSA,0,0,NWS Storm Survey, ,6.1,800,2,WNW,1,NNE,PRATTVILLE,03/25/2015,1638,36.1615,-96.2181,36.1332,-96.1167,"This is the third segment of a three segment tornado. The tornado moved into Tulsa County at W Archer Road to the east of S 209th W Avenue. The roofs of several homes were damaged and trees were uprooted as it crossed S 193rd W Avenue. The tornado moved southeast crossing Highway 412, where it snapped or uprooted numerous trees and blew a tractor trailer off the road. A doughnut shop was destroyed at S 177th W Avenue, homes were damaged, and trees and poles were snapped. It crossed the Arkansas River and moved through the River Oaks Estates Mobile Home Park where it destroyed 58 mobile homes and two permanent homes. One fatality and about 30 injuries occurred in this park. The tornado crossed the Arkansas River again as it moved east-southeast toward Sand Springs, uprooting numerous trees before dissipating on the south side of Sand Springs, south of Highway 412 and just west of Highway 97. Based on this damage, maximum estimated wind in this segment of the tornado was 125 to 135 mph.","Severe thunderstorms developed during the afternoon hours to the east of a surface low pressure system located over southwestern Oklahoma and near a stationary frontal boundary that was draped across northeastern Oklahoma. Several of these storms developed supercell characteristics due to a very unstable air mass that was in place over the region coupled with strong vertical wind shear. These supercells produced several tornadoes, including a strong tornado that resulted in a fatality in Sand Springs. The storms also produced hail up to softball size and wind gusts to around 90 mph. ||The storms evolved into a line during the evening hours and moved swiftly across eastern Oklahoma producing wind damage and hail to golfball size. ||Locally heavy rainfall as a result of storms moving repeatedly across the same locations resulted in flash flooding. Two flash flood fatalities occurred in Muskogee County when a vehicle was driven into flood waters and was swept off the road.",330
560273,TULSA CO.,DAWSON,03/25/2015,1701,Tornado, ,EF0,0,0,200000,0,OK,CST-6, ,93249,C,143,TSA,0,0,NWS Storm Survey, ,2.3,600,1,E,2,SW,GARNETT,03/25/2015,1705,36.1689,-95.8815,36.1482,-95.8533,"This tornado developed in an undeveloped area south of the Tulsa International Airport and moved southeast toward Admiral Blvd. The tornado damaged several mobile homes, a number of permanent homes, and snapped large tree limbs north of I-244. Numerous homes, a number of mobile homes, a strip mall, an apartment complex, and businesses were damaged south of I-244 and west of Highway 169. The tornado continued southeast as it crossed Highway 169 at and south of Admiral Blvd., damaging the roofs of numerous homes and snapping many large tree limbs. A carport was destroyed and a garage door of a home was blown inward as the tornado turned more southerly before dissipating near E 11th Street South, just west of Garnett Road. Based on this damage, maximum estimated wind in the tornado was 70 to 80 mph.","Severe thunderstorms developed during the afternoon hours to the east of a surface low pressure system located over southwestern Oklahoma and near a stationary frontal boundary that was draped across northeastern Oklahoma. Several of these storms developed supercell characteristics due to a very unstable air mass that was in place over the region coupled with strong vertical wind shear. These supercells produced several tornadoes, including a strong tornado that resulted in a fatality in Sand Springs. The storms also produced hail up to softball size and wind gusts to around 90 mph. ||The storms evolved into a line during the evening hours and moved swiftly across eastern Oklahoma producing wind damage and hail to golfball size. ||Locally heavy rainfall as a result of storms moving repeatedly across the same locations resulted in flash flooding. Two flash flood fatalities occurred in Muskogee County when a vehicle was driven into flood waters and was swept off the road.",331
568695,CANADIAN CO.,YUKON,03/25/2015,1712,Tornado, ,EF0,0,0,0,0,OK,CST-6, ,94572,C,17,OUN,0,0,Trained Spotter, ,0.66,50,6,WSW,5,WSW,YUKON,03/25/2015,1714,35.46,-97.83,35.4621,-97.8185,"A short lived anticyclonic tornado developed near 15th street and Gregory road in Yukon. No damage is known to have occurred.","A strong upper level storm system moved across the Southern Plains during the late afternoon and evening. At the surface, a slow moving cold front and dryline served as foci for severe thunderstorm development. With strong instability and wind shear, very large hail and damaging winds were widespread. A couple of tornadoes also developed, with the most significant tornado moving through portions of the south Oklahoma City metro.",332
611520,OKLAHOMA CO.,BETHANY,03/25/2015,1729,Tornado, ,EF0,0,0,1000,0,OK,CST-6, ,94572,C,109,OUN,0,0,Broadcast Media, ,0.2,30,2,S,2,S,BETHANY,03/25/2015,1729,35.476,-97.635,35.476,-97.635,"A small, short-lived tornado touched down south of NW 10th Street and Rockwell Avenue in western Oklahoma City. Two outbuildings were severely damaged and three houses suffered damage to roof shingles.","A strong upper level storm system moved across the Southern Plains during the late afternoon and evening. At the surface, a slow moving cold front and dryline served as foci for severe thunderstorm development. With strong instability and wind shear, very large hail and damaging winds were widespread. A couple of tornadoes also developed, with the most significant tornado moving through portions of the south Oklahoma City metro.",333
568694,CLEVELAND CO.,MOORE,03/25/2015,1734,Tornado, ,EF2,0,7,50000000,0,OK,CST-6, ,94572,C,27,OUN,0,0,Broadcast Media, ,11.21,50,4,W,4,SSW,STANLEY DRAPER LAKE DAM,03/25/2015,1750,35.3482,-97.5658,35.2849,-97.3828,"The tornado began at 634 PM near Southwest 119th street in southwest Oklahoma City, then moved east southeastward. The tornado moved through Moore, then continued to its ending location just southeast of Indian Hills road and 36th Ave northeast in far north Norman. The tornado had an eleven mile discontinuous path, with minor to moderate damage to homes and businesses. Seven people were injured, but no fatalities occurred.","A strong upper level storm system moved across the Southern Plains during the late afternoon and evening. At the surface, a slow moving cold front and dryline served as foci for severe thunderstorm development. With strong instability and wind shear, very large hail and damaging winds were widespread. A couple of tornadoes also developed, with the most significant tornado moving through portions of the south Oklahoma City metro.",334
560277,MAYES CO.,MAZIE,03/25/2015,1802,Tornado, ,EF0,0,0,0,0,OK,CST-6, ,93249,C,97,TSA,0,0,Storm Chaser, ,0.1,50,2,NW,2,NW,MAZIE,03/25/2015,1802,36.1164,-95.3903,36.1164,-95.3903,"Storm chasers and storm spotters saw a brief tornado. Some debris was seen in the air under a tapered funnel cloud.","Severe thunderstorms developed during the afternoon hours to the east of a surface low pressure system located over southwestern Oklahoma and near a stationary frontal boundary that was draped across northeastern Oklahoma. Several of these storms developed supercell characteristics due to a very unstable air mass that was in place over the region coupled with strong vertical wind shear. These supercells produced several tornadoes, including a strong tornado that resulted in a fatality in Sand Springs. The storms also produced hail up to softball size and wind gusts to around 90 mph. ||The storms evolved into a line during the evening hours and moved swiftly across eastern Oklahoma producing wind damage and hail to golfball size. ||Locally heavy rainfall as a result of storms moving repeatedly across the same locations resulted in flash flooding. Two flash flood fatalities occurred in Muskogee County when a vehicle was driven into flood waters and was swept off the road.",335
560280,ADAIR CO.,WATTS,03/25/2015,1906,Tornado, ,EF0,0,0,0,0,OK,CST-6, ,93249,C,1,TSA,0,0,Storm Chaser, ,0.1,50,5,W,5,W,WATTS,03/25/2015,1906,36.12,-94.6596,36.12,-94.6596,"Storm chasers saw a brief tornado. Power flashes were observed under a tapered funnel cloud.","Severe thunderstorms developed during the afternoon hours to the east of a surface low pressure system located over southwestern Oklahoma and near a stationary frontal boundary that was draped across northeastern Oklahoma. Several of these storms developed supercell characteristics due to a very unstable air mass that was in place over the region coupled with strong vertical wind shear. These supercells produced several tornadoes, including a strong tornado that resulted in a fatality in Sand Springs. The storms also produced hail up to softball size and wind gusts to around 90 mph. ||The storms evolved into a line during the evening hours and moved swiftly across eastern Oklahoma producing wind damage and hail to golfball size. ||Locally heavy rainfall as a result of storms moving repeatedly across the same locations resulted in flash flooding. Two flash flood fatalities occurred in Muskogee County when a vehicle was driven into flood waters and was swept off the road.",336
560149,CRAIG CO.,KELSO,04/02/2015,2059,Tornado, ,EF1,0,1,50000,0,OK,CST-6, ,93300,C,35,TSA,0,0,NWS Storm Survey, ,5.6,800,0,NE,1,ENE,TODD,04/02/2015,2108,36.7045,-95.0953,36.6804,-94.9993,"This is the first segment of a three segment tornado. In Craig County, the tornado first damaged barns and trees at the S 440 Road. It moved east-southeast snapping or uprooting trees and damaging barns and outbuildings along the E 200 Road, the S 440 Road, and the E 230 Road before crossing I-44, where it blew over two tractor trailers, injuring the driver of one of them. Based on this damage, maximum estimated wind in this segment of the tornado was 95 to 105 mph. The tornado continued into Ottawa County, Oklahoma.","Severe thunderstorms developed during the evening of the 2nd near a stationary frontal boundary that extended across northeastern Oklahoma and southeastern Kansas. A very unstable air mass over the region coupled with strong vertical wind shear resulted in some supercell thunderstorm structures. The storms produced hail up to golfball size, wind gusts of up to 80 mph, and a damaging tornado.||A complex of storms that formed in eastern Colorado and western Kansas translated southeastward during the evening and across portions of far northeastern Oklahoma during the early morning hours of the 3rd. Damaging wind occurred in northern Craig County, from the southernmost storm in that complex.",337
560150,OTTAWA CO.,AFTON,04/02/2015,2108,Tornado, ,EF1,0,0,150000,0,OK,CST-6, ,93300,C,115,TSA,0,0,NWS Storm Survey, ,3.1,700,2,SW,2,SE,AFTON,04/02/2015,2114,36.6804,-94.9993,36.6705,-94.9453,"This is the second segment of a three segment tornado. In Ottawa County, the tornado moved through open country and then crossed Highway 60 where it threw several round hay bales. It destroyed barns and outbuildings, damaged several homes, and snapped or uprooted numerous trees as it crossed the S 510 Road and S 520 Road. Based on this damage, maximum estimated wind in this segment of the tornado was 95 to 105 mph. The tornado continued into Delaware County, Oklahoma.","Severe thunderstorms developed during the evening of the 2nd near a stationary frontal boundary that extended across northeastern Oklahoma and southeastern Kansas. A very unstable air mass over the region coupled with strong vertical wind shear resulted in some supercell thunderstorm structures. The storms produced hail up to golfball size, wind gusts of up to 80 mph, and a damaging tornado.||A complex of storms that formed in eastern Colorado and western Kansas translated southeastward during the evening and across portions of far northeastern Oklahoma during the early morning hours of the 3rd. Damaging wind occurred in northern Craig County, from the southernmost storm in that complex.",338
560151,DELAWARE CO.,BERNICE,04/02/2015,2114,Tornado, ,EF1,0,0,75000,0,OK,CST-6, ,93300,C,41,TSA,0,0,NWS Storm Survey, ,3.6,500,4,NNW,3,NE,BERNICE,04/02/2015,2119,36.6705,-94.9453,36.6561,-94.8845,"This is the third of three segments of this tornado. The tornado crossed into Delaware County near the S 520 Road. Trees were snapped or uprooted, barns and outbuildings were damaged, and homes were damaged as it approached the north end of Grand Lake from the west-northwest. It destroyed a private boat dock on the lake then moved through a community of houses to the east of the lake, resulting in damage to the roofs of homes as well as tree damage. The tornado dissipated to the east of this community in open country. Based on this damage, estimated maximum wind in this segment of the tornado was 95 to 105 mph.","Severe thunderstorms developed during the evening of the 2nd near a stationary frontal boundary that extended across northeastern Oklahoma and southeastern Kansas. A very unstable air mass over the region coupled with strong vertical wind shear resulted in some supercell thunderstorm structures. The storms produced hail up to golfball size, wind gusts of up to 80 mph, and a damaging tornado.||A complex of storms that formed in eastern Colorado and western Kansas translated southeastward during the evening and across portions of far northeastern Oklahoma during the early morning hours of the 3rd. Damaging wind occurred in northern Craig County, from the southernmost storm in that complex.",339
575351,CUSTER CO.,MOOREWOOD,04/08/2015,1958,Tornado, ,EF0,0,0,0,0,OK,CST-6, ,94893,C,39,OUN,0,0,Trained Spotter, ,0.2,30,6,SSE,6,SSE,MOOREWOOD,04/08/2015,1958,35.653,-99.312,35.653,-99.312,"Spotters reported a brief tornado touchdown about 4 miles northeast of Hammon. No damage is known to have occurred with this tornado.","A warm front/dryline triple point was present across far northwestern Oklahoma during the daylight hours. As a weak shortwave moved across the Southern Plains, strong flow aloft overspread the region. Daytime heating and the influence of the upper wave lifted the cap, allowing for scattered severe thunderstorm development.",340
575352,CUSTER CO.,BUTLER,04/09/2015,2008,Tornado, ,EF0,0,0,0,0,OK,CST-6, ,94893,C,39,OUN,0,0,Trained Spotter, ,0.2,30,4,NW,4,NW,BUTLER,04/09/2015,2008,35.6809,-99.2404,35.6809,-99.2404,"Spotters reported a tornado touched down about 4 miles northwest of Butler. The tornado produced no known damage.","A warm front/dryline triple point was present across far northwestern Oklahoma during the daylight hours. As a weak shortwave moved across the Southern Plains, strong flow aloft overspread the region. Daytime heating and the influence of the upper wave lifted the cap, allowing for scattered severe thunderstorm development.",341
575355,BECKHAM CO.,DELHI,04/16/2015,1900,Tornado, ,EF0,0,0,0,0,OK,CST-6, ,94906,C,9,OUN,0,0,Storm Chaser, ,4.5,150,5,WNW,7,ENE,ERICK,04/16/2015,1915,35.207,-99.77,35.263,-99.77,"Numerous storm chasers observed a tornado that developed about 5 miles east of Erick. The tornado moved northeast and crossed Interstate 40 at the Hext Road interchange. The tornado then curved northwest and dissipated 8 miles west-southwest of Sayre. Some trees were damaged, but no structural damage was found.","A large cutoff upper low meandered across the western U.S. To the east, across the Southern Plains, a weak surface trough aided afternoon thunderstorm development, first over the Texas and Oklahoma Panhandles, where surface heating was more intense. More isolated activity developed in the warm sector across western Oklahoma, persisting into the evening hours. At least one tornado was observed near Sayre, with no significant damage. Elsewhere, large hail and damaging winds were reported.",342
575353,WOODS CO.,DACOMA,04/18/2015,1506,Tornado, ,EF1,0,0,0,0,OK,CST-6, ,94981,C,151,OUN,0,0,Broadcast Media, ,0.5,40,8,S,8,S,DACOMA,04/18/2015,1506,36.549,-98.581,36.549,-98.581,"Video of a brief tornado was captured by a KOCO-TV storm chaser and by a local resident. The tornado caused snapped trees and damaged a metal barn at a ranch south of Dacoma.","As the slow moving upper trough continued eastward, it moved into portions of western Kansas and Oklahoma. A Pacific front/dryline surged eastward during the day, igniting thunderstorms. Given impressive upper level winds, and moderate instability, reports of large hail and damaging winds were widespread and lasted into the night.",343
574292,CREEK CO.,KELLYVILLE,05/06/2015,158,Tornado, ,EF0,0,0,0,0,OK,CST-6, ,95604,C,37,TSA,0,0,NWS Storm Survey, ,1.5,100,6,S,5,S,KELLYVILLE,05/06/2015,200,35.8656,-96.2274,35.878,-96.2046,"A tornado split large trees and snapped large tree limbs. Based on this damage, estimated maximum wind in the tornado was 75 to 85 mph.","Thunderstorms developed over West Texas during the early morning hours of the 5th and gradually spread eastward across Oklahoma during the day. The first round of thunderstorms reached eastern Oklahoma during the evening hours. Isolated damaging wind occurred with these storms. Another round of storms developed over West Texas during the afternoon hours of the 5th. These storms moved east across Oklahoma during the evening and overnight hours. Damaging wind and a tornado occurred in northeastern Oklahoma during the early morning hours of the 6th as these storms moved through the region.",344
581784,CADDO CO.,APACHE,05/06/2015,1345,Tornado, ,EF0,0,0,0,0,OK,CST-6, ,96007,C,15,OUN,0,0,Storm Chaser, ,2,50,3,E,3,ENE,APACHE,05/06/2015,1347,34.89,-98.3159,34.9066,-98.3111,"A storm chaser observed a tornado develop approximately 2.5 miles east of Apache and move northeast to approximately 3 miles east-northeast of Apache. Trees were damaged, but no known structure damage occurred.","A potent Spring storm system took shape across the Southern and Central Plains. Strong surface cyclogenesis took shape during the day, allowing ample moisture to return northward with strong southerly flow. At the same time, a strong upper level shortwave trough allowed strong mid level westerlies to overspread much of the Plains region. With large instability and wind shear, the stage was set for widespread severe storm development. Storms initiated within the open warm sector ahead of the dryline. The first storm developed near Lawton and moved northeast along I-44 into parts of central Oklahoma, resulting in several tornadoes and large hail. Additional supercells spawned tornadoes across northern Oklahoma, and the slow moving nature of storms lead to several occurrences of flash flooding. Storms continued well into the night.",345
581786,CADDO CO.,CYRIL,05/06/2015,1353,Tornado, ,EF0,0,0,0,0,OK,CST-6, ,96007,C,15,OUN,0,0,Broadcast Media, ,0.5,50,4,NW,4,NW,CYRIL,05/06/2015,1355,34.9409,-98.2499,34.9409,-98.2499,"Live coverage from Oklahoma City television stations showed a tornado develop approximately 4 miles northwest of Cyril. No damage was reported.","A potent Spring storm system took shape across the Southern and Central Plains. Strong surface cyclogenesis took shape during the day, allowing ample moisture to return northward with strong southerly flow. At the same time, a strong upper level shortwave trough allowed strong mid level westerlies to overspread much of the Plains region. With large instability and wind shear, the stage was set for widespread severe storm development. Storms initiated within the open warm sector ahead of the dryline. The first storm developed near Lawton and moved northeast along I-44 into parts of central Oklahoma, resulting in several tornadoes and large hail. Additional supercells spawned tornadoes across northern Oklahoma, and the slow moving nature of storms lead to several occurrences of flash flooding. Storms continued well into the night.",346
581795,GRADY CO.,AMBER,05/06/2015,1533,Tornado, ,EF3,0,0,0,0,OK,CST-6, ,96007,C,51,OUN,0,0,NWS Storm Survey, ,10.3,1500,4,E,3,NNE,BRIDGE CREEK,05/06/2015,1626,35.1576,-97.8032,35.2664,-97.6984,"A large tornado developed east of Amber and moved slowly northeast near or along Interstate 44, then turned north impacting the community of Bridge Creek. The most intense damage occurred just east of the Interstate 44 and H.E. Bailey Turnpike Spur near Bridge Creek where EF3 damage was observed to a home (DI 2, DOD 7) and a mobile home (DI 4, DOD 12). A pickup truck was also thrown for several hundred yards in this area. Numerous homes and other buildings were damaged along the tornado path.","A potent Spring storm system took shape across the Southern and Central Plains. Strong surface cyclogenesis took shape during the day, allowing ample moisture to return northward with strong southerly flow. At the same time, a strong upper level shortwave trough allowed strong mid level westerlies to overspread much of the Plains region. With large instability and wind shear, the stage was set for widespread severe storm development. Storms initiated within the open warm sector ahead of the dryline. The first storm developed near Lawton and moved northeast along I-44 into parts of central Oklahoma, resulting in several tornadoes and large hail. Additional supercells spawned tornadoes across northern Oklahoma, and the slow moving nature of storms lead to several occurrences of flash flooding. Storms continued well into the night.",347
581800,MAJOR CO.,RINGWOOD,05/06/2015,1537,Tornado, ,EF0,0,0,0,0,OK,CST-6, ,96007,C,93,OUN,0,0,Trained Spotter, ,0.1,20,5,S,5,S,RINGWOOD,05/06/2015,1538,36.3076,-98.25,36.3076,-98.25,"Numerous storm spotters and chasers reported a tornado briefly developed approximately 5 miles south of Ringwood. No damage was reported.","A potent Spring storm system took shape across the Southern and Central Plains. Strong surface cyclogenesis took shape during the day, allowing ample moisture to return northward with strong southerly flow. At the same time, a strong upper level shortwave trough allowed strong mid level westerlies to overspread much of the Plains region. With large instability and wind shear, the stage was set for widespread severe storm development. Storms initiated within the open warm sector ahead of the dryline. The first storm developed near Lawton and moved northeast along I-44 into parts of central Oklahoma, resulting in several tornadoes and large hail. Additional supercells spawned tornadoes across northern Oklahoma, and the slow moving nature of storms lead to several occurrences of flash flooding. Storms continued well into the night.",348
581804,GRADY CO.,AMBER,05/06/2015,1548,Tornado, ,EF0,0,0,0,0,OK,CST-6, ,96007,C,51,OUN,0,0,Broadcast Media, ,0.3,50,5,ENE,5,ENE,AMBER,05/06/2015,1548,35.1877,-97.7982,35.1877,-97.7982,"A storm chaser with KFOR-TV observed a satellite tornado that occurred near the large tornado east of Amber. Any damage from this tornado would be indistinguishable from the damage path of the large tornado, and the location is estimated.","A potent Spring storm system took shape across the Southern and Central Plains. Strong surface cyclogenesis took shape during the day, allowing ample moisture to return northward with strong southerly flow. At the same time, a strong upper level shortwave trough allowed strong mid level westerlies to overspread much of the Plains region. With large instability and wind shear, the stage was set for widespread severe storm development. Storms initiated within the open warm sector ahead of the dryline. The first storm developed near Lawton and moved northeast along I-44 into parts of central Oklahoma, resulting in several tornadoes and large hail. Additional supercells spawned tornadoes across northern Oklahoma, and the slow moving nature of storms lead to several occurrences of flash flooding. Storms continued well into the night.",349
581806,GARFIELD CO.,CARRIER,05/06/2015,1615,Tornado, ,EF0,0,0,0,0,OK,CST-6, ,96007,C,47,OUN,0,0,Trained Spotter, ,0.1,10,2,SSW,2,SSW,CARRIER,05/06/2015,1615,36.4533,-98.0338,36.4533,-98.0338,"Spotters and chasers observed a brief tornado estimated to have occurred about 2 miles south-southwest of Carrier.","A potent Spring storm system took shape across the Southern and Central Plains. Strong surface cyclogenesis took shape during the day, allowing ample moisture to return northward with strong southerly flow. At the same time, a strong upper level shortwave trough allowed strong mid level westerlies to overspread much of the Plains region. With large instability and wind shear, the stage was set for widespread severe storm development. Storms initiated within the open warm sector ahead of the dryline. The first storm developed near Lawton and moved northeast along I-44 into parts of central Oklahoma, resulting in several tornadoes and large hail. Additional supercells spawned tornadoes across northern Oklahoma, and the slow moving nature of storms lead to several occurrences of flash flooding. Storms continued well into the night.",350
581824,MCCLAIN CO.,NEWCASTLE,05/06/2015,1633,Tornado, ,EF1,0,0,0,0,OK,CST-6, ,96007,C,87,OUN,0,0,NWS Storm Survey, ,1,200,2,SSE,3,SE,NEWCASTLE,05/06/2015,1639,35.2202,-97.5783,35.2168,-97.5636,"Storm chasers observed a tornado in the southeast part of Newcastle. Aerial images indicated two outbuildings lost their roofs or were destroyed (DI 1, DOD 5).","A potent Spring storm system took shape across the Southern and Central Plains. Strong surface cyclogenesis took shape during the day, allowing ample moisture to return northward with strong southerly flow. At the same time, a strong upper level shortwave trough allowed strong mid level westerlies to overspread much of the Plains region. With large instability and wind shear, the stage was set for widespread severe storm development. Storms initiated within the open warm sector ahead of the dryline. The first storm developed near Lawton and moved northeast along I-44 into parts of central Oklahoma, resulting in several tornadoes and large hail. Additional supercells spawned tornadoes across northern Oklahoma, and the slow moving nature of storms lead to several occurrences of flash flooding. Storms continued well into the night.",351
581834,CLEVELAND CO.,(OUN)NORMAN WESTHEIMER ARPT,05/06/2015,1646,Tornado, ,EF0,0,0,0,0,OK,CST-6, ,96007,C,27,OUN,0,0,NWS Storm Survey, ,0.5,25,4,WSW,3,WSW,(OUN)NORMAN WESTHEIMER ARPT,05/06/2015,1647,35.233,-97.5344,35.2324,-97.5251,"An NWS storm survey found that a tornado touched down near 60th Avenue NW and Robinson Street in northwest Norman. Damage was observed to trees and fencing with damage direction indicating a small vortex. This area was embedded within a large swath of wind damage from the storm's rear-flank downdraft that extended from this area to near Max Westheimer Airport.","A potent Spring storm system took shape across the Southern and Central Plains. Strong surface cyclogenesis took shape during the day, allowing ample moisture to return northward with strong southerly flow. At the same time, a strong upper level shortwave trough allowed strong mid level westerlies to overspread much of the Plains region. With large instability and wind shear, the stage was set for widespread severe storm development. Storms initiated within the open warm sector ahead of the dryline. The first storm developed near Lawton and moved northeast along I-44 into parts of central Oklahoma, resulting in several tornadoes and large hail. Additional supercells spawned tornadoes across northern Oklahoma, and the slow moving nature of storms lead to several occurrences of flash flooding. Storms continued well into the night.",352
581839,CLEVELAND CO.,(OUN)NORMAN WESTHEIMER ARPT,05/06/2015,1653,Tornado, ,EF1,0,0,0,0,OK,CST-6, ,96007,C,27,OUN,0,0,NWS Storm Survey, ,3.25,1000,2,WSW,3,NNW,(OUN)NORMAN WESTHEIMER ARPT,05/06/2015,1710,35.2453,-97.4974,35.2905,-97.4946,"A tornado developed south of 36th Avenue NW and Rock Creek Road and traveled basically north near 36th Avenue to near Indian Hills Road through the northwest side of Norman. Numerous house roofs, trees, fences and power poles were damaged in the neighborhoods along 36th Avenue. HVAC equipment was damaged and light poles were downed at the Norman Healthplex hospital at 36th Avenue NW and Tecumseh Road.","A potent Spring storm system took shape across the Southern and Central Plains. Strong surface cyclogenesis took shape during the day, allowing ample moisture to return northward with strong southerly flow. At the same time, a strong upper level shortwave trough allowed strong mid level westerlies to overspread much of the Plains region. With large instability and wind shear, the stage was set for widespread severe storm development. Storms initiated within the open warm sector ahead of the dryline. The first storm developed near Lawton and moved northeast along I-44 into parts of central Oklahoma, resulting in several tornadoes and large hail. Additional supercells spawned tornadoes across northern Oklahoma, and the slow moving nature of storms lead to several occurrences of flash flooding. Storms continued well into the night.",353
581844,DEWEY CO.,SEILING,05/06/2015,1733,Tornado, ,EF0,0,0,0,0,OK,CST-6, ,96007,C,43,OUN,0,0,Broadcast Media, ,0.3,30,10,ESE,10,ESE,SEILING,05/06/2015,1733,36.0946,-98.7545,36.0946,-98.7545,"A storm chaser with KOKH observed a tornado east-southeast of Seiling. No damage was reported and the location is estimated.","A potent Spring storm system took shape across the Southern and Central Plains. Strong surface cyclogenesis took shape during the day, allowing ample moisture to return northward with strong southerly flow. At the same time, a strong upper level shortwave trough allowed strong mid level westerlies to overspread much of the Plains region. With large instability and wind shear, the stage was set for widespread severe storm development. Storms initiated within the open warm sector ahead of the dryline. The first storm developed near Lawton and moved northeast along I-44 into parts of central Oklahoma, resulting in several tornadoes and large hail. Additional supercells spawned tornadoes across northern Oklahoma, and the slow moving nature of storms lead to several occurrences of flash flooding. Storms continued well into the night.",354
581853,CADDO CO.,LAKE CHICKASHA DAM,05/06/2015,1741,Tornado, ,EF0,0,0,0,0,OK,CST-6, ,96007,C,15,OUN,0,0,Trained Spotter, ,3.5,200,1,S,3,NE,LAKE CHICKASHA DAM,05/06/2015,1749,35.1228,-98.13,35.1607,-98.0925,"Storm spotters observed a tornado northwest and north of Verden and near and east of Lake Chickasha. The radar signature indicated that this tornado was likely a potentially significant tornado, however no damage was reported in this very rural area and the torando path is estimated.","A potent Spring storm system took shape across the Southern and Central Plains. Strong surface cyclogenesis took shape during the day, allowing ample moisture to return northward with strong southerly flow. At the same time, a strong upper level shortwave trough allowed strong mid level westerlies to overspread much of the Plains region. With large instability and wind shear, the stage was set for widespread severe storm development. Storms initiated within the open warm sector ahead of the dryline. The first storm developed near Lawton and moved northeast along I-44 into parts of central Oklahoma, resulting in several tornadoes and large hail. Additional supercells spawned tornadoes across northern Oklahoma, and the slow moving nature of storms lead to several occurrences of flash flooding. Storms continued well into the night.",355
581858,GRANT CO.,WAKITA,05/06/2015,1756,Tornado, ,EF0,0,0,0,0,OK,CST-6, ,96007,C,53,OUN,0,0,Storm Chaser, ,0.3,20,5,SSW,5,SSW,WAKITA,05/06/2015,1757,36.8131,-97.9546,36.8131,-97.9546,"A storm chaser observed a brief tornado estimated to be approximately 5 miles south-southwest of Wakita. No known damage occurred.","A potent Spring storm system took shape across the Southern and Central Plains. Strong surface cyclogenesis took shape during the day, allowing ample moisture to return northward with strong southerly flow. At the same time, a strong upper level shortwave trough allowed strong mid level westerlies to overspread much of the Plains region. With large instability and wind shear, the stage was set for widespread severe storm development. Storms initiated within the open warm sector ahead of the dryline. The first storm developed near Lawton and moved northeast along I-44 into parts of central Oklahoma, resulting in several tornadoes and large hail. Additional supercells spawned tornadoes across northern Oklahoma, and the slow moving nature of storms lead to several occurrences of flash flooding. Storms continued well into the night.",356
581863,GRADY CO.,TUTTLE,05/06/2015,1849,Tornado, ,EF0,0,0,0,0,OK,CST-6, ,96007,C,51,OUN,0,0,NWS Storm Survey, ,0.5,40,3,SE,3,WNW,BRIDGE CREEK,05/06/2015,1851,35.2534,-97.7779,35.247,-97.7753,"Chaser video and an NWS storm survey indicated that a tornado touched down about 3 miles southeast of Tuttle and moved south-southeast. Trees were uprooted (DOD 27, DI 3) and two homes sustained minor damage (DOD 2, DI 2-4).","A potent Spring storm system took shape across the Southern and Central Plains. Strong surface cyclogenesis took shape during the day, allowing ample moisture to return northward with strong southerly flow. At the same time, a strong upper level shortwave trough allowed strong mid level westerlies to overspread much of the Plains region. With large instability and wind shear, the stage was set for widespread severe storm development. Storms initiated within the open warm sector ahead of the dryline. The first storm developed near Lawton and moved northeast along I-44 into parts of central Oklahoma, resulting in several tornadoes and large hail. Additional supercells spawned tornadoes across northern Oklahoma, and the slow moving nature of storms lead to several occurrences of flash flooding. Storms continued well into the night.",357
581864,GRADY CO.,TUTTLE,05/06/2015,1911,Tornado, ,EF0,0,0,0,0,OK,CST-6, ,96007,C,51,OUN,0,0,NWS Storm Survey, ,3.5,200,4,E,2,NNE,BRIDGE CREEK,05/06/2015,1921,35.2977,-97.741,35.262,-97.7031,"Videos from storm chasers and an NWS damage survey indicate a tornado developed about 4 miles east-northeast of Tuttle and moved southeast then east to about 2 miles northeast of Bridge Creek. Observed damage was confined to trees along the path. The end of the path likely overlapped with the north end of the damage path of the Bridge Creek tornado from earlier in the day.","A potent Spring storm system took shape across the Southern and Central Plains. Strong surface cyclogenesis took shape during the day, allowing ample moisture to return northward with strong southerly flow. At the same time, a strong upper level shortwave trough allowed strong mid level westerlies to overspread much of the Plains region. With large instability and wind shear, the stage was set for widespread severe storm development. Storms initiated within the open warm sector ahead of the dryline. The first storm developed near Lawton and moved northeast along I-44 into parts of central Oklahoma, resulting in several tornadoes and large hail. Additional supercells spawned tornadoes across northern Oklahoma, and the slow moving nature of storms lead to several occurrences of flash flooding. Storms continued well into the night.",358
581866,OKLAHOMA CO.,VALLEY BROOK,05/06/2015,1941,Tornado, ,EF3,0,12,0,0,OK,CST-6, ,96007,C,109,OUN,0,0,NWS Storm Survey, ,2,700,0,NNE,2,NW,VALLEY BROOK,05/06/2015,1948,35.4061,-97.4769,35.4209,-97.4994,"A tornado touched down near Southeast 59th Street and Eastern Avenue in Oklahoma City, and moved north along Eastern Avenue, then northwest crossing Interstate 35 near and south of Southeast 44th Street before turning west and dissipating near Southeast 44th Street and Lindsay Avenue. The most significant damage occurred just east of Interstate 35 where a motel sustained significant damage losing most walls on the second floor (DI 6, DOD 8) and significant damage to many recreational vehicles at an adjacent RV park. While not directly related to the tornado, one woman perished while seeking shelter from the tornado in a below ground storm cellar. Heavy rains flooded the cellar, and the woman drowned.","A potent Spring storm system took shape across the Southern and Central Plains. Strong surface cyclogenesis took shape during the day, allowing ample moisture to return northward with strong southerly flow. At the same time, a strong upper level shortwave trough allowed strong mid level westerlies to overspread much of the Plains region. With large instability and wind shear, the stage was set for widespread severe storm development. Storms initiated within the open warm sector ahead of the dryline. The first storm developed near Lawton and moved northeast along I-44 into parts of central Oklahoma, resulting in several tornadoes and large hail. Additional supercells spawned tornadoes across northern Oklahoma, and the slow moving nature of storms lead to several occurrences of flash flooding. Storms continued well into the night.",359
582212,COTTON CO.,RANDLETT,05/08/2015,1704,Tornado, ,EF0,0,0,0,0,OK,CST-6, ,96316,C,33,OUN,0,0,Broadcast Media, ,0.2,50,2,W,2,W,RANDLETT,05/08/2015,1704,34.18,-98.495,34.18,-98.495,"A report was relayed via media of a brief rain-wrapped tornado damaging road signs near the interchange of Interstate 44 and US-277.","Another round of storms developed across the Texas panhandle and developed into a line as it moved eastward across southern Oklahoma.",360
582213,COTTON CO.,RANDLETT,05/08/2015,1716,Tornado, ,EF0,0,0,0,0,OK,CST-6, ,96316,C,33,OUN,0,0,Storm Chaser, ,0.2,50,5,ESE,5,ESE,RANDLETT,05/08/2015,1716,34.1523,-98.3792,34.1523,-98.3792,"A storm chaser reported a tornado briefly developed approximately 5 miles east or east-southeast of Randlett. No damage was reported.","Another round of storms developed across the Texas panhandle and developed into a line as it moved eastward across southern Oklahoma.",361
582214,JEFFERSON CO.,WAURIKA,05/08/2015,1740,Tornado, ,EF0,0,0,0,0,OK,CST-6, ,96316,C,67,OUN,0,0,Broadcast Media, ,0.5,50,6,W,6,W,WAURIKA,05/08/2015,1740,34.17,-98.105,34.17,-98.105,"KSWO TV reported a tornado crossed highway 70 to the west of Waurika. No damage was reported and the location is estimated.","Another round of storms developed across the Texas panhandle and developed into a line as it moved eastward across southern Oklahoma.",362
582215,JEFFERSON CO.,WAURIKA,05/08/2015,1808,Tornado, ,EF0,0,0,0,0,OK,CST-6, ,96316,C,67,OUN,0,0,Public, ,0.2,50,1,E,1,E,WAURIKA,05/08/2015,1808,34.17,-97.9825,34.17,-97.9825,"A video was taken of a brief tornado near Waurika. No damage was reported and the location of this tornado is estimated.","Another round of storms developed across the Texas panhandle and developed into a line as it moved eastward across southern Oklahoma.",363
584336,LOVE CO.,THACKERVILLE,05/09/2015,1630,Tornado, ,EF0,0,0,0,0,OK,CST-6, ,96375,C,85,OUN,0,0,Trained Spotter, ,0.3,30,1,E,1,E,THACKERVILLE,05/09/2015,1630,33.79,-97.1226,33.79,-97.1226,"A tornado produced some minor tree damage near Thackerville.","As the upper low continued to slowly track east across the Great Plains, storms once again formed in north Texas and the Texas panhandle and made their way eastward across Oklahoma through the day and evening of the 9th.",364
584337,LOVE CO.,MARIETTA,05/09/2015,1650,Tornado, ,EF0,0,0,0,0,OK,CST-6, ,96375,C,85,OUN,0,0,Trained Spotter, ,0.3,30,7,SE,7,SE,MARIETTA,05/09/2015,1650,33.8684,-97.0337,33.8684,-97.0337,"A tornado was reported to have touched down briefly near Loves Valley Road near Tucks Ferry. No damage was reported.","As the upper low continued to slowly track east across the Great Plains, storms once again formed in north Texas and the Texas panhandle and made their way eastward across Oklahoma through the day and evening of the 9th.",365
584338,COTTON CO.,RANDLETT,05/09/2015,1709,Tornado, ,EF0,0,0,0,0,OK,CST-6, ,96375,C,33,OUN,0,0,Storm Chaser, ,1,100,5,W,5,W,RANDLETT,05/09/2015,1711,34.18,-98.5475,34.18,-98.5475,"A storm chaser reported a stovepipe tornado crossing US-70 west of Randlett via spotternetwork.","As the upper low continued to slowly track east across the Great Plains, storms once again formed in north Texas and the Texas panhandle and made their way eastward across Oklahoma through the day and evening of the 9th.",366
584340,MARSHALL CO.,WILLIS,05/09/2015,1724,Tornado, ,EF0,0,0,0,0,OK,CST-6, ,96375,C,95,OUN,0,0,Storm Chaser, ,3,200,2,N,5,N,WILLIS,05/09/2015,1730,33.919,-96.83,33.9624,-96.83,"Storm chasers observed a tornado that moved from approximately 2 miles north to 5 miles north of Willis, although no specific points of damage were relayed to the NWS. This may have been a succession of two tornadoes.","As the upper low continued to slowly track east across the Great Plains, storms once again formed in north Texas and the Texas panhandle and made their way eastward across Oklahoma through the day and evening of the 9th.",367
584341,BRYAN CO.,SILO,05/09/2015,1825,Tornado, ,EF1,0,0,0,0,OK,CST-6, ,96375,C,13,OUN,0,0,Storm Chaser, ,5.25,200,1,SSW,8,N,DURANT EAKER ARPT,05/09/2015,1835,34.0266,-96.4867,34.0458,-96.4,"A tornado developed about 1 miles south-southwest of Silo and moved east-northeast to at least 5 miles north-northwest of Durant. At least one home received roof damage and a mobile home was also damaged. Numerous trees were downed along the path and one truck suffered damage in the adjacent rear-flank downdraft region.","As the upper low continued to slowly track east across the Great Plains, storms once again formed in north Texas and the Texas panhandle and made their way eastward across Oklahoma through the day and evening of the 9th.",368
584343,BECKHAM CO.,ELK CITY,05/09/2015,1924,Tornado, ,EF0,0,0,0,0,OK,CST-6, ,96375,C,9,OUN,0,0,Emergency Manager, ,0.31,100,7,N,7,N,ELK CITY,05/09/2015,1925,35.507,-99.406,35.509,-99.401,"Several spotters and chasers observed a tornado develop north of Elk City. Emergency management reports that the tornado developed just inside Beckham County before moving into Roger Mills County.","As the upper low continued to slowly track east across the Great Plains, storms once again formed in north Texas and the Texas panhandle and made their way eastward across Oklahoma through the day and evening of the 9th.",369
584344,ROGER MILLS CO.,HAMMON,05/09/2015,1925,Tornado, ,EF0,0,0,0,0,OK,CST-6, ,96375,C,129,OUN,0,0,Emergency Manager, ,1.7,100,8,S,8,S,HAMMON,05/09/2015,1926,35.509,-99.401,35.519,-99.375,"The tornado that developed just inside Beckham County north of Elk City moved into Roger Mills County. The tornado damaged trees and a cattle feeder.","As the upper low continued to slowly track east across the Great Plains, storms once again formed in north Texas and the Texas panhandle and made their way eastward across Oklahoma through the day and evening of the 9th.",370
579367,PITTSBURG CO.,(MLC)MC ALESTER MUNI,05/10/2015,801,Tornado, ,EF1,0,0,35000,0,OK,CST-6, ,96025,C,121,TSA,0,0,NWS Storm Survey, ,3.8,240,1,SE,1,SSW,KREBS,05/10/2015,804,34.8727,-95.7721,34.9114,-95.7244,"A tornado destroyed a barn, rolled a horse trailer, blew down a grain silo, and uprooted trees. Based on this damage, estimated maximum wind in the tornado was 90 to 100 mph.","A slow-moving low pressure trough moved from the Rockies into the Plains during the 9th and 10th. Several disturbances rotating through this trough translated across the Southern Plains during this period. With very moist and unstable air in place over the region, multiple periods of thunderstorms occurred. Locally heavy rainfall as well as severe weather was prevalent across eastern Oklahoma.",371
579369,PUSHMATAHA CO.,JUMBO,05/10/2015,1718,Tornado, ,EF0,0,0,0,0,OK,CST-6, ,96025,C,127,TSA,0,0,Storm Chaser, ,1.7,100,1,ESE,2,ENE,JUMBO,05/10/2015,1721,34.4223,-95.711,34.4383,-95.6879,"Storm chasers witnessed a tornado over rugged terrain east of the Indian Nation Turnpike. The area where the tornado occurred was inaccessible by road.","A slow-moving low pressure trough moved from the Rockies into the Plains during the 9th and 10th. Several disturbances rotating through this trough translated across the Southern Plains during this period. With very moist and unstable air in place over the region, multiple periods of thunderstorms occurred. Locally heavy rainfall as well as severe weather was prevalent across eastern Oklahoma.",372
579375,LATIMER CO.,VETERANS COLONY,05/10/2015,1818,Tornado, ,EF2,0,0,100000,0,OK,CST-6, ,96025,C,77,TSA,0,0,NWS Storm Survey, ,15,880,3,SSW,4,WSW,RED OAK,05/10/2015,1841,34.7649,-95.3112,34.9309,-95.1403,"A tornado damaged several homes, severely damaged a metal-framed outbuilding, damaged an oil drilling platform, destroyed barns and outbuildings, damaged the Cravens VFD building, and snapped or uprooted numerous trees. Based on this damage, estimated maximum wind in the tornado was 115 to 125 mph.","A slow-moving low pressure trough moved from the Rockies into the Plains during the 9th and 10th. Several disturbances rotating through this trough translated across the Southern Plains during this period. With very moist and unstable air in place over the region, multiple periods of thunderstorms occurred. Locally heavy rainfall as well as severe weather was prevalent across eastern Oklahoma.",373
579378,LATIMER CO.,RED OAK,05/10/2015,1846,Tornado, ,EF0,0,0,0,0,OK,CST-6, ,96025,C,77,TSA,0,0,NWS Storm Survey, ,3.7,75,2,NW,0,NE,LODI,05/10/2015,1852,34.9692,-95.0984,35.0031,-95.0469,"A tornado snapped large tree limbs along a narrow path. Based on this damage, maximum estimated wind in the tornado was 65 to 75 mph.","A slow-moving low pressure trough moved from the Rockies into the Plains during the 9th and 10th. Several disturbances rotating through this trough translated across the Southern Plains during this period. With very moist and unstable air in place over the region, multiple periods of thunderstorms occurred. Locally heavy rainfall as well as severe weather was prevalent across eastern Oklahoma.",374
582243,ROGER MILLS CO.,ANGORA,05/16/2015,1549,Tornado, ,EF1,0,0,0,0,OK,CST-6, ,96468,C,129,OUN,0,0,Emergency Manager, ,3.5,100,3,SW,1,NNW,ANGORA,05/16/2015,1555,35.813,-99.488,35.852,-99.448,"A tornado developed northeast of Strong City near Angora. Roger Mills Emergency Management reports a destroyed travel trailer and equipment barn, and damaged two mobile homes, a few outbuildings and the roof of a house.","With an upper low traversing the region, a cold front stationed over the panhandles, and a developing dryline, storms developed out in the panhandles early on the 16th and made their way eastward across Oklahoma through the day. Toward evening, when the severe weather occurred, the front surged eastward with a line of storms forming along it.",375
582244,DEWEY CO.,LEEDEY,05/16/2015,1605,Tornado, ,EF1,0,0,0,0,OK,CST-6, ,96468,C,43,OUN,0,0,Emergency Manager, ,0.5,50,5,NNE,5,NNE,LEEDEY,05/16/2015,1605,35.93,-99.309,35.93,-99.309,"A tornado developed north-northeast of Leedey damaging a mobile home, barn and well house.","With an upper low traversing the region, a cold front stationed over the panhandles, and a developing dryline, storms developed out in the panhandles early on the 16th and made their way eastward across Oklahoma through the day. Toward evening, when the severe weather occurred, the front surged eastward with a line of storms forming along it.",376
582222,JACKSON CO.,ELMER,05/16/2015,1630,Tornado, ,EF0,0,0,0,0,OK,CST-6, ,96468,C,65,OUN,0,0,Storm Chaser, ,4.5,1000,9,SW,5,SSW,ELMER,05/16/2015,1638,34.3923,-99.4648,34.4153,-99.3914,"This tornado moved into Oklahoma from Wilbarger County Texas and continued to expand as it moved east-northeast across southern Jackson County. Despite the expansion of the tornado to an estimated 1000 yards wide, no significant damage is known to have occurred in this portion of Jackson County. The tornado crossed the Red River back into Wilbarger County before entering Jackson County again at 4:43 pm CST.","With an upper low traversing the region, a cold front stationed over the panhandles, and a developing dryline, storms developed out in the panhandles early on the 16th and made their way eastward across Oklahoma through the day. Toward evening, when the severe weather occurred, the front surged eastward with a line of storms forming along it.",377
582231,JACKSON CO.,ELMER,05/16/2015,1643,Tornado, ,EF3,0,0,0,0,OK,CST-6, ,96468,C,65,OUN,0,0,NWS Storm Survey, ,9.6,1600,3,S,4,SSE,HUMPHREYS,05/16/2015,1702,34.4363,-99.3502,34.5055,-99.2079,"The tornado moved back into Jackson County from Wilbarger County Texas and moved across the southeast section of the county. Damage to trees, metal buildings and outbuildings were observed along US Highway 283 to the southeast of Elmer. Damage to homes and trees continued to be observed as the tornado moved east-northeast. The most significant damage was observed 3 to 4 miles east of Elmer (DI 1, DOD 8; DI 2, DOD 6; DI 21, DOD 7; DI 27, DOD 5). The tornadic motion seen on videos and the radar presentation indicate that this likely was a violent tornado through southeast Jackson County, although only EF3 damage was observed as the tornado moved through this relatively sparsely populated area. KFDR radar measured 115 knot gate-to-gate rotational velocity when the tornado was east of Elmer. The tornado continued east-northeast moving into Tillman County about 4 miles west of Tipton.","With an upper low traversing the region, a cold front stationed over the panhandles, and a developing dryline, storms developed out in the panhandles early on the 16th and made their way eastward across Oklahoma through the day. Toward evening, when the severe weather occurred, the front surged eastward with a line of storms forming along it.",378
582245,BECKHAM CO.,ELK CITY,05/16/2015,1647,Tornado, ,EF0,0,0,0,0,OK,CST-6, ,96468,C,9,OUN,0,0,Emergency Manager, ,0.2,30,3,ENE,3,ENE,ELK CITY,05/16/2015,1647,35.424,-99.372,35.424,-99.372,"A tornado touched down at an RV park in Elk City, just north of Interstate 40 along state highway 34 overturning at least one RV.","With an upper low traversing the region, a cold front stationed over the panhandles, and a developing dryline, storms developed out in the panhandles early on the 16th and made their way eastward across Oklahoma through the day. Toward evening, when the severe weather occurred, the front surged eastward with a line of storms forming along it.",379
582234,TILLMAN CO.,TIPTON ARPT,05/16/2015,1702,Tornado, ,EF2,0,0,0,0,OK,CST-6, ,96468,C,141,OUN,0,0,NWS Storm Survey, ,14.2,1300,4,NW,6,N,MANITOU,05/16/2015,1731,34.5055,-99.2079,34.5942,-98.9861,"The tornado moved out of Jackson County and continued northeast passing into Kiowa County north of Manitou. EF2 damage continued to be observed north of Tipton, but again the tornado moved through sparsely populated farmland across northwestern Tillman County. The tornado width decreased from 1300 yards to 700 yards by the time it moved into Kiowa County.","With an upper low traversing the region, a cold front stationed over the panhandles, and a developing dryline, storms developed out in the panhandles early on the 16th and made their way eastward across Oklahoma through the day. Toward evening, when the severe weather occurred, the front surged eastward with a line of storms forming along it.",380
585576,TILLMAN CO.,TIPTON,05/16/2015,1705,Tornado, ,EF0,0,0,0,0,OK,CST-6, ,96468,C,141,OUN,0,0,Storm Chaser, ,0.2,20,2,WNW,2,WNW,TIPTON,05/16/2015,1705,34.5111,-99.1725,34.5111,-99.1725,"As the large tornado moved into western Tillman County, a storm chaser observed an independent small tornado to the west of Tipton and about one-half mile north of state highway 5. This tornado produced no known damage.","With an upper low traversing the region, a cold front stationed over the panhandles, and a developing dryline, storms developed out in the panhandles early on the 16th and made their way eastward across Oklahoma through the day. Toward evening, when the severe weather occurred, the front surged eastward with a line of storms forming along it.",381
582249,MAJOR CO.,FAIRVIEW,05/16/2015,1722,Tornado, ,EF1,0,0,0,0,OK,CST-6, ,96468,C,93,OUN,0,0,NWS Storm Survey, ,13.5,400,6,NW,4,NNE,CLEO SPRINGS,05/16/2015,1742,36.3175,-98.5609,36.4629,-98.4077,"A tornado developed northwest of Fairview and moved northeast, brushing the northwest corner of Cleo Springs, and moved into Alfalfa County 1.5 miles east of state highway 8. A house northwest of Fairview was moved off of the foundation (DI 2, DOD 5, est. winds 105-110 mph.) Northeast along the tornado path, damage was observed to trees, outbuildings and utility poles as it approached and passed near the northwest corner of Cleo Springs. North and northeast of Cleo Springs, a mobile home was damaged. The storm moved northeast and overturned a truck as it moved into Alfalfa County to the east of state highway 8.","With an upper low traversing the region, a cold front stationed over the panhandles, and a developing dryline, storms developed out in the panhandles early on the 16th and made their way eastward across Oklahoma through the day. Toward evening, when the severe weather occurred, the front surged eastward with a line of storms forming along it.",382
582241,KIOWA CO.,SNYDER,05/16/2015,1731,Tornado, ,EF1,0,0,0,0,OK,CST-6, ,96468,C,75,OUN,0,0,NWS Storm Survey, ,6.8,700,5,SSW,3,E,SNYDER,05/16/2015,1745,34.5942,-98.9861,34.656,-98.8956,"The tornado that originally began in northwest Hardeman County Texas moved into Kiowa County from Tillman County and finally ended it's 40-mile path about 3 miles east of Snyder. Damage in Kiowa County was confined to broken power poles along US-183 south of Snyder and US-62 just southeast of Snyder and to trees.","With an upper low traversing the region, a cold front stationed over the panhandles, and a developing dryline, storms developed out in the panhandles early on the 16th and made their way eastward across Oklahoma through the day. Toward evening, when the severe weather occurred, the front surged eastward with a line of storms forming along it.",383
582250,ALFALFA CO.,ALINE,05/16/2015,1742,Tornado, ,EF1,0,0,0,0,OK,CST-6, ,96468,C,3,OUN,0,0,NWS Storm Survey, ,2.5,100,4,SE,5,ESE,ALINE,05/16/2015,1745,36.4629,-98.4077,36.4784,-98.3672,"The tornado moved into Alfalfa County from Major county and moved east-northeast. An outbuilding was destroyed about 5 miles east-southeast of Aline near the end of the tornado path.","With an upper low traversing the region, a cold front stationed over the panhandles, and a developing dryline, storms developed out in the panhandles early on the 16th and made their way eastward across Oklahoma through the day. Toward evening, when the severe weather occurred, the front surged eastward with a line of storms forming along it.",384
582303,COMANCHE CO.,MEERS,05/16/2015,1814,Tornado, ,EF1,0,0,0,0,OK,CST-6, ,96468,C,31,OUN,0,0,Trained Spotter, ,7.14,400,6,SW,2,N,MEERS,05/16/2015,1824,34.7186,-98.6547,34.8017,-98.58,"A large tornado was observed southwest of Meers in the Wichita Mountains National Wildlife Refuge. The tornado moved northeast passing just west of Meers and dissipating approximately 1.5 miles north of Meers.","With an upper low traversing the region, a cold front stationed over the panhandles, and a developing dryline, storms developed out in the panhandles early on the 16th and made their way eastward across Oklahoma through the day. Toward evening, when the severe weather occurred, the front surged eastward with a line of storms forming along it.",385
582314,CADDO CO.,CYRIL,05/16/2015,1855,Tornado, ,EF0,0,0,0,0,OK,CST-6, ,96468,C,15,OUN,0,0,Trained Spotter, ,2.01,50,4,NW,5,NNW,CYRIL,05/16/2015,1858,34.9409,-98.2499,34.9669,-98.2338,"Storm spotters and chasers observed a tornado develop northwest of Cyril and move northeast for about 2 miles. Only tree damage was noted along the path. The path is estimated.","With an upper low traversing the region, a cold front stationed over the panhandles, and a developing dryline, storms developed out in the panhandles early on the 16th and made their way eastward across Oklahoma through the day. Toward evening, when the severe weather occurred, the front surged eastward with a line of storms forming along it.",386
582323,COMANCHE CO.,GERONIMO,05/16/2015,1858,Tornado, ,EF0,0,0,0,0,OK,CST-6, ,96468,C,31,OUN,0,0,Trained Spotter, ,6,50,3,SW,4,ESE,GERONIMO,05/16/2015,1908,34.4493,-98.4172,34.4579,-98.3151,"Storm spotters and storm chasers observed a tornado develop southwest of Geronimo and move east-northeast. No structure damage was reported and the path is estimated.","With an upper low traversing the region, a cold front stationed over the panhandles, and a developing dryline, storms developed out in the panhandles early on the 16th and made their way eastward across Oklahoma through the day. Toward evening, when the severe weather occurred, the front surged eastward with a line of storms forming along it.",387
582324,CADDO CO.,CYRIL,05/16/2015,1901,Tornado, ,EF0,0,0,0,0,OK,CST-6, ,96468,C,15,OUN,0,0,Amateur Radio, ,2.5,50,5,NNW,5,NW,CEMENT,05/16/2015,1905,34.9669,-98.2338,34.9912,-98.2024,"Storm spotters reported a tornado in Caddo County to the northwest of Cyril and Cement. The path is estimated.","With an upper low traversing the region, a cold front stationed over the panhandles, and a developing dryline, storms developed out in the panhandles early on the 16th and made their way eastward across Oklahoma through the day. Toward evening, when the severe weather occurred, the front surged eastward with a line of storms forming along it.",388
579400,OKFUSKEE CO.,OKEMAH ARPT,05/16/2015,2120,Tornado, ,EF1,0,0,0,0,OK,CST-6, ,96027,C,107,TSA,0,0,NWS Storm Survey, ,1.4,110,3,NNE,3,SSE,MORSE,05/16/2015,2121,35.4772,-96.2666,35.4936,-96.2519,"A tornado uprooted trees and snapped large tree limbs. Based on this damage, estimated maximum wind in the tornado was 90 to 100 mph.","A strong upper level disturbance translated from the Southern Rockies into the Southern Plains on the 16th. Very moist and unstable air was in place across the Southern Plains as this system approached. Severe thunderstorms developed over western Oklahoma and northwestern Texas during the afternoon and moved eastward into eastern Oklahoma in the late evening. By the time the storms reached eastern Oklahoma, a well-organized squall line had evolved but due to very strong low level wind shear, multiple tornadoes occurred across the area along with widespread damaging wind. Locally heavy rainfall resulted in flash flooding in some areas through the early morning hours of the 17th.",389
579403,WAGONER CO.,KADASHAN,05/16/2015,2226,Tornado, ,EF2,0,0,2000000,0,OK,CST-6, ,96027,C,145,TSA,0,0,NWS Storm Survey, ,15.2,1000,4,N,9,N,COWETA EASLEY ARPT,05/16/2015,2240,35.9727,-95.7615,36.1316,-95.5742,"This is the first segment of a two segment tornado. The tornado developed just east of the Tulsa/Wagoner County line near E 131st St South. It moved rapidly northeast damaging as many as 120 homes, some severely, destroying barns and outbuildings, snapping and uprooting many trees, and snapping power poles. Based on this damage, maximum estimated wind in this segment of the tornado was 110 to 120 mph.","A strong upper level disturbance translated from the Southern Rockies into the Southern Plains on the 16th. Very moist and unstable air was in place across the Southern Plains as this system approached. Severe thunderstorms developed over western Oklahoma and northwestern Texas during the afternoon and moved eastward into eastern Oklahoma in the late evening. By the time the storms reached eastern Oklahoma, a well-organized squall line had evolved but due to very strong low level wind shear, multiple tornadoes occurred across the area along with widespread damaging wind. Locally heavy rainfall resulted in flash flooding in some areas through the early morning hours of the 17th.",390
579405,ROGERS CO.,INOLA,05/16/2015,2240,Tornado, ,EF1,0,0,0,0,OK,CST-6, ,96027,C,131,TSA,0,0,NWS Storm Survey, ,0.8,600,4,WSW,4,W,INOLA,05/16/2015,2241,36.1316,-95.5742,36.1414,-95.5669,"This is the second segment of a two segment tornado. In Rogers County, this tornado uprooted numerous trees north of the Verdigris River. Based on this damage, maximum estimated wind in this segment of the tornado was 90 to 100 mph.","A strong upper level disturbance translated from the Southern Rockies into the Southern Plains on the 16th. Very moist and unstable air was in place across the Southern Plains as this system approached. Severe thunderstorms developed over western Oklahoma and northwestern Texas during the afternoon and moved eastward into eastern Oklahoma in the late evening. By the time the storms reached eastern Oklahoma, a well-organized squall line had evolved but due to very strong low level wind shear, multiple tornadoes occurred across the area along with widespread damaging wind. Locally heavy rainfall resulted in flash flooding in some areas through the early morning hours of the 17th.",391
579409,ROGERS CO.,INOLA,05/16/2015,2243,Tornado, ,EF2,0,0,1000000,0,OK,CST-6, ,96027,C,131,TSA,0,0,NWS Storm Survey, ,9.8,1500,4,WNW,6,ENE,TIAWAH,05/16/2015,2251,36.1719,-95.57,36.2872,-95.4681,"This tornado developed near Highway 412, west-northwest of Inola. The tornado was at its widest and appeared to be strongest, creating the most damage between Highways 412 and 88. In that area, it damaged dozens of homes, some severely, destroyed barns and outbuildings, snapped or uprooted numerous trees, and snapped power poles. Damage northeast of Highway 88 through its end point southeast of the Claremore Airport was mainly to trees and barns. Based on this damage, maximum estimated wind in the tornado was 110 to 120 mph.","A strong upper level disturbance translated from the Southern Rockies into the Southern Plains on the 16th. Very moist and unstable air was in place across the Southern Plains as this system approached. Severe thunderstorms developed over western Oklahoma and northwestern Texas during the afternoon and moved eastward into eastern Oklahoma in the late evening. By the time the storms reached eastern Oklahoma, a well-organized squall line had evolved but due to very strong low level wind shear, multiple tornadoes occurred across the area along with widespread damaging wind. Locally heavy rainfall resulted in flash flooding in some areas through the early morning hours of the 17th.",392
579415,ROGERS CO.,TIAWAH,05/16/2015,2252,Tornado, ,EF1,0,0,30000,0,OK,CST-6, ,96027,C,131,TSA,0,0,NWS Storm Survey, ,3.3,300,5,ENE,8,ESE,SEQUOYAH,05/16/2015,2256,36.2942,-95.4774,36.333,-95.4432,"This tornado appears to have developed on the Claremore Airport property and moved northeast across Highway 20, ending about a half mile west of the Mayes County line south of the E 470 Road. The tornado damaged several homes near Highway 20. It also uprooted trees, snapped numerous large tree limbs, and blew down power poles. Based on this damage, maximum estimated wind in the tornado was 90 to 100 mph.","A strong upper level disturbance translated from the Southern Rockies into the Southern Plains on the 16th. Very moist and unstable air was in place across the Southern Plains as this system approached. Severe thunderstorms developed over western Oklahoma and northwestern Texas during the afternoon and moved eastward into eastern Oklahoma in the late evening. By the time the storms reached eastern Oklahoma, a well-organized squall line had evolved but due to very strong low level wind shear, multiple tornadoes occurred across the area along with widespread damaging wind. Locally heavy rainfall resulted in flash flooding in some areas through the early morning hours of the 17th.",393
579422,MAYES CO.,PRYOR,05/16/2015,2300,Tornado, ,EF1,0,0,10000,0,OK,CST-6, ,96027,C,97,TSA,0,0,NWS Storm Survey, ,2.3,450,6,NW,5,W,GREEN,05/16/2015,2303,36.3613,-95.4017,36.3856,-95.3742,"This tornado snapped or uprooted numerous trees and blew down power poles. Based on this damage, maximum estimated wind in the tornado was 95 to 105 mph.","A strong upper level disturbance translated from the Southern Rockies into the Southern Plains on the 16th. Very moist and unstable air was in place across the Southern Plains as this system approached. Severe thunderstorms developed over western Oklahoma and northwestern Texas during the afternoon and moved eastward into eastern Oklahoma in the late evening. By the time the storms reached eastern Oklahoma, a well-organized squall line had evolved but due to very strong low level wind shear, multiple tornadoes occurred across the area along with widespread damaging wind. Locally heavy rainfall resulted in flash flooding in some areas through the early morning hours of the 17th.",394
579426,MAYES CO.,ADAIR,05/16/2015,2310,Tornado, ,EF1,0,0,75000,0,OK,CST-6, ,96027,C,97,TSA,0,0,NWS Storm Survey, ,4.5,600,3,NNW,2,SSE,BIG CABIN,05/16/2015,2316,36.4715,-95.2809,36.5054,-95.2118,"This tornado damaged two homes, destroyed at least two outbuildings, snapped or uprooted trees, and blew down power poles. Based on this damage, maximum estimated wind in the tornado was 95 to 105 mph.","A strong upper level disturbance translated from the Southern Rockies into the Southern Plains on the 16th. Very moist and unstable air was in place across the Southern Plains as this system approached. Severe thunderstorms developed over western Oklahoma and northwestern Texas during the afternoon and moved eastward into eastern Oklahoma in the late evening. By the time the storms reached eastern Oklahoma, a well-organized squall line had evolved but due to very strong low level wind shear, multiple tornadoes occurred across the area along with widespread damaging wind. Locally heavy rainfall resulted in flash flooding in some areas through the early morning hours of the 17th.",395
579430,CRAIG CO.,TODD,05/16/2015,2324,Tornado, ,EF1,0,0,50000,0,OK,CST-6, ,96027,C,35,TSA,0,0,NWS Storm Survey, ,0.5,340,8,S,7,S,TODD,05/16/2015,2325,36.5575,-95.0126,36.5626,-95.0057,"This is the first segment of a two segment tornado. In Craig County, this tornado destroyed a mobile home and snapped or uprooted trees. Based on this damage, maximum estimated wind in this segment of the tornado was 95 to 105 mph.","A strong upper level disturbance translated from the Southern Rockies into the Southern Plains on the 16th. Very moist and unstable air was in place across the Southern Plains as this system approached. Severe thunderstorms developed over western Oklahoma and northwestern Texas during the afternoon and moved eastward into eastern Oklahoma in the late evening. By the time the storms reached eastern Oklahoma, a well-organized squall line had evolved but due to very strong low level wind shear, multiple tornadoes occurred across the area along with widespread damaging wind. Locally heavy rainfall resulted in flash flooding in some areas through the early morning hours of the 17th.",396
579432,DELAWARE CO.,CLEORA,05/16/2015,2325,Tornado, ,EF1,0,0,50000,0,OK,CST-6, ,96027,C,41,TSA,0,0,NWS Storm Survey, ,4.1,550,2,WSW,2,NNE,CLEORA,05/16/2015,2329,36.5626,-95.0057,36.6079,-94.9577,"This is the second segment of a two segment tornado. In Delaware County, this tornado destroyed several barns and outbuildings, snapped or uprooted trees, and blew down power poles. Based on this damage, maximum estimated wind in this segment of the tornado was 95 to 105 mph.","A strong upper level disturbance translated from the Southern Rockies into the Southern Plains on the 16th. Very moist and unstable air was in place across the Southern Plains as this system approached. Severe thunderstorms developed over western Oklahoma and northwestern Texas during the afternoon and moved eastward into eastern Oklahoma in the late evening. By the time the storms reached eastern Oklahoma, a well-organized squall line had evolved but due to very strong low level wind shear, multiple tornadoes occurred across the area along with widespread damaging wind. Locally heavy rainfall resulted in flash flooding in some areas through the early morning hours of the 17th.",397
579433,DELAWARE CO.,BERNICE,05/16/2015,2330,Tornado, ,EF1,0,0,20000,0,OK,CST-6, ,96027,C,41,TSA,0,0,NWS Storm Survey, ,4.7,1100,2,W,4,NNE,BERNICE,05/16/2015,2336,36.6208,-94.9561,36.6703,-94.8984,"This is the first segment of a two segment tornado. In Delaware County, this tornado damaged two mobile homes, snapped or uprooted numerous trees, and blew down power poles. Based on this damage, maximum estimated wind in this segment of the tornado was 95 to 105 mph.","A strong upper level disturbance translated from the Southern Rockies into the Southern Plains on the 16th. Very moist and unstable air was in place across the Southern Plains as this system approached. Severe thunderstorms developed over western Oklahoma and northwestern Texas during the afternoon and moved eastward into eastern Oklahoma in the late evening. By the time the storms reached eastern Oklahoma, a well-organized squall line had evolved but due to very strong low level wind shear, multiple tornadoes occurred across the area along with widespread damaging wind. Locally heavy rainfall resulted in flash flooding in some areas through the early morning hours of the 17th.",398
579434,OTTAWA CO.,AFTON,05/16/2015,2336,Tornado, ,EF1,0,0,0,0,OK,CST-6, ,96027,C,115,TSA,0,0,NWS Storm Survey, ,2,800,4,ESE,4,SSW,FAIRLAND,05/16/2015,2338,36.6703,-94.8984,36.6929,-94.8741,"This is the second segment of a two segment tornado. In Ottawa County, this tornado uprooted trees. Based on this damage, maximum estimated wind in this segment of the tornado was 90 to 100 mph.","A strong upper level disturbance translated from the Southern Rockies into the Southern Plains on the 16th. Very moist and unstable air was in place across the Southern Plains as this system approached. Severe thunderstorms developed over western Oklahoma and northwestern Texas during the afternoon and moved eastward into eastern Oklahoma in the late evening. By the time the storms reached eastern Oklahoma, a well-organized squall line had evolved but due to very strong low level wind shear, multiple tornadoes occurred across the area along with widespread damaging wind. Locally heavy rainfall resulted in flash flooding in some areas through the early morning hours of the 17th.",399
579435,OTTAWA CO.,FAIRLAND,05/16/2015,2338,Tornado, ,EF1,0,1,125000,0,OK,CST-6, ,96027,C,115,TSA,0,0,NWS Storm Survey, ,11.5,650,5,SSE,3,ESE,WYANDOTTE,05/16/2015,2350,36.6812,-94.8289,36.7866,-94.686,"This tornado developed just south of the E 230 Road and moved north-northeast destroying a mobile home, destroying several outbuildings, and snapping or uprooting trees. As the tornado approached the E 190 Road near the S 600 Road, it turned more to the northeast. Numerous trees were snapped or uprooted, a home was damaged, and outbuildings were damaged between the E 190 Road and Grand Lake. After moving over Grand Lake, the tornado damaged chicken houses and snapped or uprooted trees before dissipating east of Highway 10 near the E 160 Road. Based on this damage, maximum estimated wind in the tornado was 95 to 105 mph.","A strong upper level disturbance translated from the Southern Rockies into the Southern Plains on the 16th. Very moist and unstable air was in place across the Southern Plains as this system approached. Severe thunderstorms developed over western Oklahoma and northwestern Texas during the afternoon and moved eastward into eastern Oklahoma in the late evening. By the time the storms reached eastern Oklahoma, a well-organized squall line had evolved but due to very strong low level wind shear, multiple tornadoes occurred across the area along with widespread damaging wind. Locally heavy rainfall resulted in flash flooding in some areas through the early morning hours of the 17th.",400
579436,OTTAWA CO.,WYANDOTTE,05/16/2015,2351,Tornado, ,EF1,0,0,0,0,OK,CST-6, ,96027,C,115,TSA,0,0,NWS Storm Survey, ,1.4,200,6,ESE,6,ESE,WYANDOTTE,05/16/2015,2353,36.7638,-94.6368,36.7787,-94.6184,"This is the first segment of a two segment tornado. In Ottawa County, this tornado snapped large tree limbs as it crossed the E 175 Road and uprooted trees near the state line, north of the S 700 Road. Based on this damage, maximum estimated wind in this segment of the tornado was 90 to 100 mph. This tornado continued into Newton County, MO.","A strong upper level disturbance translated from the Southern Rockies into the Southern Plains on the 16th. Very moist and unstable air was in place across the Southern Plains as this system approached. Severe thunderstorms developed over western Oklahoma and northwestern Texas during the afternoon and moved eastward into eastern Oklahoma in the late evening. By the time the storms reached eastern Oklahoma, a well-organized squall line had evolved but due to very strong low level wind shear, multiple tornadoes occurred across the area along with widespread damaging wind. Locally heavy rainfall resulted in flash flooding in some areas through the early morning hours of the 17th.",401
584346,MCCLAIN CO.,WAYNE,05/19/2015,1340,Tornado, ,EF0,0,0,0,0,OK,CST-6, ,96523,C,87,OUN,0,0,Storm Chaser, ,0.1,20,9,W,9,W,WAYNE,05/19/2015,1340,34.92,-97.4789,34.92,-97.4789,"A brief tornado was observed by a storm chaser via spotternetwork. No damage was reported and the location was estimated.","Severe storms developed near a stalled boundary across Oklahoma and the panhandles and moved eastward through the afternoon and evening of the 19th, causing widespread heavy rainfall and additional flooding. One fatality occurred near Cole in McClain county, as a vehicle was swept into floodwaters.",402
584347,MCCLAIN CO.,PURCELL,05/19/2015,1351,Tornado, ,EF0,0,0,0,0,OK,CST-6, ,96523,C,87,OUN,0,0,Broadcast Media, ,0.1,20,5,SW,5,SW,PURCELL,05/19/2015,1351,34.9588,-97.4325,34.9588,-97.4325,"Live coverage from helicopters of OKC television stations showed a brief tornado develop southwest of Purcell. No damage was reported and the location is estimated.","Severe storms developed near a stalled boundary across Oklahoma and the panhandles and moved eastward through the afternoon and evening of the 19th, causing widespread heavy rainfall and additional flooding. One fatality occurred near Cole in McClain county, as a vehicle was swept into floodwaters.",403
584352,CLEVELAND CO.,LEXINGTON,05/19/2015,1422,Tornado, ,EF0,0,0,0,0,OK,CST-6, ,96523,C,27,OUN,0,0,Other Federal Agency, ,0.1,20,4,ENE,4,ENE,LEXINGTON,05/19/2015,1422,35.0322,-97.2747,35.0322,-97.2747,"A meteorologist with the National Severe Storms Laboratory observed a brief tornado estimated to be 4 miles east-northeast of Lexington. This tornado produced no known damage.","Severe storms developed near a stalled boundary across Oklahoma and the panhandles and moved eastward through the afternoon and evening of the 19th, causing widespread heavy rainfall and additional flooding. One fatality occurred near Cole in McClain county, as a vehicle was swept into floodwaters.",404
584357,TILLMAN CO.,GRANDFIELD,05/19/2015,1454,Tornado, ,EF0,0,0,0,0,OK,CST-6, ,96523,C,141,OUN,0,0,Storm Chaser, ,1,400,4,WSW,3,WSW,GRANDFIELD,05/19/2015,1504,34.2079,-98.7547,34.2134,-98.7385,"Numerous storm chasers observed a large, multiple-vortex tornado to the west-southwest of Grandfield. Despite the size of the tornado, no damage was reported to the NWS.","Severe storms developed near a stalled boundary across Oklahoma and the panhandles and moved eastward through the afternoon and evening of the 19th, causing widespread heavy rainfall and additional flooding. One fatality occurred near Cole in McClain county, as a vehicle was swept into floodwaters.",405
584359,POTTAWATOMIE CO.,MACOMB,05/19/2015,1519,Tornado, ,EF0,0,0,0,0,OK,CST-6, ,96523,C,125,OUN,0,0,Trained Spotter, ,0.1,20,4,NW,4,NW,MACOMB,05/19/2015,1519,35.1909,-97.0601,35.1909,-97.0601,"Numerous spotters and law-enforcement officers reported a brief tornado in the Macomb/Brooksville area. The tornado was estimated to have occurred about 4 miles northwest of Macomb based on triangulation of the reports. No damage was reported.","Severe storms developed near a stalled boundary across Oklahoma and the panhandles and moved eastward through the afternoon and evening of the 19th, causing widespread heavy rainfall and additional flooding. One fatality occurred near Cole in McClain county, as a vehicle was swept into floodwaters.",406
584360,JEFFERSON CO.,TERRAL,05/19/2015,1716,Tornado, ,EF0,0,0,0,0,OK,CST-6, ,96523,C,67,OUN,0,0,Storm Chaser, ,1,400,4,NNW,4,NNW,TERRAL,05/19/2015,1719,33.9535,-97.9667,33.9535,-97.9667,"Multiple storm chasers reported a tornado estimated to be 4 miles north-northwest of Terral. No damage was reported.","Severe storms developed near a stalled boundary across Oklahoma and the panhandles and moved eastward through the afternoon and evening of the 19th, causing widespread heavy rainfall and additional flooding. One fatality occurred near Cole in McClain county, as a vehicle was swept into floodwaters.",407
584361,JEFFERSON CO.,RYAN,05/19/2015,1723,Tornado, ,EF0,0,0,0,0,OK,CST-6, ,96523,C,67,OUN,0,0,Trained Spotter, ,1,250,4,SSE,4,SSE,RYAN,05/19/2015,1731,33.9665,-97.9233,33.9665,-97.9233,"Spotters and chasers reported a tornado east of US-81 approximately 4 miles south-southeast of Ryan. No damage was reported.","Severe storms developed near a stalled boundary across Oklahoma and the panhandles and moved eastward through the afternoon and evening of the 19th, causing widespread heavy rainfall and additional flooding. One fatality occurred near Cole in McClain county, as a vehicle was swept into floodwaters.",408
584362,JEFFERSON CO.,RYAN,05/19/2015,1740,Tornado, ,EF0,0,0,0,0,OK,CST-6, ,96523,C,67,OUN,0,0,Storm Chaser, ,2,200,8,ESE,7,WSW,GRADY,05/19/2015,1744,33.9757,-97.821,33.9812,-97.7829,"Storm spotters and chasers reported a tornado estimated to have moved from about 4 miles west of Oscar to 2 miles west-northwest of Oscar. No damage was reported.","Severe storms developed near a stalled boundary across Oklahoma and the panhandles and moved eastward through the afternoon and evening of the 19th, causing widespread heavy rainfall and additional flooding. One fatality occurred near Cole in McClain county, as a vehicle was swept into floodwaters.",409
584363,CARTER CO.,WILSON,05/19/2015,1955,Tornado, ,EF0,0,0,0,0,OK,CST-6, ,96523,C,19,OUN,0,0,Broadcast Media, ,0.3,30,8,SW,8,SW,WILSON,05/19/2015,1955,34.0781,-97.5289,34.0781,-97.5289,"A tornado was observed approximately 8 miles southwest of Wilson. No damage was reported.","Severe storms developed near a stalled boundary across Oklahoma and the panhandles and moved eastward through the afternoon and evening of the 19th, causing widespread heavy rainfall and additional flooding. One fatality occurred near Cole in McClain county, as a vehicle was swept into floodwaters.",410
584364,CARTER CO.,WILSON,05/19/2015,2035,Tornado, ,EF0,0,0,0,0,OK,CST-6, ,96523,C,19,OUN,0,0,Trained Spotter, ,1.5,50,5,SSE,6,SSE,WILSON,05/19/2015,2043,34.0931,-97.3966,34.0798,-97.3899,"A tornado was observed south-southeast of Wilson. No damage was reported.","Severe storms developed near a stalled boundary across Oklahoma and the panhandles and moved eastward through the afternoon and evening of the 19th, causing widespread heavy rainfall and additional flooding. One fatality occurred near Cole in McClain county, as a vehicle was swept into floodwaters.",411
584400,GRADY CO.,POCASSET,05/23/2015,1612,Tornado, ,EF1,0,0,0,0,OK,CST-6, ,96564,C,51,OUN,0,0,Emergency Manager, ,6,500,3,W,4,NNE,POCASSET,05/23/2015,1632,35.19,-98.0031,35.2435,-97.9229,"A tornado was shown live from a KOCO TV helicopter near Pocasset. Emergency management reports four houses damaged by this tornado (DI 2, up to DOD 4).","Storms developed in the panhandles on the 23rd under the influence of an upper level trough. These storms merged into a line and moved eastward over Oklahoma producing widespread flooding.",412
584402,MURRAY CO.,SULPHUR,05/23/2015,1659,Tornado, ,EF0,0,0,0,0,OK,CST-6, ,96564,C,99,OUN,0,0,Emergency Manager, ,3,40,1,N,4,N,SULPHUR,05/23/2015,1707,34.5245,-96.97,34.5679,-96.97,"Emergency management spotters observed a tornado that moved north from approximately 1 mile north to 4 miles north of Sulphur. A workshop was damaged, but otherwise no significant damage is known to have occurred.","Storms developed in the panhandles on the 23rd under the influence of an upper level trough. These storms merged into a line and moved eastward over Oklahoma producing widespread flooding.",413
584403,PONTOTOC CO.,ADA,05/23/2015,1705,Tornado, ,EF0,0,0,0,0,OK,CST-6, ,96564,C,123,OUN,0,0,Emergency Manager, ,0.2,20,3,ESE,3,ESE,ADA,05/23/2015,1705,34.7562,-96.6393,34.7562,-96.6393,"A tornado was reported SE of Ada with no damage reported. The specific location is estimated.","Storms developed in the panhandles on the 23rd under the influence of an upper level trough. These storms merged into a line and moved eastward over Oklahoma producing widespread flooding.",414
584404,MURRAY CO.,JOY,05/23/2015,1710,Tornado, ,EF0,0,0,0,0,OK,CST-6, ,96564,C,99,OUN,0,0,Emergency Manager, ,0.5,50,2,SSW,2,SSW,JOY,05/23/2015,1711,34.5699,-97.1501,34.5699,-97.1501,"Emergency management spotters and a storm chaser observed a tornado estimated to be about 1 miles west of US-177 and 4 to 5 miles north of State Highway 7. No damage was reported.","Storms developed in the panhandles on the 23rd under the influence of an upper level trough. These storms merged into a line and moved eastward over Oklahoma producing widespread flooding.",415
584406,MCCLAIN CO.,BLANCHARD,05/23/2015,1711,Tornado, ,EF1,0,0,0,0,OK,CST-6, ,96564,C,87,OUN,0,0,Emergency Manager, ,2,50,3,ESE,3,ENE,BLANCHARD,05/23/2015,1717,35.132,-97.6165,35.1609,-97.6168,"A tornado moved north just east of MacArthur Avenue from Southeast 7th Street to near US-62 east of Blanchard. Ten homes were damaged.","Storms developed in the panhandles on the 23rd under the influence of an upper level trough. These storms merged into a line and moved eastward over Oklahoma producing widespread flooding.",416
584407,GARVIN CO.,STRATFORD,05/23/2015,1716,Tornado, ,EF0,0,0,0,0,OK,CST-6, ,96564,C,49,OUN,0,0,Storm Chaser, ,0.2,50,9,S,9,S,STRATFORD,05/23/2015,1716,34.6702,-96.9713,34.6702,-96.9713,"The storm that produced the tornadoes north of Sulphur produced one more tornado in Garvin County just west of US-177 and about 2 to 3 miles north of the county line. No damage was reported.","Storms developed in the panhandles on the 23rd under the influence of an upper level trough. These storms merged into a line and moved eastward over Oklahoma producing widespread flooding.",417
584420,PONTOTOC CO.,FRANCIS,05/23/2015,1725,Tornado, ,EF0,0,0,0,0,OK,CST-6, ,96564,C,123,OUN,0,0,Emergency Manager, ,1,100,2,NE,3,NE,FRANCIS,05/23/2015,1726,34.8905,-96.5651,34.903,-96.556,"A tornado was observed approximately 2 miles northeast of Francis. The tornado moved northeast for about 1 mile before crossing the Canadian River into Seminole County.","Storms developed in the panhandles on the 23rd under the influence of an upper level trough. These storms merged into a line and moved eastward over Oklahoma producing widespread flooding.",418
584422,SEMINOLE CO.,SASAKWA,05/23/2015,1726,Tornado, ,EF1,0,0,0,0,OK,CST-6, ,96564,C,133,OUN,0,0,Emergency Manager, ,2.75,100,4,SSW,1,S,SASAKWA,05/23/2015,1733,34.903,-96.556,34.9355,-96.53,"The tornado moved into Seminole County from Pontotoc County and continued moving northeast toward Sasakwa. Significant tree damage occurred along the path.","Storms developed in the panhandles on the 23rd under the influence of an upper level trough. These storms merged into a line and moved eastward over Oklahoma producing widespread flooding.",419
584408,MCCLAIN CO.,NEWCASTLE,05/23/2015,1730,Tornado, ,EF0,0,0,0,0,OK,CST-6, ,96564,C,87,OUN,0,0,Storm Chaser, ,0.5,50,1,WSW,1,WSW,NEWCASTLE,05/23/2015,1732,35.2445,-97.6164,35.2445,-97.6164,"A storm chaser observed a tornado estimated to be 1 mile west-southwest of Newcastle. No damage was reported.","Storms developed in the panhandles on the 23rd under the influence of an upper level trough. These storms merged into a line and moved eastward over Oklahoma producing widespread flooding.",420
584410,GARVIN CO.,MAYSVILLE,05/23/2015,1805,Tornado, ,EF1,0,0,0,0,OK,CST-6, ,96564,C,49,OUN,0,0,NWS Employee, ,0.5,50,3,ESE,3,ESE,MAYSVILLE,05/23/2015,1805,34.8006,-97.3611,34.8006,-97.3611,"An off-duty NWS employee observed a tornado crossing state highway 19 to the east-southeast of Maysville. A barn was destroyed (DI 1, DOD 6).","Storms developed in the panhandles on the 23rd under the influence of an upper level trough. These storms merged into a line and moved eastward over Oklahoma producing widespread flooding.",421
584413,HUGHES CO.,HOLDENVILLE,05/23/2015,1813,Tornado, ,EF0,0,0,0,0,OK,CST-6, ,96564,C,63,OUN,0,0,Trained Spotter, ,0.2,50,2,N,2,N,HOLDENVILLE,05/23/2015,1813,35.109,-96.4,35.109,-96.4,"A tornado was observed approximately 2 miles north of Holdenville. No damage was reported.","Storms developed in the panhandles on the 23rd under the influence of an upper level trough. These storms merged into a line and moved eastward over Oklahoma producing widespread flooding.",422
579437,LATIMER CO.,PANOLA,05/23/2015,1944,Tornado, ,EF0,0,0,0,0,OK,CST-6, ,96032,C,77,TSA,0,0,NWS Storm Survey, ,1.6,75,4,SE,3,ESE,PANOLA,05/23/2015,1947,34.8785,-95.1722,34.8996,-95.1743,"This tornado snapped large tree limbs as it moved north. Based on this damage, maximum estimated wind in the tornado was 75 to 85 mph.","A slow-moving upper level trough of low pressure moved from the Rockies into the Plains on the 23rd and 24th. Very moist and slightly unstable air was in place across the Southern Plains ahead of this system. Several rounds of thunderstorms developed and moved across eastern Oklahoma, resulting in widespread heavy rainfall and flash flooding. An isolated damaging wind event also occurred.",423
582549,BRYAN CO.,BLUE,05/25/2015,1342,Tornado, ,EF2,1,0,0,0,OK,CST-6, ,96565,C,13,OUN,0,0,Emergency Manager, ,13.5,700,2,WSW,5,ENE,CADDO,05/25/2015,1410,33.983,-96.2684,34.157,-96.1792,"A strong tornado developed in Bryan County near the intersection of Old US Highway 70 and Pirtle Road, 2.5 miles west-southwest of Blue. The tornado moved northeast and destroyed a mobile home north of Blue where a 48-year old woman was killed. This was one of a few mobile homes that were destroyed as the tornado moved through Bryan County (DI 3, DOD 8-9). Other homes also suffered roof damage or other damage from falling trees. From north of Blue, the tornado turned to the north and moved into Atoka County.","As an upper level trough continued to move over the central plains, storms formed ahead of a cold front in west Texas. These storms formed a line as the moved eastward and developed northward into Oklahoma.",424
582554,ATOKA CO.,CANEY,05/25/2015,1410,Tornado, ,EF3,0,1,0,0,OK,CST-6, ,96565,C,5,OUN,0,0,Emergency Manager, ,5.3,700,5,SSE,1,E,CANEY,05/25/2015,1420,34.157,-96.1792,34.2308,-96.1856,"The tornado moved into Atoka County from Bryan County and moved generally north dissipating east of Caney. Homes suffered significant damage in Atoka County (DI 2, up to DOD 8) and one injury was reported east of Caney.","As an upper level trough continued to move over the central plains, storms formed ahead of a cold front in west Texas. These storms formed a line as the moved eastward and developed northward into Oklahoma.",425
582556,ATOKA CO.,BENTLEY,05/25/2015,1429,Tornado, ,EF2,0,0,0,0,OK,CST-6, ,96565,C,5,OUN,0,0,Emergency Manager, ,8,1000,4,NNW,3,E,ATOKA,05/25/2015,1441,34.27,-96.0933,34.38,-96.0774,"After the Blue-Caney tornado dissipated, the storm produced another tornado that developed 3.5 north-northwest of Bentley and moved north just west of Harmony, then last observed about 3 miles east of Atoka. Widespread areas were observed along the path with uprooted trees, and a number of houses were damaged (DI 2, up to DOD 6).","As an upper level trough continued to move over the central plains, storms formed ahead of a cold front in west Texas. These storms formed a line as the moved eastward and developed northward into Oklahoma.",426
582558,ATOKA CO.,STRINGTOWN,05/25/2015,1506,Tornado, ,EF1,0,0,0,0,OK,CST-6, ,96565,C,5,OUN,0,0,Emergency Manager, ,1,400,5,NNE,5,NNE,STRINGTOWN,05/25/2015,1508,34.5369,-96.0164,34.5369,-96.0164,"Emergency management and spotters observed a relatively large tornado east of Mack Alford Correctional Center in the forests in or near the Atoka Wildlife Management Area. No structural damage is known to have occurred with this tornado.","As an upper level trough continued to move over the central plains, storms formed ahead of a cold front in west Texas. These storms formed a line as the moved eastward and developed northward into Oklahoma.",427
579438,PUSHMATAHA CO.,NASHOBA,05/25/2015,1552,Tornado, ,EF2,0,0,35000,0,OK,CST-6, ,96034,C,127,TSA,0,0,NWS Storm Survey, ,11.8,1000,5,N,1,NE,ALBION,05/25/2015,1610,34.552,-95.2235,34.6807,-95.0871,"This is the first segment of a two segment tornado. This tornado developed between Highways 271 and 144 over heavily wooded and rugged terrain that was inaccessible by road. An aerial survey indicated extensive tree damage in this area, which was also visible from Highway 271 looking southwest from Albion. As the tornado approached Albion from the southwest, trees were uprooted on Deep Lake Loop. Several homes were damaged, an outbuilding was destroyed, and trees were snapped or uprooted in Albion before the tornado moved into Latimer County. Based on this damage, maximum estimated wind in this segment of the tornado was 115 to 125 mph.","A strong upper level disturbance moved into the Southern Plains on the 25th. A moist and unstable air mass was in place across eastern Oklahoma ahead of this system. Thunderstorms that developed over West Texas during the morning hours, intensified during the afternoon and early evening as they moved across southeastern Oklahoma and west central Arkansas. Damaging wind, several tornadoes, large hail up to golfball size, and locally heavy rainfall resulted from these thunderstorms.",428
579439,LATIMER CO.,BENGAL,05/25/2015,1610,Tornado, ,EF1,0,0,10000,0,OK,CST-6, ,96034,C,77,TSA,0,0,NWS Storm Survey, ,1.5,700,10,S,9,S,BENGAL,05/25/2015,1612,34.6807,-95.0871,34.6994,-95.0748,"This is the second segment of a two segment tornado. In Latimer County, this tornado snapped or uprooted trees and blew down power poles. Based on this damage, maximum estimated wind in this segment of the tornado was 95 to 105 mph.","A strong upper level disturbance moved into the Southern Plains on the 25th. A moist and unstable air mass was in place across eastern Oklahoma ahead of this system. Thunderstorms that developed over West Texas during the morning hours, intensified during the afternoon and early evening as they moved across southeastern Oklahoma and west central Arkansas. Damaging wind, several tornadoes, large hail up to golfball size, and locally heavy rainfall resulted from these thunderstorms.",429
579440,LE FLORE CO.,WHITESBORO,05/25/2015,1617,Tornado, ,EF1,0,0,10000,0,OK,CST-6, ,96034,C,79,TSA,0,0,NWS Storm Survey, ,6.4,600,2,SSE,1,NNE,LENOX,05/25/2015,1625,34.6469,-94.8628,34.7198,-94.7929,"This tornado snapped or uprooted numerous trees and blew down power poles. Based on this damage, maximum estimated wind in the tornado was 95 to 105 mph.","A strong upper level disturbance moved into the Southern Plains on the 25th. A moist and unstable air mass was in place across eastern Oklahoma ahead of this system. Thunderstorms that developed over West Texas during the morning hours, intensified during the afternoon and early evening as they moved across southeastern Oklahoma and west central Arkansas. Damaging wind, several tornadoes, large hail up to golfball size, and locally heavy rainfall resulted from these thunderstorms.",430
579442,LE FLORE CO.,FANSHAWE,05/25/2015,1634,Tornado, ,EF1,0,0,0,0,OK,CST-6, ,96034,C,79,TSA,0,0,NWS Storm Survey, ,7.5,250,2,NE,5,NE,WALLS,05/25/2015,1649,34.9734,-94.8709,35.0765,-94.8489,"This tornado developed near CR E1405 and moved over mostly heavily wooded terrain that was inaccessible by road. Trees were snapped as it crossed CR E1380, where the tornado had a more northward movement. More trees were snapped as it crossed CR N4595. Based on this damage, maximum estimated wind in the tornado was 95 to 105 mph.","A strong upper level disturbance moved into the Southern Plains on the 25th. A moist and unstable air mass was in place across eastern Oklahoma ahead of this system. Thunderstorms that developed over West Texas during the morning hours, intensified during the afternoon and early evening as they moved across southeastern Oklahoma and west central Arkansas. Damaging wind, several tornadoes, large hail up to golfball size, and locally heavy rainfall resulted from these thunderstorms.",431
579444,LE FLORE CO.,SMACKER,05/25/2015,1648,Tornado, ,EF2,0,0,500000,0,OK,CST-6, ,96034,C,79,TSA,0,0,NWS Storm Survey, ,15.5,1700,3,S,2,NW,COAL CREEK,05/25/2015,1707,34.9835,-94.6658,35.2002,-94.6907,"This tornado developed near Kerr Mansion, south-southwest of Poteau. It moved north-northeast then turned more northward west of Poteau and eventually curved north-northwest as it moved through Shady Point and west of Panama before dissipating. Several homes were severely damaged within the path, a number of other homes received roof damage, at least two mobile homes were destroyed, barns and outbuildings were destroyed, a cellular communications tower was partially collapsed, numerous trees were snapped or uprooted, and power poles were blown down by this tornado. Based on this damage, maximum estimated wind in the tornado was 110 to 120 mph.","A strong upper level disturbance moved into the Southern Plains on the 25th. A moist and unstable air mass was in place across eastern Oklahoma ahead of this system. Thunderstorms that developed over West Texas during the morning hours, intensified during the afternoon and early evening as they moved across southeastern Oklahoma and west central Arkansas. Damaging wind, several tornadoes, large hail up to golfball size, and locally heavy rainfall resulted from these thunderstorms.",432
582331,CUSTER CO.,WEATHERFORD,05/26/2015,1732,Tornado, ,EF0,0,0,0,0,OK,CST-6, ,96567,C,39,OUN,0,0,Broadcast Media, ,0.1,30,4,E,4,E,WEATHERFORD,05/26/2015,1732,35.5213,-98.6251,35.5213,-98.6251,"OKC television stations showed footage of a tornado developing briefly to the east of Weatherford and west-southwest of Hydro. A well house was thrown across the road, a heavy cattle feeder was displaced and a picnic table and gas grill were blown off a patio at a house on the Custer-Caddo County line. This tornado moved into Caddo County.","Supercell storms formed along a cold front and a dryline across western Oklahoma down through central Texas and then made their way eastward.",433
582333,CADDO CO.,HYDRO,05/26/2015,1732,Tornado, ,EF0,0,0,0,0,OK,CST-6, ,96567,C,15,OUN,0,0,Broadcast Media, ,0.1,30,3,SW,3,SW,HYDRO,05/26/2015,1732,35.5216,-98.6214,35.5216,-98.6214,"OKC television stations showed footage of a tornado developing briefly to the east of Weatherford and west-southwest of Hydro. A well house was thrown across the road, a heavy cattle feeder was displaced and a picnic table and gas grill were blown off a patio at a house on the Custer-Caddo County line. This tornado moved into Caddo County from Custer County.","Supercell storms formed along a cold front and a dryline across western Oklahoma down through central Texas and then made their way eastward.",434
579445,LE FLORE CO.,TALIHINA,05/28/2015,858,Tornado, ,EF1,0,0,50000,0,OK,CST-6, ,96037,C,79,TSA,0,0,Emergency Manager, ,0.5,75,2,NNE,2,NNE,TALIHINA,05/28/2015,859,34.7706,-95.0412,34.7737,-95.0332,"A tornado severely damaged a home and snapped or uprooted trees. Based on this damage, maximum estimated wind in the tornado was 100 to 110 mph.","Widespread thunderstorms moved across eastern Oklahoma during the morning and early afternoon hours of the 28th. A tornado and flash flooding resulted from the storms as they passed through the region.",435
579450,MUSKOGEE CO.,PORUM,05/29/2015,1251,Tornado, ,EF1,0,0,30000,0,OK,CST-6, ,96039,C,101,TSA,0,0,NWS Storm Survey, ,5,400,7,E,4,SSE,WEBBERS FALLS SHEFFI,05/29/2015,1306,35.386,-95.1402,35.4514,-95.1003,"This tornado developed in or just north of the Canadian River bottoms and moved north-northeast uprooting trees, snapping a few tree trunks, damaging outbuildings, and damaging a couple homes. Based on this damage, maximum estimated wind in the tornado was 90 to 100 mph.","An upper level disturbance moved through the Southern Plains on the 29th. Thunderstorms developed over eastern Oklahoma during the late morning and afternoon hours as this system approached. Three tornadoes occurred as these storms moved through the region as well as locally heavy rainfall that resulted in flash flooding.",436
579451,SEQUOYAH CO.,GORE,05/29/2015,1316,Tornado, ,EF0,0,0,20000,0,OK,CST-6, ,96039,C,135,TSA,0,0,NWS Storm Survey, ,1.5,100,3,SSE,3,SE,GORE,05/29/2015,1319,35.487,-95.09,35.5084,-95.0818,"This tornado developed south of I-40 southeast of Gore. Motorists witnessed the tornado as it crossed the highway, where large tree limbs were snapped. Small buildings were damaged at an industrial site west of Highway 10 and south of Highway 62. Based on this damage, maximum estimated wind in the tornado was 75 to 85 mph.","An upper level disturbance moved through the Southern Plains on the 29th. Thunderstorms developed over eastern Oklahoma during the late morning and afternoon hours as this system approached. Three tornadoes occurred as these storms moved through the region as well as locally heavy rainfall that resulted in flash flooding.",437
579453,MAYES CO.,SPAVINAW,05/29/2015,1327,Tornado, ,EF1,0,0,50000,0,OK,CST-6, ,96039,C,97,TSA,0,0,NWS Storm Survey, ,5.4,1500,2,WSW,4,NE,SPAVINAW,05/29/2015,1339,36.3703,-95.0809,36.4201,-95.0057,"This is the first segment of a two segment tornado. The tornado developed on Spavinaw Hill southwest of Spavinaw. It moved east-northeast snapping or uprooting numerous trees and snapping power poles through town. Some homes in town received roof damage. The tornado snapped or uprooted numerous trees along Highway 20 northeast of Spavinaw and damaged the roofs of a couple homes. The tornado crossed into Delaware County just north of Highway 20. Based on this damage, maximum estimated wind in this segment of the tornado was 100 to 110 mph.","An upper level disturbance moved through the Southern Plains on the 29th. Thunderstorms developed over eastern Oklahoma during the late morning and afternoon hours as this system approached. Three tornadoes occurred as these storms moved through the region as well as locally heavy rainfall that resulted in flash flooding.",438
579454,DELAWARE CO.,CHLOETA,05/29/2015,1339,Tornado, ,EF1,0,0,10000,0,OK,CST-6, ,96039,C,41,TSA,0,0,NWS Storm Survey, ,4.1,1500,2,W,2,E,TOPSY,05/29/2015,1347,36.4201,-95.0057,36.4478,-94.9405,"This is the second segment of a two segment tornado. The tornado crossed into Delaware County just north of Highway 20. Trees were snapped or uprooted and power poles were blown down as it moved east-northeast across the S 510 and S 520 Roads before dissipating. Based on this damage, maximum estimated wind in this segment of the tornado was 95 to 105 mph.","An upper level disturbance moved through the Southern Plains on the 29th. Thunderstorms developed over eastern Oklahoma during the late morning and afternoon hours as this system approached. Three tornadoes occurred as these storms moved through the region as well as locally heavy rainfall that resulted in flash flooding.",439
573167,MCCURTAIN CO.,REDLAND,06/17/2015,1325,Tornado, ,EF0,0,0,150000,0,OK,CST-6, ,95390,C,89,SHV,0,0,NWS Storm Survey, ,0.12,66,1,N,1,N,REDLAND,06/17/2015,1326,33.9374,-94.6663,33.9391,-94.667,"An NWS Storm Survey across McCurtain County, Oklahoma determined that damage east of Idabel was consistent with that of a tornado.  An EF0 tornado touched down in the Redland community.  Ten chicken houses were damaged...one of which was completely destroyed.","A feeder band in association with the remnants of Tropical Storm Bill contained some rotating storms in the northeast quadrant of the weakening system.  Low level shear was maximized in this quadrant and one of the storms produced a brief tornado east of Idabel, Oklahoma.",440
584500,LE FLORE CO.,MILTON,07/07/2015,1642,Tornado, ,EF1,0,0,15000,0,OK,CST-6, ,97189,C,79,TSA,0,0,Broadcast Media, ,0.3,75,5,SSW,5,SSW,MILTON,07/07/2015,1643,35.1086,-94.9121,35.11,-94.9091,"A brief tornado uprooted trees, snapped large tree limbs, and damaged a barn. Based on this damage, estimated maximum wind in the tornado was 90 to 100 mph.","A weak, slow-moving cold front stretched across eastern Oklahoma and southwest Missouri during the morning of July 7th. The front moved slowly eastward during the afternoon. Weak upper level disturbances translating across the Southern Plains combined with very moist air along and south of the frontal boundary resulted in a couple rounds of thunderstorms during the day. Locally heavy rainfall and some flash flooding was the result across portions of eastern Oklahoma. One of the thunderstorms also produced a brief tornado.",441
584501,CHEROKEE CO.,ELLERVILLE,07/09/2015,1608,Tornado, ,EF1,0,0,0,0,OK,CST-6, ,97192,C,21,TSA,0,0,NWS Storm Survey, ,5.5,220,3,SSE,5,SSE,SCRAPER,07/09/2015,1616,35.986,-94.8854,36.0283,-94.802,"This tornado uprooted numerous trees. Based on this damage, maximum estimated wind in the tornado was 90 to 100 mph.","Widespread thunderstorms developed during the morning of July 9th, south and east of a stationary frontal boundary that was located across eastern Oklahoma and southern Missouri. Thunderstorms reorganized during the early afternoon on outflow from previous thunderstorms as a mesoscale convective vortex drifted across the region. Some of the storms strengthened and became organized, producing damaging wind and a tornado. Flash flooding also occurred across portions of eastern Oklahoma.",442
584502,ADAIR CO.,PROCTOR,07/09/2015,1618,Tornado, ,EF1,0,0,0,0,OK,CST-6, ,97192,C,1,TSA,0,0,NWS Storm Survey, ,3.7,500,4,NNE,4,WSW,CHANCE,07/09/2015,1623,36.0233,-94.765,36.0535,-94.7106,"This tornado snapped or uprooted numerous trees. Based on this damage, maximum estimated wind in the tornado was 95 to 105 mph.","Widespread thunderstorms developed during the morning of July 9th, south and east of a stationary frontal boundary that was located across eastern Oklahoma and southern Missouri. Thunderstorms reorganized during the early afternoon on outflow from previous thunderstorms as a mesoscale convective vortex drifted across the region. Some of the storms strengthened and became organized, producing damaging wind and a tornado. Flash flooding also occurred across portions of eastern Oklahoma.",443
602678,OKFUSKEE CO.,BEARDEN,11/05/2015,1422,Tornado, ,EF0,0,0,2000,0,OK,CST-6, ,100714,C,107,TSA,0,0,NWS Storm Survey, ,2.5,100,4,N,3,W,OKEMAH,11/05/2015,1426,35.4,-96.3906,35.4234,-96.3553,"This tornado uprooted a softwood tree, snapped large tree limbs, and blew down a chain-link fence. Based on this damage, estimated maximum wind in the tornado was 70 to 80 mph.","Strong to severe thunderstorms developed along a prefrontal trough of low pressure across central Oklahoma during the mid morning hours of the 5th. These storms moved into eastern Oklahoma during the late morning and afternoon, producing a tornado, hail up to quarter size, and damaging wind gusts.",444
602451,MCCURTAIN CO.,HAWORTH,11/05/2015,2118,Tornado, ,EF1,0,0,10000,0,OK,CST-6, ,100662,C,89,SHV,0,0,NWS Storm Survey, ,4.25,256,2,S,1,N,BOKHOMA,11/05/2015,2130,33.82,-94.65,33.84,-94.58,"An EF-1 tornado first developed south of Haworth, Oklahoma and traveled east northeast before dissipating near the CR 2190/4670 intersection.  Damage consisted on snapped and/or uprooted trees.  One house suffered minor roof damage from a fallen tree.","Scattered thunderstorms developed across Southeast Oklahoma on the evening of November 5th, 2015. Due to a very strongly sheared atmospheric environment, one of these storms produced a tornado as an upper level trough moved into the Southern Plains/Lower Mississippi Valley.  This tornado touched down in McCurtain County, Oklahoma south of the Haworth community and mostly downed trees along its path.",445
608886,BEAVER CO.,ELMWOOD,11/16/2015,1907,Tornado, ,EF1,0,0,0,0,OK,CST-6, ,101781,C,7,AMA,0,0,NWS Storm Survey, ,1.01,400,8,S,8,S,ELMWOOD,11/16/2015,1908,36.499,-100.547,36.506,-100.531,"There were multiple reports from local government officials and storm spotters of this tornado developing in Ochiltree County, Texas. The tornado then continued to move northeast crossed into Oklahoma. Along its path, multiple power flashes were witnessed. Tree and fence damage was found near the Texas/Oklahoma state line. A rating of EF-1 was given with a maximum wind speed of 86 mph.","A powerful storm system brought significant severe weather to the region. Tornadoes, damaging winds, and large hail accompanied thunderstorms that formed during the afternoon hours and persisted into the evening. This was a very unusual event for late fall in the Central High Plains. One significant factor in this anomalous event was the presence of an unusual amount of moisture for mid-November, contributing to relatively high values of instability. Only one tornado had previously been documented in the Oklahoma Panhandle during the month of November.",446
608891,BEAVER CO.,ELMWOOD,11/16/2015,1910,Tornado, ,EF0,0,0,0,0,OK,CST-6, ,101781,C,7,AMA,0,0,NWS Storm Survey, ,4.22,100,6,S,4,SE,ELMWOOD,11/16/2015,1918,36.534,-100.518,36.582,-100.471,"Storm chasers photographed a brief tornado north of Elmwood. Little to no damage was observed. The tornado was rated EF-0.","A powerful storm system brought significant severe weather to the region. Tornadoes, damaging winds, and large hail accompanied thunderstorms that formed during the afternoon hours and persisted into the evening. This was a very unusual event for late fall in the Central High Plains. One significant factor in this anomalous event was the presence of an unusual amount of moisture for mid-November, contributing to relatively high values of instability. Only one tornado had previously been documented in the Oklahoma Panhandle during the month of November.",447
603781,ELLIS CO.,SHATTUCK,11/16/2015,2051,Tornado, ,EF1,0,0,0,0,OK,CST-6, ,100572,C,45,OUN,0,0,Emergency Manager, ,17,200,8,WNW,9,E,CATESBY,11/16/2015,2113,36.327,-100,36.513,-99.794,"This tornado moved into Oklahoma from Lipscomb County Texas (see Storm Data for the Texas Panhandle from NWS Amarillo for information about the beginning of this tornado). The tornado produced damage to trees and power lines as it move northeast across northern Ellis County.","A line of storms formed along an eastward moving front overnight on the 16th and continued into the morning of the 17th. Several of these storms produced severe winds, and a few produced tornadoes.",448
603782,ELLIS CO.,FARGO,11/16/2015,2118,Tornado, ,EF2,0,0,3000,0,OK,CST-6, ,100572,C,45,OUN,0,0,Emergency Manager, ,6.2,400,12,NNW,16,N,FARGO,11/16/2015,2126,36.522,-99.729,36.593,-99.659,"The first damage known to occur with this tornado was damage to trees near EW 34 Road and NS 184 Road. A home received damage, sheds were destroyed, and trees were snapped between NS 186 and NS 187 on EW 31 Road. This tornado moved into Harper County west of Fort Supply.","A line of storms formed along an eastward moving front overnight on the 16th and continued into the morning of the 17th. Several of these storms produced severe winds, and a few produced tornadoes.",449
608892,BEAVER CO.,LOGAN,11/16/2015,2124,Tornado, ,EF1,0,0,0,0,OK,CST-6, ,101781,C,7,AMA,0,0,NWS Storm Survey, ,8.93,500,5,SW,4,N,LOGAN,11/16/2015,2137,36.5114,-100.2813,36.629,-100.2144,"A large tornado touched down just north of Darouzett and the Oklahoma state line just before 9:30 PM. The tornado was spotted by several spotters during power flashes and lightning strikes. Several barns and outbuildings were destroyed with minimal damage to homes which were on the edge of the tornado. Numerous power poles and trees were snapped along the path which was over 500 yards at times. This tornado was rated EF-1 with an estimated maximum wind of 100 mph.","A powerful storm system brought significant severe weather to the region. Tornadoes, damaging winds, and large hail accompanied thunderstorms that formed during the afternoon hours and persisted into the evening. This was a very unusual event for late fall in the Central High Plains. One significant factor in this anomalous event was the presence of an unusual amount of moisture for mid-November, contributing to relatively high values of instability. Only one tornado had previously been documented in the Oklahoma Panhandle during the month of November.",450
603783,HARPER CO.,MAY,11/16/2015,2126,Tornado, ,EF2,0,0,4000,0,OK,CST-6, ,100572,C,59,OUN,0,0,Emergency Manager, ,21,400,5,ESE,4,NE,SELMAN,11/16/2015,2151,36.593,-99.659,36.842,-99.45,"This tornado moved from Ellis County into Harper County to the west of Fort Supply. Four electrical transmission poles were broken as well as several trees 4 miles west of Fort Supply. Outbuildings were heavily damaged north of Fort Supply as the tornado continued northeast, and more power poles were broken east of Buffalo near the end of the tornado's path.","A line of storms formed along an eastward moving front overnight on the 16th and continued into the morning of the 17th. Several of these storms produced severe winds, and a few produced tornadoes.",451
603784,WOODS CO.,CAMP HOUSTON,11/16/2015,2209,Tornado, ,EF1,0,0,0,0,OK,CST-6, ,100572,C,151,OUN,0,0,Emergency Manager, ,3.25,200,15,NW,17,NW,CAMP HOUSTON,11/16/2015,2213,36.955,-99.324,37,-99.307,"Significant tree damage was reported by emergency management along highway 34 about 3 miles south of the Kansas state line. No other damage is known to have occurred in Oklahoma. This tornado moved into Comanche County KS about 1 mile east of highway 34. (See Storm Data for Southwest Kansas from NWS Dodge City for information about that portion of the tornado).","A line of storms formed along an eastward moving front overnight on the 16th and continued into the morning of the 17th. Several of these storms produced severe winds, and a few produced tornadoes.",452
602679,MCINTOSH CO.,SHADY GROVE,11/17/2015,543,Tornado, ,EF1,0,0,150000,0,OK,CST-6, ,100716,C,91,TSA,0,0,NWS Storm Survey, ,4.7,300,3,S,2,NE,SHADY GROVE,11/17/2015,548,35.4363,-95.4247,35.4996,-95.3951,"This tornado damaged the roofs of several homes, destroyed a chicken house, destroyed a number of outbuildings, and snapped or uprooted trees. Based on this damage, estimated maximum wind in the tornado was 90 to 100 mph.","Severe thunderstorms developed along and ahead of a cold front across West Texas during the late afternoon of the 16th as a strong upper level disturbance translated into the Southern Plains. These storms moved east during the evening and into eastern Oklahoma during the early morning hours of the 17th. The storms produced a tornado, damaging wind gusts, and locally heavy rainfall across the region.",453
608172,CHOCTAW CO.,BUNCH,12/12/2015,1803,Tornado, ,EF1,0,0,0,0,OK,CST-6, ,101687,C,23,TSA,0,0,NWS Storm Survey, ,3.3,250,120,SSW,117,SSW,BUNCH,12/12/2015,1806,33.9867,-95.2579,34.0343,-95.2523,"This tornado developed south of Raymond Gary State Park and moved northward across the park, snapping or uprooting numerous trees. Trees were also snapped or uprooted along Highway 209, the E4025 Road, Highway 70, and finally across the N4375 Road. Based on this damage, maximum estimated wind in the tornado was 95 to 105 mph.","A strong storm system moved from the Southern Rockies into the Plains on the 12th. Very moist, unseasonably warm, and slightly unstable air was in place across northern Texas and southeastern Oklahoma ahead of this system. Widespread showers and scattered thunderstorms developed over northern Texas during the afternoon as this system approached. Although instability was weak, strong wind shear through the lower atmosphere resulted in storms that developed rotating updrafts. One such storm produced a tornado near Fort Towson in Choctaw County.",454
606380,MCCURTAIN CO.,VALLIANT,12/12/2015,1917,Tornado, ,EF2,0,3,2000000,0,OK,CST-6, ,101352,C,89,SHV,0,0,NWS Storm Survey, ,7.32,600,1,SW,2,NNE,SLIM,12/12/2015,1937,34.0074,-95.1384,34.1043,-95.0869,"An NWS Storm Survey team determined that the damage west of Valliant, Oklahoma was consistent with that of tornado damage.  The tornado first touched down near U.S. Hwy. 70 and traveled in a northeast direction before lifting near Tommy Taylor Road or just south of Pine Creek Reservoir.  Numerous trees were uprooted and/or snapped along the damage path.  Sixteen homes suffered significant damage and 4 mobile homes were completely destroyed.  Two persons were injured when their mobile home was destroyed.  Another person was injured when their mobile home was rolled by the tornado.","A strong upper level trough moved into the Central and Southern Plains during the morning and afternoon hours of December 12th. This trough ejected into the plains with a slight negative tilt which was indicative of strong jet dynamics in association with this trough. Likewise, low level and deep level shear was quite strong with this trough across Southeast Oklahoma during the late afternoon and evening hours of the 12th as well as the morning hours of the 13th. While instability was very weak, the strong shear made up for the development of strong to severe thunderstorms, some of which produced tornadoes across Southeast Oklahoma. Training of storm echoes also occurred which resulted in widespread flash flooding across the region as well.",455
610496,MCCLAIN CO.,BYARS,12/26/2015,1357,Tornado, ,EF0,0,0,0,0,OK,CST-6, ,101486,C,87,OUN,0,0,Storm Chaser, ,0.1,20,7,NE,7,NE,BYARS,12/26/2015,1357,34.94,-96.96,34.94,-96.96,"A brief weak tornado was reported.","With abundant moisture in place and strong cold front moving south on the 26th, numerous storms developed across the central and southern parts of Oklahoma and parts of western north Texas. Several of these storms became severe, a few became tornadic, and heavy rains caused some flash flooding.",456
625789,ADAIR CO.,STILWELL,03/23/2016,2051,Tornado, ,EF1,0,0,0,0,OK,CST-6, ,104186,C,1,TSA,0,0,NWS Storm Survey, ,1.8,480,11,SE,11,SE,STILWELL,03/23/2016,2054,35.6916,-94.5042,35.7109,-94.4851,"This is the first segment of a three segment tornado. In Adair County, this tornado snapped or uprooted numerous trees. Based on this tree damage, maximum estimated wind in this segment of the tornado was 95 to 105 mph. The tornado continued into Crawford County, Arkansas.","Strong to severe thunderstorms developed along and ahead of a dry line over central Oklahoma during the late afternoon hours of the 23rd. The storms developed eastward across eastern Oklahoma and northwestern Arkansas during the evening hours. The storms produced a strong tornado, hail up to golfball size, and damaging wind across eastern Oklahoma as they moved through the region.",457
625852,OSAGE CO.,TULSA,03/30/2016,1813,Tornado, ,EF1,0,0,75000,0,OK,CST-6, ,104188,C,113,TSA,0,0,NWS Storm Survey, ,0.8,450,6,NW,6,NNW,TULSA,03/30/2016,1814,36.2151,-96.0151,36.218,-96.0013,"This is the first segment of a three segment tornado. In Osage County, this tornado severely damaged the roof of a home, destroyed several outbuildings, destroyed farm equipment, and snapped or uprooted numerous trees. Based on this damage, maximum estimated wind in this segment of the tornado was 100 to 110 mph. The tornado continued into Tulsa County, Oklahoma.","Thunderstorms developed over eastern Oklahoma during the morning hours of the 30th as a warm front moved into the region from the south. The stronger storms produced large hail. Additional thunderstorm development occurred along and ahead of a dry line over central Oklahoma during the afternoon. These storms moved eastward into northeastern Oklahoma during the late afternoon and evening. Four tornadoes, two of which were strong, hail up to golfball size, and damaging wind occurred with these storms.",458
625854,TULSA CO.,TUL DOWNTOWN ARPK,03/30/2016,1814,Tornado, ,EF2,0,7,2000000,0,OK,CST-6, ,104188,C,143,TSA,0,0,NWS Storm Survey, ,10.5,800,1,E,3,SE,OWASSO,03/30/2016,1839,36.218,-96.0013,36.2358,-95.8153,"This is the second segment of a three segment tornado. In Tulsa County, the tornado moved east-northeast, roughly along E 46th Street N to the west of Highway 75. It damaged more than 300 homes, and thirteen churches and businesses. Seven people were injured in north Tulsa. Numerous trees were snapped or uprooted and numerous power poles were snapped. The tornado moved east-northeast across Mohawk Park where it snapped and uprooted numerous trees. Several large, metal-framed, industrial buildings were significantly damaged north-northeast of the Tulsa International Airport on N Mingo Road. The tornado then crossed Highway 169 just south of the Bird Creek Bridge where it destroyed several barns and snapped numerous trees along E 56th Street N. Based on this damage, maximum estimated wind in this segment of the tornado was 110 to 120 mph. The tornado continued into Rogers County, Oklahoma.","Thunderstorms developed over eastern Oklahoma during the morning hours of the 30th as a warm front moved into the region from the south. The stronger storms produced large hail. Additional thunderstorm development occurred along and ahead of a dry line over central Oklahoma during the afternoon. These storms moved eastward into northeastern Oklahoma during the late afternoon and evening. Four tornadoes, two of which were strong, hail up to golfball size, and damaging wind occurred with these storms.",459
625856,ROGERS CO.,CATOOSA,03/30/2016,1839,Tornado, ,EF1,0,0,750000,0,OK,CST-6, ,104188,C,131,TSA,0,0,NWS Storm Survey, ,8.7,800,5,NW,3,NNE,VERDIGRIS,03/30/2016,1855,36.2358,-95.8153,36.2765,-95.6677,"This is the third segment of a three segment tornado. In Rogers County, the tornado moved east-northeast passing across the northern portion of the Patriot Golf Club and Stone Canyon housing subdivisions. Numerous homes were damaged in this area, some severely. Several homes under construction were destroyed. The tornado crossed Highway 266 destroying a business, damaging a number of homes, destroying barns and outbuildings, and snapping or uprooting numerous trees until it dissipated north of Verdigris. Based on this damage, maximum estimated wind in this segment of the tornado was 110 to 120 mph.","Thunderstorms developed over eastern Oklahoma during the morning hours of the 30th as a warm front moved into the region from the south. The stronger storms produced large hail. Additional thunderstorm development occurred along and ahead of a dry line over central Oklahoma during the afternoon. These storms moved eastward into northeastern Oklahoma during the late afternoon and evening. Four tornadoes, two of which were strong, hail up to golfball size, and damaging wind occurred with these storms.",460
625859,NOWATA CO.,COODYS BLUFF,03/30/2016,1848,Tornado, ,EF1,0,0,75000,0,OK,CST-6, ,104188,C,105,TSA,0,0,NWS Storm Survey, ,2.7,120,1,NNW,3,ENE,COODYS BLUFF,03/30/2016,1854,36.7291,-95.5523,36.7408,-95.5062,"This tornado destroyed a 30' by 60' metal-framed building, destroyed several wood-framed barns, damaged a couple homes, and snapped or uprooted numerous trees. It was witnessed by several storm chasers. Based on this damage, maximum estimated wind in the tornado was 100 to 110 mph.","Thunderstorms developed over eastern Oklahoma during the morning hours of the 30th as a warm front moved into the region from the south. The stronger storms produced large hail. Additional thunderstorm development occurred along and ahead of a dry line over central Oklahoma during the afternoon. These storms moved eastward into northeastern Oklahoma during the late afternoon and evening. Four tornadoes, two of which were strong, hail up to golfball size, and damaging wind occurred with these storms.",461
625864,ROGERS CO.,CLAREMORE,03/30/2016,1900,Tornado, ,EF2,0,0,1000000,0,OK,CST-6, ,104188,C,131,TSA,0,0,NWS Storm Survey, ,6.4,550,3,SW,4,NE,TIAWAH,03/30/2016,1913,36.284,-95.6384,36.3134,-95.5328,"This tornado damaged numerous homes east of Highway 66 and west of I-44. Some of the worst damage in the path occurred in a housing area near Highway 88 where several homes received severe damage to their roofs and wall structures. Several vehicles were rolled. The tornado moved east along the E 500 Road where trees were snapped or uprooted, homes were damaged, and barns were destroyed. The tornado then moved east-northeast toward Will Rogers Downs on Highway 20, where it turned sharply to the northeast and dissipated after damaging several large barns. Based on this damage, maximum estimated wind in the tornado was 120 to 130 mph.","Thunderstorms developed over eastern Oklahoma during the morning hours of the 30th as a warm front moved into the region from the south. The stronger storms produced large hail. Additional thunderstorm development occurred along and ahead of a dry line over central Oklahoma during the afternoon. These storms moved eastward into northeastern Oklahoma during the late afternoon and evening. Four tornadoes, two of which were strong, hail up to golfball size, and damaging wind occurred with these storms.",462
625873,CRAIG CO.,CENTRALIA,03/30/2016,1918,Tornado, ,EF0,0,0,0,0,OK,CST-6, ,104188,C,35,TSA,0,0,Storm Chaser, ,2.5,100,2,ENE,5,ENE,CENTRALIA,03/30/2016,1923,36.8151,-95.3178,36.8317,-95.2751,"This tornado was witnessed by several storm chasers. An NWS ground survey conducted in the area where the tornado likely occurred, determined that it remained over open country during its lifecycle. There is no known damage from this tornado.","Thunderstorms developed over eastern Oklahoma during the morning hours of the 30th as a warm front moved into the region from the south. The stronger storms produced large hail. Additional thunderstorm development occurred along and ahead of a dry line over central Oklahoma during the afternoon. These storms moved eastward into northeastern Oklahoma during the late afternoon and evening. Four tornadoes, two of which were strong, hail up to golfball size, and damaging wind occurred with these storms.",463
635126,TEXAS CO.,EVA,04/15/2016,1850,Tornado, ,EF0,0,0,0,0,OK,CST-6, ,105403,C,139,AMA,0,0,Emergency Manager, ,1.07,50,6,SW,6,SW,EVA,04/15/2016,1851,36.74,-101.988,36.7424,-101.9864,"A brief tornado was observed by emergency managers and storm chasers just southwest of Eva. The tornado lasted for just under one minute and no damage was observed. The tornado was assigned an EF-0 rating.","A vigorous low pressure system produced supercell thunderstorms across the western Oklahoma Panhandle during the afternoon and evening of April 15th. Four separate brief tornadoes were reported by spotters and also documented through video by storm chasers across Texas County, in the vicinity of Eva. Two produced damage consistent with EF-0 and EF-1 on the Fujita scale. Several reports of large hail were received.",464
632199,TEXAS CO.,EVA,04/15/2016,1856,Tornado, ,EF1,0,0,0,0,OK,CST-6, ,105403,C,139,AMA,0,0,NWS Storm Survey, ,1.07,60,4,SSW,3,SSW,EVA,04/15/2016,1859,36.7467,-101.9433,36.7595,-101.9323,"The tornado destroyed two out buildings, a silo and snapped a power pole. Based on damage only on central and northeast portion of farmhouse complex damaged, the tornado likely touched down in the complex and continued into open country from there. The tornado was rated EF-1 with estimated peak wind of 104 mph.","A vigorous low pressure system produced supercell thunderstorms across the western Oklahoma Panhandle during the afternoon and evening of April 15th. Four separate brief tornadoes were reported by spotters and also documented through video by storm chasers across Texas County, in the vicinity of Eva. Two produced damage consistent with EF-0 and EF-1 on the Fujita scale. Several reports of large hail were received.",465
632201,TEXAS CO.,EVA,04/15/2016,1902,Tornado, ,EF0,0,0,0,0,OK,CST-6, ,105403,C,139,AMA,0,0,NWS Storm Survey, ,0.91,50,3,W,2,W,EVA,04/15/2016,1904,36.7962,-101.9512,36.8053,-101.9393,"Very minimal damage was noted in a farmhouse complex. Damage included a metal roof partially peeled back, a broken power pole and tractor trailer rolled onto its side. This tornado was rated EF-0 with estimated peak wind of 80 mph.","A vigorous low pressure system produced supercell thunderstorms across the western Oklahoma Panhandle during the afternoon and evening of April 15th. Four separate brief tornadoes were reported by spotters and also documented through video by storm chasers across Texas County, in the vicinity of Eva. Two produced damage consistent with EF-0 and EF-1 on the Fujita scale. Several reports of large hail were received.",466
633464,TEXAS CO.,EVA,04/15/2016,1916,Tornado, ,EF0,0,0,0,0,OK,CST-6, ,105403,C,139,AMA,0,0,Storm Chaser, ,1,50,5,NNE,6,NNE,EVA,04/15/2016,1920,36.8669,-101.8654,36.8802,-101.8585,"This tornado was witnessed by spotters and storm chasers approximately 5 to 6 miles north-northeast of Eva. No damage was reported. EF-0 rating was assigned.","A vigorous low pressure system produced supercell thunderstorms across the western Oklahoma Panhandle during the afternoon and evening of April 15th. Four separate brief tornadoes were reported by spotters and also documented through video by storm chasers across Texas County, in the vicinity of Eva. Two produced damage consistent with EF-0 and EF-1 on the Fujita scale. Several reports of large hail were received.",467
643429,TEXAS CO.,EVA,04/15/2016,1919,Tornado, ,EF0,0,0,0,0,OK,CST-6, ,105403,C,139,AMA,0,0,Trained Spotter, ,0.78,25,6,NNE,7,NNE,EVA,04/15/2016,1921,36.88,-101.86,36.8896,-101.8525,"Trained spotter reported a tornado on the ground for several minutes north of Eva and near highway 95. This storm already had a history of producing tornadoes. No damage occurred as the tornado remained in open grasslands.","A vigorous low pressure system produced supercell thunderstorms across the western Oklahoma Panhandle during the afternoon and evening of April 15th. Four separate brief tornadoes were reported by spotters and also documented through video by storm chasers across Texas County, in the vicinity of Eva. Two produced damage consistent with EF-0 and EF-1 on the Fujita scale. Several reports of large hail were received.",468
627328,CANADIAN CO.,MUSTANG,04/26/2016,1908,Tornado, ,EF0,0,0,7000,0,OK,CST-6, ,103927,C,17,OUN,0,0,NWS Storm Survey, ,3.4,50,1,NNE,4,NE,MUSTANG,04/26/2016,1911,35.407,-97.707,35.432,-97.672,"A weak tornado, embedded within a larger area of damaging thunderstorm winds, developed near SW 59th Street and Sara Road on the north side of Mustang, and moved northeast crossing into Oklahoma County just south of SW 29th Street. In Canadian County, two outbuildings suffered roof damage, but the primary damage was to trees along the path.","The 26th began with a few isolated storms forming out ahead of the dryline and becoming severe. Later in the afternoon, the dryline surged east and storms fired along the boundary. These storms quickly became severe and gradually merged into a line as they moved eastward through the evening.",469
627329,OKLAHOMA CO.,WHEATLAND,04/26/2016,1911,Tornado, ,EF0,0,0,5000,0,OK,CST-6, ,103927,C,109,OUN,0,0,NWS Storm Survey, ,0.7,50,3,NNW,3,NNW,WHEATLAND,04/26/2016,1912,35.432,-97.672,35.439,-97.663,"This tornado moved into Oklahoma County crossing County Line Road just south of SW 29th Street. It moved northeast for less than one mile in Oklahoma County dissipating before reaching Council Road. And outbuilding and a radio tower were damaged as well as a few trees.","The 26th began with a few isolated storms forming out ahead of the dryline and becoming severe. Later in the afternoon, the dryline surged east and storms fired along the boundary. These storms quickly became severe and gradually merged into a line as they moved eastward through the evening.",470
627338,OKLAHOMA CO.,JONES,04/26/2016,1943,Tornado, ,EF1,0,0,10000,0,OK,CST-6, ,103927,C,109,OUN,0,0,NWS Storm Survey, ,10,150,4,NW,3,NNW,LUTHER,04/26/2016,1953,35.606,-97.336,35.701,-97.219,"A tornado touched down near Westminister and Memorial Roads and moved northeast dissipating northeast of Triple XXX Road and Coffee Creek Road. One house near the end of the tornado path suffered significant roof damage. Otherwise, damage along the path was primarily to trees and power lines.","The 26th began with a few isolated storms forming out ahead of the dryline and becoming severe. Later in the afternoon, the dryline surged east and storms fired along the boundary. These storms quickly became severe and gradually merged into a line as they moved eastward through the evening.",471
627341,OKLAHOMA CO.,ARCADIA LAKE,04/26/2016,1949,Tornado, ,EF0,0,0,4000,0,OK,CST-6, ,103927,C,109,OUN,0,0,Public, ,1.53,100,5,NNE,6,NNE,ARCADIA LAKE,04/26/2016,1950,35.71,-97.33,35.725,-97.31,"A barn was damaged near the beginning of the tornado path. A swath of trees were damaged as the tornado moved northeast crossing into Logan County between Anderson Road and Hiwassee Road.","The 26th began with a few isolated storms forming out ahead of the dryline and becoming severe. Later in the afternoon, the dryline surged east and storms fired along the boundary. These storms quickly became severe and gradually merged into a line as they moved eastward through the evening.",472
627345,LOGAN CO.,MERIDIAN,04/26/2016,1950,Tornado, ,EF0,0,0,0,0,OK,CST-6, ,103927,C,83,OUN,0,0,Public, ,2.13,100,9,SSW,7,SSW,MERIDIAN,04/26/2016,1953,35.725,-97.31,35.744,-97.28,"This tornado moved into Logan County between Anderson Road and Hiwassee Road. It moved northeast producing additional tree damage.","The 26th began with a few isolated storms forming out ahead of the dryline and becoming severe. Later in the afternoon, the dryline surged east and storms fired along the boundary. These storms quickly became severe and gradually merged into a line as they moved eastward through the evening.",473
632396,OSAGE CO.,GRAY HORSE,04/26/2016,2044,Tornado, ,EF1,0,0,0,0,OK,CST-6, ,104560,C,113,TSA,0,0,NWS Storm Survey, ,3.8,450,8,SE,8,NW,HOMINY,04/26/2016,2049,36.454,-96.5556,36.496,-96.5113,"This tornado uprooted trees and snapped large tree limbs. Based on this damage, maximum estimated wind in the tornado was 85 to 95 mph.","Thunderstorms developed over northeastern Oklahoma during the late morning and early afternoon hours of the 26th, as a weak upper level disturbance passed through the area. The storms produced small hail over portions of northeastern Oklahoma.||By late afternoon, the atmosphere over central and eastern Oklahoma had become very unstable. Thunderstorms developed along and ahead of a dry line that had moved into western Oklahoma. These storms quickly became severe as they moved eastward during the late afternoon and evening hours. The storms formed into a very organized squall line over central Oklahoma during the evening. Ahead of this squall line over eastern Oklahoma, very strong low level wind shear had developed as the low level jet strengthened across the area. As a result of this strong wind shear, coupled with moderately strong instability that persisted well into the overnight hours, this squall line was able to produced numerous tornadoes and widespread damaging wind as it moved across eastern Oklahoma.",474
627347,PONTOTOC CO.,BYNG,04/26/2016,2050,Tornado, ,EF1,0,0,20000,0,OK,CST-6, ,103927,C,123,OUN,0,0,NWS Storm Survey, ,2,200,3,NNW,4,N,BYNG,04/26/2016,2052,34.905,-96.693,34.913,-96.658,"A tornado moved through far northern Pontotoc County north of Byng. A home just west of US-377 suffered significant damage and a few other buildings were damaged. The tornado may have affected portions of far southern Seminole County on the other side of the Canadian River, but this area was inaccessible to the survey team.","The 26th began with a few isolated storms forming out ahead of the dryline and becoming severe. Later in the afternoon, the dryline surged east and storms fired along the boundary. These storms quickly became severe and gradually merged into a line as they moved eastward through the evening.",475
632401,OSAGE CO.,HOMINY ARPT,04/26/2016,2052,Tornado, ,EF1,0,0,15000,0,OK,CST-6, ,104560,C,113,TSA,0,0,NWS Storm Survey, ,6.9,900,7,NW,1,NW,WYNONA,04/26/2016,2100,36.5072,-96.4493,36.5615,-96.3444,"This tornado damaged outbuildings, damaged a mobile home, and snapped or uprooted trees. Based on this damage, maximum estimated wind in the tornado was 95 to 105 mph.","Thunderstorms developed over northeastern Oklahoma during the late morning and early afternoon hours of the 26th, as a weak upper level disturbance passed through the area. The storms produced small hail over portions of northeastern Oklahoma.||By late afternoon, the atmosphere over central and eastern Oklahoma had become very unstable. Thunderstorms developed along and ahead of a dry line that had moved into western Oklahoma. These storms quickly became severe as they moved eastward during the late afternoon and evening hours. The storms formed into a very organized squall line over central Oklahoma during the evening. Ahead of this squall line over eastern Oklahoma, very strong low level wind shear had developed as the low level jet strengthened across the area. As a result of this strong wind shear, coupled with moderately strong instability that persisted well into the overnight hours, this squall line was able to produced numerous tornadoes and widespread damaging wind as it moved across eastern Oklahoma.",476
632402,PAWNEE CO.,APPALACHIA,04/26/2016,2100,Tornado, ,EF1,0,0,50000,0,OK,CST-6, ,104560,C,117,TSA,0,0,NWS Storm Survey, ,5.4,800,3,W,3,NE,APPALACHIA,04/26/2016,2106,36.1765,-96.3296,36.217,-96.2478,"This is the first segment of a two segment tornado. In Pawnee County, this tornado snapped or uprooted numerous trees and damaged homes. A large tree fell onto two cars, destroying them. Based on this damage, maximum estimated wind in this segment of the tornado was 100 to 110 mph.","Thunderstorms developed over northeastern Oklahoma during the late morning and early afternoon hours of the 26th, as a weak upper level disturbance passed through the area. The storms produced small hail over portions of northeastern Oklahoma.||By late afternoon, the atmosphere over central and eastern Oklahoma had become very unstable. Thunderstorms developed along and ahead of a dry line that had moved into western Oklahoma. These storms quickly became severe as they moved eastward during the late afternoon and evening hours. The storms formed into a very organized squall line over central Oklahoma during the evening. Ahead of this squall line over eastern Oklahoma, very strong low level wind shear had developed as the low level jet strengthened across the area. As a result of this strong wind shear, coupled with moderately strong instability that persisted well into the overnight hours, this squall line was able to produced numerous tornadoes and widespread damaging wind as it moved across eastern Oklahoma.",477
632408,CREEK CO.,KELLYVILLE,04/26/2016,2100,Tornado, ,EF1,0,0,20000,0,OK,CST-6, ,104560,C,37,TSA,0,0,NWS Storm Survey, ,5.6,550,3,NW,4,W,SAPULPA,04/26/2016,2105,35.9751,-96.2571,36.0071,-96.1651,"This tornado damaged a church, damaged several homes, and snapped or uprooted trees. Based on this damage, maximum estimated wind in the tornado was 90 to 100 mph.","Thunderstorms developed over northeastern Oklahoma during the late morning and early afternoon hours of the 26th, as a weak upper level disturbance passed through the area. The storms produced small hail over portions of northeastern Oklahoma.||By late afternoon, the atmosphere over central and eastern Oklahoma had become very unstable. Thunderstorms developed along and ahead of a dry line that had moved into western Oklahoma. These storms quickly became severe as they moved eastward during the late afternoon and evening hours. The storms formed into a very organized squall line over central Oklahoma during the evening. Ahead of this squall line over eastern Oklahoma, very strong low level wind shear had developed as the low level jet strengthened across the area. As a result of this strong wind shear, coupled with moderately strong instability that persisted well into the overnight hours, this squall line was able to produced numerous tornadoes and widespread damaging wind as it moved across eastern Oklahoma.",478
632405,OSAGE CO.,PRUE,04/26/2016,2106,Tornado, ,EF1,0,0,100000,0,OK,CST-6, ,104560,C,113,TSA,0,0,NWS Storm Survey, ,1.6,600,4,ESE,5,E,PRUE,04/26/2016,2108,36.217,-96.2478,36.2326,-96.2258,"This is the second segment of a two segment tornado. In Osage County, this tornado destroyed boat docks on Keystone Lake, damaged homes, and uprooted trees. Based on this damage, maximum estimated wind in this segment of the tornado was 90 to 100 mph.","Thunderstorms developed over northeastern Oklahoma during the late morning and early afternoon hours of the 26th, as a weak upper level disturbance passed through the area. The storms produced small hail over portions of northeastern Oklahoma.||By late afternoon, the atmosphere over central and eastern Oklahoma had become very unstable. Thunderstorms developed along and ahead of a dry line that had moved into western Oklahoma. These storms quickly became severe as they moved eastward during the late afternoon and evening hours. The storms formed into a very organized squall line over central Oklahoma during the evening. Ahead of this squall line over eastern Oklahoma, very strong low level wind shear had developed as the low level jet strengthened across the area. As a result of this strong wind shear, coupled with moderately strong instability that persisted well into the overnight hours, this squall line was able to produced numerous tornadoes and widespread damaging wind as it moved across eastern Oklahoma.",479
632416,TULSA CO.,BOZARTH,04/26/2016,2118,Tornado, ,EF1,0,0,150000,0,OK,CST-6, ,104560,C,143,TSA,0,0,NWS Storm Survey, ,3.8,600,1,NE,3,S,TULSA,04/26/2016,2125,36.0926,-96.006,36.103,-95.9389,"This tornado developed just west of Highway 75 and moved east northeast. It damaged a church and homes west of the Arkansas River, and snapped trees and power poles on Riverside Drive just east of the river. Homes were damaged, trees were snapped or uprooted, and power poles were blown down between Riverside Drive to near Harvard Avenue, where the tornado lifted. Based on this damage, maximum estimated wind in the tornado was 95 to 105 mph.","Thunderstorms developed over northeastern Oklahoma during the late morning and early afternoon hours of the 26th, as a weak upper level disturbance passed through the area. The storms produced small hail over portions of northeastern Oklahoma.||By late afternoon, the atmosphere over central and eastern Oklahoma had become very unstable. Thunderstorms developed along and ahead of a dry line that had moved into western Oklahoma. These storms quickly became severe as they moved eastward during the late afternoon and evening hours. The storms formed into a very organized squall line over central Oklahoma during the evening. Ahead of this squall line over eastern Oklahoma, very strong low level wind shear had developed as the low level jet strengthened across the area. As a result of this strong wind shear, coupled with moderately strong instability that persisted well into the overnight hours, this squall line was able to produced numerous tornadoes and widespread damaging wind as it moved across eastern Oklahoma.",480
632420,TULSA CO.,BIXBY,04/26/2016,2126,Tornado, ,EF1,0,0,100000,0,OK,CST-6, ,104560,C,143,TSA,0,0,NWS Storm Survey, ,2.7,350,1,SW,2,E,BIXBY,04/26/2016,2130,35.9412,-95.8952,35.9503,-95.8485,"This tornado damaged industrial buildings, damaged the roofs of homes, and blew down trees and power lines. Based on this damaged, maximum estimated wind in the tornado was 90 to 100 mph.","Thunderstorms developed over northeastern Oklahoma during the late morning and early afternoon hours of the 26th, as a weak upper level disturbance passed through the area. The storms produced small hail over portions of northeastern Oklahoma.||By late afternoon, the atmosphere over central and eastern Oklahoma had become very unstable. Thunderstorms developed along and ahead of a dry line that had moved into western Oklahoma. These storms quickly became severe as they moved eastward during the late afternoon and evening hours. The storms formed into a very organized squall line over central Oklahoma during the evening. Ahead of this squall line over eastern Oklahoma, very strong low level wind shear had developed as the low level jet strengthened across the area. As a result of this strong wind shear, coupled with moderately strong instability that persisted well into the overnight hours, this squall line was able to produced numerous tornadoes and widespread damaging wind as it moved across eastern Oklahoma.",481
632421,TULSA CO.,LEONARD,04/26/2016,2136,Tornado, ,EF1,0,0,10000,0,OK,CST-6, ,104560,C,143,TSA,0,0,NWS Storm Survey, ,0.8,150,4,NNE,5,NNE,LEONARD,04/26/2016,2138,35.9792,-95.7744,35.9819,-95.7617,"This is the first segment of a two segment tornado. In Tulsa County, this tornado damaged homes and snapped or uprooted trees. Based on this damage, maximum estimated wind in this segment of the tornado was 95 to 105 mph.","Thunderstorms developed over northeastern Oklahoma during the late morning and early afternoon hours of the 26th, as a weak upper level disturbance passed through the area. The storms produced small hail over portions of northeastern Oklahoma.||By late afternoon, the atmosphere over central and eastern Oklahoma had become very unstable. Thunderstorms developed along and ahead of a dry line that had moved into western Oklahoma. These storms quickly became severe as they moved eastward during the late afternoon and evening hours. The storms formed into a very organized squall line over central Oklahoma during the evening. Ahead of this squall line over eastern Oklahoma, very strong low level wind shear had developed as the low level jet strengthened across the area. As a result of this strong wind shear, coupled with moderately strong instability that persisted well into the overnight hours, this squall line was able to produced numerous tornadoes and widespread damaging wind as it moved across eastern Oklahoma.",482
632423,WAGONER CO.,ONETA,04/26/2016,2138,Tornado, ,EF0,0,0,0,0,OK,CST-6, ,104560,C,145,TSA,0,0,NWS Storm Survey, ,0.2,150,4,SW,3,SW,ONETA,04/26/2016,2139,35.9819,-95.7617,35.9826,-95.758,"This is the second segment of a two segment tornado. In Wagoner County, this tornado snapped large tree limbs. Based on this damage, maximum estimated wind in this segment of the tornado was 70 to 80 mph.","Thunderstorms developed over northeastern Oklahoma during the late morning and early afternoon hours of the 26th, as a weak upper level disturbance passed through the area. The storms produced small hail over portions of northeastern Oklahoma.||By late afternoon, the atmosphere over central and eastern Oklahoma had become very unstable. Thunderstorms developed along and ahead of a dry line that had moved into western Oklahoma. These storms quickly became severe as they moved eastward during the late afternoon and evening hours. The storms formed into a very organized squall line over central Oklahoma during the evening. Ahead of this squall line over eastern Oklahoma, very strong low level wind shear had developed as the low level jet strengthened across the area. As a result of this strong wind shear, coupled with moderately strong instability that persisted well into the overnight hours, this squall line was able to produced numerous tornadoes and widespread damaging wind as it moved across eastern Oklahoma.",483
632424,MCINTOSH CO.,CHECOTAH,04/26/2016,2211,Tornado, ,EF1,0,0,100000,0,OK,CST-6, ,104560,C,91,TSA,0,0,NWS Storm Survey, ,7.5,400,3,NNW,2,NNE,SHADY GROVE,04/26/2016,2219,35.468,-95.5312,35.5019,-95.4061,"This tornado damaged the roofs of numerous homes and businesses in Checotah, damaged outbuildings, snapped or uprooted numerous trees, and blew down power poles. Based on this damage, maximum estimated wind in the tornado was 90 to 100 mph.","Thunderstorms developed over northeastern Oklahoma during the late morning and early afternoon hours of the 26th, as a weak upper level disturbance passed through the area. The storms produced small hail over portions of northeastern Oklahoma.||By late afternoon, the atmosphere over central and eastern Oklahoma had become very unstable. Thunderstorms developed along and ahead of a dry line that had moved into western Oklahoma. These storms quickly became severe as they moved eastward during the late afternoon and evening hours. The storms formed into a very organized squall line over central Oklahoma during the evening. Ahead of this squall line over eastern Oklahoma, very strong low level wind shear had developed as the low level jet strengthened across the area. As a result of this strong wind shear, coupled with moderately strong instability that persisted well into the overnight hours, this squall line was able to produced numerous tornadoes and widespread damaging wind as it moved across eastern Oklahoma.",484
632426,CRAIG CO.,WHITE OAK,04/26/2016,2216,Tornado, ,EF0,0,0,20000,0,OK,CST-6, ,104560,C,35,TSA,0,0,NWS Storm Survey, ,10.1,500,5,NNW,2,NNW,KELSO,04/26/2016,2226,36.6924,-95.2991,36.7315,-95.122,"This tornado uprooted trees and damaged outbuildings. Based on this damage, maximum estimated wind in the tornado was 70 to 80 mph.","Thunderstorms developed over northeastern Oklahoma during the late morning and early afternoon hours of the 26th, as a weak upper level disturbance passed through the area. The storms produced small hail over portions of northeastern Oklahoma.||By late afternoon, the atmosphere over central and eastern Oklahoma had become very unstable. Thunderstorms developed along and ahead of a dry line that had moved into western Oklahoma. These storms quickly became severe as they moved eastward during the late afternoon and evening hours. The storms formed into a very organized squall line over central Oklahoma during the evening. Ahead of this squall line over eastern Oklahoma, very strong low level wind shear had developed as the low level jet strengthened across the area. As a result of this strong wind shear, coupled with moderately strong instability that persisted well into the overnight hours, this squall line was able to produced numerous tornadoes and widespread damaging wind as it moved across eastern Oklahoma.",485
632430,MUSKOGEE CO.,BRAGGS,04/26/2016,2234,Tornado, ,EF1,0,0,50000,0,OK,CST-6, ,104560,C,101,TSA,0,0,NWS Storm Survey, ,5.1,800,4,S,3,SE,CAMP GRUBER,04/26/2016,2239,35.6102,-95.2131,35.6436,-95.1326,"This tornado snapped or uprooted numerous trees, damaged buildings at Greenleaf State Park, and snapped power poles. The end point is estimated based on radar data as the tornado moved onto Camp Gruber, which was inaccessible to the survey team. Based on this damage, maximum estimated wind in the tornado was 100 to 110 mph.","Thunderstorms developed over northeastern Oklahoma during the late morning and early afternoon hours of the 26th, as a weak upper level disturbance passed through the area. The storms produced small hail over portions of northeastern Oklahoma.||By late afternoon, the atmosphere over central and eastern Oklahoma had become very unstable. Thunderstorms developed along and ahead of a dry line that had moved into western Oklahoma. These storms quickly became severe as they moved eastward during the late afternoon and evening hours. The storms formed into a very organized squall line over central Oklahoma during the evening. Ahead of this squall line over eastern Oklahoma, very strong low level wind shear had developed as the low level jet strengthened across the area. As a result of this strong wind shear, coupled with moderately strong instability that persisted well into the overnight hours, this squall line was able to produced numerous tornadoes and widespread damaging wind as it moved across eastern Oklahoma.",486
632433,MAYES CO.,STRANG,04/26/2016,2235,Tornado, ,EF0,0,0,20000,0,OK,CST-6, ,104560,C,97,TSA,0,0,NWS Storm Survey, ,4.7,750,3,S,1,NNE,SPAVINAW,04/26/2016,2241,36.3815,-95.1287,36.3901,-95.0444,"This tornado uprooted a few trees, snapped numerous large tree limbs, and damaged outbuildings. Based on this damage, maximum estimated wind in the tornado was 75 to 85 mph.","Thunderstorms developed over northeastern Oklahoma during the late morning and early afternoon hours of the 26th, as a weak upper level disturbance passed through the area. The storms produced small hail over portions of northeastern Oklahoma.||By late afternoon, the atmosphere over central and eastern Oklahoma had become very unstable. Thunderstorms developed along and ahead of a dry line that had moved into western Oklahoma. These storms quickly became severe as they moved eastward during the late afternoon and evening hours. The storms formed into a very organized squall line over central Oklahoma during the evening. Ahead of this squall line over eastern Oklahoma, very strong low level wind shear had developed as the low level jet strengthened across the area. As a result of this strong wind shear, coupled with moderately strong instability that persisted well into the overnight hours, this squall line was able to produced numerous tornadoes and widespread damaging wind as it moved across eastern Oklahoma.",487
632436,CHEROKEE CO.,QUALLS,04/26/2016,2246,Tornado, ,EF1,0,0,150000,0,OK,CST-6, ,104560,C,21,TSA,0,0,NWS Storm Survey, ,7.2,700,2,S,2,NNE,COOKSON TENKILLER AR,04/26/2016,2255,35.6913,-95.0443,35.7237,-94.9225,"This tornado destroyed outbuildings, destroyed a boat dock on Lake Tenkiller, damaged homes, and snapped or uprooted numerous trees. Based on this damage, maximum estimated wind in the tornado was 100 to 110 mph.","Thunderstorms developed over northeastern Oklahoma during the late morning and early afternoon hours of the 26th, as a weak upper level disturbance passed through the area. The storms produced small hail over portions of northeastern Oklahoma.||By late afternoon, the atmosphere over central and eastern Oklahoma had become very unstable. Thunderstorms developed along and ahead of a dry line that had moved into western Oklahoma. These storms quickly became severe as they moved eastward during the late afternoon and evening hours. The storms formed into a very organized squall line over central Oklahoma during the evening. Ahead of this squall line over eastern Oklahoma, very strong low level wind shear had developed as the low level jet strengthened across the area. As a result of this strong wind shear, coupled with moderately strong instability that persisted well into the overnight hours, this squall line was able to produced numerous tornadoes and widespread damaging wind as it moved across eastern Oklahoma.",488
632441,DELAWARE CO.,TWIN OAKS,04/26/2016,2258,Tornado, ,EF1,0,0,100000,0,OK,CST-6, ,104560,C,41,TSA,0,0,NWS Storm Survey, ,10.1,850,0,WNW,1,SW,COLCORD,04/26/2016,2309,36.2027,-94.8572,36.2606,-94.6895,"This tornado destroyed outbuildings, damaged the roofs of homes, snapped or uprooted trees, and blew down power poles. Based on this damage, maximum estimated wind in the tornado was 90 to 100 mph.","Thunderstorms developed over northeastern Oklahoma during the late morning and early afternoon hours of the 26th, as a weak upper level disturbance passed through the area. The storms produced small hail over portions of northeastern Oklahoma.||By late afternoon, the atmosphere over central and eastern Oklahoma had become very unstable. Thunderstorms developed along and ahead of a dry line that had moved into western Oklahoma. These storms quickly became severe as they moved eastward during the late afternoon and evening hours. The storms formed into a very organized squall line over central Oklahoma during the evening. Ahead of this squall line over eastern Oklahoma, very strong low level wind shear had developed as the low level jet strengthened across the area. As a result of this strong wind shear, coupled with moderately strong instability that persisted well into the overnight hours, this squall line was able to produced numerous tornadoes and widespread damaging wind as it moved across eastern Oklahoma.",489
632444,PUSHMATAHA CO.,NOLIA,04/26/2016,2303,Tornado, ,EF1,0,0,125000,0,OK,CST-6, ,104560,C,127,TSA,0,0,NWS Storm Survey, ,1.5,500,9,SSE,7,SSE,NOLIA,04/26/2016,2305,34.385,-95.0718,34.4068,-95.0645,"This tornado destroyed a chicken house, destroyed an outbuilding, and snapped or uprooted trees. Based on this damage, maximum estimated wind in the tornado was 85 to 95 mph.","Thunderstorms developed over northeastern Oklahoma during the late morning and early afternoon hours of the 26th, as a weak upper level disturbance passed through the area. The storms produced small hail over portions of northeastern Oklahoma.||By late afternoon, the atmosphere over central and eastern Oklahoma had become very unstable. Thunderstorms developed along and ahead of a dry line that had moved into western Oklahoma. These storms quickly became severe as they moved eastward during the late afternoon and evening hours. The storms formed into a very organized squall line over central Oklahoma during the evening. Ahead of this squall line over eastern Oklahoma, very strong low level wind shear had developed as the low level jet strengthened across the area. As a result of this strong wind shear, coupled with moderately strong instability that persisted well into the overnight hours, this squall line was able to produced numerous tornadoes and widespread damaging wind as it moved across eastern Oklahoma.",490
632449,OTTAWA CO.,PEORIA,04/26/2016,2307,Tornado, ,EF1,0,0,150000,0,OK,CST-6, ,104560,C,115,TSA,0,0,NWS Storm Survey, ,1.6,350,5,S,5,SSE,PEORIA,04/26/2016,2310,36.8481,-94.6522,36.8602,-94.6265,"This tornado damaged a home, destroyed outbuildings, destroyed farm equipment, snapped or uprooted numerous trees, and blew down power poles. Based on this damage, maximum estimated wind in the tornado was 90 to 100 mph.","Thunderstorms developed over northeastern Oklahoma during the late morning and early afternoon hours of the 26th, as a weak upper level disturbance passed through the area. The storms produced small hail over portions of northeastern Oklahoma.||By late afternoon, the atmosphere over central and eastern Oklahoma had become very unstable. Thunderstorms developed along and ahead of a dry line that had moved into western Oklahoma. These storms quickly became severe as they moved eastward during the late afternoon and evening hours. The storms formed into a very organized squall line over central Oklahoma during the evening. Ahead of this squall line over eastern Oklahoma, very strong low level wind shear had developed as the low level jet strengthened across the area. As a result of this strong wind shear, coupled with moderately strong instability that persisted well into the overnight hours, this squall line was able to produced numerous tornadoes and widespread damaging wind as it moved across eastern Oklahoma.",491
632454,SEQUOYAH CO.,FOREMAN,04/26/2016,2323,Tornado, ,EF1,0,0,25000,0,OK,CST-6, ,104560,C,135,TSA,0,0,NWS Storm Survey, ,4.3,500,3,N,3,SW,ROLAND,04/26/2016,2329,35.3684,-94.6262,35.3943,-94.5578,"This tornado snapped or uprooted numerous trees, and damaged the roofs of several homes. Based on this damage, maximum estimated wind in the tornado was 100 to 110 mph.","Thunderstorms developed over northeastern Oklahoma during the late morning and early afternoon hours of the 26th, as a weak upper level disturbance passed through the area. The storms produced small hail over portions of northeastern Oklahoma.||By late afternoon, the atmosphere over central and eastern Oklahoma had become very unstable. Thunderstorms developed along and ahead of a dry line that had moved into western Oklahoma. These storms quickly became severe as they moved eastward during the late afternoon and evening hours. The storms formed into a very organized squall line over central Oklahoma during the evening. Ahead of this squall line over eastern Oklahoma, very strong low level wind shear had developed as the low level jet strengthened across the area. As a result of this strong wind shear, coupled with moderately strong instability that persisted well into the overnight hours, this squall line was able to produced numerous tornadoes and widespread damaging wind as it moved across eastern Oklahoma.",492
627351,COMANCHE CO.,ELGIN,04/29/2016,1429,Tornado, ,EF1,0,0,10000,0,OK,CST-6, ,104226,C,31,OUN,0,0,NWS Storm Survey, ,4,700,2,WNW,1,WSW,FLETCHER,04/29/2016,1438,34.792,-98.315,34.814,-98.258,"A tornado developed just northwest of Elgin. It initially moved north, then turned east-northeast dissipating just before reaching Fletcher. Mobile homes were damaged along the path as well as trees, power lines, and outbuildings.","Initial storms on the morning of the 29th formed along a stationary boundary. As an upper level low moved in, more storms formed in the panhandles and moved into Oklahoma toward late morning through the afternoon. Toward evening, some of the last storms formed into a line before exiting the area to the east.",493
627352,CADDO CO.,CYRIL,04/29/2016,1454,Tornado, ,EF0,0,0,2000,0,OK,CST-6, ,104226,C,15,OUN,0,0,Trained Spotter, ,0.5,20,4,ESE,4,ESE,CYRIL,04/29/2016,1455,34.873,-98.128,34.873,-98.128,"A brief tornado was observed in southeastern Caddo County. Minor damage was noted to a house near the H.E. Bailey Turnpike to the east-southeast of Cyril.","Initial storms on the morning of the 29th formed along a stationary boundary. As an upper level low moved in, more storms formed in the panhandles and moved into Oklahoma toward late morning through the afternoon. Toward evening, some of the last storms formed into a line before exiting the area to the east.",494
627354,GRADY CO.,AGAWAM,04/29/2016,1503,Tornado, ,EF1,0,0,35000,0,OK,CST-6, ,104226,C,51,OUN,0,0,NWS Storm Survey, ,12,1000,6,WNW,4,ENE,NINNEKAH,04/29/2016,1522,34.9,-98.044,34.962,-97.853,"A large tornado developed in southwestern Grady County to the southwest of Ninnekah and moved east-northeast, passing just south of Ninnekah. The tornado dissipated as it crossed state highway 19 to the east of Ninnekah. The tornado damaged at least three homes and destroyed one mobile home south of Ninnekah.","Initial storms on the morning of the 29th formed along a stationary boundary. As an upper level low moved in, more storms formed in the panhandles and moved into Oklahoma toward late morning through the afternoon. Toward evening, some of the last storms formed into a line before exiting the area to the east.",495
633050,STEPHENS CO.,MARLOW,05/08/2016,1803,Tornado, ,EFU,0,0,0,0,OK,CST-6, ,104765,C,137,OUN,0,0,Trained Spotter, ,1.3,40,8,SW,7,SW,MARLOW,05/08/2016,1807,34.581,-98.076,34.581,-98.053,"Numerous spotters and storm chasers observed a tornado near State Highway 7 to the southeast of the town of Central High. No significant damage was reported.","With the help of an upper low, storms fired along the dryline in western Oklahoma on the 8th, with some of them becoming severe and producing flash flooding.",496
633058,GARVIN CO.,HENNEPIN,05/09/2016,1506,Tornado, ,EF4,1,0,1000000,0,OK,CST-6, ,104767,C,49,OUN,0,0,NWS Storm Survey, ,8.9,400,3,N,5,SW,WYNNEWOOD,05/09/2016,1527,34.559,-97.357,34.589,-97.21,"A tornado developed 1.25 miles south of the community of Katie, OK, or about 3.4 miles north of Hennepin. The tornado was observed to be very dynamic as it moved east-northeast and east. Initially damage was confined to trees until the tornado crossed county road 1690 where a home was destroyed where only interior walls remained standing. To the east of this house, two mobile homes were damaged on the southern periphery of the tornado path. The tornado moved east-northeast damaging another mobile home, then east removing the roof from a home on Indian Meridian Road.||The tornado varied in movement between northeast and southeast as it approached and crossed county road 1680. A home was destroyed near county road 1680 and Indian Meridian Road where an EF4 rating was applied (DI 2, DOD 9). Further east, a fatality occurred when the tornado destroyed a modular home. After destroying another home, the tornado moved northeast and dissipated near Interstate 35.","With the help of an upper low, storms fired along the dryline in central Oklahoma on the 9th, with some of them becoming severe.",497
633084,MURRAY CO.,JOY,05/09/2016,1534,Tornado, ,EF3,0,0,4000000,0,OK,CST-6, ,104767,C,99,OUN,0,0,NWS Storm Survey, ,15.1,1500,2,S,3,NNW,HICKORY,05/09/2016,1613,34.565,-97.146,34.593,-96.884,"After the Katie tornado dissipated, the storm produced another tornado that developed just west of US-77 between Wynnewood and Davis. Some tree damage was noted between the Washita River and US-77. The tornado moved about three miles through open land before damaging or destroying numerous houses and other structures along and near Palmer Road and Buel Green Road to the northwest and north of Sulphur. Through this time, the tornado grew to nearly one mile in width. Numerous houses from Meadow road to just east of US-177 received EF3 damage. Near Meadow Road and Burnside Road, cars parked near a destroyed barn were displaced about 280 yards to the east. Preliminary analysis of winds from the Doppler on Wheels mobile research radar provided by the Center for Severe Weather Research indicated approximately 218 mph (+/-) at 17 meters AGL near US-177 N of Buel Green Road, however there were no structures in the immediate vicinity of this wind maximum to give a corresponding damage rating.||The tornado moved east-northeast after crossing US-177 with the path width gradually diminishing. The tornado moved along the Murray-Pontotoc County line affecting both counties for the last three miles before dissipating about 2 miles south-southwest of Roff. The center line of the tornado did move into Pontotoc County approximately three miles southwest of Roff.","With the help of an upper low, storms fired along the dryline in central Oklahoma on the 9th, with some of them becoming severe.",498
633087,PONTOTOC CO.,ROFF,05/09/2016,1613,Tornado, ,EF2,0,0,0,0,OK,CST-6, ,104767,C,123,OUN,0,0,NWS Storm Survey, ,1.5,600,4,SW,3,SSW,ROFF,05/09/2016,1617,34.593,-96.884,34.595,-96.859,"The tornado that passed north of Sulphur in Murray County moved along the Murray-Pontotoc County line for three miles affecting both counties before dissipating approximately 2 miles south-southwest of Roff. The center of the tornadic circulation moved east-northeast into Pontotoc County approximately 3 miles southwest of Roff.","With the help of an upper low, storms fired along the dryline in central Oklahoma on the 9th, with some of them becoming severe.",499
633088,CLEVELAND CO.,LAKE THUNDERBIRD DAM,05/09/2016,1616,Tornado, ,EFU,0,0,0,0,OK,CST-6, ,104767,C,27,OUN,0,0,Trained Spotter, ,0.1,10,1,WNW,1,WNW,LAKE THUNDERBIRD DAM,05/09/2016,1616,35.2228,-97.2282,35.2228,-97.2282,"A low-precipitation supercell produced a brief tornado/waterspout that was observed over Lake Thunderbird. The tornado remained over the lake and produced no damage.","With the help of an upper low, storms fired along the dryline in central Oklahoma on the 9th, with some of them becoming severe.",500
