EVENT_ID,CZ_NAME_STR,BEGIN_LOCATION,BEGIN_DATE,BEGIN_TIME,EVENT_TYPE,MAGNITUDE,TOR_F_SCALE,DEATHS_DIRECT,INJURIES_DIRECT,DAMAGE_PROPERTY_NUM,DAMAGE_CROPS_NUM,STATE_ABBR,CZ_TIMEZONE,MAGNITUDE_TYPE,EPISODE_ID,CZ_TYPE,CZ_FIPS,WFO,INJURIES_INDIRECT,DEATHS_INDIRECT,SOURCE,FLOOD_CAUSE,TOR_LENGTH,TOR_WIDTH,BEGIN_RANGE,BEGIN_AZIMUTH,END_RANGE,END_AZIMUTH,END_LOCATION,END_DATE,END_TIME,BEGIN_LAT,BEGIN_LON,END_LAT,END_LON,EVENT_NARRATIVE,EPISODE_NARRATIVE,ABSOLUTE_ROWNUMBER
598280,MANATEE CO.,TERRA CEIA,10/01/2015,849,Tornado, ,EF0,0,0,12000,0,FL,EST-5, ,99762,C,81,TBW,0,0,Department of Highways, ,0.39,30,3,WNW,3,WNW,TERRA CEIA,10/01/2015,851,27.5904,-82.6278,27.588,-82.6221,"Multiple reports were received of a waterspout that formed over the Tampa Bay and came onshore as a brief tornado near the southern end of the Skyway Bridge. The tornado crossed Interstate 275 and caused damage to a trailer. Track location was estimated based off of amateur video.","A line of scattered showers associated with a weak cold front passage produced a breif lived waterspout over the Tampa Bay that came onshore near the southern end of the Skyway Bridge as a weak tornado. The tornado crossed Interstate 275, damaging a parked trailer.",1
601724,WASHINGTON CO.,SPRING HOLLOW,11/02/2015,1054,Tornado, ,EF1,0,0,75000,0,FL,CST-6, ,100480,C,133,TAE,0,0,Emergency Manager, ,6.2,50,4,ESE,1,ESE,GILBERTS MILL,11/02/2015,1102,30.5651,-85.5547,30.6223,-85.4743,"The tornado touched down around Deltona Blvd and Peak Drive, downing a tree and a power line.  It tracked northeast to near Washington Blvd and Syfrett Road where the most significant damage occurred.  At this location, a tree was uprooted, a portion of a metal roof on a barn was torn off, a garage door was ripped off and caused a hole in the roof of a house, and a greenhouse was destroyed.  The tornado continued moving northeast, downing a tree on Highview Circle and quickly lifted thereafter.  The tornado was rated EF1 with max winds around 90 mph.  It also exhibited a tornadic debris signature on dual-pol radar.  Damage cost was estimated.","A cold front moved into the tri-state area with heavy rainfall and some severe weather.  In northwest Florida, an EF1 tornado touched down in Washington county with other straight line wind damage in Jackson county.  In addition, some flooding occurred in Walton county with over 6 inches of rain measured.",2
608586,WALTON CO.,MOSSY HEAD,11/18/2015,1135,Tornado, ,EF0,0,0,0,0,FL,CST-6, ,101770,C,131,TAE,0,0,Other Federal Agency, ,0.01,25,8,SSW,8,SSW,MOSSY HEAD,11/18/2015,1136,30.63,-86.35,30.6301,-86.3499,"A brief tornado touched down on Eglin Air Force Base property in western Walton county.  There are no structures in this area to impact, but a brief dual-pol tornadic debris signature was observed on KEVX radar with the storm.  A soil conservation technician from Eglin AFB was dispatched to investigate the area for any signs of a tornado.  The technician found green twigs of swampbay magnolia (Magnolia Virginiana) that were displaced 200 yards downstream from where they grow at the exact coordinates of the tornadic debris signature seen on dual-pol radar.  The tornado was rated EF0.","A strong upper level trough and surface cold front affected the region during November 18th.  Three tornadoes were confirmed in northwest Florida.",3
608587,WALTON CO.,LIBERTY,11/18/2015,1205,Tornado, ,EF0,0,0,0,0,FL,CST-6, ,101770,C,131,TAE,0,0,Public, ,0.07,50,1,WNW,1,WNW,LIBERTY,11/18/2015,1207,30.8231,-86.2279,30.824,-86.2273,"The public reported sighting a brief tornado touchdown near Highway 331 north of the Eglin AFB territory in western Walton county.  The tornado did not produce any structural damage.  This was the same thunderstorm that produced the brief tornado and dual-pol tornadic debris signature while over the Eglin AFB territory.","A strong upper level trough and surface cold front affected the region during November 18th.  Three tornadoes were confirmed in northwest Florida.",4
608583,GADSDEN CO.,GRETNA,11/18/2015,1805,Tornado, ,EF0,0,0,0,0,FL,EST-5, ,101770,C,39,TAE,0,0,NWS Storm Survey, ,2.67,50,1,WNW,2,NNE,GRETNA,11/18/2015,1813,30.614,-84.6823,30.637,-84.6463,"An EF0 tornado with winds estimated around 70 mph touched down in Gadsden county near Gretna and tracked northeast across Hardaway Highway.  One tree was blown down onto Hardaway Highway and a dual-pol tornadic debris signature was observed from KTLH radar at that location.  This is a rural area with no structures impacted.","A strong upper level trough and surface cold front affected the region during November 18th.  Three tornadoes were confirmed in northwest Florida.",5
612738,SANTA ROSA CO.,CHUMUCKLA,12/28/2015,830,Tornado, ,EF1,0,0,10000,0,FL,CST-6, ,102536,C,113,MOB,0,0,NWS Storm Survey, ,0.78,75,1,SW,0,NW,CHUMUCKLA,12/28/2015,832,30.7626,-87.2375,30.7736,-87.2348,"A National Weather Service survey team confirmed damage of an EF-1 tornado a little over 2 miles southwest of Chumuckla. The tornado tracked alomst a mile north-northeast before weakening to an EF-0 and dissipating. The team was unable to survey a heavily wooded area to the south. It is possible the track could extend further southward. The tornado tracked through a forested area and across an open field. Damage was generally confined to uprooted pecan trees and well as snapped cedar and pine trees. This damage is consistent with EF-1 wind speeds around 107 mph. The maximum width of the tornado was 75 yards.","A powerful upper level disturbance combined with unseasonably high moisture and instability resulted in a few severe thunderstorms and one brief tornado in the western Florida Panhandle.",6
618069,MONROE CO.,KEY COLONY BEACH,01/08/2016,630,Tornado, ,EF0,0,0,2000,0,FL,EST-5, ,103405,C,87,KEY,0,0,Local Official, ,0.09,20,1,NNE,1,NNE,KEY COLONY BEACH,01/08/2016,631,24.7315,-81.0139,24.7324,-81.0128,"A waterspout was observed as a condensation funnel cloud over a marine basin approximately 630 am EST north of Key Colony Beach and just west of the Coco Plum Drive causeway.   The waterspout was observed crossing the causeway as a tornado at a seafood distribution business damaging a metal overhang.  Tarps and canvas coverings on vessels docked in the adjacent marina were partially or completely removed, with a few torn.   No structural damage to buildings or vessels was observed.  The tornado exited the causeway as a waterspout and dissipated very shortly thereafter.","A waterspout associated with a developing rain shower moved northeast and made landfall as a tornado over a causeway in the Coco Plum section of the City of Marathon, Florida.  Minor damage resulted as the tornado exited the causeway and dissipated as a waterspout.",7
607553,LEE CO.,MATLACHA,01/09/2016,1845,Tornado, ,EF2,0,3,2000000,0,FL,EST-5, ,101524,C,71,TBW,0,0,NWS Storm Survey, ,3.35,182,4,SSE,5,NNE,PUNTA RASSA,01/09/2016,1852,26.57,-82.037,26.575,-81.983,"NWS Storm Survey revealed EF-2 tornado damage in the western sections of Cape Coral. The tornado damaged 178 structures in total. One home was completely destroyed while 14 sustained major damage and another 163 sustained minor damage. The minor damage mainly consisted of roof damage and destroyed pool cages. Over 100 power poles were knocked down along the tornado's path along with many trees. The tornado injured three people while it was on the ground for about 7 minutes.","A band of showers and thunderstorms moved across southwest Florida ahead of a cold front. One of these storms produced an EF-2 tornado and severe wind gusts in Lee county.",8
609325,LEE CO.,WHISKEY CREEK,01/15/2016,1110,Tornado, ,EF1,0,0,200000,0,FL,EST-5, ,101853,C,71,TBW,0,0,NWS Storm Survey, ,0.19,45,2,SSW,2,SSW,WHISKEY CREEK,01/15/2016,1112,26.5503,-81.9126,26.552,-81.9102,"NWS Storm Survey detected EF-1 tornado damage across a small portion of Lee County. A roof was partially torn off a condo in the Whiskey Creek area. Damage was also seen to a few palm trees in the area. Four structures sustained damage.","A low pressure system offshore of Alabama lifted a warm front across Florida during the late morning hours. The southern portion of the peninsula was in the warm sector with a very moist and unstable airmass in place. Severe thunderstorms produced areas of straight-line wind damage along with a brief tornado.",9
609339,SARASOTA CO.,PINE SHRS,01/17/2016,310,Tornado, ,EF2,0,2,12000000,0,FL,EST-5, ,101881,C,115,TBW,0,0,NWS Storm Survey, ,1.15,350,1,WNW,1,S,SOUTH SARASOTA,01/17/2016,315,27.253,-82.5396,27.2663,-82.5284,"An NWS Storm Survey crew found damage to multiple homes and structures along the path of the tornado. One home on Siesta Key had the second floor collapse on to the first. Two people were injured in that home. The tornado was 350 yards wide as it came ashore on Siesta Key before narrowing to around 100 yards wide as it crossed the intercoastal waterways.","A strong and deepening area of low pressure across the northern Gulf pushed a strong line of thunderstorms across the Florida peninsula. Numerous supercell thunderstorms were observed and a few produced strong tornadoes along and near the coast.",10
609389,MANATEE CO.,OAK KNOLL,01/17/2016,335,Tornado, ,EF2,2,4,150000,0,FL,EST-5, ,101881,C,81,TBW,0,0,NWS Storm Survey, ,9.2,300,5,NE,4,N,DUETTE,01/17/2016,348,27.538,-82.219,27.642,-82.126,"The NWS Storm Survey found a single-wide mobile home destroyed and rolled over. Seven people were inside the home, two adults were killed with four injured. The tornado also destroyed a 2000 square foot barn. The damage was in a very rural, isolated area and the Manatee County Sheriffs surveyed the storm track by helicopter and found numerous trees down along the path.","A strong and deepening area of low pressure across the northern Gulf pushed a strong line of thunderstorms across the Florida peninsula. Numerous supercell thunderstorms were observed and a few produced strong tornadoes along and near the coast.",11
609610,MARTIN CO.,GOMEZ,01/17/2016,713,Tornado, ,EF1,0,0,100000,0,FL,EST-5, ,101918,C,85,MLB,0,0,NWS Storm Survey, ,0.8,75,1,N,1,NNE,GOMEZ,01/17/2016,715,27.0873,-80.1497,27.0963,-80.1416,"A NWS storm survey team determined an EF-1 tornado touched down in Hobe Sound, just east of U.S. Highway 1, in a wooded area between SE Courtney Terrace and SE Highpoint Way. Numerous uprooted trees (convergent pattern) indicated peak winds near 90 mph. The tornado then moved east-northeast and weakened to EF-0 strength, affecting a three block area before lifting near the intercoastal waterway between SE Marina Bay Drive and SE Palm Street. Eight homes sustained minor damage due to falling trees and debris penetration of windows. Four vehicles were also damaged from falling trees and flying debris. DI28 DOD3 EXP.","A low pressure system pushed a rapidly-moving squall line across east-central Florida during the morning. A thunderstorm within the line acquired rotation as moved from interior Martin County toward the coast and resulted in a brief tornado in the town of Hobe Sound.",12
608600,WALTON CO.,CANEY CREEK,01/22/2016,144,Tornado, ,EF0,0,0,0,0,FL,CST-6, ,101772,C,131,TAE,0,0,Official NWS Observations, ,3.03,50,1,NNE,3,SW,GASKIN,01/22/2016,149,30.8969,-86.1972,30.9335,-86.1691,"Trees were blown down and a dual-pol tornadic debris signature was observed on KEVX radar along this track.  No structural damage was reported in this very rural area.  This tornado was rated EF0.","A strong upper level trough and surface cold front moved through the region during the early morning hours of January 22nd.  A squall line developed ahead of the front and produced some wind damage and a couple of brief tornadoes.",13
608601,CALHOUN CO.,BROAD BRANCH,01/22/2016,349,Tornado, ,EF0,0,0,0,0,FL,CST-6, ,101772,C,13,TAE,0,0,Official NWS Observations, ,1.17,50,3,NNW,4,N,BROAD BRANCH,01/22/2016,351,30.3563,-85.3032,30.3698,-85.2913,"Trees were blown down and a dual-pol tornadic debris signature was observed from KEVX radar along this track.  No structural damage was reported in this very rural area.  This tornado was rated EF0.","A strong upper level trough and surface cold front moved through the region during the early morning hours of January 22nd.  A squall line developed ahead of the front and produced some wind damage and a couple of brief tornadoes.",14
611445,BROWARD CO.,(FXE)FT LAUDRDL EXEC,01/27/2016,930,Tornado, ,EF1,0,2,850000,0,FL,EST-5, ,102267,C,11,MFL,0,0,NWS Storm Survey, ,2.29,35,3,NNW,2,WNW,COCONUT CREEK,01/27/2016,936,26.2349,-80.1809,26.2601,-80.1568,"The tornado first touched down near the intersection of NW 2nd Court and NW 43rd Avenue, snapping and uprooting several trees and damaging fences as it traveled to the northeast. Damage was reported across NW 42nd Avenue, Palmetto Drive, and Coconut Creek Boulevard in the path of the tornado. Discontinuous damage to trees and power lines occurred as the tornado then travelled across the Broward College North Campus.  On the north end of campus, several cars in the north parking lot near the Health Sciences Building were tossed into each other. The tornado then crossed Coconut Creek Parkway just to the west of the Florida Turnpike, flipping a community bust on the road. The driver of the bus sustained a minor injury. On the north side of the road, the tornado moved through the Wynmoor Village Condo Complex where the most significant damage was reported. Numerous trees were uprooted across the complex, with a few snapped in half and debarked, along with snapped light poles and damage to fences. Several mid-level condo buildings sustained moderate roof damage where roofing material and portions of concrete block were peeled off and thrown several yards, damaging numerous cars in the parking lot. The tornado then crossed the Florida's Turnpike near the mile marker 67 entrance and exit ramps. Several cars were tossed and damaged along  the Turnpike, including one southbound travelling car that was flipped into the northbound lane, resulting in a minor injury. The tornado then weakened as it moved to the east side of the Turnpike, where large limbs were broken off trees, power lines knocked down, and smaller trees uprooted along Blount Road. Minor roof damage occurred to the North Homeless Assistance Center in this area. A tractor trailer was flipped at the Whole Foods Warehouse along NW 19th street and Blount Road, before the tornado travelled further northeast causing moderate tree damage along NW 25th Avenue. The tornado lifted near Copans Road and NW 25th Street.","Several waves of severe storms developed across South Florida during the two day period of the 27th and 28th. The first wave of storms occurred with a weak warm front that lifted over the region during the morning hours of the 27th, producing a tornado along the east coast. This line persisted for most of the day, leading to minor flooding of roads in some locations. The second wave occurred as a Gulf low lifted northeast over the state and pushed a cold front into the region. Another tornado developed along the east coast, along with additional thunderstorm wind damage. Several days of rainfall also led to additional flooding of homes in Collier county.",15
611448,PALM BEACH CO.,DELRAY BEACH,01/28/2016,1032,Tornado, ,EF0,0,0,0,0,FL,EST-5, ,102267,C,99,MFL,0,0,Law Enforcement, ,7.12,10,2,WSW,2,SSE,HYPOLUXO,01/28/2016,1043,26.4568,-80.1025,26.5453,-80.0434,"The tornado initially touched down near the intersection of SW 3rd Street and SW 27th Avenue, before travelling northeast and causing roof damage to a church at the corner of Homewood Avenue and Atlantic Avenue. The tornado then travelled north-northeast, leading to snapped trees and broken large branches near N Congress Avenue just west of I-95. Additional large downed trees were reported in the Delray Park of Commerce Complex in this area. The tornado then crossed I-95 near Lake Ida and Lake Ida Park, leading to tree and fence damage along the east side of the lake. The tornado then lifted briefly, before touching down again a mile or so northeast near Bethesda Hospital where additional tree and fence damage in the vicinity. The track continued to the north-northeast, crossing US 1 to the north of E Woolbright Road. Large limbs and several small trees were knocked down at several businesses along the US 1 corridor. Additional minor damage was reported in the Sterling Village Condominiums before the tornado briefly became a waterspout as it crossed the Intracoastal Waterway. The track then briefly moved across the barrier island near E Ocean Avenue, before moving offshore near Boynton Inlet.","Several waves of severe storms developed across South Florida during the two day period of the 27th and 28th. The first wave of storms occurred with a weak warm front that lifted over the region during the morning hours of the 27th, producing a tornado along the east coast. This line persisted for most of the day, leading to minor flooding of roads in some locations. The second wave occurred as a Gulf low lifted northeast over the state and pushed a cold front into the region. Another tornado developed along the east coast, along with additional thunderstorm wind damage. Several days of rainfall also led to additional flooding of homes in Collier county.",16
620077,ESCAMBIA CO.,MC DAVID,02/15/2016,1532,Tornado, ,EF3,0,3,5000000,0,FL,CST-6, ,103720,C,33,MOB,0,0,NWS Storm Survey, ,12.57,300,4,W,3,ENE,SOUTH FLOMATON,02/15/2016,1550,30.8707,-87.381,30.9968,-87.2281,"This tornado developed from an isolated supercell thunderstorm. The tornado first touched down southwest of Lambert-Ridge Road southeast of McDavid. The tornado gradually increased in strength and width as it continued northeast toward Century. The first EF-2 intensity damage noted was on Holland Drive where a workshop was completely destroyed. The tornado reached its peak intensity (widespread EF-2 damage with isolated EF-3 damage) as it moved into Century. Numerous homes were damaged or destroyed. A couple of homes experienced complete loss of the roof with only the walls of small interior rooms remaining. Extensive tree damage was noted with numerous softwood and hardwood trees either uprooted or snapped. Numerous power poles were also snapped. The tornado continued to track northeast out of Century and moved across the Florida Alabama state line into Escambia County Alabama.","Severe thunderstorms developed across the Florida Panhandle during the afternoon and evening of February 15th as a strong upper level disturbance moved from the southern Plains to the Tennessee Valley. The severe storms developed along and ahead of the trailing cold front, producing both tornadoes and straight line wind damage.",17
614717,GLADES CO.,MOORE HAVEN,02/16/2016,449,Tornado, ,EF1,0,0,0,0,FL,EST-5, ,102823,C,43,MFL,0,0,Emergency Manager, ,1.77,75,2,WSW,0,S,MOORE HAVEN,02/16/2016,453,26.8173,-81.1064,26.8276,-81.0802,"The tornado initially touched down near the intersection of West Avenue and North Avenue, creating partial roof damage to a home along North Avenue as well as destroying a back porch and piercing side of nearby shed with debris. The tornado then traveled to the northeast, downing powerlines along the northeast side of the intersection of North Avenue and Riverside Drive SW as well as partially destroying a fence and uprooting trees. The tornado then moved northeast across the Caloosahatchee River. Additional roof debris was found in open fields on the east side of the river near River Road and Azalea Avenue. The tornado then tracked across open fields, before crossing Old US 27 and US 27 near Yaun Road. The most signficant damage occurred along the north side of Yaun Road where two mobile homes were destroyed. One mobile home was flipped and totaled, with debris scattered in a nearby field. The second mobile home remained standing, but most of the walls were removed. In addition to the mobile homes, a nearby fence was knocked down along with the destruction of a greenhouse, and dog and chicken pens. The porch roof of another mobile home was also destroyed. The tornado then lifted shortly thereafter just before crossing the railroad tracks near Park Avenue East.","A strong squall line intensified well ahead of a cold front over the eastern Gulf of Mexico during the early morning hours of February 16th. The line produced straight line wind damage near Naples as it moved onshore, along with tornadoes in Glades and Collier counties. Three additional tornadoes developed across the east coast metro in Broward and Miami-Dade counties, as the squall line interacted with the southeasterly flow along the coast. In addition to the tornadoes, straight line wind gusts of 60 to 70 mph were reported across eastern Palm Beach and Broward counties, producing damage in Fort Lauderdale, West Palm Beach, Pembroke Pines, and Miramar. Small hail was also reported in Davie and Sunrise with a tornadic storm.",18
614607,COLLIER CO.,SUNNILAND,02/16/2016,510,Tornado, ,EF0,0,0,0,0,FL,EST-5, ,102823,C,21,MFL,0,0,Law Enforcement, ,4,10,10,ESE,13,E,SUNNILAND,02/16/2016,517,26.22,-81.18,26.24,-81.12,"FHP officer travelling eastbound on I-75 reported a tornado touchdown north of the highway around mile marker 70 at 510 am. The officer lost site of the tornado at mile marker 66 at 517 am as it continued to travel northeast away from the interstate.","A strong squall line intensified well ahead of a cold front over the eastern Gulf of Mexico during the early morning hours of February 16th. The line produced straight line wind damage near Naples as it moved onshore, along with tornadoes in Glades and Collier counties. Three additional tornadoes developed across the east coast metro in Broward and Miami-Dade counties, as the squall line interacted with the southeasterly flow along the coast. In addition to the tornadoes, straight line wind gusts of 60 to 70 mph were reported across eastern Palm Beach and Broward counties, producing damage in Fort Lauderdale, West Palm Beach, Pembroke Pines, and Miramar. Small hail was also reported in Davie and Sunrise with a tornadic storm.",19
615179,BROWARD CO.,MIRAMAR,02/16/2016,705,Tornado, ,EF0,0,0,0,0,FL,EST-5, ,102823,C,11,MFL,0,0,Public, ,6.72,50,6,NNE,2,NW,DAVIE,02/16/2016,718,26.0747,-80.3628,26.0905,-80.256,"The tornado touched down just to the south of the intersection of South Post and Weston Roads at 705 am, knocking over a large tree and spreading significant tree limb debris into nearby car dealerships on the east side of the roadway. The tornado then crossed I-75 just south of SW 36th Street, knocking over trees in the field on the east side of the highway. Additional trees were uprooted and snapped as the track continued northeast near the intersection of SW 37th Street and SW 150th Avenue. More tree damaged occurred further east in the Davie/Fort Lauderdale KOA near the intersection of SW 37th Court and Boyscout Road. A row of power lines was knocked down along 130th Avenue just to the north of SW 36th Court, before the tornado crossed Flamingo Road, tearing a large limb off of a massive tree in Flamingo Gardens. Continuing further northeast, the tornado downed additional trees and power lines down along Canyon Maple Boulevard with shingle damage to roofs to home in the vicinity. Several large trees were then downed along West Lake Villa Circle before the tornado crossed Nob Hill Road. Additional trees were uprooted near Tree Tops and Westridge Parks on the east side of the roadway. Eyewitness reports in the vicinity also report airborne debris. The damage path ended around 718 AM with several large trees snapped and soffit damage to homes in the Escape At Arrowhead neighborhood along SW 24th Court and SW 81st Avenue.","A strong squall line intensified well ahead of a cold front over the eastern Gulf of Mexico during the early morning hours of February 16th. The line produced straight line wind damage near Naples as it moved onshore, along with tornadoes in Glades and Collier counties. Three additional tornadoes developed across the east coast metro in Broward and Miami-Dade counties, as the squall line interacted with the southeasterly flow along the coast. In addition to the tornadoes, straight line wind gusts of 60 to 70 mph were reported across eastern Palm Beach and Broward counties, producing damage in Fort Lauderdale, West Palm Beach, Pembroke Pines, and Miramar. Small hail was also reported in Davie and Sunrise with a tornadic storm.",20
614754,BROWARD CO.,COCONUT CREEK,02/16/2016,710,Tornado, ,EF1,0,0,160000,0,FL,EST-5, ,102823,C,11,MFL,0,0,NWS Storm Survey, ,3.47,50,1,SSW,1,NE,POMPANO BEACH AIRPAR,02/16/2016,716,26.242,-80.1349,26.2663,-80.0859,"The tornado touched down near the Mitchell Moore Aquatic Center just east of I-95 and north of NW 10th Street, then continued northeast to NW 14th street just west of North Dixie Highway where the strongest damage was observed, with severe roof damage to a home. The tornado then tracked northeast, crossing North Dixie Highway and damaging several horse stables on the east side of the road on the west side of the Pompano Beach Airpark. One horse in the stables sustained injuries. The tornado then moved across the western and northern portions of the airpark into the Pompano Beach Golf Course and the Citi Center, doing damage to trees across the property. The tornado crossed Federal Highway/US 1 near Copans Road, leading to additional damage in the Lighthouse Point area with many uprooted and broken trees, downed power lines, and minor roof damage. The track ended at NE 28th Avenue and NE 28th street less than a half mile from the beach.","A strong squall line intensified well ahead of a cold front over the eastern Gulf of Mexico during the early morning hours of February 16th. The line produced straight line wind damage near Naples as it moved onshore, along with tornadoes in Glades and Collier counties. Three additional tornadoes developed across the east coast metro in Broward and Miami-Dade counties, as the squall line interacted with the southeasterly flow along the coast. In addition to the tornadoes, straight line wind gusts of 60 to 70 mph were reported across eastern Palm Beach and Broward counties, producing damage in Fort Lauderdale, West Palm Beach, Pembroke Pines, and Miramar. Small hail was also reported in Davie and Sunrise with a tornadic storm.",21
615183,BROWARD CO.,PORT EVERGLADES,02/16/2016,734,Tornado, ,EF0,0,0,0,0,FL,EST-5, ,102823,C,11,MFL,0,0,Emergency Manager, ,1.87,50,1,N,2,E,PORT EVERGLADES,02/16/2016,738,26.11,-80.13,26.0958,-80.1044,"Numerous trees and powerlines down in Port Everglades area, including a 20 inch diameter pine tree snapped at its top. A catamaran capsized on Lake Sylvia with the owner trapped inside who was later rescued by Fire Rescue. An additional boat also capsized in the Port Everglades area. Dozens of beach chairs along Fort Lauderdale Beach were also tossed around and into the Atlantic.","A strong squall line intensified well ahead of a cold front over the eastern Gulf of Mexico during the early morning hours of February 16th. The line produced straight line wind damage near Naples as it moved onshore, along with tornadoes in Glades and Collier counties. Three additional tornadoes developed across the east coast metro in Broward and Miami-Dade counties, as the squall line interacted with the southeasterly flow along the coast. In addition to the tornadoes, straight line wind gusts of 60 to 70 mph were reported across eastern Palm Beach and Broward counties, producing damage in Fort Lauderdale, West Palm Beach, Pembroke Pines, and Miramar. Small hail was also reported in Davie and Sunrise with a tornadic storm.",22
615181,MIAMI-DADE CO.,BISCAYNE GARDENS,02/16/2016,751,Tornado, ,EF1,0,0,0,0,FL,EST-5, ,102823,C,86,MFL,0,0,NWS Storm Survey, ,3.78,150,2,NNW,2,W,GOLDEN BEACH,02/16/2016,759,25.9553,-80.2159,25.9519,-80.1551,"The tornado intially touched down along NW 197th Terrace and between NW 7th Court and NW 9th Avenue, doing damage to a metal awning and siding on a home. Several trees and large branches were blown down and broken to the east along NW 198th Street and NW 7th Court. The damage path continued to the east-southeast, with numerous downed trees and large limbs broken in the neighborhoods between NW 193rd Street and 197th Street to the north and south and NE 7th Street and NW 2nd Avenue to the east and west. The most significant damage in this area was a twisted carport on a house along NW 8th Court near NW 196th Street, where the corner of the roof was also lifted. Along NW 2nd Avenue, the siding was torn off of a fast food restaurant and blown to the east. The damage path continued to the east where additional trees and branches were snapped along NW 193rd Terrace and NW 193rd Street between NW 1st Place and NE 2nd Avenue. The damage path then briefly widened along Sierra Drive between Ives Dairy Road and NW 191st Street with sporadic EF1 damage ranging from snapped large trees to damage to the west facing shingles on an older masonary apartment building. Additional EF1 tree damage then occured along NE 195th and NE 196th Streets. The tornado then crossed I-95 where a semi-truck was blown off the road. The most significant damage occured along NE 191st Street and NE 14th Avenue where several power poles where tilted to the side, coconut palm trees uprooted, and the roofs of two apartment buildings where damaged. The damage path was then sporadic until the tornado crossed NE 18th Avenue, uprooting and snapping additional trees between NE 19th Place and NE 23rd Avenue and NE 191st Drive. The damage path ended along NE 191st Street before reaching the nearby canal, where one home sufferred roof damage, an electrical pole was bent, and tennis court fence blown down.","A strong squall line intensified well ahead of a cold front over the eastern Gulf of Mexico during the early morning hours of February 16th. The line produced straight line wind damage near Naples as it moved onshore, along with tornadoes in Glades and Collier counties. Three additional tornadoes developed across the east coast metro in Broward and Miami-Dade counties, as the squall line interacted with the southeasterly flow along the coast. In addition to the tornadoes, straight line wind gusts of 60 to 70 mph were reported across eastern Palm Beach and Broward counties, producing damage in Fort Lauderdale, West Palm Beach, Pembroke Pines, and Miramar. Small hail was also reported in Davie and Sunrise with a tornadic storm.",23
621845,ESCAMBIA CO.,FERRY PASS,02/23/2016,2010,Tornado, ,EF3,0,3,22000000,0,FL,CST-6, ,103945,C,33,MOB,0,0,NWS Storm Survey, ,2.99,300,1,SE,1,SE,ESCAMBIA,02/23/2016,2015,30.4907,-87.2052,30.5171,-87.1655,"The tornado first touched down southwest of Creighton Road and quickly strengthened as it moved northeast. The first area of EF-2 damage was noted on Lansing Drive where significant roof damage was observed to a couple of homes along with snapped power poles and extensive tree damage. The tornado crossed over Interstate 10 just west of 9th Avenue. EF-1 damage was noted primarily to hardwood trees in the area of Interstate 10 and 9th Avenue. Intensification was noted as it moved further east of 9th Avenue and east of Northpointe Boulevard. The roof was blown off of two homes, one on La Borde Lane and one on Gladstone Drive. Additional EF-2 damage to homes was observed further to the northeast on Tradewinds Drive. Two vehicles were overturned in this location. It was at this point that further intensification began. The tornado reached peak intensity as it moved over the Mooring Apartments on Old Spanish Trail and the General Electric plant. EF-3 damage was observed at two of the apartment buildings with major damage to the second story. EF-3 damage occurred at the GE plant where a warehouse was destroyed. Additional EF-3 damage was noted at the Grand Baroque townhomes on Scenic Highway where two unities were destroyed. The tornado then moved into Escambia Bay and produced additional damage once it moved into Santa Rosa County.","A unusually strong storm system produced a highly favorable setup for severe thunderstorms and tornadoes. The highest impact across the Florida Panhandle was from a strong tornado that impacted the Pensacola metro. Some flooding was also experienced.",24
621846,SANTA ROSA CO.,MULAT,02/23/2016,2017,Tornado, ,EF1,0,0,75000,0,FL,CST-6, ,103945,C,113,MOB,0,0,NWS Storm Survey, ,2.68,100,1,SSW,2,ENE,MULAT,02/23/2016,2021,30.5333,-87.1318,30.5563,-87.0956,"The tornado from Escambia County Florida moved into Santa Rosa County after moving across Escambia Bay. Some of the debris from the GE plant in Escambia County was found on the western shoreline of Santa Rosa County. EF-1 damage to trees and homes was observed near San Juan Street at Sealark Lane. The tornado continue northeast, producing additional EF-1 damage primarily to trees with some minor damage noted to other homes. The tornado finally lifted near Shetland Circle just west of Avalon Boulevard.","A unusually strong storm system produced a highly favorable setup for severe thunderstorms and tornadoes. The highest impact across the Florida Panhandle was from a strong tornado that impacted the Pensacola metro. Some flooding was also experienced.",25
613902,MANATEE CO.,OAK KNOLL,02/24/2016,1227,Tornado, ,EF1,0,0,0,0,FL,EST-5, ,102610,C,81,TBW,0,0,Public, ,8.58,50,6,ENE,5,NNE,MYAKKA HEAD,02/24/2016,1239,27.54,-82.2,27.54,-82.06,"The tornado impacted mainly rural areas of Manatee County. Numerous pictures of a line of snapped trees along the path were received. No storm survey was conducted due to the very rural located. Strength estimated off of tree damage pictures.","A strong area of low pressure pushing through the Deep South helped guide a cold front through the region on the 24th. The front spawned numerous strong to severe storms across the area some of which produced tornadoes.",26
613908,HILLSBOROUGH CO.,FORT LONESOME,02/24/2016,1245,Tornado, ,EF0,0,0,0,0,FL,EST-5, ,102610,C,57,TBW,0,0,Public, ,0.92,30,7,ESE,7,ESE,FORT LONESOME,02/24/2016,1248,27.65,-82.06,27.654,-82.0456,"A brief tornado moved through an open field near the Mosaic Phosphate Facility near Fort Lonesome.","A strong area of low pressure pushing through the Deep South helped guide a cold front through the region on the 24th. The front spawned numerous strong to severe storms across the area some of which produced tornadoes.",27
613909,CHARLOTTE CO.,MURDOCK,02/24/2016,1315,Tornado, ,EF0,0,0,50000,0,FL,EST-5, ,102610,C,15,TBW,0,0,NWS Storm Survey, ,0.22,50,1,SSE,1,SE,MURDOCK,02/24/2016,1316,27.0071,-82.1425,27.01,-82.1409,"An NWS Storm Survey found EF-0 Tornado Damage in Murdock. Damage mainly consisted of downed tress, damage light posts and blown out Windows. Winds were estimated to be around 65 mph. A Charlotte County Sheriffs deputy observed the tornado and it was also seen on video from the county administration building nearby.","A strong area of low pressure pushing through the Deep South helped guide a cold front through the region on the 24th. The front spawned numerous strong to severe storms across the area some of which produced tornadoes.",28
613910,CHARLOTTE CO.,CHARLOTTE HARBOR,02/24/2016,1322,Tornado, ,EF1,0,1,1600000,0,FL,EST-5, ,102610,C,15,TBW,0,0,NWS Storm Survey, ,2.72,100,2,NNE,5,NE,CHARLOTTE HARBOR,02/24/2016,1327,26.9991,-82.0391,27.0313,-82.0136,"A NWS Storm Survey found EF-1 tornado damage with winds estimated near 100 mph. 108 homes were affected with most of the damage limited to roofs and pool cages. However, 11 sustained major damage and were deemed uninhabitable by the county, one of which was destroyed. Numerous trees were uprooted and snapped with at least 8 different vehicles picked up and moved.","A strong area of low pressure pushing through the Deep South helped guide a cold front through the region on the 24th. The front spawned numerous strong to severe storms across the area some of which produced tornadoes.",29
615370,BROWARD CO.,PORT EVERGLADES,03/19/2016,1345,Tornado, ,EF0,0,0,0,0,FL,EST-5, ,102991,C,11,MFL,0,0,Law Enforcement, ,0.17,50,2,ENE,2,ESE,FT LAUDERDALE,03/19/2016,1346,26.1145,-80.1047,26.1168,-80.1039,"A tornado briefly touched down on the sand right along Fort Lauderdale Beach near the 600 block of Seabreeze Boulevard/A1A. The tornado flipped a few small boats and kayaks stored along the beach, beach chairs were flipped, and small signs blown down. No damage was observed to any nearby trees or buildings on the west side of A1A. The tornado became a waterspout as it moved off to the north-northeast into the Atlantic Ocean.","A line of storms moved into the Florida coast from the Gulf of Mexico during the late morning hours on March 19th. The combination of daytime heating, deep moisture, and a passing upper level system allowed the line to strengthen as it moved into South Florida. These storms produced a severe wind gust and dime size hail in Palm Beach county and tornado that briefly touched down along the beach in Broward County before moving offshore.",30
619393,PASCO CO.,JASMINE ESTATES,04/07/2016,451,Tornado, ,EF0,0,0,100000,0,FL,EST-5, ,103631,C,101,TBW,0,0,NWS Storm Survey, ,3.08,50,2,ENE,1,NE,PORT RICHEY COMPS SITE,04/07/2016,457,28.2994,-82.67,28.2997,-82.7206,"A NWS Survery crew found 25 homes that sustained damage mainly to pool cages, roofs, garages and carports. Numerous tree limbs were snapped at the top of the trees with a few being uprooted. A few business signs in the area were damaged or destroyed. Sporadic damage was found along the 3 mile path likely indicating the tornado may have lifted off the ground a time or two before dissipating.","A weak front moving through the region produced showers with a few thunderstorms. Low-level shear was enhanced significantly across the area allowing for the showers and storms to quickly rotate and produce a few brief tornadoes.",31
619380,PINELLAS CO.,CLEARWATER BEACH,04/07/2016,537,Tornado, ,EF0,0,0,5000,0,FL,EST-5, ,103631,C,103,TBW,0,0,Law Enforcement, ,0.13,50,1,N,1,N,CLEARWATER BEACH,04/07/2016,538,27.9977,-82.8285,27.9976,-82.8263,"The Clearwater Beach police department reported seeing a waterspout move ashore and quickly dissapating after moving on land. Damage was confined to power lines and tree branches being knocked down. The time of the tornado was estimated from doppler radar signatures.","A weak front moving through the region produced showers with a few thunderstorms. Low-level shear was enhanced significantly across the area allowing for the showers and storms to quickly rotate and produce a few brief tornadoes.",32
619381,PINELLAS CO.,COACHMAN,04/07/2016,555,Tornado, ,EF0,0,0,100000,0,FL,EST-5, ,103631,C,103,TBW,0,0,NWS Storm Survey, ,0.79,50,1,ENE,2,E,COACHMAN,04/07/2016,559,27.9723,-82.7178,27.9689,-82.7054,"The survey crew found a line of damage starting near Cliff Stephens Park and extending through about a half a block east of McMullen Booth Rd. Much of the damage was observed near the tree tops although a few trees were uprooted. A total of 15 homes were damaged by the tornado. The damage was mostly to the roofs from loose tree branches. One home had a hole punched into the roof by a downed tree while another had a portion of the roof peeled back.","A weak front moving through the region produced showers with a few thunderstorms. Low-level shear was enhanced significantly across the area allowing for the showers and storms to quickly rotate and produce a few brief tornadoes.",33
626480,INDIAN RIVER CO.,OSLO,05/17/2016,1348,Tornado, ,EF1,0,0,395000,0,FL,EST-5, ,104596,C,61,MLB,0,0,NWS Storm Survey, ,0.13,100,2,WSW,2,WSW,OSLO,05/17/2016,1349,27.5689,-80.4017,27.567,-80.402,"The tornado produced a short damage path impacting homes along a track encompassing about three blocks. The tornado traveled in a southward direction. Two homes sustained major damage with a significant portion of their roofs damaged. Sixteen other homes experienced minor damage to roofs, soffits and pool screen enclosures. Several trees were snapped and at least two trees were uprooted. The tornado was rated EF1, with estimated maximum winds of 80-90 mph. Estimated loss $395,000. DI2, DOD4, LB-EXP.","An upper level weather disturbance combined with an influx of tropical moisture and added convergence/rotation along the east coast sea breeze produced several severe thunderstorms which evolved into clusters. Three separate tornadoes formed within one hour, from several different cells. National Weather Service damage surveys confirmed brief, short-track tornadoes, one at EF0 strength and two at EF1 strength. Heavy thunderstorms trained across southern Indian River and northern St. Lucie Counties, causing areas of flooding.",34
626483,ST. LUCIE CO.,VIKING,05/17/2016,1351,Tornado, ,EF1,0,0,0,0,FL,EST-5, ,104596,C,111,MLB,0,0,NWS Storm Survey, ,0.45,75,3,NW,3,WNW,VIKING,05/17/2016,1353,27.5578,-80.4076,27.5513,-80.4085,"The tornado traveled mainly southward for nearly a half mile. Approximately 15 homes experienced damage, mainly to their roofs. Numerous trees were snapped and several fences and pool enclosures were destroyed. The tornado was rated EF1, with estimated maximum winds of 80-90 mph. DI2, DOD4, LB-EXP.","An upper level weather disturbance combined with an influx of tropical moisture and added convergence/rotation along the east coast sea breeze produced several severe thunderstorms which evolved into clusters. Three separate tornadoes formed within one hour, from several different cells. National Weather Service damage surveys confirmed brief, short-track tornadoes, one at EF0 strength and two at EF1 strength. Heavy thunderstorms trained across southern Indian River and northern St. Lucie Counties, causing areas of flooding.",35
626489,ST. LUCIE CO.,FT PIERCE ST LUCIE A,05/17/2016,1415,Tornado, ,EF0,0,0,0,0,FL,EST-5, ,104596,C,111,MLB,0,0,NWS Storm Survey, ,0.58,75,1,SSW,1,S,FT PIERCE ST LUCIE A,05/17/2016,1418,27.4876,-80.3791,27.4807,-80.3737,"The tornado touched down within the Road Runner Travel Park and traveled southeast for just over a half mile before lifting. The tornado toppled four RV's and produced mostly minor roof and awning damage to several mobile homes. Several trees were downed and one large tree was snapped several feet above ground level. The tornado was rated EF0, with estimated maximum winds of 67-75 mph. DI3, DOD4, LB; DI27, DOD3, LB.","An upper level weather disturbance combined with an influx of tropical moisture and added convergence/rotation along the east coast sea breeze produced several severe thunderstorms which evolved into clusters. Three separate tornadoes formed within one hour, from several different cells. National Weather Service damage surveys confirmed brief, short-track tornadoes, one at EF0 strength and two at EF1 strength. Heavy thunderstorms trained across southern Indian River and northern St. Lucie Counties, causing areas of flooding.",36
629399,ALACHUA CO.,GAINESVILLE WEST,05/20/2016,1125,Tornado, ,EF0,0,0,0,0,FL,EST-5, ,105020,C,1,JAX,0,0,Emergency Manager, ,0.66,20,2,W,1,W,GAINESVILLE WEST,05/20/2016,1130,29.6487,-82.3552,29.6501,-82.3443,"The University of Florida Wind Hazard Damage Assessment Team conducted a storm survey. Their findings were used by the NWS to define this event. A weak EF0 tornado tracked across the UF Campus which caused damage to mainly trees, other vegetation and minimal structural damage. No injuries were reported. The Student Recreation Center pool area of campus had the most damage which included a corrugated metal roof panels blown off, pool lounge chairs blown up against a fence, and a total of six trees down across campus. A broken window due to debris was reported at Sisler Hall. The trees damaged included pine and oak trees between 18-32 inches in diameter. A wind research time estimated winds of 64-85 mph.","A strong upper level trough moved across a moist and unstable air mass. Strong to severe storms initiated along the sea breezes. Bulk shear increased to around 30 knots and strong upper level diffluence was in place.",37
635104,POLK CO.,HIGHLAND PARK,06/01/2016,1745,Tornado, ,EF0,0,0,5000,0,FL,EST-5, ,105856,C,105,TBW,0,0,Fire Department/Rescue, ,0.7,30,1,WSW,1,NNE,CROOKED LAKE PARK,06/01/2016,1754,27.852,-81.576,27.844,-81.583,"Polk County Fire Rescue reported that multiple 911 calls were received of a tornado briefly touching down in the Lake Wales area. A few trees were found knocked over and two power poles were partial damaged, but no structural damage was reported.","Sea breeze type thunderstorms developed and moved generally east to west across the Florida Peninsula during the afternoon and early evening of the 27th. One of these storms produced a brief tornado touchdown in Polk County.",38
640588,DUVAL CO.,JAX HERLONG ARPT,06/06/2016,1425,Tornado, ,EF1,0,0,0,0,FL,EST-5, ,106385,C,31,JAX,0,0,NWS Storm Survey, ,3.89,180,2,W,1,W,CAMBON,06/06/2016,1435,30.2727,-81.8317,30.3279,-81.8191,"The tornado touched down near Normandy Blvd and Blair Road around 3:25 pm local time. Damage in this area was minor EF0 damage with some fencing blown down and trees damaged. The vortex continued along Blair Road maintaining the same intensity until it reached Wood Dove Way. From there to Interstate 10, EF1 damage was observed. The funnel then moved across the Publix Distribution Center flipping empty trucks and then NNE to Arbee Road. As the Westside-Crystal Springs tornado dissipated, the thunderstorm rear flank downdraft moved through a neighborhood northeast of the dissipating funnel. The tornado dissipated around 3:35 pm. The rear flank downdraft contacted the ground near West Beaver Street and moved northeast through the Watershed Drive, Maple Ave, and Orme Road areas. The predominant damage was to trees with some roof damage on Maple Street. There were reports of damage to residences, businesses, and trees along the tornado path. Some homes had parts of roofs partially torn off or damaged. Maximum wind speed 100 mph.","Tropical Storm Colin moved onshore the Florida Big Bend area late Monday June 6th and then tracked quickly over the local area that night. A band of heavy rainfall and strong thunderstorms moved across NE Florida on the east side of Colin during the afternoon of June 6th which produced strong tropical storm force wind gusts and subsequent wind damage including downed trees, power lines and some structural damage mainly along and east of the Highway 301 corridor in NE Florida. There was also one confirmed EF1 tornado touchdown within this squall that impacted the Westside of Jacksonville near Normandy and the Crystal Springs area.  Tropical storm force wind gusts outside of thunderstorm activity started after midnight Tue morning (June 7th) across coastal locations with gusts generally between 40 and 50 mph. The heaviest rainfall amounts were observed Monday afternoon June 6th and range from 4 to 8 inches across much of NE Florida. SE Ga experienced less impacts.",39
638113,OSCEOLA CO.,NARCOOSEE,07/08/2016,1933,Tornado, ,EF0,0,0,0,0,FL,EST-5, ,106257,C,97,MLB,0,0,Trained Spotter, ,0.25,30,2,NNW,2,NNW,NARCOOSEE,07/08/2016,1934,28.323,-81.2455,28.3238,-81.2416,"A trained weather spotter observed a waterspout form over the northern portion of East Lake Toho then move ashore within the adjacent portion of western Narcoossee before quickly dissipating prior to reaching Narcoossee Road. Numerous photos were obtained of a funnel cloud evolving into a waterspout/landspout.","A waterspout developed over East Lake Toho, then moved ashore in Narcoossee before quickly dissipating.",40
638482,MANATEE CO.,DUETTE,07/11/2016,1800,Tornado, ,EF0,0,0,0,0,FL,EST-5, ,106345,C,81,TBW,0,0,Broadcast Media, ,0.05,20,1,N,1,N,DUETTE,07/11/2016,1802,27.6,-82.12,27.6001,-82.1209,"A tornado was spotted in a very rural portion of Manatee County near Duette. The exact location was unknown due to the rural nature of the area but numerous pictures and videos showed the circulation reaching the ground. No damage was reported.","Seabreeze thunderstorms developed late in the afternoon with easterly flow in place. A brief tornado developed in a rural section of Manatee County with a developing thunderstorm complex. No damage was reported. Additionally, a lightning strike sparked a fire to a warehouse in Hillsborough County.",41
648327,MARION CO.,MARION OAKS,07/23/2016,2000,Tornado, ,EF0,0,0,0,0,FL,EST-5, ,108205,C,83,JAX,0,0,Emergency Manager, ,0.88,50,2,SSW,2,S,MARION OAKS,07/23/2016,2001,28.9653,-82.1881,28.9699,-82.1745,"Significant tree damage occurred in the Marion Oaks Subdivision along SW 36th Avenue Road, Marion Oaks Blvd, SW 39th Court, and toward SW 30th Avenue. Eyewitness reports indicated that the tornado remained elevated at tree top level with little ground contact. Some branches were stripped of bark, but most damage occurred to tops of the trees.","Sea breeze convection sparked more discrete convection across inland areas compared to recent days with dry air in the mid level limiting coverage of showers and storms, however the dry air did increase strong downdraft potential. A cluster of severe storms drifted northward from central Florida across southern Marion county, where a brief EF0 tornado impacted the Marion Oaks neighborhood during the evening hours.",42
657915,NASSAU CO.,HEDGES,08/04/2016,1240,Tornado, ,EF1,0,0,0,0,FL,EST-5, ,110024,C,89,JAX,1,0,NWS Storm Survey, ,3.67,200,2,ESE,2,ENE,YULEE,08/04/2016,1257,30.5912,-81.5723,30.6442,-81.5693,"Preliminary storm survey results determined EF1 tornado damage with maximum winds of 90 to 100 mph. The event began around 1:40 pm and lifted at approximately 1:57 pm.  Maximum path width was about 200 yards and the path length was roughly 4.25 miles. County EM reported about 40-50 homes were impacted.  Damage was reported around the intersection of Blackmon Road and Angie Road where approximately 100 trees were blown down around 1:50 pm. Additional reports included a large tree down on a home along Riverwood Drive and a passenger was trapped in a vehicle along Bobby Drive near Pages Dairy Road due to a downed tree on the vehicle. A semi-tractor trailer was turned over onto another vehicle along State Road 100 and a large tree was blown down along Gene Lassere Road that obstructed the road in both directions.","Low pressure meandered over north Florida with a very moist airmass in place with PWAT values over 2 inches. Light SW steering flow prevailed. Sea breeze fronts and convective outflows over a moist and unstable airmass spawned a few strong to severe storms in the afternoon and evening, with one storm in Nassau county producing a weak EF1 tornado.",43
643093,LEE CO.,TICE,08/13/2016,1826,Tornado, ,EF0,0,0,20000,0,FL,EST-5, ,107200,C,71,TBW,0,0,Emergency Manager, ,0.1,15,1,SE,1,SE,TICE,08/13/2016,1828,26.66,-81.8043,26.6611,-81.8053,"Lee County Emergency Management reported that 4 businesses along Zip Drive and Corporation Circle in Fort Myers sustained damage along a narrow path. Multiple funnel cloud photographs were also taken in the vicinity, hinting that the damage was likely caused by a brief tornado touchdown. Damage was mostly being partially peeled back, and gutters being ripped off of buildings.","Abundant tropical moisture and intense solar heating helped fuel scattered thunderstorms that moved northwest across  the Florida Peninsula during the afternoon and early evening hours. One of these storms spun up a brief tornado in Lee County. Other storms produced severe wind gusts.",44
655636,TAYLOR CO.,HOWELL PLACE,09/01/2016,1907,Tornado, ,EF0,0,0,0,0,FL,EST-5, ,108553,C,123,TAE,0,0,Social Media, ,0.01,25,5,SSE,5,SSE,HOWELL PLACE,09/01/2016,1907,29.71,-83.47,29.71,-83.47,"The media reported on twitter that a Taylor county deputy reported a tornado near Steinhatchee with no damage.","Hurricane Hermine impacted the Florida big bend in early September with significant storm surge along the coast and strong winds inland which downed numerous trees and power lines, resulting in extended power outages in Tallahassee.  The following inundation values (height above mean higher high water) were estimated along the coast.  Panama City Beach:  1.71 ft, Panama City Marina:  1.60 ft, Apalachicola:  3.04 ft, Curtis Mill (US-319):  5.29 ft, Spring Creek Entrance:  5.91 ft, Town of Saint Marks:  5.08 ft, Saint Marks Lighthouse:  6.28 ft, Nutall Rise (Aucilla River):  6.07 ft, Econfina River:  7.17 ft, Spring Warrior Creek:  8.57 ft, Jabo Road (Taylor county):  7.94 ft, Keaton Beach:  7.57 ft, Steinhatchee Entrance:  7.30 ft, Shired Creek (Dixie county):  7.24 ft, Gopher River (Dixie county):  6.19 ft.  In addition, storm surge was noted up the Suwannee River past the US-19 gauge at Wilcox, which is more than 20 river miles from the mouth of the river.  The Wakulla River at Wakulla Springs also had its 2nd highest crest on record behind Hurricane Dennis (2005) at 7.49 ft NGVD29.  There were three tornadoes confirmed, all brief EF0's in Taylor county with no damage reported from them.  Rainfall generally ranged from 3-8 with minimal impacts from inland flooding.  Inland wind impacts were significant.  County by county impacts are as follows.  ||In Taylor county, 6 people were rescued from high water related to surge in Steinhatchee.  There were also 5 other rescues in the county.  Approximately 75 homes or businesses sutained major damage, 60 had minor damage, and 140 were affected.  Public assistance damage values were listed $907,000 for the county.  Additional individual assistance damage values were estimated at around $4,490,000 with $200,000 assigned to a destroyed structure, $50,000 assigned to a structure with major damage, $10,000 assigned to a structure with minor damage, and $1,000 assigned to a structure that was affected.||In Liberty county, there were sporadic power outages reported with public assistance damage values listed at $110,748.  ||In Franklin county, a mandatory evacuation of residents on Saint George Island occurred with the causeway being closed.  Surge flooding was reported in Apalachicola, Carrabelle Beach, and Alligator Point.  Approximately 27 homes or businesses were destroyed, 43 suffered major damage, 102 suffered minor damage, and 100 others were affected.  Public assistance damage values were listed at $703,872.  Additional individual assistance damage values were estimated at about $8,670,000 based on the numbers of homes and businesses damaged or destroyed.||In Dixie county, mandatory evacuations were ordered.  There were 61 homes or businesses that were destroyed, 540 that sustained major damage, 322 that sustained minor damage, and 660 others that were affected.  Public assistance damage values were listed at $3,269,599.  Additional individual assistance damage values were estimated at around $43,080,000 based on the numbers of homes and businesses damaged or destroyed.||In Wakulla county, mandatory evacuations were ordered for special needs and Zone A residents.  There were 133 trees down on roadways across the county and 115 power lines down.  One home or business was destroyed with 4 sustaining major damage.  There were an additional 43 with minor damage and 11 others affected.  Approximately 14759 customers lost power in the county.  Public assistance damage values were listed at $1,198,687.  Additional individual assistance damage values were estimated at around $841,000 based on the numbers of homes and businesses damaged or destroyed.||In Madison and Jefferson counties, there were numerous trees and power lines blown down.  Public assistance damage values were listed at $722,908 for Madison county and $681,697 for Jefferson county.||In Leon county, there were numerous trees and power lines blown down across the county and city of Tallahassee.  There were 45 homes or businesses destroyed, 187 suffered major damage, 259 suffered minor damage, and 238 were affected.  An estimated 80 percent of the city of Tallahassee lost power with roughly 145,000 homes or businesses without power at the peak of the outage.  On day 6 of the power outage, there were still 3685 residents without power.  The peak wind gust measured in the county was 64 mph at the FSU campus, but some gusts were not recorded due to the widespread power outages, and the actual peak gust was likely higher than that.  Public assistance damage values were listed at $8,771,036.  Additional individual assistance damage values were estimated at about $21,200,000 based on the numbers of homes and businesses damaged or destroyed.",45
655637,TAYLOR CO.,ADAMS BEACH,09/01/2016,1936,Tornado, ,EF0,0,0,0,0,FL,EST-5, ,108553,C,123,TAE,0,0,Social Media, ,0.01,25,5,ENE,5,ENE,ADAMS BEACH,09/01/2016,1936,29.91,-83.56,29.91,-83.56,"The media reported on twitter that a Taylor county deputy reported a tornado near Keaton Beach with no damage.","Hurricane Hermine impacted the Florida big bend in early September with significant storm surge along the coast and strong winds inland which downed numerous trees and power lines, resulting in extended power outages in Tallahassee.  The following inundation values (height above mean higher high water) were estimated along the coast.  Panama City Beach:  1.71 ft, Panama City Marina:  1.60 ft, Apalachicola:  3.04 ft, Curtis Mill (US-319):  5.29 ft, Spring Creek Entrance:  5.91 ft, Town of Saint Marks:  5.08 ft, Saint Marks Lighthouse:  6.28 ft, Nutall Rise (Aucilla River):  6.07 ft, Econfina River:  7.17 ft, Spring Warrior Creek:  8.57 ft, Jabo Road (Taylor county):  7.94 ft, Keaton Beach:  7.57 ft, Steinhatchee Entrance:  7.30 ft, Shired Creek (Dixie county):  7.24 ft, Gopher River (Dixie county):  6.19 ft.  In addition, storm surge was noted up the Suwannee River past the US-19 gauge at Wilcox, which is more than 20 river miles from the mouth of the river.  The Wakulla River at Wakulla Springs also had its 2nd highest crest on record behind Hurricane Dennis (2005) at 7.49 ft NGVD29.  There were three tornadoes confirmed, all brief EF0's in Taylor county with no damage reported from them.  Rainfall generally ranged from 3-8 with minimal impacts from inland flooding.  Inland wind impacts were significant.  County by county impacts are as follows.  ||In Taylor county, 6 people were rescued from high water related to surge in Steinhatchee.  There were also 5 other rescues in the county.  Approximately 75 homes or businesses sutained major damage, 60 had minor damage, and 140 were affected.  Public assistance damage values were listed $907,000 for the county.  Additional individual assistance damage values were estimated at around $4,490,000 with $200,000 assigned to a destroyed structure, $50,000 assigned to a structure with major damage, $10,000 assigned to a structure with minor damage, and $1,000 assigned to a structure that was affected.||In Liberty county, there were sporadic power outages reported with public assistance damage values listed at $110,748.  ||In Franklin county, a mandatory evacuation of residents on Saint George Island occurred with the causeway being closed.  Surge flooding was reported in Apalachicola, Carrabelle Beach, and Alligator Point.  Approximately 27 homes or businesses were destroyed, 43 suffered major damage, 102 suffered minor damage, and 100 others were affected.  Public assistance damage values were listed at $703,872.  Additional individual assistance damage values were estimated at about $8,670,000 based on the numbers of homes and businesses damaged or destroyed.||In Dixie county, mandatory evacuations were ordered.  There were 61 homes or businesses that were destroyed, 540 that sustained major damage, 322 that sustained minor damage, and 660 others that were affected.  Public assistance damage values were listed at $3,269,599.  Additional individual assistance damage values were estimated at around $43,080,000 based on the numbers of homes and businesses damaged or destroyed.||In Wakulla county, mandatory evacuations were ordered for special needs and Zone A residents.  There were 133 trees down on roadways across the county and 115 power lines down.  One home or business was destroyed with 4 sustaining major damage.  There were an additional 43 with minor damage and 11 others affected.  Approximately 14759 customers lost power in the county.  Public assistance damage values were listed at $1,198,687.  Additional individual assistance damage values were estimated at around $841,000 based on the numbers of homes and businesses damaged or destroyed.||In Madison and Jefferson counties, there were numerous trees and power lines blown down.  Public assistance damage values were listed at $722,908 for Madison county and $681,697 for Jefferson county.||In Leon county, there were numerous trees and power lines blown down across the county and city of Tallahassee.  There were 45 homes or businesses destroyed, 187 suffered major damage, 259 suffered minor damage, and 238 were affected.  An estimated 80 percent of the city of Tallahassee lost power with roughly 145,000 homes or businesses without power at the peak of the outage.  On day 6 of the power outage, there were still 3685 residents without power.  The peak wind gust measured in the county was 64 mph at the FSU campus, but some gusts were not recorded due to the widespread power outages, and the actual peak gust was likely higher than that.  Public assistance damage values were listed at $8,771,036.  Additional individual assistance damage values were estimated at about $21,200,000 based on the numbers of homes and businesses damaged or destroyed.",46
648028,ORANGE CO.,KILLARNEY,09/01/2016,1938,Tornado, ,EF0,0,0,21000,0,FL,EST-5, ,108169,C,95,MLB,0,0,Emergency Manager, ,1.51,150,1,ENE,2,NE,KILLARNEY,09/01/2016,1939,28.4542,-81.6281,28.4757,-81.624,"Emergency management officials surveyed an area of wind damage in southern, rural Winter Garden and provided observations and photos to the NWS. In addition, several citizens provided valuable data and at least one person reported seeing a funnel cloud to his south shortly before the onset of damage. A path of damage occurred from the northern portion of the Orange County National Golf Center grounds, northward for 1.5 miles, paralleling Highway 429, just to the east. Significant tree was noted along Porter Road, and along both sides of Hamlin Groves Trail. Over 100 trees were damaged along the path (falling in a convergent pattern), including dozens of pine trees which were snapped several feet above the ground and many others which were uprooted. The path continued northward where five newly built homes on Bowman Drive were damaged. A pool screen enclosure and fences were damaged and a few homes experienced soffit, window and air conditioning unit damage from flying debris. Some debris was carried just north of New Independence Parkway, with no significant damage noted farther north. A review of all available data strongly suggested the damage was a result of a short-track, EF-0 tornado, with maximum winds estimated at 80 to 85 mph. DI1, DOD1, UB; DI28, DOD3, EXP; DI28, DOD4, LB.","As Hurricane Hermine approached a Gulf of Mexico landfall along the Florida Big Bend, a strong outer rainband moved into the central Florida interior from the eastern Gulf. Within the rainband, several shallow mesocyclones become evident on radar across western Orange County and northwest Lake County. Two EF0 tornadoes were confirmed, as well as areas of straight-line wind damage.",47
648041,LAKE CO.,FRUITLAND PARK,09/01/2016,1940,Tornado, ,EF0,0,0,22000,0,FL,EST-5, ,108169,C,69,MLB,0,0,Emergency Manager, ,4.35,250,1,NW,0,WNW,LADY LAKE,09/01/2016,1944,28.8611,-81.9128,28.9228,-81.9274,"Emergency Management officials provided detailed wind damage reports which occurred along a 4.35 mile long south-to-north path from Fruitland Park to Lady Lake, parallel to and just west of U.S. Highway 441. The damage consisted mainly of downed trees, branches and powerlines, although two homes in Lady Lake sustained structural damage due to falling trees. The most significant damage occurred on the east side of the tornado track, due to the rapid storm motion of 60 mph. The discontinuous damage path began near the College Avenue and W Miller Street in Fruitland Park and ended in Lady Lake, about midway between the Recreation Plantation RV Resort and Highway 441.  A review of all available data suggests that the wind damage was likely the result of a EF-0 tornado (winds estimated 70-75 mph). Isolated tree damage south and north of the tornado track was likely due to strong straight-line winds associated with the cell. DI2, DOD1, EXP; DI27, DOD2, EXP; DI27, DOD3, LB.","As Hurricane Hermine approached a Gulf of Mexico landfall along the Florida Big Bend, a strong outer rainband moved into the central Florida interior from the eastern Gulf. Within the rainband, several shallow mesocyclones become evident on radar across western Orange County and northwest Lake County. Two EF0 tornadoes were confirmed, as well as areas of straight-line wind damage.",48
655638,TAYLOR CO.,SALEM,09/01/2016,2139,Tornado, ,EF0,0,0,0,0,FL,EST-5, ,108553,C,123,TAE,0,0,Storm Chaser, ,0.01,25,1,SW,1,SW,SALEM,09/01/2016,2139,29.87,-83.42,29.87,-83.42,"A storm chaser reported a tornado on the ground with power flashes visible in rural Taylor county.","Hurricane Hermine impacted the Florida big bend in early September with significant storm surge along the coast and strong winds inland which downed numerous trees and power lines, resulting in extended power outages in Tallahassee.  The following inundation values (height above mean higher high water) were estimated along the coast.  Panama City Beach:  1.71 ft, Panama City Marina:  1.60 ft, Apalachicola:  3.04 ft, Curtis Mill (US-319):  5.29 ft, Spring Creek Entrance:  5.91 ft, Town of Saint Marks:  5.08 ft, Saint Marks Lighthouse:  6.28 ft, Nutall Rise (Aucilla River):  6.07 ft, Econfina River:  7.17 ft, Spring Warrior Creek:  8.57 ft, Jabo Road (Taylor county):  7.94 ft, Keaton Beach:  7.57 ft, Steinhatchee Entrance:  7.30 ft, Shired Creek (Dixie county):  7.24 ft, Gopher River (Dixie county):  6.19 ft.  In addition, storm surge was noted up the Suwannee River past the US-19 gauge at Wilcox, which is more than 20 river miles from the mouth of the river.  The Wakulla River at Wakulla Springs also had its 2nd highest crest on record behind Hurricane Dennis (2005) at 7.49 ft NGVD29.  There were three tornadoes confirmed, all brief EF0's in Taylor county with no damage reported from them.  Rainfall generally ranged from 3-8 with minimal impacts from inland flooding.  Inland wind impacts were significant.  County by county impacts are as follows.  ||In Taylor county, 6 people were rescued from high water related to surge in Steinhatchee.  There were also 5 other rescues in the county.  Approximately 75 homes or businesses sutained major damage, 60 had minor damage, and 140 were affected.  Public assistance damage values were listed $907,000 for the county.  Additional individual assistance damage values were estimated at around $4,490,000 with $200,000 assigned to a destroyed structure, $50,000 assigned to a structure with major damage, $10,000 assigned to a structure with minor damage, and $1,000 assigned to a structure that was affected.||In Liberty county, there were sporadic power outages reported with public assistance damage values listed at $110,748.  ||In Franklin county, a mandatory evacuation of residents on Saint George Island occurred with the causeway being closed.  Surge flooding was reported in Apalachicola, Carrabelle Beach, and Alligator Point.  Approximately 27 homes or businesses were destroyed, 43 suffered major damage, 102 suffered minor damage, and 100 others were affected.  Public assistance damage values were listed at $703,872.  Additional individual assistance damage values were estimated at about $8,670,000 based on the numbers of homes and businesses damaged or destroyed.||In Dixie county, mandatory evacuations were ordered.  There were 61 homes or businesses that were destroyed, 540 that sustained major damage, 322 that sustained minor damage, and 660 others that were affected.  Public assistance damage values were listed at $3,269,599.  Additional individual assistance damage values were estimated at around $43,080,000 based on the numbers of homes and businesses damaged or destroyed.||In Wakulla county, mandatory evacuations were ordered for special needs and Zone A residents.  There were 133 trees down on roadways across the county and 115 power lines down.  One home or business was destroyed with 4 sustaining major damage.  There were an additional 43 with minor damage and 11 others affected.  Approximately 14759 customers lost power in the county.  Public assistance damage values were listed at $1,198,687.  Additional individual assistance damage values were estimated at around $841,000 based on the numbers of homes and businesses damaged or destroyed.||In Madison and Jefferson counties, there were numerous trees and power lines blown down.  Public assistance damage values were listed at $722,908 for Madison county and $681,697 for Jefferson county.||In Leon county, there were numerous trees and power lines blown down across the county and city of Tallahassee.  There were 45 homes or businesses destroyed, 187 suffered major damage, 259 suffered minor damage, and 238 were affected.  An estimated 80 percent of the city of Tallahassee lost power with roughly 145,000 homes or businesses without power at the peak of the outage.  On day 6 of the power outage, there were still 3685 residents without power.  The peak wind gust measured in the county was 64 mph at the FSU campus, but some gusts were not recorded due to the widespread power outages, and the actual peak gust was likely higher than that.  Public assistance damage values were listed at $8,771,036.  Additional individual assistance damage values were estimated at about $21,200,000 based on the numbers of homes and businesses damaged or destroyed.",49
650118,BREVARD CO.,MICCO,09/13/2016,1251,Tornado, ,EF0,0,0,40000,0,FL,EST-5, ,108514,C,9,MLB,0,0,NWS Storm Survey, ,3.47,250,3,WSW,1,SW,GRANT,09/13/2016,1259,27.863,-80.549,27.913,-80.544,"An eyewitness report documented the onset of the tornado within the St. Sebastian River Preserve State Park, south of Micco Road and west of the town of Micco, in far southern Brevard County. Based on results from a NWS damage survey and other eyewitness reports (including photographs), the tornado moved in a northerly direction for approximately 3.5 miles before lifting south of Grant Road. The tornado was rated as an EF-0, with maximum winds estimated at 75-85 mph.||The discontinuous damage path occurred within a mostly rural area within the town of Grant-Valkaria, with damage to a two block area that included Orchid Tree Drive, Cottonwood Drive and Crepe Myrtle Drive. An RV at the south end of Cottonwood Drive was toppled onto its side and a large mango tree was uprooted. Farther north, toward the middle of Orchid Tree Drive, a single family home had a large patio enclosure destroyed. The patio was connected securely to the home, resulting in a large portion of the home's roof also being removed. Debris was carried downstream over 100 yards in a northwest direction. A few additional homes nearby experienced minor soft and shingle damage. Numerous large tree branches were downed or damaged throughout the neighborhood. DI2, DOD4 LB; DI3, DOD5 LB; DI27, DOD2, EXP.","A tropical disturbance, with a well-defined surface circulation, moved onshore near Vero Beach during the early morning hours, then lifted northward along the coast to Volusia County (and beyond) through the evening. By late evening, the system was upgraded to Tropical Storm Julia, as it approached Jacksonville. A rainband associated with the system spawned an EF-0 tornado in southern Brevard County during the early afternoon, resulting in damage to a few residences. Other passing rainbands, produced strong wind gusts along the coast of Brevard and Volusia Counties, one of which resulted in damage to a home in Edgewater. A funnel cloud was also sighted in Lake County.",50
665702,OKALOOSA CO.,MARY ESTHER,11/30/2016,1038,Tornado, ,EF0,0,0,50000,0,FL,CST-6, ,111577,C,91,MOB,0,0,NWS Storm Survey, ,0.77,175,1,NW,1,N,MARY ESTHER,11/30/2016,1040,30.4105,-86.6812,30.4176,-86.6713,"The tornado started as a waterspout over Santa Rosa Sound,|briefly lifted and then touched down as a tornado just south of Hurlburt|Field along U.S. Highway 98. The tornado tracked northeast and produced|sporadic damage along its path before lifting near Ready Avenue NW. The|damage was concentrated along Kohler Drive and Mary Esther Road. The|most significant damage occurred at two residences. One residence lost|part of its overhanging roof and the other home experienced significant|damage to a southward facing sunroom. Power lines were downed in the area|along with sporadic tree damage.","Isolated supercells developed over the northern Gulf of Mexico and moved into the western Florida Panhandle ahead of a cold front. One of the supercells produced a tornado in Mary Esther, FL.",51
668715,SUWANNEE CO.,LIVE OAK SUWANE ARPT,01/07/2017,130,Tornado, ,EF0,0,0,0,0,FL,EST-5, ,112124,C,121,JAX,0,0,Emergency Manager, ,0.24,50,3,SW,2,SW,LIVE OAK SUWANE ARPT,01/07/2017,132,30.2745,-83.0506,30.2753,-83.0467,"Storm survey by county EM team indicated a brief EF0 tornado that touchdown near the intersection of 96th Place and 147th Road, with damage extending east along 96th Place before the circulation dissipated. Max winds were estimated near 80 mph. Several properties had damage including roof damage, extensive tree damage and other structural damage.","A surface low pressure system formed in the Gulf of Mexico ahead of an approaching Arctic cold front. Scattered storms moved inland across the Florida Big Bend during the evening of the 6th and continued to track and develop eastward through the night ahead of the surface front. Hail and gusty winds occurred in isolated severe storms overnight.",52
673008,FRANKLIN CO.,CREELS,01/22/2017,1450,Tornado, ,EF1,0,0,0,0,FL,EST-5, ,112357,C,37,TAE,0,0,NWS Storm Survey, ,2.36,350,1,W,2,NNE,CREELS,01/22/2017,1454,29.8217,-84.9188,29.8449,-84.89,"Across rural Franklin County, a tornado touched down just west of SR-65 on the north side of East Bay. This tornado tracked across SR-65 before dissipating prior to reaching Juniper Creek Road. Damage along the path of the tornado was limited to snapped or uprooted pine trees. Damage along the track was consistent with an EF-1 tornado with maximum winds of 105 mph.","A multi-day severe weather event struck the southeast January 21-22, 2017 with three rounds of severe weather moving through the area. The first round of severe weather started during the mid-morning hours on Saturday, January 21, 2017 as a squall line pushed into southeast Alabama and the Florida panhandle. As it pushed eastward nine warnings were issued with a total of 18 damaging wind reports (trees and power lines downed) related to these storms. ||After a brief lull during Saturday evening as the aforementioned squall line washed out near the Gulf Coast, strong southerly flow returned late Saturday night as a warm front pushed northward across the Florida Big Bend and southern Georgia. Initially with this late Saturday night to early Sunday morning event, a strong supercell moved across southern Georgia producing a tornado that moved across Thomas and northern Brooks Counties. This was the first tornado across the area with this multi- day event. From the same supercell that produced the tornado in Thomas and northern Brooks Counties, another tornado developed that tracked across Brooks, Berrien and Cook Counties and this tornado resulted in 11 fatalities. This overnight into early Sunday morning event produced one more tornado, an EF-1 that struck Lowndes County. ||A final round of severe weather moved through Sunday afternoon as a warm front continued to push northward into southeast Alabama and southern Georgia while the main low and trailing cold front pushed eastward across the Florida panhandle and offshore regions. This afternoon round of supercells first produced a tornado in Henry County, AL. An hour and a half after the Henry County tornado, two more tornadoes developed, an EF-2 that struck Clay, Randolph and Calhoun Counties (Georgia) and an EF-1 tornado that hit Franklin County, FL. After this, a long tracked tornado (track length of more than 70 miles) moved across Albany (Dougherty County) and into Worth and Turner Counties, causing extensive damage and five fatalities. ||Overall this multi-day event resulted in seven tornadoes, 16 deaths and numerous injuries. Three days of damage surveys were conducted to rate the tornadoes on the Enhanced Fujita scale.",53
677957,PALM BEACH CO.,LOXAHATCHEE,01/23/2017,125,Tornado, ,EF1,0,0,0,0,FL,EST-5, ,112797,C,99,MFL,0,0,Public, ,3.22,90,8,N,9,N,WELLINGTON,01/23/2017,130,26.7896,-80.3272,26.8034,-80.2774,"Pictures were received of damage consistent with a tornado in The Acreage. First indication of damage and probable touchdown was near 180th Avenue North and 76th Street North, with a ENE path to Mandarin Boulevard and 78th Road North where borderline EF-1 damage to trees was noted. From Mandarin Boulevard, a break in the damage was observed for over a mile, with damage once again seen at Seminole Pratt Whitney Road and 84th Court North. Damage continued to Hall Boulevard and 85th Road North where the tornado likely lifted.||Damage was to trees and fences along the path. Almost all of the damage was EF-0 (70-80 mph), with one or two spots of EF-1 damage (85-90 mph winds).","A strong squall line intensified well ahead of a cold front over the eastern Gulf of Mexico during the early morning hours of January 23rd. The line produced tornadoes in Palm Beach and Miami-Dade counties. In addition to the tornadoes, straight line wind gusts of 60 mph or greater occurred in Broward and Miami-Dade counties. An estimated 40,000 to 50,000 customers lost power in South Florida.",54
673858,PALM BEACH CO.,TEQUESTA,01/23/2017,140,Tornado, ,EF1,0,0,1000000,0,FL,EST-5, ,112797,C,99,MFL,0,0,NWS Storm Survey, ,5.79,130,4,SW,2,NNW,JUNO BEACH,01/23/2017,149,26.8596,-80.1432,26.8931,-80.057,"Tornado damage was first noted in the Mirabella neighborhood of Palm Beach Gardens west of Florida Turnpike between PGA Boulevard and Donald Ross Road, then followed a somewhat discontinuous path ENE across Palm Beach Gardens to Juno Beach where it moved offshore at the Juno Beach Pier. ||EF-1 damage (winds around 90 mph) was concentrated mainly in the Mirabella neighborhood and east of I-95 at The Benjamin School. A few homes had tiles removed in Mirabella, causing broken windows from flying debris. At The Benjamin School Upper Campus, a full set of metal bleachers was blown across a football field for at least 50 yards, with some of the pieces of the bleachers landing in an adjacent wooded area well over 100 yards away. Debris from this location ended up as far away as Dwyer High School about 500 yards east from the original location. At Dwyer High School, the tornadic winds as well as flying debris broke windows, damaged a softball field and caused a small hole in the ceiling over a classroom in the school's main building.||Most of the remainder of the damage along the path was rated EF-0 (winds 65 to 85 mph) and consisted mainly of broken tree branches, uprooted trees and minor roof and fence damage. Areas of concentrated damage were in the Evergrene Community, along Donald Ross Road just east of Old Dixie Highway, and at the Juno Beach Condo mobile home park where 8 units sustained damage. The tornado moved offshore at the Juno Beach Pier around 149 AM where a wind gust of 87 mph was recorded at Juno Beach Pier at 150 AM EDT. The roof was lifted off of one lifeguard stand near the pier, and wood railings were damaged at the north side of the pier. ||Estimate of damage at Dwyer High School is between $500,000 and $1 million, with damage estimates not received from other locations.","A strong squall line intensified well ahead of a cold front over the eastern Gulf of Mexico during the early morning hours of January 23rd. The line produced tornadoes in Palm Beach and Miami-Dade counties. In addition to the tornadoes, straight line wind gusts of 60 mph or greater occurred in Broward and Miami-Dade counties. An estimated 40,000 to 50,000 customers lost power in South Florida.",55
673859,MIAMI-DADE CO.,MEDLEY,01/23/2017,345,Tornado, ,EF1,0,0,0,0,FL,EST-5, ,112797,C,86,MFL,0,0,NWS Storm Survey, ,2.79,123,1,SSW,1,NNW,MIAMI SPGS,01/23/2017,348,25.8162,-80.3258,25.8334,-80.2853,"A tornado touched down just west of the Palmetto Expressway in the Doral Gardens complex near NW 79th Avenue and NW 48th Street, causing minor roof damage to an apartment building. The tornado then moved ENE and touched back down on the east side of the Palmetto Expressway in a warehouse district from NW 50th Street to NW 52nd Street between NW 74th and 69th avenues. In this area, EF-0 to borderline EF-1 damage (75-85 mph winds) was noted. A tractor trailer was overturned, at least 2 dozen empty cargo containers were moved, and minor roof damage occurred to an office building. ||The tornado then moved NE and crossed into Miami Springs. Primarily impacted was the Bird District between Shadow and Ludlum Avenues and Falcon and Dove Avenues. The worst damage was on the 1100 block of Falcon, Plover and Wren consisting of loss of roof covering material and downed trees. Winds were likely in the EF-1 range (90-95 mph) in this area. Damage was observed along a NE path along the remainder of the Miami Springs portion of the path, with most of the damage east of Hammond Drive to Okeechobee Road consisting of downed power lines and trees (EF-0). ||After crossing Okeechobee Road, the tornado entered the City of Hialeah and caused damage to the area from Red Road to W 2nd Avenue between West 10th and 13th streets. Four two-story apartment buildings sustained roof damage of EF-1 intensity (up to 95 mph). The tornado passed very close to a water plant, but no damage was noted there. The tornado lifted near W 2nd Avenue and W 13th Street. A total of 13 families were left homeless in Hialeah and required Red Cross assistance.||No damage estimated were received.","A strong squall line intensified well ahead of a cold front over the eastern Gulf of Mexico during the early morning hours of January 23rd. The line produced tornadoes in Palm Beach and Miami-Dade counties. In addition to the tornadoes, straight line wind gusts of 60 mph or greater occurred in Broward and Miami-Dade counties. An estimated 40,000 to 50,000 customers lost power in South Florida.",56
670374,BRADFORD CO.,LAWTEY,02/07/2017,2200,Tornado, ,EF1,0,0,0,0,FL,EST-5, ,112444,C,7,JAX,2,0,NWS Storm Survey, ,1.06,75,0,SE,1,E,LAWTEY,02/07/2017,2201,30.046,-82.0734,30.0479,-82.0559,"The Lawtey Elementary School experienced wind damage to the roof. The school was closed the following day due to wind damage. There were also numerous trees and power lines blown down and damaged in the area.||Local broadcast media relayed a report that 2 people were injured in Lawtey when part of a building fell on them.","A pre-frontal squall line raced eastward across NE Florida and SE Georgia during the late evening hours producing wind damage across the Suwannee River Valley. A strong embedded storm produced a brief EF1 tornado in Lawtey, then the rear-flank downdraft descended and the resultant outflow cut-off the tornado circulation and produced a derecho wind event with winds of 60-80 mph that raced across northern Clay county, southern Duval county and northern St. Johns county between 10 pm and 11 pm on Feb. 7th. Another very weak and brief tornado was reported in central St. Johns county associated with another storm cells embedded within the squall line. Very cold upper level temperatures aided in strong downburst formation as well as dry air in the mid levels. The cold pool produced a 23 deg temperature drop between 10 pm and 1030 pm in Keystone Heights Florida.",57
670376,ST. JOHNS CO.,PALMO,02/07/2017,2237,Tornado, ,EF1,0,0,0,0,FL,EST-5, ,112444,C,109,JAX,0,0,NWS Storm Survey, ,0.53,160,2,ESE,3,ESE,PALMO,02/07/2017,2240,29.9559,-81.5353,29.9559,-81.5264,"Two homes in the Heritage Landing neighborhood had significant wind damage to both their roofs and the interior of the home. Peak winds were around 100 mph.","A pre-frontal squall line raced eastward across NE Florida and SE Georgia during the late evening hours producing wind damage across the Suwannee River Valley. A strong embedded storm produced a brief EF1 tornado in Lawtey, then the rear-flank downdraft descended and the resultant outflow cut-off the tornado circulation and produced a derecho wind event with winds of 60-80 mph that raced across northern Clay county, southern Duval county and northern St. Johns county between 10 pm and 11 pm on Feb. 7th. Another very weak and brief tornado was reported in central St. Johns county associated with another storm cells embedded within the squall line. Very cold upper level temperatures aided in strong downburst formation as well as dry air in the mid levels. The cold pool produced a 23 deg temperature drop between 10 pm and 1030 pm in Keystone Heights Florida.",58
674662,CHARLOTTE CO.,CLEVELAND,03/13/2017,1903,Tornado, ,EF1,0,0,0,0,FL,EST-5, ,112925,C,15,TBW,0,0,Emergency Manager, ,0.18,100,4,NNE,4,NNE,CLEVELAND,03/13/2017,1904,27.0021,-81.969,27.0045,-81.968,"Charlotte County Emergency Management reported damage to a farm area in Punta Gorda. An NWS storm survey crew found a short and narrow path of damage just east of Aspen Road and south of Palm Shores Boulevard. Damage included several trees snapped above the base or uprooted, a pickup truck that was flipped over, a trailer lofted into a tree, and a poorly constructed outbuilding that sustained moderate damage.","An area of low pressure over the Gulf of Mexico, lifted northeast across Florida dragging a cold front through the area. A large area of showers developed ahead of this low pressure and front, with a few thunderstorms developing along the southern edge where solar heating aided instability. Two tornadoes briefly touched down in Charlotte County as these storms moved onshore.",59
674661,CHARLOTTE CO.,PUNTA GORDA BEACH,03/13/2017,2015,Tornado, ,EF1,0,0,0,0,FL,EST-5, ,112925,C,15,TBW,0,0,Emergency Manager, ,0.13,75,1,NW,1,NW,PUNTA GORDA BEACH,03/13/2017,2016,26.9339,-82.367,26.935,-82.3653,"Charlotte County Emergency Management reported damage to several structures on Manasota Key. An NWS storm survey team found a narrow path of damage consistent with a waterspout moving onshore and crossing Manasota Key near De Soto Avenue. A multifamily condo building along the street sustained moderate roof damage, and |another older home on the beach had a large section of the roof removed. East of North Beach Road, a few trees were snapped or uprooted, and a two story residence had a large section of shingles and siding removed.","An area of low pressure over the Gulf of Mexico, lifted northeast across Florida dragging a cold front through the area. A large area of showers developed ahead of this low pressure and front, with a few thunderstorms developing along the southern edge where solar heating aided instability. Two tornadoes briefly touched down in Charlotte County as these storms moved onshore.",60
683030,BROWARD CO.,DAVIE,03/14/2017,23,Tornado, ,EF0,0,0,25000,0,FL,EST-5, ,114046,C,11,MFL,0,0,NWS Storm Survey, ,1.27,50,6,NW,5,WSW,LAUDERDALE LAKES,03/14/2017,27,26.1277,-80.2978,26.1329,-80.2782,"A NWS survey team confirmed a tornado across parts of Plantation. Damage consisted of trees uprooted and branches split/broken, as well as fences blown over. Fallen trees also damaged several vehicles. The damage path began near Hiatus Road and NW 6 ST, ending near Clearly Blvd and Central Park Place North. Most concentrated area of damage was along NW 6 ST from NW 106 Ave block to Nob Hill Rd, then along Cleary Blvd from Nob Hill to NW 98 Ave. ||Tornado was initially rated an EF-1, but subsequent review of the damage suggests that tree damage resembling typical EF-1 level damage was instead influenced by a high canopy and shallow root system which can lead to large trees toppling at relatively low wind speeds. Therefore, final rating is EF-0 (peak wind 85 mph), near the threshold of EF-1.||Damage total provided is a general estimate and based mostly on the number of trees damaged.","A low pressure system tracking across Florida produced a squall line in the overnight hours. A strong jet stream aloft as well as abundant moisture allowed some of the storms embedded in the squall line to become severe. These storms produced wind damage with multiple trees down and a tornado in Broward County.",61
676877,ST. LUCIE CO.,FT PIERCE NELSON ARP,03/23/2017,1240,Tornado, ,EF0,0,0,2000,0,FL,EST-5, ,113095,C,111,MLB,0,0,Utility Company, ,0.96,30,9,WNW,10,WNW,FT PIERCE NELSON ARP,03/23/2017,1242,27.522,-80.5496,27.5117,-80.5602,"Florida Power and Light reported a power pole snapped in a rural area of St. Lucie County between Interstate 95 and the Florida Turnpike. The damage occurred as a severe thunderstorm traveled southwest from the Vero Beach area and acquired strong low-level rotation, resulting in a brief tornado touchdown. Photos of the damage suggest EF-1 damage (90-100 mph).","A cluster of thunderstorms moved onshore from the Atlantic and organized into a long-lived severe storm as it moved southwest at 30 mph. The storm produced large hail in  Vero Beach, then snapped four wooden power poles west of Vero Beach. As the storm continued farther southwest into rural Indian River and St. Lucie Counties, the cell acquired rotation and a brief tornado developed and damaged a power pole between Interstate 95 and the Florida Turnpike. Additional sporadic wind damage occurred to powerlines and a power pole near and southwest of the Florida Turnpike.",62
696333,OKEECHOBEE CO.,FT DRUM,04/06/2017,851,Tornado, ,EF2,0,0,250000,0,FL,EST-5, ,115855,C,93,MLB,0,0,NWS Storm Survey, ,4.12,150,4,NNW,5,NE,FT DRUM,04/06/2017,901,27.5739,-80.8352,27.5739,-80.768,"A NWS damage survey found that tornado damage began in Fort Drum, just west of US-441 and NW 358th Boulevard. The tornado continued eastward for 4.1 miles, crossing Highway 441 and the Florida Turnpike before dissipating. While much of the path occurred through an unpopulated area, several streets and mobile homes were impacted. Three mobile homes were destroyed, 1 sustained major damage, 13 had minor damage and an additional two were affected. Many trees were snapped, twisted above the base or uprooted. The tornado reached peak intensity just east of Highway 441, where mobile home and tree damage suggested winds reached near 115 mph (EF-2). There were no casualties as most of the residents in the affected area were not at home during the tornado. DI3, DOD8, EXP-LB; DI27, DOD4, EXP-UB.","During the early morning hours, a strong thunderstorm along a decaying squall line produced localized wind damage in the town of Lady Lake. Tree damage occurred, along with very minor damage to one home. ||As the squall line continued to sag southward, it became reinvigorated toward mid morning. A cluster of strong storms formed into a bow echo as it approached the Kissimmee River near the border of southwest Osceola and northwest Okeechobee Counties. Very strong straight line winds destroyed two recreational vehicles within the Kissimmee Prairie Preserve State Park and resulted in two injuries. As the cell continued east, a tornado developed and impacted Fort Drum with EF-2 damage to several mobile homes and numerous trees.",63
679227,LEE CO.,SAINT JAMES CITY,04/06/2017,918,Tornado, ,EF0,0,0,5000,0,FL,EST-5, ,113459,C,71,TBW,0,0,Emergency Manager, ,1.61,10,1,W,1,E,SAINT JAMES CITY,04/06/2017,920,26.5,-82.089,26.501,-82.063,"Emergency management reported and broadcast media received video of a tornado that crossed the southern point of Pine Island. The tornado then became a waterspout as it moved east and into Fort Myers. On Pine Island, the tornado damaged a carport.","A line of thunderstorms developed along a prefrontal trough and moved south through the Florida Peninsula on the morning of the 6th. Some of the stronger storms produced and EF-0 tornado and one inch hail.",64
679228,LEE CO.,PUNTA RASSA,04/06/2017,930,Tornado, ,EF0,0,1,110000,0,FL,EST-5, ,113459,C,71,TBW,0,0,Emergency Manager, ,7.43,20,1,S,1,SW,FORT MYERS VILLAS,04/06/2017,940,26.501,-81.998,26.5339,-81.8836,"Emergency management reported and broadcast media received video of a tornado that crossed the southern point of Pine Island. The tornado then became a waterspout as it moved east and into Fort Myers towards Lakes Regional Park. In Fort Myers, the tornado destroyed one mobile home, damaged trees, fences, and car ports, and lifted a metal dock out of the water at Lakes Regional Park. One person sustained minor injuries.","A line of thunderstorms developed along a prefrontal trough and moved south through the Florida Peninsula on the morning of the 6th. Some of the stronger storms produced and EF-0 tornado and one inch hail.",65
697780,PALM BEACH CO.,CARDWELL,05/02/2017,1630,Tornado, ,EF0,0,0,0,0,FL,EST-5, ,116094,C,99,MFL,0,0,Broadcast Media, ,0.25,25,3,SE,3,SE,CARDWELL,05/02/2017,1635,26.74,-80.61,26.74,-80.61,"Broadcast media relayed a video of a brief tornado touchdown between Belle Glade and Pahokee. The tornado remained over an open field with no damage reported and therefore no official rating given.","A mid to upper level low pressure system moved over South Florida. A cold front was also moving down the state and stalling out across the Lake Okeechobee region. Afternoon thunderstorms developed along the front and sea breezes. One of these thunderstorms became severe and produced a brief tornado.",66
693683,ST. JOHNS CO.,SUMMER HAVEN,05/24/2017,753,Tornado, ,EFU,0,0,0,0,FL,EST-5, ,115535,C,109,JAX,0,0,Trained Spotter, ,0.64,25,1,WSW,0,N,SUMMER HAVEN,05/24/2017,754,29.6963,-81.2297,29.7,-81.22,"A weak waterspout formed over the intracoastal waterway and then track just south of Summerhaven and then across the Atlantic Ocean where it dissipated. There was no observed damage as the waterspout moved across the barrier island, and thus an EF rating was not assigned. The width of the spout was unknown and estimated for use in Storm Data.","A front across SE GA gradually shifted south across NE Florida through the day. Very high moisture content and deep layer SW flow ahead of the front combined with elevated instability fueled scattered strong to severe storms and locally heavy rainfall.",67
710255,BROWARD CO.,HOLLYWOOD N PERRY AR,06/05/2017,1807,Tornado, ,EF0,0,0,0,0,FL,EST-5, ,118045,C,11,MFL,0,0,Social Media, ,0.06,10,6,WNW,6,WNW,HOLLYWOOD N PERRY AR,06/05/2017,1808,26.0319,-80.3133,26.032,-80.3123,"Public posted a video on social media of a brief tornado in the area of Sheridan Street and Flamingo Road. Video was relayed by local broadcast media. Time estimated from radar. No damage was reported or observed by local officials or weather spotters.","A disturbance meandering across the Gulf of Mexico in combination with an upper level system across the western Gulf of Mexico lead to nearly a week of heavy rainfall across South Florida. The heaviest rainfall fell in the corridor from Marco Island and southern Collier county northeast into Broward and southern Palm Beach counties. Many locations in this swath saw rainfall amounts in excess of 9 to 10 inches in a single day, and as high as almost 15 inches on the heaviest day, resulting in event totals of 15 to 20 inches in this area. Elsewhere, rainfall amounts ranged from around 4 inches across southern Miami-Dade to 7 to 8 inches in the remainder of South Florida. ||This rainfall forced the closure of numerous roads across South Florida, especially in Collier and Broward counties where cars were trapped at times in the flood waters. Flooding also lead to the closure of Everglades Airpark as well as Sawgrass Mills Mall in Broward County. Significant flooding was also recorded in the Everglades, leading to road and trail closures in Big Cypress National Park.",68
706117,ST. JOHNS CO.,DUPONT CENTRE,06/06/2017,1311,Tornado, ,EF1,0,0,0,0,FL,EST-5, ,117416,C,109,JAX,0,0,NWS Storm Survey, ,2.21,70,1,SSE,2,WSW,CRESCENT BEACH,06/06/2017,1316,29.7373,-81.312,29.7529,-81.2799,"Tornado damage (EF1) occurred west of U.S. Highway 1/Dixie Highway, although damage may have started farther west toward Interstate 95. Survey team was unable to access start of path. After crossing U.S. Highway 1, the tornado moved NE through the Matanzas State Forest before causing primarily tree and power line damage (EF1 and lower) to neighborhoods south of Highway 206. The tornado weakened west of East Seacove Avenue. Peak winds were estimated between 75 and 95 mph.","A very moist and unsettled southwest flow was across the area ahead of a frontal system draped across the MS River Valley and central Gulf Coast states. Locally heavy rainfall occurred in morning convection as it moved inland from the Gulf especially across the Suwannee River Valley. One supercell developed and produced an EF1 tornado in St. Johns County in the early afternoon.",69
693562,OSCEOLA CO.,KISSIMMEE ARPT,06/14/2017,1230,Tornado, ,EF0,0,0,0,0,FL,EST-5, ,115517,C,97,MLB,0,0,Law Enforcement, ,0.01,10,1,ESE,1,ESE,KISSIMMEE ARPT,06/14/2017,1231,28.2772,-81.4182,28.2772,-81.4182,"The Osceola County Sheriffs Office reported that an officer observed a very brief tornado (landspout) touchdown near 1600 John Young Parkway in Kissimmee at 1230EST. No damage was reported.","A line of showers and thunderstorms formed along a sea breeze collision over the interior peninsula during the early afternoon. As the storms moved northwestward into the Kissimmee area, a short-lived, weak tornado (landspout) developed along the leading edge of a non-supercell storm. During the mid afternoon, a sub-severe thunderstorm produced wind damage to a mobile home in Yeehaw Junction.",70
701347,FRANKLIN CO.,APALACHICOLA,06/20/2017,915,Tornado, ,EF0,0,0,10000,0,FL,EST-5, ,116631,C,37,TAE,0,0,NWS Storm Survey, ,0.39,50,7,SE,7,SE,APALACHICOLA,06/20/2017,920,29.6393,-84.9077,29.6449,-84.9087,"A tornadic waterspout moved onshore western portion of St. George Island, causing minor tree damage and minor roof damage to 3 well-built coastal homes. Video on social media confirms that the tornado was on the ground as it crossed the beach. Damage was supportive of high end EF0 rating with max winds estimated near 85 mph. The survey was conducted with help and data from Franklin County Emergency Management.","On the morning of June 20, a low-topped supercell associated with a tropical disturbance (future Tropical Storm Cindy) moved across the western portion of St. George Island. The cell produced a weak tornado as it crossed the island.",71
709895,OKALOOSA CO.,SHALIMAR,06/21/2017,518,Tornado, ,EF0,0,0,40000,0,FL,CST-6, ,118126,C,91,MOB,0,0,NWS Storm Survey, ,2.52,75,1,SSW,1,SSE,GARNIER,06/21/2017,520,30.4122,-86.592,30.441,-86.6178,"The EF-0 tornado first touched down near Hollywood Blvd NE and tracked two and a half miles northeast, ending near the Falcon House Apartments. The path was non continuous and at times the only visible damage was at tree top level. The tornado produced roof damage to a couple of homes, along with damage to oak and pine trees. The tornado was near its strongest point as it moved over Ferry Park and produced damage at a baseball field. Damage values are estimated.","Tropical Storm Cindy first developed in the central Gulf of Mexico on the afternoon of Tuesday, June 20th and made landfall between Cameron, LA and Port Arthur, TX during the early morning hours of Thursday, June 22nd. Despite the center of the storm being far removed from the north central Gulf Coast, the effects of Cindy extended several hundred miles to the east of the center and impacted the local area starting late Tuesday and persisting through the end of the week.||The primary impact across the western Florida Panhandle was from heavy rain and flooding. Storm total rainfall ranged from 5 to 10 inches across much of the western Florida Panhandle. The top rainfall report was from NAS Whiting Field which measured 9.46 inches. Based on radar estimates, up to a foot of rain likely fell in parts of eastern Santa Rosa County, but there were no gauge reports available from that area. The heavy rain resulted in periods of flash flooding. ||Minor coastal flooding was observed, particularly on Highway 399 in Santa Rosa County. Maximum inundation was just above 2 feet MHHW based on the Pensacola Bay tidal gauge. ||One EF-0 tornado occurred in southern Okaloosa County.",72
699142,ORANGE CO.,TANGELO PARK,07/07/2017,1900,Tornado, ,EF0,0,0,0,0,FL,EST-5, ,116274,C,95,MLB,0,0,Other Federal Agency, ,0.05,15,2,ESE,2,ESE,TANGELO PARK,07/07/2017,1900,28.3917,-81.3403,28.3917,-81.3403,"Air Traffic Controllers at the Orlando International Airport observed a brief tornado touchdown approximately 2 miles to their southwest. Several persons at the airport photographed the tornado. The tornado likely occurred in an undeveloped area of rural Orange County (Meadow Woods). No damage was reported. The (landspout) tornado developed as two strong sea breeze boundaries collided over the area, prior to any shower and thunderstorm development. Partly cloudy skies were occurring at the time. The photographs clearly showed a large radius of dust/dirt surrounding the vortex at the surface and the condensation funnel extending to the cloud base.","The Atlantic and Gulf coast sea breeze boundaries collided from south-central Orange County to western Osceola County during the early evening. During the initial collision and prior to shower and thunderstorm development, a brief tornado was observed from the Orlando International Airport tower and photographed by several people at the airport. Showers and thunderstorms then rapidly formed along the north-south boundary collision zone and a funnel cloud was observed by many citizens and weather spotters in Kissimmee. Shortly thereafter, the funnel cloud developed into a tornado and produced minor damage to several homes within two adjacent subdivisions.",73
699145,OSCEOLA CO.,KISSIMMEE,07/07/2017,1929,Tornado, ,EF0,0,0,20000,0,FL,EST-5, ,116274,C,97,MLB,0,0,Emergency Manager, ,0.69,25,3,ENE,3,ENE,KISSIMMEE,07/07/2017,1932,28.3171,-81.3636,28.3224,-81.354,"Numerous residents within the Buena Ventura Lakes region of Kissimmee observed a funnel cloud approach from the southwest and become a tornado as it traveled through two adjacent subdivisions for less than 0.75 miles. Eyewitnesses described swirling debris at the surface and swirling water within an adjacent lake, with a visible funnel farther aloft to the cloud base. Several single family homes sustained minor damage, consisting of several removed shingles, and damage to carports and pool screen enclosures. A large mango tree fell onto one home resulting in roof damage. The tornado path and intensity (EF-0, winds estimated at 60-70 mph) were determined after examining damage photos from Osceola County Emergency Management and the Orlando news media and interviewing several eyewitnesses. DI2, DOD1, EXP; DI2, DOD2, LB-EXP.","The Atlantic and Gulf coast sea breeze boundaries collided from south-central Orange County to western Osceola County during the early evening. During the initial collision and prior to shower and thunderstorm development, a brief tornado was observed from the Orlando International Airport tower and photographed by several people at the airport. Showers and thunderstorms then rapidly formed along the north-south boundary collision zone and a funnel cloud was observed by many citizens and weather spotters in Kissimmee. Shortly thereafter, the funnel cloud developed into a tornado and produced minor damage to several homes within two adjacent subdivisions.",74
708115,DUVAL CO.,FT GEORGE IS,07/27/2017,1238,Tornado, ,EF0,0,0,0,0,FL,EST-5, ,117785,C,31,JAX,0,0,NWS Storm Survey, ,0.11,40,2,ENE,2,ENE,FT GEORGE IS,07/27/2017,1241,30.4055,-81.4039,30.4071,-81.4037,"A line of strong thunderstorms approached Mayport and straight line winds produced minor damage. This damage preceded a tornado over the mouth of the St. Johns River that touched down briefly as an EF0 tornado on Huguenot Beach Park. A lifeguard stand was rolled several times, a truck was damaged, and trash and debris were scattered throughout the beach/park. The tornado moved offshore over the Atlantic Ocean. Maximum sustained winds were near 65 mph.","A late season cold front was over SE GA under a mid level low. This feature combined with daytime heating and high moisture spawned a line of strong to severe storms over NE Florida that neared the Atlantic coast of Duval county during the early afternoon. A weak and brief tornado touched down near Mayport.",75
705836,MANATEE CO.,PALMA SOLA,07/31/2017,955,Tornado, ,EF0,0,0,96000,0,FL,EST-5, ,117337,C,81,TBW,0,0,NWS Storm Survey, ,0.69,100,2,WNW,2,W,PALMA SOLA,07/31/2017,957,27.51,-82.66,27.5,-82.66,"Tropical Storm Emily came ashore in the area with a broad area of toppled trees and numerous branches downed. An NWS Storm Survey team found a narrow area of enhanced damage, likely associated with a brief tornado. Two barns were destroyed along with multiple greenhouses and a engineered wall was found toppled.","Tropical Storm Emily formed on the tail-end of a slow moving frontal boundary that was draped across the northeastern Gulf of Mexico. A weak area of low pressure developed on the 30th and slowly drifted southeast towards the Florida peninsula. Early in the morning on the 31st, satellite and radar data indicated that a tropical depression had formed about 65 miles west of Tampa Bay.  The system became a tropical storm shortly before landfall just a few hours later. Emily made landfall on Anna Maria Island at 10:45 AM with maximum sustained winds of 45 mph and a minimum central pressure of 1005 mb. ||Emily was a small system and it's effects were very localized across the region. It produced one tornado along the Manatee county coast and wind gusts were observed in the 40 to 65 mph range across Pinellas, Manatee and Sarasota Counties. Emily produced areas of 4-6 inches of rain across portions of west central Florida.",76
721039,MONROE CO.,(EYW)KEY WEST INL AR,08/11/2017,1603,Tornado, ,EF0,0,0,0,0,FL,EST-5, ,120332,C,87,KEY,0,0,NWS Storm Survey, ,0.22,25,3,ENE,2,ENE,(EYW)KEY WEST INL AR,08/11/2017,1605,24.5688,-81.7339,24.5677,-81.7373,"The examination of a video of the event and survey results revealed the first instance of damage to a hollow metal tube roof structure topped with plastic or hard vinyl |covering, affixed to wood two-by-four supports of a fishing house shed just northwest of Safe Harbor on Stock Island. The roof structure was flipped airborne and deposited about 20 to 30 feet to the west-northwest of the original location. The tornado moved just south of due west, and lifted a boat tarp including hollow tubing framework 30 to 40 feet into the air, depositing it in a stand of Australian pines over 100 feet to the northwest. A 15-by-15 foot folding tent structure topped with boat covering structure was lifted airborne for several seconds and destroyed 20 to 30 feet from its original location. Another hollow tubing boat covering frame, affixed via screws through flat plywood shims to another fish house shack, and used as a shade overhang, was removed as a single unit and deposited 20 feet to the east-northeast.  This direction of damage deposition was nearly opposite the direction of travel of the tornado. Numerous healthy small limbs of one half (0.5) inch diameter of healthy Australian pine were desposited toward the west-southeast across an unpaved dockfront access road. Video examinination determined some of the limbs were severed as the various roof covering structures struck the pine trees. It was at this point that the maximum wind estimate of 60 to 65 mph 3-second gust was demonstrated.||The tornado then entered the harbor waters at an oblique angle, causing a well-defined waterspout spray ring, and indicative of 3-second winds well in excess of 50 mph.  The now-waterspout crossed back over land as a tornado at the docks south of the 4th Avenue curve on Stock Island, where loose objects aboard vessels was lifted and deposited in a small turning basin. Eyewitnesses and video indicated the tornado no longer lifted debris or spray at that point, and seemingly dissipated.","A brief tornado was observed and recorded on video under a developing towering cumulus cloud line along the extreme Lower Keys.",77
709228,INDIAN RIVER CO.,BLUE CYPRESS LAKE,08/18/2017,1640,Tornado, ,EF0,0,0,0,0,FL,EST-5, ,117983,C,61,MLB,0,0,Law Enforcement, ,0.18,20,4,ESE,4,ESE,BLUE CYPRESS LAKE,08/18/2017,1643,27.715,-80.6857,27.7158,-80.6829,"A sheriff's deputy spotted a tornado (landspout) over an agricultural area west of Fellsmere, about midway between Blue Cypress Lake and County Road 512. A citizen driving several miles away observed and videotaped the tornado moving very slowly eastward, lasting three minutes. The tornado developed along an outflow boundary ahead of a cluster of thunderstorms and was also seen from Blue Cypress Lake and far to the south-southwest from central Okeechobee County. Sheriff Deputies invested the area of the tornado and cloud not find any evidence of damage. The tornado was rated EF-0 with maximum winds estimated below 55 mph.","Two weak tornadoes (landspouts) developed along outflow boundaries ahead of thunderstorms during the late afternoon and early evening. The first tornado developed over a very rural, agricultural area west of Fellsmere in Indian River County and did not produce any damage. The second tornado formed in Rockledge in Brevard County and was responsible for damage to a few homes. Both tornadoes were brief and affected very small areas, but were widely seen as they occurred outside of rain areas.",78
709211,BREVARD CO.,ROCKLEDGE,08/18/2017,1729,Tornado, ,EF0,0,0,8000,0,FL,EST-5, ,117983,C,9,MLB,0,0,Emergency Manager, ,0.36,15,2,WSW,2,SW,ROCKLEDGE,08/18/2017,1730,28.3162,-80.7468,28.3172,-80.741,"A tornado (landspout) developed along an outflow boundary ahead of a cluster of thunderstorms within a residential area of Rockledge. Minor damage began near the west end of Lakemoor Boulevard, and continued sporadically to near the intersection of Green Road and Fiske Boulevard, then ended just northeast of Buckingham Court. Damage occurred to a screen porch and carport, with more significant damage toward the east end of the track where a roof was partially removed from a home, after being initially peeled back from an overhang. Minor damage to fences and tree branches were also reported. Several residents observed and videotaped a funnel cloud, with rotating debris below at and above ground level. A review of videos and photos of damage to the structures helped confirm that a tornado occurred for less than a minute and affected a narrow swath just over a third of a mile long. The tornado was rated EF-0, with maximum winds estimated at 60 to 70 mph.","Two weak tornadoes (landspouts) developed along outflow boundaries ahead of thunderstorms during the late afternoon and early evening. The first tornado developed over a very rural, agricultural area west of Fellsmere in Indian River County and did not produce any damage. The second tornado formed in Rockledge in Brevard County and was responsible for damage to a few homes. Both tornadoes were brief and affected very small areas, but were widely seen as they occurred outside of rain areas.",79
717103,MANATEE CO.,SAMOSET,08/26/2017,2019,Tornado, ,EF0,0,0,20000,0,FL,EST-5, ,118236,C,81,TBW,0,0,Emergency Manager, ,0.32,50,0,SW,0,S,SAMOSET,08/26/2017,2022,27.4769,-82.554,27.4747,-82.5494,"A narrow path of damage was found in Samoset, with minor damage occurring at a County Public Works Facility. A couple of witnesses also reported seeing a funnel cloud in the area. Aluminum debris was thrown around, and several trees and large branches were knocked down. The time of the tornado was estimated from radar.","A trough of low pressure developed over the eastern Gulf of Mexico and passed east across the Florida Peninsula on the 26th through 28th of August, bringing abundant tropical moisture into the area. Heavy rain fell across the area each day, with some areas seeing over 16 inches of rain totals throughout the event. Flood waters entered numerous homes in Hillsborough, Manatee, Sarasota, and Lee counties, as well as making numerous roads impassable and stalling vehicles. The flooding also caused two separate drowning deaths in the area. ||In addition to the flooding, the storms produced some wind damage and a brief EF-0 tornado in Manatee County.",80
723028,COLLIER CO.,OCHOPEE,09/09/2017,1120,Tornado, ,EF1,0,0,0,0,FL,EST-5, ,120690,C,21,MFL,0,0,NWS Storm Survey, ,0.25,50,2,W,2,W,OCHOPEE,09/09/2017,1123,25.9022,-81.3274,25.9002,-81.3332,"NWS storm survey determined damage including leaning wood power poles along US 41 and SR 29 were due to a tornado. Time estimated by radar.","Major Hurricane Irma made landfall in Southwest Florida on Marco Island as a Category 3 hurricane around 330 PM EDT on September 10th. The storm traveled north through southwest Florida through the evening. Effects from Irma were felt across South Florida from September 9th through September 11th. Irma had reached Category 5 strength and a minimum central pressure of 914 MB east of the Bahamas, maintaining Category 5 intensity until landfall along the north coast of Cuba on September 9th. Irma made its first Florida landfall in the Lower Florida Keys early on September 10th as a Category 4 hurricane. ||The strength and size of Hurricane Irma allowed for impacts to be felt across all of South Florida. Irma brought widespread wind damage, heavy rainfall and storm surge to all areas. Hurricane-force sustained wind were measured in much of Collier County, as well as far southern and inland Miami-Dade County, with the possibility of additional hurricane-force sustained wind in more isolated areas over the remainder of South Florida where widespread tropical storm force sustained wind occurred. Gusts to hurricane force were felt over all of South Florida, with the maximum measured wind gust of 142 mph in Naples in Collier County. Widespread tree damage and some structural damage occurred across all of South Florida, with most structural damage on the minor side.||Irma brought a significant storm surge on both coasts of South Florida. Storm surge of 6 to 8 feet was observed in the Everglades City and Goodland areas of Collier County, with 3 to 5 feet from Marco Island to Naples. Along the east coast, observed storm surge values of 4 to 6 feet were noted along Biscayne Bay from south of Miami to Homestead, and 2 to 4 feet elsewhere along the east coast from Key Biscayne to Palm Beach.||Hurricane Irma brought widespread rainfall and some flooding across the region. From the period between 8 AM EDT September 9th and 8 AM EDT September 11th, 8 to 15 inches of rain were measured over interior portions of Southwest Florida, with estimated amounts of 16 to 20 inches in southwestern Hendry County. This rainfall near the end of a wet summer led to significant flooding over these areas. 5 to 10 inches of rain were noted elsewhere across South Florida, with areas of minor to moderate flooding. ||32 deaths were attributed to Irma in southern Florida, all but one indirect. The only direct death was an 86-year-old man who was knocked down by a gust of wind while opening the front door of his home in Broward County. Most of the deaths occurred during cleanup after the storm, as well as several as a result of carbon monoxide poisoning from misuse of generators. Initial and incomplete damage estimate across the area is estimated to be around $800 million, but in all likelihood will be much higher once damage assessments are completed. $222.5 million in damage came in from Collier County, and about $300 million from Palm Beach County. About $255 million came from the agricultural community in Miami-Dade County.||Total number of people who were at county evacuation shelters were as follows: Miami-Dade County - 31,092, Palm Beach County - 17,263, Collier County - 17,040, Broward County - 17,000, Hendry County - 3,000||Total number of customers without power were as follows: Miami-Dade County - 888,530, Broward County - 689,000, Palm Beach County- 566,240, Collier County -  197,630, Hendry County - 9,700, Glades County - 1,670.",81
722911,BROWARD CO.,FT LAUDERDALE,09/09/2017,1735,Tornado, ,EF0,0,0,0,0,FL,EST-5, ,120690,C,11,MFL,0,0,NWS Storm Survey, ,1.93,100,2,ENE,1,S,OAKLAND PARK,09/09/2017,1739,26.1383,-80.1039,26.1559,-80.1281,"During a NWS storm survey for Hurricane Irma evidence was found of a discontinuous track of a tornado from Fort Lauderdale Beach to Wilton Manors. Multiple trees were damaged along the path.","Major Hurricane Irma made landfall in Southwest Florida on Marco Island as a Category 3 hurricane around 330 PM EDT on September 10th. The storm traveled north through southwest Florida through the evening. Effects from Irma were felt across South Florida from September 9th through September 11th. Irma had reached Category 5 strength and a minimum central pressure of 914 MB east of the Bahamas, maintaining Category 5 intensity until landfall along the north coast of Cuba on September 9th. Irma made its first Florida landfall in the Lower Florida Keys early on September 10th as a Category 4 hurricane. ||The strength and size of Hurricane Irma allowed for impacts to be felt across all of South Florida. Irma brought widespread wind damage, heavy rainfall and storm surge to all areas. Hurricane-force sustained wind were measured in much of Collier County, as well as far southern and inland Miami-Dade County, with the possibility of additional hurricane-force sustained wind in more isolated areas over the remainder of South Florida where widespread tropical storm force sustained wind occurred. Gusts to hurricane force were felt over all of South Florida, with the maximum measured wind gust of 142 mph in Naples in Collier County. Widespread tree damage and some structural damage occurred across all of South Florida, with most structural damage on the minor side.||Irma brought a significant storm surge on both coasts of South Florida. Storm surge of 6 to 8 feet was observed in the Everglades City and Goodland areas of Collier County, with 3 to 5 feet from Marco Island to Naples. Along the east coast, observed storm surge values of 4 to 6 feet were noted along Biscayne Bay from south of Miami to Homestead, and 2 to 4 feet elsewhere along the east coast from Key Biscayne to Palm Beach.||Hurricane Irma brought widespread rainfall and some flooding across the region. From the period between 8 AM EDT September 9th and 8 AM EDT September 11th, 8 to 15 inches of rain were measured over interior portions of Southwest Florida, with estimated amounts of 16 to 20 inches in southwestern Hendry County. This rainfall near the end of a wet summer led to significant flooding over these areas. 5 to 10 inches of rain were noted elsewhere across South Florida, with areas of minor to moderate flooding. ||32 deaths were attributed to Irma in southern Florida, all but one indirect. The only direct death was an 86-year-old man who was knocked down by a gust of wind while opening the front door of his home in Broward County. Most of the deaths occurred during cleanup after the storm, as well as several as a result of carbon monoxide poisoning from misuse of generators. Initial and incomplete damage estimate across the area is estimated to be around $800 million, but in all likelihood will be much higher once damage assessments are completed. $222.5 million in damage came in from Collier County, and about $300 million from Palm Beach County. About $255 million came from the agricultural community in Miami-Dade County.||Total number of people who were at county evacuation shelters were as follows: Miami-Dade County - 31,092, Palm Beach County - 17,263, Collier County - 17,040, Broward County - 17,000, Hendry County - 3,000||Total number of customers without power were as follows: Miami-Dade County - 888,530, Broward County - 689,000, Palm Beach County- 566,240, Collier County -  197,630, Hendry County - 9,700, Glades County - 1,670.",82
723027,MIAMI-DADE CO.,(HST)HOMESTEAD AFB,09/09/2017,1801,Tornado, ,EF0,0,0,0,0,FL,EST-5, ,120690,C,86,MFL,0,0,Public, ,2.06,75,5,S,5,SSE,LEISURE CITY,09/09/2017,1803,25.412,-80.377,25.413,-80.41,"A tornado was reported by a member of the public around Homestead Motor Speedway.","Major Hurricane Irma made landfall in Southwest Florida on Marco Island as a Category 3 hurricane around 330 PM EDT on September 10th. The storm traveled north through southwest Florida through the evening. Effects from Irma were felt across South Florida from September 9th through September 11th. Irma had reached Category 5 strength and a minimum central pressure of 914 MB east of the Bahamas, maintaining Category 5 intensity until landfall along the north coast of Cuba on September 9th. Irma made its first Florida landfall in the Lower Florida Keys early on September 10th as a Category 4 hurricane. ||The strength and size of Hurricane Irma allowed for impacts to be felt across all of South Florida. Irma brought widespread wind damage, heavy rainfall and storm surge to all areas. Hurricane-force sustained wind were measured in much of Collier County, as well as far southern and inland Miami-Dade County, with the possibility of additional hurricane-force sustained wind in more isolated areas over the remainder of South Florida where widespread tropical storm force sustained wind occurred. Gusts to hurricane force were felt over all of South Florida, with the maximum measured wind gust of 142 mph in Naples in Collier County. Widespread tree damage and some structural damage occurred across all of South Florida, with most structural damage on the minor side.||Irma brought a significant storm surge on both coasts of South Florida. Storm surge of 6 to 8 feet was observed in the Everglades City and Goodland areas of Collier County, with 3 to 5 feet from Marco Island to Naples. Along the east coast, observed storm surge values of 4 to 6 feet were noted along Biscayne Bay from south of Miami to Homestead, and 2 to 4 feet elsewhere along the east coast from Key Biscayne to Palm Beach.||Hurricane Irma brought widespread rainfall and some flooding across the region. From the period between 8 AM EDT September 9th and 8 AM EDT September 11th, 8 to 15 inches of rain were measured over interior portions of Southwest Florida, with estimated amounts of 16 to 20 inches in southwestern Hendry County. This rainfall near the end of a wet summer led to significant flooding over these areas. 5 to 10 inches of rain were noted elsewhere across South Florida, with areas of minor to moderate flooding. ||32 deaths were attributed to Irma in southern Florida, all but one indirect. The only direct death was an 86-year-old man who was knocked down by a gust of wind while opening the front door of his home in Broward County. Most of the deaths occurred during cleanup after the storm, as well as several as a result of carbon monoxide poisoning from misuse of generators. Initial and incomplete damage estimate across the area is estimated to be around $800 million, but in all likelihood will be much higher once damage assessments are completed. $222.5 million in damage came in from Collier County, and about $300 million from Palm Beach County. About $255 million came from the agricultural community in Miami-Dade County.||Total number of people who were at county evacuation shelters were as follows: Miami-Dade County - 31,092, Palm Beach County - 17,263, Collier County - 17,040, Broward County - 17,000, Hendry County - 3,000||Total number of customers without power were as follows: Miami-Dade County - 888,530, Broward County - 689,000, Palm Beach County- 566,240, Collier County -  197,630, Hendry County - 9,700, Glades County - 1,670.",83
723029,BROWARD CO.,MIRAMAR,09/09/2017,1913,Tornado, ,EF1,0,0,0,0,FL,EST-5, ,120690,C,11,MFL,0,0,NWS Storm Survey, ,0.1,50,2,ESE,2,ESE,MIRAMAR,09/09/2017,1914,25.9878,-80.3756,25.9886,-80.3766,"NWS storm survey determined an area of enhanced tree damage along SW 172 Avenue between Memorial Hospital and Miramar Regional Park was the result of a tornado. Sections of trees were completely ripped apart.","Major Hurricane Irma made landfall in Southwest Florida on Marco Island as a Category 3 hurricane around 330 PM EDT on September 10th. The storm traveled north through southwest Florida through the evening. Effects from Irma were felt across South Florida from September 9th through September 11th. Irma had reached Category 5 strength and a minimum central pressure of 914 MB east of the Bahamas, maintaining Category 5 intensity until landfall along the north coast of Cuba on September 9th. Irma made its first Florida landfall in the Lower Florida Keys early on September 10th as a Category 4 hurricane. ||The strength and size of Hurricane Irma allowed for impacts to be felt across all of South Florida. Irma brought widespread wind damage, heavy rainfall and storm surge to all areas. Hurricane-force sustained wind were measured in much of Collier County, as well as far southern and inland Miami-Dade County, with the possibility of additional hurricane-force sustained wind in more isolated areas over the remainder of South Florida where widespread tropical storm force sustained wind occurred. Gusts to hurricane force were felt over all of South Florida, with the maximum measured wind gust of 142 mph in Naples in Collier County. Widespread tree damage and some structural damage occurred across all of South Florida, with most structural damage on the minor side.||Irma brought a significant storm surge on both coasts of South Florida. Storm surge of 6 to 8 feet was observed in the Everglades City and Goodland areas of Collier County, with 3 to 5 feet from Marco Island to Naples. Along the east coast, observed storm surge values of 4 to 6 feet were noted along Biscayne Bay from south of Miami to Homestead, and 2 to 4 feet elsewhere along the east coast from Key Biscayne to Palm Beach.||Hurricane Irma brought widespread rainfall and some flooding across the region. From the period between 8 AM EDT September 9th and 8 AM EDT September 11th, 8 to 15 inches of rain were measured over interior portions of Southwest Florida, with estimated amounts of 16 to 20 inches in southwestern Hendry County. This rainfall near the end of a wet summer led to significant flooding over these areas. 5 to 10 inches of rain were noted elsewhere across South Florida, with areas of minor to moderate flooding. ||32 deaths were attributed to Irma in southern Florida, all but one indirect. The only direct death was an 86-year-old man who was knocked down by a gust of wind while opening the front door of his home in Broward County. Most of the deaths occurred during cleanup after the storm, as well as several as a result of carbon monoxide poisoning from misuse of generators. Initial and incomplete damage estimate across the area is estimated to be around $800 million, but in all likelihood will be much higher once damage assessments are completed. $222.5 million in damage came in from Collier County, and about $300 million from Palm Beach County. About $255 million came from the agricultural community in Miami-Dade County.||Total number of people who were at county evacuation shelters were as follows: Miami-Dade County - 31,092, Palm Beach County - 17,263, Collier County - 17,040, Broward County - 17,000, Hendry County - 3,000||Total number of customers without power were as follows: Miami-Dade County - 888,530, Broward County - 689,000, Palm Beach County- 566,240, Collier County -  197,630, Hendry County - 9,700, Glades County - 1,670.",84
723030,BROWARD CO.,MIRAMAR,09/09/2017,1917,Tornado, ,EF1,0,0,0,0,FL,EST-5, ,120690,C,11,MFL,0,0,NWS Storm Survey, ,0.25,50,1,NNW,1,NNW,MIRAMAR,09/09/2017,1919,26.0139,-80.4065,26.0168,-80.41,"NWS storm survey determined a tornado in the Chapel Trail neighborhood near NW 196 Avenue north of Pines Boulevard. Several trees ripped apart with roof tile damage. Damage pattern suggested rotation. Time estimated via radar.","Major Hurricane Irma made landfall in Southwest Florida on Marco Island as a Category 3 hurricane around 330 PM EDT on September 10th. The storm traveled north through southwest Florida through the evening. Effects from Irma were felt across South Florida from September 9th through September 11th. Irma had reached Category 5 strength and a minimum central pressure of 914 MB east of the Bahamas, maintaining Category 5 intensity until landfall along the north coast of Cuba on September 9th. Irma made its first Florida landfall in the Lower Florida Keys early on September 10th as a Category 4 hurricane. ||The strength and size of Hurricane Irma allowed for impacts to be felt across all of South Florida. Irma brought widespread wind damage, heavy rainfall and storm surge to all areas. Hurricane-force sustained wind were measured in much of Collier County, as well as far southern and inland Miami-Dade County, with the possibility of additional hurricane-force sustained wind in more isolated areas over the remainder of South Florida where widespread tropical storm force sustained wind occurred. Gusts to hurricane force were felt over all of South Florida, with the maximum measured wind gust of 142 mph in Naples in Collier County. Widespread tree damage and some structural damage occurred across all of South Florida, with most structural damage on the minor side.||Irma brought a significant storm surge on both coasts of South Florida. Storm surge of 6 to 8 feet was observed in the Everglades City and Goodland areas of Collier County, with 3 to 5 feet from Marco Island to Naples. Along the east coast, observed storm surge values of 4 to 6 feet were noted along Biscayne Bay from south of Miami to Homestead, and 2 to 4 feet elsewhere along the east coast from Key Biscayne to Palm Beach.||Hurricane Irma brought widespread rainfall and some flooding across the region. From the period between 8 AM EDT September 9th and 8 AM EDT September 11th, 8 to 15 inches of rain were measured over interior portions of Southwest Florida, with estimated amounts of 16 to 20 inches in southwestern Hendry County. This rainfall near the end of a wet summer led to significant flooding over these areas. 5 to 10 inches of rain were noted elsewhere across South Florida, with areas of minor to moderate flooding. ||32 deaths were attributed to Irma in southern Florida, all but one indirect. The only direct death was an 86-year-old man who was knocked down by a gust of wind while opening the front door of his home in Broward County. Most of the deaths occurred during cleanup after the storm, as well as several as a result of carbon monoxide poisoning from misuse of generators. Initial and incomplete damage estimate across the area is estimated to be around $800 million, but in all likelihood will be much higher once damage assessments are completed. $222.5 million in damage came in from Collier County, and about $300 million from Palm Beach County. About $255 million came from the agricultural community in Miami-Dade County.||Total number of people who were at county evacuation shelters were as follows: Miami-Dade County - 31,092, Palm Beach County - 17,263, Collier County - 17,040, Broward County - 17,000, Hendry County - 3,000||Total number of customers without power were as follows: Miami-Dade County - 888,530, Broward County - 689,000, Palm Beach County- 566,240, Collier County -  197,630, Hendry County - 9,700, Glades County - 1,670.",85
721574,HARDEE CO.,WAUCHULA,09/10/2017,759,Tornado, ,EF1,0,0,40000,0,FL,EST-5, ,119520,C,49,TBW,0,0,NWS Storm Survey, ,0.03,50,1,NNW,1,NNW,WAUCHULA,09/10/2017,801,27.565,-81.8147,27.5651,-81.8151,"Roof damage and downed power poles were found in Wauchula along US Highway 17. An NWS storm survey crew had difficulty differentiating tornado damage from the surrounding hurricane damage, but given that the initial damage report was received well before the tropical storm and hurricane force winds arrived, it was determined that a brief tornado more than likely touched down. Time was estimated from radar.","Monetary losses do not include insured losses.  Fatalities are preliminary until the Florida Medical Examiner releases the official information.  This document will be updated once released. ||Hurricane Irma made landfall on Marco Island as a Category 3 hurricane on the afternoon of the 10th and traveled north through southwest Florida through the morning of the 11th. Prior to making landfall in southwest Florida, Irma had previously reached Category 5 strength and made landfalls in Cuba and the Florida Keys. At it's peak, Irma had a central pressure of 914 mb. ||The maximum storm surge in southwest Florida was 3.88 feet in Fort Myers at midnight EST on the 11th. Subtracting the astronomical tide of 0.04 feet, the maximum storm tide was calculated from the tide gauge as 3.28 feet MHHW at 2:36 PM EST on the 11th. Farther north, the storm surge was generally less than 3 feet. Due to the track making landfall south of the area then moving north and parallel but inland of the coast, strong offshore flow north of the eye produced in even stronger negative storm surge before the positive surge in most areas as water was pushed away from the coast. ||Rain from Irma started to accumulate over southwest Florida and interior parts of west central Florida on the morning and afternoon of the 10th, with most of the area seeing the highest rain totals during the early morning hours of the 11th. The rain then largely ended by mid morning on the 11th. Most of the area saw rainfall accumulations of 5-10 inches, with some isolated spots seeing totals of over 15 inches. The highest rain total reported was 18.65 inches at the home weather station D1496 in Beverly Hills in Citrus County. The widespread heavy rain caused significant river flooding issues across west central and southwest Florida, with major flooding being observed at points on the Withlacoochee, Anclote, Hillsborough, Alafia, Little Manatee, and Peace Rivers as well as the Horse Creek. ||The collective effects of Hurricane Irma in west central and southwest Florida during the period of September 10 and 11 resulted in 2 direct fatalities, 14 indirect fatalities, an estimated $2.2 billion in property damage (adding individual assistance claims and public assistance claims, not including the cost of debris removal and emergency protective measures when known), and $379 million in crop damage. A total of 509 homes and businesses were destroyed, 5,589 had major damage, 18,834 sustained minor damage, and 61,920 were affected by Hurricane Irma in west central and southwest Florida.||County-by-County Impacts||Lee County - In inland portions of Lee county, the highest wind reported from Hurricane Irma was a gust to 77 knots at the ASOS at Southwest Florida International Airport during the late afternoon on the 10th. Rainfall was generally around 5 inches or greater, with the highest rain total being 11.59 inches at a mesonet site at the waste plant on Buckingham Road in Fort Myers. The wind resulted in damage to numerous homes, as well as knocking over trees and power lines, while heavy rain also causing flood damage to many homes. Lee County Emergency Management reported that 92 homes or businesses were destroyed by Irma, 2088 sustained major damage, 1721 had minor damage, and an additional 20426 were affected throughout Lee County. The total property damage from Irma in Lee County was estimated at $826.28 million in individual damage assessments, of which, $163.14 million was estimated to be caused by wind damage in inland portions of Lee County. Additionally, crop damage to citrus plants in Lee County was roughly estimated at $9.6 million. In coastal portions of Lee county, the highest wind reported from Hurricane Irma was a gust to 73 knots at the ASOS at Fort Myers Page Field during the late afternoon on the 10th. Rainfall was generally around 4 inches or greater, with the highest rain total being 10.60 inches at the ASOS at Fort Myers Page Field. The wind resulted in damage to numerous homes, as well as knocking over trees and power lines, while heavy rain also caused flood damage to numerous homes. Lee County Emergency Management reported that 92 homes or businesses were destroyed by Irma, 2088 sustained major damage, 1721 had minor damage, and an additional 20,426 were affected throughout Lee County. The maximum storm surge was 3.88 feet in Fort Myers at midnight EST on the 11th. Subtracting the astronomical tide of 0.04 feet, the maximum storm tide was calculated from the tide gauge as 3.28 feet MHHW 1436EST on the 11th. The total damage from Irma in Lee County was estimated at $826.28 million in individual assistance assessments, of which, $163.14 million was estimated to be caused by wind damage in coastal portions of Lee County. There was one direct fatality reported in Bonita Springs, when a 74 year old man fell down stairs near his home on the 11th. Due to the hurricane conditions, paramedics were not able to reach him for several hours, and he died on the 16th.||Charlotte County - In coastal portions of Charlotte County, the highest wind reported from Hurricane Irma was a gust to 64 knots at the ASOS at Punta Gorda Airport during the early evening on the 10th. Rainfall was generally around 5 inches or greater, with the highest rain total being 8.08 inches at the CoCoRaHS station FL-CH-13 in Port Charlotte. The wind resulted in damage to numerous homes, as well as knocking over trees and power lines. Charlotte County Emergency Management reported that 5 homes or businesses sustained major damage and an additional 200 were affected by hurricane Irma throughout Charlotte County. The total property damage from Irma in Charlotte County was estimated at $23 million, including $3 million in individual assistance claims, and $20 million in public assistance claims including for debris removal and emergency protective measures. An estimated $2.9 million was caused by wind damage in coastal portions of Charlotte County. Emergency management reported that sea walls collapsed when water left the Charlotte Harbor during the negative storm surge ahead of the storm, causing an estimated $20 million in damage. Timing was estimated by using the nearby tide gauge in Fort Myers, where the negative surge bottomed out at around -4 feet MLLW at around 1800EST on the 10th, then surged to a positive surge of just over 3 feet at about 0500EST on the 11th, before slowly receding through the rest of the day. Charlotte county emergency management reported that the negative surge caused sea walls to collapse, causing an estimated $20 million in public assistance claims. In inland portions of Charlotte County, winds from Hurricane Irma were estimated to be around 60 to 70 knots based on surrounding observations. Rainfall was generally around 5 inches or greater, with the highest rain total being 9.76 inches at mesonet station at Whidden Properties (WHID) near the eastern border of Charlotte County. The wind resulted in damage to numerous homes, as well as knocking over trees and power lines. Charlotte County Emergency Management reported that 5 homes or businesses sustained major damage and an additional 200 were affected by hurricane Irma throughout Charlotte County. The total property damage from Irma in Charlotte County was estimated at $23 million, including $3 million in individual assistance claims, and $20 million in public assistance claims including for debris removal and emergency protective measures. An estimated $100,000 of that damage was caused by wind damage in inland portions of Charlotte County. Additionally, crop damage to citrus plants in Charlotte County was roughly estimated at $15.9 million.||Sarasota County - In coastal portions of Sarasota County, the highest wind reported from Hurricane Irma was a gust to 70 knots at the home weather station AP859 in Sarasota during the evening on the 10th. Rainfall was generally around 4 inches or greater, with the highest rain total of 10.32 inches at the CWOP station C7986 in Laurel. The wind resulted in damage to numerous homes, as well as knocking over trees and power lines. Sarasota Emergency Management reported that 4 homes sustained major damage, 10 had minor damage, and 438 were affected. The total property damage from Irma in Sarasota County was estimated at $10.73 million, including $2.47 million in individual assistance claims and $8.26 million in public assistance claims. In inland portions of Sarasota County, winds from Hurricane Irma were estimated to be around 60 to 70 knots using surrounding observations. Additionally, crop damage to citrus plants in Sarasota County was roughly estimated at $2.2 million.||Manatee County - In coastal portions of Manatee County, winds from Hurricane Irma were estimated to be around 60 to 70 knots based on surrounding observations. The highest wind gust reported in coastal Manatee County was 61 knots at the ASOS at Sarasota Bradenton International Airport. Rainfall was generally around 5 inches or greater, with the highest rain total being 6.86 inches at the GOES station LWDF1 in Lake Ward. The wind resulted in damage to numerous homes, as well as knocking over trees and power lines. Manatee County Emergency Management reported that 14 homes or businesses were destroyed, 170 sustained major damage, 196 had minor damage, and an additional 2061 were affected by hurricane Irma throughout Manatee County. The total damage from Irma in Manatee County was estimated at $18.3 million in individual assistance claims, of which, $15.3 million was estimated to be caused by wind damage in coastal portions of Manatee County. One direct fatality was reported in Manatee County when an 89 year old man told his wife he was going out to secure their boat to their dock during the storm and was later found unresponsive in the canal. In inland portions of Manatee County, winds from Hurricane Irma were estimated to be around 60 to 70 knots based on surrounding observations. Rainfall was generally around 4 inches or greater, with the highest rain total being 6.65 inches at the HADS station MKHF1. The wind resulted in damage to numerous homes, as well as knocking over trees and power lines. Manatee County Emergency Management reported that 14 homes or businesses were destroyed, 170 sustained major damage, 196 had minor damage, and an additional 2061 were affected by hurricane Irma throughout Manatee County. The total property damage from Irma in Manatee County was estimated at $18.3 million in individual assistance claims, of which, $3 million was estimated to be caused by wind damage in inland portions of Manatee County. Additionally, crop damage to citrus plants in Manatee County was roughly estimated at $23.5 million.||DeSoto County - The wind gusts from Hurricane Irma were estimated to be around 60 to 70 knots based on surrounding observations. Rainfall was generally around 6 inches or greater, with the highest rain total being 11.34 inches at the CoCoRaHS station FL-DS-1 in Arcadia. The wind resulted in damage to numerous homes, as well as knocking over trees and power lines. Additional damaged occurred due to the high rain totals causing flooding on the Peace River and the Horse Creek. The total property damage from DeSoto County is unknown at this time. Additionally, crop damage to citrus plants in DeSoto County was roughly estimated at $71 million.||Hardee County - The highest wind reported from Hurricane Irma was a gust to 69 knots at the Hardee County Emergency Operations Center in Wauchula. Rainfall was generally around 6 inches or greater, with the highest rain total being 10.58 inches at a mesonet station in Zolfo Springs. The wind resulted in damage to numerous homes, as well as knocking over trees and power lines. Hardee County Emergency Management reported that 10 homes or businesses were destroyed by Irma, 20 sustained major damage, 71 had minor damage, and an additional 59 were affected. Additional damage occurred due to the high rain totals causing flooding on the Peace River. An EF-1 tornado was also found to have briefly touched down in Wauchula along US Highway 17 causing roof and power pole damage. The total property damage from Hardee County was estimated at $3.32 million, of which, $1.64 million was estimated to be caused by wind damage. Additionally, crop damage to citrus plants in Hardee County was roughly estimated at $57.5 million.||Highlands County - The highest wind reported from Hurricane Irma was a (3 second average) gust to 85 knots at Archbold Bio Station during the evening on the 10th. Elsewhere, the AWOS in Sebring registered a 5 second average gust to 75 knots. Rainfall was generally around 5 inches or greater, with the highest rain total being 10.31 inches at the CoCoRaHS station FL-HL-13 in Sebring. The wind resulted in damage to numerous homes, as well as knocking over trees and power lines. Highlands County Emergency Management reported that 144 homes or businesses were destroyed by Irma, 963 sustained major damage, 2408 had minor damage, and an additional 9623 were affected. The total property damage from Highlands County was estimated at $360 million in individual assistance claims, most of which was estimated to be caused by wind damage. Additionally, crop damage to citrus plants in Highlands County was roughly estimated at $70 million. There were four indirect fatalities from Irma in Highlands County. On the 9th, a 55 year old man fell off a ladder in Lake Placid while preparing his home. The man hit his head and died at a Tampa hospital on the 10th. A 56 year old man in Sebring collapsed while trimming trees on the 12th and died. The medical examiner determined that heart disease was the primary cause of death. A 62 year old man was found dead in his garage in Sebring on the 15th with a generator in the on position and out of gas. The medical examiner determined he died of carbon monoxide poisoning. A 23 year old man was electrocuted and died while trimming trees and clearing storm debris in Sebring on the 26th.||Polk County - The highest wind reported from Hurricane Irma was a gust to 75 knots at the APRS station AR663 near Bartow. Rainfall was generally around 6 inches or greater, with the highest rain total being 17.61 inches at the CWOP station E1114 in Davenport. The wind resulted in damage to numerous homes and businesses, as well as knocking over trees and power lines. Most notably, the wind removed a 7 story tall section of facade from the Winter Haven Senior Living Center. Polk County Emergency Management reported that 96 homes or businesses were destroyed by Irma, 1604 sustained major damage, 7710 had minor damage, and an additional 18537 were affected. The total property damage from Polk County was estimated at $69 million in public assistance claims, including from debris removal and emergency protective measures, most of which coming from wind damage. Additionally, crop damage to citrus plants in Polk County was roughly estimated at $93.5 million. One tornado was found to have touched down near Old Polk City Road near Lakeland, causing EF2 damage. Three indirect fatalities were reported in Polk County from Irma. A 7 year old girl died from carbon monoxide poisoning on the 13th in Lakeland due to a gas generator being run indoors. A 63 year old man died in Winterhaven on the 13th while conducting post hurricane work on his home. The medical examiner listed the primary cause of death as heart disease. A 77 year old died in Lakeland on the 17th after he fell while staying at a hurricane shelter.||Hillsborough County - In coastal portions of Hillsborough County, the highest winds reported from Hurricane Irma was a gust to 79 knots at the WeatherFlow station XEGM at Egmont Key. Rainfall was generally around 5 inches or greater, with the highest rain total being 16.18 inches at the CWOP site D3252 in Tampa. The wind resulted in damage to numerous homes, as well as knocking over trees and power lines. Hillsborough County Emergency Management reported that 41 homes or businesses were destroyed, 130 sustained major damage, 166 had minor damage, and an additional 93 were affected by hurricane Irma throughout Hillsborough County. The track of Irma resulted in a much stronger negative surge north of the eye, causing extremely low water levels. A couple of manatees got beached in the mud, and there was a lot of media coverage showing people walking out into the dry part of the bay to rescue them. No significant damage was reported from either the negative surge or the weak positive surge. The total damage from Irma in Hillsborough County was estimated at $19.95 million, including $17.86 million in individual assistance claims and $2.09 million in public assistance claims, of which, $7 million was estimated to be caused by wind damage in coastal portions of Hillsborough County. Three indirect fatalities were reported in Hillsborough County from Hurricane Irma. A 55 year old man in Town N' Country was trimming a damaged tree with a chainsaw when a branch fell on the chainsaw, causing it to kick upward and strike him in the neck. A 60 year old man fell from a ladder in Tampa while cutting branches and died on the 14th. A 61 year old man also died on the 14th while cleaning up yard debris when a branch knocked the ladder out from under him, causing him to fall to the ground. In inland portions of Hillsborough County, winds from Hurricane Irma were estimated to be around 60-70 knots based on surrounding observations. Rainfall was generally around 6 inches or greater, with the highest rain total 7.62 inches at the COOP site PLCF1 in Plant City. The wind resulted in damage to numerous homes, as well as knocking over trees and power lines. Hillsborough County Emergency Management reported that 41 homes or businesses were destroyed, 130 sustained major damage, 166 had minor damage, and an additional 93 were affected by hurricane Irma throughout Hillsborough County. Heavy rains across the area also resulted in widespread river flooding, with rising water levels damaging houses on the Hillsborough River, the Alafia River, and the Little Manatee River in Hillsborough County. The total damage from Irma in Hillsborough County was estimated at $19.95 million, including $17.86 million in individual assistance claims and $2.09 million in public assistance claims, of which, $6.95 million was estimated to be caused by wind damage in inland portions of Hillsborough County. Additionally, crop damage to citrus plants in Hillsborough County was roughly estimated at $28.5 million.||Pinellas County - In Pinellas County, the highest winds reported from Hurricane Irma was a gust to 77 knots at Pier 60 Park. Rainfall was generally around 4 inches or greater, with the highest rain total 5.98 inches at the the GOES station BTRF1 in Tarpon Springs. The wind resulted in damage to numerous homes, as well as knocking over trees and power lines. Pinellas County Emergency Management reported that 77 homes or businesses were destroyed, 533 sustained major damage, 5761 had minor damage, and an additional 11,935 were affected by hurricane Irma throughout Pinellas County. The track of Irma resulted in a much stronger negative surge north of the eye, causing extremely low water levels in the Tampa Bay. No significant damage was reported from either the negative surge or the weak positive surge. The total damage from Irma in Pinellas County was estimated at $594.45 million, including $588.08 million in individual assistance claims and $6.37 million in public assistance claims, most of which was caused by wind damage. One indirect fatality was reported in Pinellas County from Hurricane Irma. A 53 year old man was repairing cable lines in Feather Sound on the 16th when he fell 20 feet from a ladder. The medical examiner ruled that heart disease was a contributing factor.||Pasco County - In coastal portions of Pasco County, winds from Hurricane Irma were estimated to be 60-70 knots based on surrounding observations. Rainfall was generally around 4 inches or greater, with the highest rain total 6.83 inches at the GOES site LWOF1 near Port Richey. The wind resulted in damage to numerous homes, as well as knocking over trees and power lines. The total damage from Irma in Pasco County was estimated at $860,000 in public assistance claims, including debris removal and emergency protective measures, of which, $200,0000 was estimated to be caused by wind damage in coastal portions of Pasco County. One indirect fatality was reported in Port Richey on the 8th when a 69 year old man evacuating ahead of Irma crashed into a tree.  In Inland Pasco County, winds from Hurricane Irma were estimated to be around 40-60 knots, with the highest wind reported was a gust to 48 knots at the WeatherFlow station XLOL in Land O' Lakes. Rainfall was generally around 6 inches or greater, with the highest rain total being 9.64 inches at the GOES station WRCF1 in Richland. The wind resulted in damage to numerous homes and businesses, as well as knocking over trees and power lines. The non-insured property damage in Pasco County was estimated at $10,303,487, including for debris removal and emergency protective measures.  Additionally, crop damage to citrus plants in Pasco County was roughly estimated at $7.3 million.||Hernando County - In coastal portions of Hernando County, winds from Hurricane Irma were estimated to be around 34 to 50 knots, with the highest wind reported being a gust to 36 knots at the WeatherFlow station XWKI in Weeki Wachee. Rainfall was generally around 5 inches or greater, with the highest rain total being 10.31 inches at a mesonet station near the Withlacoochee River at Trilby. The wind resulted in damage to numerous homes and businesses, as well as knocking over trees and power lines. Hernando County Emergency Management reported that 26 homes or businesses were destroyed by Irma, 45 sustained major damage, 103 had minor damage, and an additional 112 were affected. The total damage from Hernando County was estimated at $6.1 million, including $800,000 in individual assistance claims, and $5.3 million in public assistance claims. Roughly $500,000 of that was estimated to be caused by wind damage in coastal portions of Hernando County. In inland portions of Hernando County, winds from Hurricane Irma were estimated to be around 34 to 50 knots based on surrounding observations. Rainfall was generally around 6 inches or greater. The wind resulted in damage to numerous homes and businesses, as well as knocking over trees and power lines. Hernando County Emergency Management reported that 26 homes or businesses were destroyed by Irma, 45 sustained major damage, 103 had minor damage, and an additional 112 were affected throughout the county. The total property damage in Hernando County was estimated at $6.1 million, including $800,000 in individual assistance claims and $5.3 million in public assistance claims. Roughly $600,000 of that was estimated to be caused by wind damage in inland portions of Hernando County. Additionally, crop damage to citrus plants in Hernando County was roughly estimated at $600,000.||Citrus County - In coastal portions of Citrus County, winds from Hurricane Irma were estimated to be around 40 to 60 knots based on surrounding observations. Rainfall was generally around 5 inches or greater. The wind knocked over numerous trees and power lines throughout the county. The total damage from Hurricane Irma in Citrus County was estimated at $5.9 million in public assistance claims, including debris removal and emergency protective measures, roughly half of which was estimated to be for wind damage in coastal Citrus County. In inland portions of Citrus County, winds from Hurricane Irma were estimated to be around 40-60 knots, with the highest wind reported being a gust to 56 knots at the CWOP station D1496 in Beverly Hills. Rainfall was generally around 6 inches or greater, with the highest rain total being 18.65 inches at the CWOP station D1496 in Beverly Hills. The wind resulted knocked over numerous trees and power lines. The total damage from Hurricane Irma in Citrus County was estimated at $5.9 million in public assistance claims, including debris removal and emergency protective measures, roughly half of which was estimated to be for wind damage in inland Citrus County.||Sumter County - Winds from Hurricane Irma were estimated to be tropical storm force around 40-60 knots, with the highest wind reported being a gust to 53 knots at the CWOP station D5322 in The Villages. Rainfall was generally around 8 inches or greater, with the highest rain total being 11.34 inches at a mesonet station in Compressco. The wind resulted in damage to numerous homes and businesses, as well as knocking over trees and power lines. Sumter County Emergency Management reported that 5 homes or businesses were destroyed by Irma, 27 sustained major damage, and 688 had minor damage. The total damage in Sumter County was estimated at $19 million, which included $5 million in individual assistance claims, and $14 million in public assistance claims including debris removal and emergency protective measures.||Levy County - In coastal portions of Levy County, winds from Hurricane Irma were estimated to be around 34 to 50 knots, with the highest wind reported being a gust to 48 knots at the RAWS station SWNF1 near Yellow Jacket. Rainfall was generally around 4 inches or greater, with the highest rain total being 6.33 inches at a mesonet station in Yankeetown. The wind knocked down trees and power lines throughout the county. The total damage in Levy County was estimated at $260,000 in public assistance claims, including debris removal and emergency protective measures, half of which was estimated to be caused by wind damage in coastal Levy County. In inland portions of Levy County, winds from Hurricane Irma were estimated to be around 34 to 50 knots based on surrounding observations. Rainfall was generally around 5 inches or greater, with the highest rain total being 7.92 inches at the CoCoRaHS site FL-LV-9 in Chiefland. The wind knocked down numerous trees and power lines. The total damage in Levy County was estimated at $260,000 in public assistance claims, including debris removal and emergency protective measures, half of which was estimated to be caused by wind damage in inland Levy County.",86
713517,BREVARD CO.,MELBOURNE BEACH,09/10/2017,819,Tornado, ,EF0,0,0,0,2000,FL,EST-5, ,118772,C,9,MLB,0,0,NWS Storm Survey, ,0.2,50,1,E,1,E,MELBOURNE BEACH,09/10/2017,819,28.0701,-80.5584,28.0701,-80.5584,"Based on a NWS storm survey, a waterspout moved onshore Melbourne Beach near Avenue B, causing minor damage to the second floor of two homes. The brief EF-0 tornado with winds estimated at 70 to 80 mph continued inland and dissipated just west of Highway A1A. DI2, DOD2, LB-EXP.","Hurricane Irma moved northward over the far western Florida peninsula between the afternoon of September 10 and the morning of September 11 at Category 1-2 strength. During the closest point of approach to east-central Florida during the early morning hours of September 11, rain bands associated with the inner core elongated west-to-east and lifted through northwest Osceola County, Lake County and western Orange County. Due to the large size of the wind field, a long duration of damaging tropical storm force winds with gusts to hurricane force was experienced across all of east-central Florida. There were no direct hurricane-related fatalities, however 10 indirect fatalities occurred during the evacuation and recovery phases of the hurricane. Preliminary damage estimates across east central Florida exceeded $1.3 billion.||A storm surge of 2-3 feet affected the coast of Martin, St. Lucie and Indian River Counties, and 3-4 feet of storm surge impacted the coast of Brevard and Volusia Counties. Moderate to major beach erosion occurred along the entire east-central Florida coastline. Water levels rose within the coastal lagoon system generally rose between 1 and 3 feet (although locally up to 4.5 feet within a few constricted areas of the lagoon, primarily within north Brevard and Volusia Counties) due to coastal surge and run-off from heavy rain and slow drainage to the Atlantic through the inlets. River flooding caused to enter some homes adjacent to the Halifax River, primarily in Ormond Beach, Holly Hill and north Daytona Beach. Many docks and boat houses along the Indian, Banana and Halifax Rivers were damaged from the combination of high water and wave action. ||Rainfall totals of 10-15 inches were widespread across east-central Florida. The highest totals occurred in a swath from northern St. Lucie County to far southern Indian River County, where accumulations reached 15 to nearly 22 inches. A significant portion of this rain fell during the early morning hours of September 10 as excessive rain bands trained onshore ahead of the main rain area associated with Hurricane Irma. Flooding entered several homes and many roadways became impassible. Hurricane rain bands also resulted in flooding of homes and roadways in many other areas later on September 10, including Fellsmere (Indian River County) where a dozen people were rescued from flood waters and north Merritt Island (Brevard County) where water approached or entered several homes. During the early morning hours of September 11, flooding breached several hundred homes and resulted in the rescue of 200 residents in Orlo Vista (Orange County) when a lake and adjacent retention ponds overflowed. ||Widespread heavy rain fell within the St. Johns River basin and caused the entire river (from Cocoa in Brevard County to Astor in Lake County) to reach flood stage. The Astor area was the first to reach flood stage during the afternoon of September 10, then Cocoa very early on September 11 and Lake Harney that evening, Deland very early on September 12 and Sanford very late on September 14. All points along the river eventually reached moderate to major flood stage, impacting adjacent homes, structures, property and roadways. The river remained in flood for well over one month. ||Ten tornadoes were confirmed, including eight within Brevard County (one EF-0, six EF-1, and one EF-2), one in Volusia County (EF-1) and one in Lake County (EF-1). Additional tornadoes likely occurred, however it was impossible to distinguish weak, short track tornado damage from the overall widespread, background wind damage of similar velocities.",87
713518,BREVARD CO.,PALM BAY,09/10/2017,1000,Tornado, ,EF1,0,0,0,0,FL,EST-5, ,118772,C,9,MLB,0,0,NWS Storm Survey, ,1.33,75,0,ENE,1,W,PALM BAY,09/10/2017,1002,28.0317,-80.5755,28.0276,-80.5968,"Based on a NWS storm survey, a waterspout that developed on the Indian River moved onshore and damaged several residences on Worth Court in Palm Bay, including a waterfront home whose second floor was removed and carried downwind. The EF-1 tornado (estimated 100 to 110 mph) continued across US-1, causing minor roof damage to a university building. The tornado then impacted over a dozen mobile homes within Palm Bay Estates, several of which were heavily damaged or destroyed. The tornado continued west, just to the north of Turkey Creek, damaging many trees and several additional homes before moving through a school campus before dissipating near the Harris Corporation.  DI2, DOD6, LB-EXP.","Hurricane Irma moved northward over the far western Florida peninsula between the afternoon of September 10 and the morning of September 11 at Category 1-2 strength. During the closest point of approach to east-central Florida during the early morning hours of September 11, rain bands associated with the inner core elongated west-to-east and lifted through northwest Osceola County, Lake County and western Orange County. Due to the large size of the wind field, a long duration of damaging tropical storm force winds with gusts to hurricane force was experienced across all of east-central Florida. There were no direct hurricane-related fatalities, however 10 indirect fatalities occurred during the evacuation and recovery phases of the hurricane. Preliminary damage estimates across east central Florida exceeded $1.3 billion.||A storm surge of 2-3 feet affected the coast of Martin, St. Lucie and Indian River Counties, and 3-4 feet of storm surge impacted the coast of Brevard and Volusia Counties. Moderate to major beach erosion occurred along the entire east-central Florida coastline. Water levels rose within the coastal lagoon system generally rose between 1 and 3 feet (although locally up to 4.5 feet within a few constricted areas of the lagoon, primarily within north Brevard and Volusia Counties) due to coastal surge and run-off from heavy rain and slow drainage to the Atlantic through the inlets. River flooding caused to enter some homes adjacent to the Halifax River, primarily in Ormond Beach, Holly Hill and north Daytona Beach. Many docks and boat houses along the Indian, Banana and Halifax Rivers were damaged from the combination of high water and wave action. ||Rainfall totals of 10-15 inches were widespread across east-central Florida. The highest totals occurred in a swath from northern St. Lucie County to far southern Indian River County, where accumulations reached 15 to nearly 22 inches. A significant portion of this rain fell during the early morning hours of September 10 as excessive rain bands trained onshore ahead of the main rain area associated with Hurricane Irma. Flooding entered several homes and many roadways became impassible. Hurricane rain bands also resulted in flooding of homes and roadways in many other areas later on September 10, including Fellsmere (Indian River County) where a dozen people were rescued from flood waters and north Merritt Island (Brevard County) where water approached or entered several homes. During the early morning hours of September 11, flooding breached several hundred homes and resulted in the rescue of 200 residents in Orlo Vista (Orange County) when a lake and adjacent retention ponds overflowed. ||Widespread heavy rain fell within the St. Johns River basin and caused the entire river (from Cocoa in Brevard County to Astor in Lake County) to reach flood stage. The Astor area was the first to reach flood stage during the afternoon of September 10, then Cocoa very early on September 11 and Lake Harney that evening, Deland very early on September 12 and Sanford very late on September 14. All points along the river eventually reached moderate to major flood stage, impacting adjacent homes, structures, property and roadways. The river remained in flood for well over one month. ||Ten tornadoes were confirmed, including eight within Brevard County (one EF-0, six EF-1, and one EF-2), one in Volusia County (EF-1) and one in Lake County (EF-1). Additional tornadoes likely occurred, however it was impossible to distinguish weak, short track tornado damage from the overall widespread, background wind damage of similar velocities.",88
721573,POLK CO.,LAKELAND MCCOLLUM AR,09/10/2017,1019,Tornado, ,EF2,0,0,20000,0,FL,EST-5, ,119520,C,105,TBW,0,0,NWS Storm Survey, ,0.59,50,0,N,1,NW,LAKELAND MCCOLLUM AR,09/10/2017,1021,28.1529,-81.8798,28.1568,-81.8885,"An NWS storm survey crew found 7 wood power poles snapped halfway up along Old Polk City Road, hinting at a strong rotation just aloft of the surface. Winds were estimated at 115 MPH/EF-2. Timing of the tornado touchdown was estimated from radar.","Monetary losses do not include insured losses.  Fatalities are preliminary until the Florida Medical Examiner releases the official information.  This document will be updated once released. ||Hurricane Irma made landfall on Marco Island as a Category 3 hurricane on the afternoon of the 10th and traveled north through southwest Florida through the morning of the 11th. Prior to making landfall in southwest Florida, Irma had previously reached Category 5 strength and made landfalls in Cuba and the Florida Keys. At it's peak, Irma had a central pressure of 914 mb. ||The maximum storm surge in southwest Florida was 3.88 feet in Fort Myers at midnight EST on the 11th. Subtracting the astronomical tide of 0.04 feet, the maximum storm tide was calculated from the tide gauge as 3.28 feet MHHW at 2:36 PM EST on the 11th. Farther north, the storm surge was generally less than 3 feet. Due to the track making landfall south of the area then moving north and parallel but inland of the coast, strong offshore flow north of the eye produced in even stronger negative storm surge before the positive surge in most areas as water was pushed away from the coast. ||Rain from Irma started to accumulate over southwest Florida and interior parts of west central Florida on the morning and afternoon of the 10th, with most of the area seeing the highest rain totals during the early morning hours of the 11th. The rain then largely ended by mid morning on the 11th. Most of the area saw rainfall accumulations of 5-10 inches, with some isolated spots seeing totals of over 15 inches. The highest rain total reported was 18.65 inches at the home weather station D1496 in Beverly Hills in Citrus County. The widespread heavy rain caused significant river flooding issues across west central and southwest Florida, with major flooding being observed at points on the Withlacoochee, Anclote, Hillsborough, Alafia, Little Manatee, and Peace Rivers as well as the Horse Creek. ||The collective effects of Hurricane Irma in west central and southwest Florida during the period of September 10 and 11 resulted in 2 direct fatalities, 14 indirect fatalities, an estimated $2.2 billion in property damage (adding individual assistance claims and public assistance claims, not including the cost of debris removal and emergency protective measures when known), and $379 million in crop damage. A total of 509 homes and businesses were destroyed, 5,589 had major damage, 18,834 sustained minor damage, and 61,920 were affected by Hurricane Irma in west central and southwest Florida.||County-by-County Impacts||Lee County - In inland portions of Lee county, the highest wind reported from Hurricane Irma was a gust to 77 knots at the ASOS at Southwest Florida International Airport during the late afternoon on the 10th. Rainfall was generally around 5 inches or greater, with the highest rain total being 11.59 inches at a mesonet site at the waste plant on Buckingham Road in Fort Myers. The wind resulted in damage to numerous homes, as well as knocking over trees and power lines, while heavy rain also causing flood damage to many homes. Lee County Emergency Management reported that 92 homes or businesses were destroyed by Irma, 2088 sustained major damage, 1721 had minor damage, and an additional 20426 were affected throughout Lee County. The total property damage from Irma in Lee County was estimated at $826.28 million in individual damage assessments, of which, $163.14 million was estimated to be caused by wind damage in inland portions of Lee County. Additionally, crop damage to citrus plants in Lee County was roughly estimated at $9.6 million. In coastal portions of Lee county, the highest wind reported from Hurricane Irma was a gust to 73 knots at the ASOS at Fort Myers Page Field during the late afternoon on the 10th. Rainfall was generally around 4 inches or greater, with the highest rain total being 10.60 inches at the ASOS at Fort Myers Page Field. The wind resulted in damage to numerous homes, as well as knocking over trees and power lines, while heavy rain also caused flood damage to numerous homes. Lee County Emergency Management reported that 92 homes or businesses were destroyed by Irma, 2088 sustained major damage, 1721 had minor damage, and an additional 20,426 were affected throughout Lee County. The maximum storm surge was 3.88 feet in Fort Myers at midnight EST on the 11th. Subtracting the astronomical tide of 0.04 feet, the maximum storm tide was calculated from the tide gauge as 3.28 feet MHHW 1436EST on the 11th. The total damage from Irma in Lee County was estimated at $826.28 million in individual assistance assessments, of which, $163.14 million was estimated to be caused by wind damage in coastal portions of Lee County. There was one direct fatality reported in Bonita Springs, when a 74 year old man fell down stairs near his home on the 11th. Due to the hurricane conditions, paramedics were not able to reach him for several hours, and he died on the 16th.||Charlotte County - In coastal portions of Charlotte County, the highest wind reported from Hurricane Irma was a gust to 64 knots at the ASOS at Punta Gorda Airport during the early evening on the 10th. Rainfall was generally around 5 inches or greater, with the highest rain total being 8.08 inches at the CoCoRaHS station FL-CH-13 in Port Charlotte. The wind resulted in damage to numerous homes, as well as knocking over trees and power lines. Charlotte County Emergency Management reported that 5 homes or businesses sustained major damage and an additional 200 were affected by hurricane Irma throughout Charlotte County. The total property damage from Irma in Charlotte County was estimated at $23 million, including $3 million in individual assistance claims, and $20 million in public assistance claims including for debris removal and emergency protective measures. An estimated $2.9 million was caused by wind damage in coastal portions of Charlotte County. Emergency management reported that sea walls collapsed when water left the Charlotte Harbor during the negative storm surge ahead of the storm, causing an estimated $20 million in damage. Timing was estimated by using the nearby tide gauge in Fort Myers, where the negative surge bottomed out at around -4 feet MLLW at around 1800EST on the 10th, then surged to a positive surge of just over 3 feet at about 0500EST on the 11th, before slowly receding through the rest of the day. Charlotte county emergency management reported that the negative surge caused sea walls to collapse, causing an estimated $20 million in public assistance claims. In inland portions of Charlotte County, winds from Hurricane Irma were estimated to be around 60 to 70 knots based on surrounding observations. Rainfall was generally around 5 inches or greater, with the highest rain total being 9.76 inches at mesonet station at Whidden Properties (WHID) near the eastern border of Charlotte County. The wind resulted in damage to numerous homes, as well as knocking over trees and power lines. Charlotte County Emergency Management reported that 5 homes or businesses sustained major damage and an additional 200 were affected by hurricane Irma throughout Charlotte County. The total property damage from Irma in Charlotte County was estimated at $23 million, including $3 million in individual assistance claims, and $20 million in public assistance claims including for debris removal and emergency protective measures. An estimated $100,000 of that damage was caused by wind damage in inland portions of Charlotte County. Additionally, crop damage to citrus plants in Charlotte County was roughly estimated at $15.9 million.||Sarasota County - In coastal portions of Sarasota County, the highest wind reported from Hurricane Irma was a gust to 70 knots at the home weather station AP859 in Sarasota during the evening on the 10th. Rainfall was generally around 4 inches or greater, with the highest rain total of 10.32 inches at the CWOP station C7986 in Laurel. The wind resulted in damage to numerous homes, as well as knocking over trees and power lines. Sarasota Emergency Management reported that 4 homes sustained major damage, 10 had minor damage, and 438 were affected. The total property damage from Irma in Sarasota County was estimated at $10.73 million, including $2.47 million in individual assistance claims and $8.26 million in public assistance claims. In inland portions of Sarasota County, winds from Hurricane Irma were estimated to be around 60 to 70 knots using surrounding observations. Additionally, crop damage to citrus plants in Sarasota County was roughly estimated at $2.2 million.||Manatee County - In coastal portions of Manatee County, winds from Hurricane Irma were estimated to be around 60 to 70 knots based on surrounding observations. The highest wind gust reported in coastal Manatee County was 61 knots at the ASOS at Sarasota Bradenton International Airport. Rainfall was generally around 5 inches or greater, with the highest rain total being 6.86 inches at the GOES station LWDF1 in Lake Ward. The wind resulted in damage to numerous homes, as well as knocking over trees and power lines. Manatee County Emergency Management reported that 14 homes or businesses were destroyed, 170 sustained major damage, 196 had minor damage, and an additional 2061 were affected by hurricane Irma throughout Manatee County. The total damage from Irma in Manatee County was estimated at $18.3 million in individual assistance claims, of which, $15.3 million was estimated to be caused by wind damage in coastal portions of Manatee County. One direct fatality was reported in Manatee County when an 89 year old man told his wife he was going out to secure their boat to their dock during the storm and was later found unresponsive in the canal. In inland portions of Manatee County, winds from Hurricane Irma were estimated to be around 60 to 70 knots based on surrounding observations. Rainfall was generally around 4 inches or greater, with the highest rain total being 6.65 inches at the HADS station MKHF1. The wind resulted in damage to numerous homes, as well as knocking over trees and power lines. Manatee County Emergency Management reported that 14 homes or businesses were destroyed, 170 sustained major damage, 196 had minor damage, and an additional 2061 were affected by hurricane Irma throughout Manatee County. The total property damage from Irma in Manatee County was estimated at $18.3 million in individual assistance claims, of which, $3 million was estimated to be caused by wind damage in inland portions of Manatee County. Additionally, crop damage to citrus plants in Manatee County was roughly estimated at $23.5 million.||DeSoto County - The wind gusts from Hurricane Irma were estimated to be around 60 to 70 knots based on surrounding observations. Rainfall was generally around 6 inches or greater, with the highest rain total being 11.34 inches at the CoCoRaHS station FL-DS-1 in Arcadia. The wind resulted in damage to numerous homes, as well as knocking over trees and power lines. Additional damaged occurred due to the high rain totals causing flooding on the Peace River and the Horse Creek. The total property damage from DeSoto County is unknown at this time. Additionally, crop damage to citrus plants in DeSoto County was roughly estimated at $71 million.||Hardee County - The highest wind reported from Hurricane Irma was a gust to 69 knots at the Hardee County Emergency Operations Center in Wauchula. Rainfall was generally around 6 inches or greater, with the highest rain total being 10.58 inches at a mesonet station in Zolfo Springs. The wind resulted in damage to numerous homes, as well as knocking over trees and power lines. Hardee County Emergency Management reported that 10 homes or businesses were destroyed by Irma, 20 sustained major damage, 71 had minor damage, and an additional 59 were affected. Additional damage occurred due to the high rain totals causing flooding on the Peace River. An EF-1 tornado was also found to have briefly touched down in Wauchula along US Highway 17 causing roof and power pole damage. The total property damage from Hardee County was estimated at $3.32 million, of which, $1.64 million was estimated to be caused by wind damage. Additionally, crop damage to citrus plants in Hardee County was roughly estimated at $57.5 million.||Highlands County - The highest wind reported from Hurricane Irma was a (3 second average) gust to 85 knots at Archbold Bio Station during the evening on the 10th. Elsewhere, the AWOS in Sebring registered a 5 second average gust to 75 knots. Rainfall was generally around 5 inches or greater, with the highest rain total being 10.31 inches at the CoCoRaHS station FL-HL-13 in Sebring. The wind resulted in damage to numerous homes, as well as knocking over trees and power lines. Highlands County Emergency Management reported that 144 homes or businesses were destroyed by Irma, 963 sustained major damage, 2408 had minor damage, and an additional 9623 were affected. The total property damage from Highlands County was estimated at $360 million in individual assistance claims, most of which was estimated to be caused by wind damage. Additionally, crop damage to citrus plants in Highlands County was roughly estimated at $70 million. There were four indirect fatalities from Irma in Highlands County. On the 9th, a 55 year old man fell off a ladder in Lake Placid while preparing his home. The man hit his head and died at a Tampa hospital on the 10th. A 56 year old man in Sebring collapsed while trimming trees on the 12th and died. The medical examiner determined that heart disease was the primary cause of death. A 62 year old man was found dead in his garage in Sebring on the 15th with a generator in the on position and out of gas. The medical examiner determined he died of carbon monoxide poisoning. A 23 year old man was electrocuted and died while trimming trees and clearing storm debris in Sebring on the 26th.||Polk County - The highest wind reported from Hurricane Irma was a gust to 75 knots at the APRS station AR663 near Bartow. Rainfall was generally around 6 inches or greater, with the highest rain total being 17.61 inches at the CWOP station E1114 in Davenport. The wind resulted in damage to numerous homes and businesses, as well as knocking over trees and power lines. Most notably, the wind removed a 7 story tall section of facade from the Winter Haven Senior Living Center. Polk County Emergency Management reported that 96 homes or businesses were destroyed by Irma, 1604 sustained major damage, 7710 had minor damage, and an additional 18537 were affected. The total property damage from Polk County was estimated at $69 million in public assistance claims, including from debris removal and emergency protective measures, most of which coming from wind damage. Additionally, crop damage to citrus plants in Polk County was roughly estimated at $93.5 million. One tornado was found to have touched down near Old Polk City Road near Lakeland, causing EF2 damage. Three indirect fatalities were reported in Polk County from Irma. A 7 year old girl died from carbon monoxide poisoning on the 13th in Lakeland due to a gas generator being run indoors. A 63 year old man died in Winterhaven on the 13th while conducting post hurricane work on his home. The medical examiner listed the primary cause of death as heart disease. A 77 year old died in Lakeland on the 17th after he fell while staying at a hurricane shelter.||Hillsborough County - In coastal portions of Hillsborough County, the highest winds reported from Hurricane Irma was a gust to 79 knots at the WeatherFlow station XEGM at Egmont Key. Rainfall was generally around 5 inches or greater, with the highest rain total being 16.18 inches at the CWOP site D3252 in Tampa. The wind resulted in damage to numerous homes, as well as knocking over trees and power lines. Hillsborough County Emergency Management reported that 41 homes or businesses were destroyed, 130 sustained major damage, 166 had minor damage, and an additional 93 were affected by hurricane Irma throughout Hillsborough County. The track of Irma resulted in a much stronger negative surge north of the eye, causing extremely low water levels. A couple of manatees got beached in the mud, and there was a lot of media coverage showing people walking out into the dry part of the bay to rescue them. No significant damage was reported from either the negative surge or the weak positive surge. The total damage from Irma in Hillsborough County was estimated at $19.95 million, including $17.86 million in individual assistance claims and $2.09 million in public assistance claims, of which, $7 million was estimated to be caused by wind damage in coastal portions of Hillsborough County. Three indirect fatalities were reported in Hillsborough County from Hurricane Irma. A 55 year old man in Town N' Country was trimming a damaged tree with a chainsaw when a branch fell on the chainsaw, causing it to kick upward and strike him in the neck. A 60 year old man fell from a ladder in Tampa while cutting branches and died on the 14th. A 61 year old man also died on the 14th while cleaning up yard debris when a branch knocked the ladder out from under him, causing him to fall to the ground. In inland portions of Hillsborough County, winds from Hurricane Irma were estimated to be around 60-70 knots based on surrounding observations. Rainfall was generally around 6 inches or greater, with the highest rain total 7.62 inches at the COOP site PLCF1 in Plant City. The wind resulted in damage to numerous homes, as well as knocking over trees and power lines. Hillsborough County Emergency Management reported that 41 homes or businesses were destroyed, 130 sustained major damage, 166 had minor damage, and an additional 93 were affected by hurricane Irma throughout Hillsborough County. Heavy rains across the area also resulted in widespread river flooding, with rising water levels damaging houses on the Hillsborough River, the Alafia River, and the Little Manatee River in Hillsborough County. The total damage from Irma in Hillsborough County was estimated at $19.95 million, including $17.86 million in individual assistance claims and $2.09 million in public assistance claims, of which, $6.95 million was estimated to be caused by wind damage in inland portions of Hillsborough County. Additionally, crop damage to citrus plants in Hillsborough County was roughly estimated at $28.5 million.||Pinellas County - In Pinellas County, the highest winds reported from Hurricane Irma was a gust to 77 knots at Pier 60 Park. Rainfall was generally around 4 inches or greater, with the highest rain total 5.98 inches at the the GOES station BTRF1 in Tarpon Springs. The wind resulted in damage to numerous homes, as well as knocking over trees and power lines. Pinellas County Emergency Management reported that 77 homes or businesses were destroyed, 533 sustained major damage, 5761 had minor damage, and an additional 11,935 were affected by hurricane Irma throughout Pinellas County. The track of Irma resulted in a much stronger negative surge north of the eye, causing extremely low water levels in the Tampa Bay. No significant damage was reported from either the negative surge or the weak positive surge. The total damage from Irma in Pinellas County was estimated at $594.45 million, including $588.08 million in individual assistance claims and $6.37 million in public assistance claims, most of which was caused by wind damage. One indirect fatality was reported in Pinellas County from Hurricane Irma. A 53 year old man was repairing cable lines in Feather Sound on the 16th when he fell 20 feet from a ladder. The medical examiner ruled that heart disease was a contributing factor.||Pasco County - In coastal portions of Pasco County, winds from Hurricane Irma were estimated to be 60-70 knots based on surrounding observations. Rainfall was generally around 4 inches or greater, with the highest rain total 6.83 inches at the GOES site LWOF1 near Port Richey. The wind resulted in damage to numerous homes, as well as knocking over trees and power lines. The total damage from Irma in Pasco County was estimated at $860,000 in public assistance claims, including debris removal and emergency protective measures, of which, $200,0000 was estimated to be caused by wind damage in coastal portions of Pasco County. One indirect fatality was reported in Port Richey on the 8th when a 69 year old man evacuating ahead of Irma crashed into a tree.  In Inland Pasco County, winds from Hurricane Irma were estimated to be around 40-60 knots, with the highest wind reported was a gust to 48 knots at the WeatherFlow station XLOL in Land O' Lakes. Rainfall was generally around 6 inches or greater, with the highest rain total being 9.64 inches at the GOES station WRCF1 in Richland. The wind resulted in damage to numerous homes and businesses, as well as knocking over trees and power lines. The non-insured property damage in Pasco County was estimated at $10,303,487, including for debris removal and emergency protective measures.  Additionally, crop damage to citrus plants in Pasco County was roughly estimated at $7.3 million.||Hernando County - In coastal portions of Hernando County, winds from Hurricane Irma were estimated to be around 34 to 50 knots, with the highest wind reported being a gust to 36 knots at the WeatherFlow station XWKI in Weeki Wachee. Rainfall was generally around 5 inches or greater, with the highest rain total being 10.31 inches at a mesonet station near the Withlacoochee River at Trilby. The wind resulted in damage to numerous homes and businesses, as well as knocking over trees and power lines. Hernando County Emergency Management reported that 26 homes or businesses were destroyed by Irma, 45 sustained major damage, 103 had minor damage, and an additional 112 were affected. The total damage from Hernando County was estimated at $6.1 million, including $800,000 in individual assistance claims, and $5.3 million in public assistance claims. Roughly $500,000 of that was estimated to be caused by wind damage in coastal portions of Hernando County. In inland portions of Hernando County, winds from Hurricane Irma were estimated to be around 34 to 50 knots based on surrounding observations. Rainfall was generally around 6 inches or greater. The wind resulted in damage to numerous homes and businesses, as well as knocking over trees and power lines. Hernando County Emergency Management reported that 26 homes or businesses were destroyed by Irma, 45 sustained major damage, 103 had minor damage, and an additional 112 were affected throughout the county. The total property damage in Hernando County was estimated at $6.1 million, including $800,000 in individual assistance claims and $5.3 million in public assistance claims. Roughly $600,000 of that was estimated to be caused by wind damage in inland portions of Hernando County. Additionally, crop damage to citrus plants in Hernando County was roughly estimated at $600,000.||Citrus County - In coastal portions of Citrus County, winds from Hurricane Irma were estimated to be around 40 to 60 knots based on surrounding observations. Rainfall was generally around 5 inches or greater. The wind knocked over numerous trees and power lines throughout the county. The total damage from Hurricane Irma in Citrus County was estimated at $5.9 million in public assistance claims, including debris removal and emergency protective measures, roughly half of which was estimated to be for wind damage in coastal Citrus County. In inland portions of Citrus County, winds from Hurricane Irma were estimated to be around 40-60 knots, with the highest wind reported being a gust to 56 knots at the CWOP station D1496 in Beverly Hills. Rainfall was generally around 6 inches or greater, with the highest rain total being 18.65 inches at the CWOP station D1496 in Beverly Hills. The wind resulted knocked over numerous trees and power lines. The total damage from Hurricane Irma in Citrus County was estimated at $5.9 million in public assistance claims, including debris removal and emergency protective measures, roughly half of which was estimated to be for wind damage in inland Citrus County.||Sumter County - Winds from Hurricane Irma were estimated to be tropical storm force around 40-60 knots, with the highest wind reported being a gust to 53 knots at the CWOP station D5322 in The Villages. Rainfall was generally around 8 inches or greater, with the highest rain total being 11.34 inches at a mesonet station in Compressco. The wind resulted in damage to numerous homes and businesses, as well as knocking over trees and power lines. Sumter County Emergency Management reported that 5 homes or businesses were destroyed by Irma, 27 sustained major damage, and 688 had minor damage. The total damage in Sumter County was estimated at $19 million, which included $5 million in individual assistance claims, and $14 million in public assistance claims including debris removal and emergency protective measures.||Levy County - In coastal portions of Levy County, winds from Hurricane Irma were estimated to be around 34 to 50 knots, with the highest wind reported being a gust to 48 knots at the RAWS station SWNF1 near Yellow Jacket. Rainfall was generally around 4 inches or greater, with the highest rain total being 6.33 inches at a mesonet station in Yankeetown. The wind knocked down trees and power lines throughout the county. The total damage in Levy County was estimated at $260,000 in public assistance claims, including debris removal and emergency protective measures, half of which was estimated to be caused by wind damage in coastal Levy County. In inland portions of Levy County, winds from Hurricane Irma were estimated to be around 34 to 50 knots based on surrounding observations. Rainfall was generally around 5 inches or greater, with the highest rain total being 7.92 inches at the CoCoRaHS site FL-LV-9 in Chiefland. The wind knocked down numerous trees and power lines. The total damage in Levy County was estimated at $260,000 in public assistance claims, including debris removal and emergency protective measures, half of which was estimated to be caused by wind damage in inland Levy County.",89
713736,BREVARD CO.,INDIALANTIC,09/10/2017,1024,Tornado, ,EF1,0,0,0,0,FL,EST-5, ,118772,C,9,MLB,0,0,NWS Storm Survey, ,1.21,75,1,NNE,1,ENE,MELBOURNE VLG,09/10/2017,1026,28.0943,-80.5665,28.1031,-80.5835,"A NWS storm survey revealed that a waterspout moved onshore the barrier island in Indialantic near Highway A1A and 1st Avenue. The EF-1 tornado (winds estimated 90-100 mph) removed part of the roof of a beachfront condo and carried it across the highway, where it landed on a bank. The tornado then weakened as it traveled west-northwest, producing damage to trees and roof shingles and soffits of several homes along a narrow path across the barrier island, exiting to the Indian River near Cedar Lane and West Riveria Boulevard. DI5, DOD3, LB.","Hurricane Irma moved northward over the far western Florida peninsula between the afternoon of September 10 and the morning of September 11 at Category 1-2 strength. During the closest point of approach to east-central Florida during the early morning hours of September 11, rain bands associated with the inner core elongated west-to-east and lifted through northwest Osceola County, Lake County and western Orange County. Due to the large size of the wind field, a long duration of damaging tropical storm force winds with gusts to hurricane force was experienced across all of east-central Florida. There were no direct hurricane-related fatalities, however 10 indirect fatalities occurred during the evacuation and recovery phases of the hurricane. Preliminary damage estimates across east central Florida exceeded $1.3 billion.||A storm surge of 2-3 feet affected the coast of Martin, St. Lucie and Indian River Counties, and 3-4 feet of storm surge impacted the coast of Brevard and Volusia Counties. Moderate to major beach erosion occurred along the entire east-central Florida coastline. Water levels rose within the coastal lagoon system generally rose between 1 and 3 feet (although locally up to 4.5 feet within a few constricted areas of the lagoon, primarily within north Brevard and Volusia Counties) due to coastal surge and run-off from heavy rain and slow drainage to the Atlantic through the inlets. River flooding caused to enter some homes adjacent to the Halifax River, primarily in Ormond Beach, Holly Hill and north Daytona Beach. Many docks and boat houses along the Indian, Banana and Halifax Rivers were damaged from the combination of high water and wave action. ||Rainfall totals of 10-15 inches were widespread across east-central Florida. The highest totals occurred in a swath from northern St. Lucie County to far southern Indian River County, where accumulations reached 15 to nearly 22 inches. A significant portion of this rain fell during the early morning hours of September 10 as excessive rain bands trained onshore ahead of the main rain area associated with Hurricane Irma. Flooding entered several homes and many roadways became impassible. Hurricane rain bands also resulted in flooding of homes and roadways in many other areas later on September 10, including Fellsmere (Indian River County) where a dozen people were rescued from flood waters and north Merritt Island (Brevard County) where water approached or entered several homes. During the early morning hours of September 11, flooding breached several hundred homes and resulted in the rescue of 200 residents in Orlo Vista (Orange County) when a lake and adjacent retention ponds overflowed. ||Widespread heavy rain fell within the St. Johns River basin and caused the entire river (from Cocoa in Brevard County to Astor in Lake County) to reach flood stage. The Astor area was the first to reach flood stage during the afternoon of September 10, then Cocoa very early on September 11 and Lake Harney that evening, Deland very early on September 12 and Sanford very late on September 14. All points along the river eventually reached moderate to major flood stage, impacting adjacent homes, structures, property and roadways. The river remained in flood for well over one month. ||Ten tornadoes were confirmed, including eight within Brevard County (one EF-0, six EF-1, and one EF-2), one in Volusia County (EF-1) and one in Lake County (EF-1). Additional tornadoes likely occurred, however it was impossible to distinguish weak, short track tornado damage from the overall widespread, background wind damage of similar velocities.",90
720482,ST. JOHNS CO.,VILANO BEACH,09/10/2017,1240,Tornado, ,EF1,0,0,0,0,FL,EST-5, ,119125,C,109,JAX,0,0,NWS Storm Survey, ,1.2,50,2,SSW,1,N,MOULTRIE JCT,09/10/2017,1245,29.9,-81.31,29.9,-81.33,"This tornado passed the northern side of Castillo de San Marcos and uprooted 2 trees before strengthening to EF1 and moving toward Huguenot Cemetery. Multiple trees were uprooted and snapped in the cemetery. The tornado continued moving west in the vicinity of Orange Street before dissipating just before reaching Highway 1. This tornado likely began as a water spout offshore.","Hurricane Irma's eye passed west of the local forecast area, with the region on the storm's turbulent east side. Widespread tropical storm force winds with gusts to hurricane force were felt across much of the area, with the strongest winds surging up the Florida east coast during the pre-dawn hours of Sept. 11th. Extensive tree and power line damage occurred across the local area from the winds. One of the greatest local impacts exacerbated by Irma's rainfall and storm surge was river flooding. Prior to Irma's arrival, a local nor'eastern developed 3 days prior, with strong onshore flow pumping water into the St. Johns River basin. Elevated water levels of 1-2 ft above normal tidal departure were already ongoing for several tidal cycles before Irma's surge and rainfall. The nor'easter also brought localized heavy rainfall bands, with some areas near the coast realizing 4-6 inches in 24 hrs the days prior to Irma. In addition, precursor conditions to the nor'easter included an above average rainfall across the region during the summer months.  Major, historic river flooding was forecast along Black Creek and the Sante Fe a week prior to Irma. Realized river values along the St. Johns surpassed prior record levels set by Hurricane Dora in 1964, during low tide the morning of Sept. 11th. The St. Johns River basin continued to rise with the combination of trapped tides due to the nor'easter, astronomically high tides heading into the spring tide season, storm surge of up to 5 ft in some areas, fresh water rainfall of 7-11 inches, and strong southerly winds pushing the water across the basin on the east side of Irma. Historic river flooding occurred across much of NE Florida Sept 11th through the following week as water levels were slow to funnel out of the St. Johns basin. Coastal infrastructure that was already weakened about 1 year ago due to Hurricane Matthew suffered the most damage from Irma's storm surge.",91
713522,BREVARD CO.,MIMS,09/10/2017,1648,Tornado, ,EF2,0,0,0,0,FL,EST-5, ,118772,C,9,MLB,0,0,NWS Storm Survey, ,1.55,125,1,NNW,3,NW,MIMS,09/10/2017,1650,28.6864,-80.8366,28.6943,-80.8606,"Based on a NWS storm survey, a tornado developed just west of the intersection of Brockett Road and Hammock Road in Mims. The tornado snapped many trees and partially removed the roof from a mobile home on Brockett Road (strong EF-1 strength), then moved through a wooded area before reaching near the north end of Nab Street and the east end of Benson Court. A pickup truck near the corner of Benson Court and Lisa Drive rolled about 30 feet west into the fence of an adjacent yard. The tornado strengthened to EF-2 intensity with estimated wind speeds of 115 to 125 mph as it affected homes on Kilbee Street, Turnbull Road, and Brevard Road. Numerous homes were impacted and several were left uninhabitable due to severe roof damage. A number of trees were snapped and uprooted as the tornado continued west northwest across Old Dixie Highway. The tornado dissipated shortly after crossing US Highway 1 near Roosevelt Road. DI2, DOD6, EXP. DI27, DOD4, EXP.","Hurricane Irma moved northward over the far western Florida peninsula between the afternoon of September 10 and the morning of September 11 at Category 1-2 strength. During the closest point of approach to east-central Florida during the early morning hours of September 11, rain bands associated with the inner core elongated west-to-east and lifted through northwest Osceola County, Lake County and western Orange County. Due to the large size of the wind field, a long duration of damaging tropical storm force winds with gusts to hurricane force was experienced across all of east-central Florida. There were no direct hurricane-related fatalities, however 10 indirect fatalities occurred during the evacuation and recovery phases of the hurricane. Preliminary damage estimates across east central Florida exceeded $1.3 billion.||A storm surge of 2-3 feet affected the coast of Martin, St. Lucie and Indian River Counties, and 3-4 feet of storm surge impacted the coast of Brevard and Volusia Counties. Moderate to major beach erosion occurred along the entire east-central Florida coastline. Water levels rose within the coastal lagoon system generally rose between 1 and 3 feet (although locally up to 4.5 feet within a few constricted areas of the lagoon, primarily within north Brevard and Volusia Counties) due to coastal surge and run-off from heavy rain and slow drainage to the Atlantic through the inlets. River flooding caused to enter some homes adjacent to the Halifax River, primarily in Ormond Beach, Holly Hill and north Daytona Beach. Many docks and boat houses along the Indian, Banana and Halifax Rivers were damaged from the combination of high water and wave action. ||Rainfall totals of 10-15 inches were widespread across east-central Florida. The highest totals occurred in a swath from northern St. Lucie County to far southern Indian River County, where accumulations reached 15 to nearly 22 inches. A significant portion of this rain fell during the early morning hours of September 10 as excessive rain bands trained onshore ahead of the main rain area associated with Hurricane Irma. Flooding entered several homes and many roadways became impassible. Hurricane rain bands also resulted in flooding of homes and roadways in many other areas later on September 10, including Fellsmere (Indian River County) where a dozen people were rescued from flood waters and north Merritt Island (Brevard County) where water approached or entered several homes. During the early morning hours of September 11, flooding breached several hundred homes and resulted in the rescue of 200 residents in Orlo Vista (Orange County) when a lake and adjacent retention ponds overflowed. ||Widespread heavy rain fell within the St. Johns River basin and caused the entire river (from Cocoa in Brevard County to Astor in Lake County) to reach flood stage. The Astor area was the first to reach flood stage during the afternoon of September 10, then Cocoa very early on September 11 and Lake Harney that evening, Deland very early on September 12 and Sanford very late on September 14. All points along the river eventually reached moderate to major flood stage, impacting adjacent homes, structures, property and roadways. The river remained in flood for well over one month. ||Ten tornadoes were confirmed, including eight within Brevard County (one EF-0, six EF-1, and one EF-2), one in Volusia County (EF-1) and one in Lake County (EF-1). Additional tornadoes likely occurred, however it was impossible to distinguish weak, short track tornado damage from the overall widespread, background wind damage of similar velocities.",92
713533,BREVARD CO.,MIMS,09/10/2017,1700,Tornado, ,EF1,0,0,0,0,FL,EST-5, ,118772,C,9,MLB,0,0,NWS Storm Survey, ,0.48,60,2,NW,3,NW,MIMS,09/10/2017,1701,28.6894,-80.8551,28.6926,-80.8622,"Based on a NWS storm survey, an EF-1 tornado, with estimated wind speeds between 90 to 95 mph, snapped and uprooted several trees as it developed near Old Dixie Highway in Mims. The tornado continued across US Highway 1 and the northern portion of the Northgate Mobile Home and RV Park, damaging over a dozen homes, several of which experienced partial roof removal. In addition, several power poles snapped in the development and one landed on a home. The tornado also rolled several unoccupied RV's onto to their sides, which were being stored in a parking lot between US Highway 1 and the mobile home park. DI28, DOD3, EXP; DI24, DOD4, LB; DI3, DOD3, EXP.","Hurricane Irma moved northward over the far western Florida peninsula between the afternoon of September 10 and the morning of September 11 at Category 1-2 strength. During the closest point of approach to east-central Florida during the early morning hours of September 11, rain bands associated with the inner core elongated west-to-east and lifted through northwest Osceola County, Lake County and western Orange County. Due to the large size of the wind field, a long duration of damaging tropical storm force winds with gusts to hurricane force was experienced across all of east-central Florida. There were no direct hurricane-related fatalities, however 10 indirect fatalities occurred during the evacuation and recovery phases of the hurricane. Preliminary damage estimates across east central Florida exceeded $1.3 billion.||A storm surge of 2-3 feet affected the coast of Martin, St. Lucie and Indian River Counties, and 3-4 feet of storm surge impacted the coast of Brevard and Volusia Counties. Moderate to major beach erosion occurred along the entire east-central Florida coastline. Water levels rose within the coastal lagoon system generally rose between 1 and 3 feet (although locally up to 4.5 feet within a few constricted areas of the lagoon, primarily within north Brevard and Volusia Counties) due to coastal surge and run-off from heavy rain and slow drainage to the Atlantic through the inlets. River flooding caused to enter some homes adjacent to the Halifax River, primarily in Ormond Beach, Holly Hill and north Daytona Beach. Many docks and boat houses along the Indian, Banana and Halifax Rivers were damaged from the combination of high water and wave action. ||Rainfall totals of 10-15 inches were widespread across east-central Florida. The highest totals occurred in a swath from northern St. Lucie County to far southern Indian River County, where accumulations reached 15 to nearly 22 inches. A significant portion of this rain fell during the early morning hours of September 10 as excessive rain bands trained onshore ahead of the main rain area associated with Hurricane Irma. Flooding entered several homes and many roadways became impassible. Hurricane rain bands also resulted in flooding of homes and roadways in many other areas later on September 10, including Fellsmere (Indian River County) where a dozen people were rescued from flood waters and north Merritt Island (Brevard County) where water approached or entered several homes. During the early morning hours of September 11, flooding breached several hundred homes and resulted in the rescue of 200 residents in Orlo Vista (Orange County) when a lake and adjacent retention ponds overflowed. ||Widespread heavy rain fell within the St. Johns River basin and caused the entire river (from Cocoa in Brevard County to Astor in Lake County) to reach flood stage. The Astor area was the first to reach flood stage during the afternoon of September 10, then Cocoa very early on September 11 and Lake Harney that evening, Deland very early on September 12 and Sanford very late on September 14. All points along the river eventually reached moderate to major flood stage, impacting adjacent homes, structures, property and roadways. The river remained in flood for well over one month. ||Ten tornadoes were confirmed, including eight within Brevard County (one EF-0, six EF-1, and one EF-2), one in Volusia County (EF-1) and one in Lake County (EF-1). Additional tornadoes likely occurred, however it was impossible to distinguish weak, short track tornado damage from the overall widespread, background wind damage of similar velocities.",93
713795,LAKE CO.,TURPENTINE,09/10/2017,1728,Tornado, ,EF1,0,0,0,0,FL,EST-5, ,118772,C,69,MLB,0,0,NWS Storm Survey, ,3.84,500,1,NNW,2,WNW,UMATILLA,09/10/2017,1730,28.9394,-81.6238,28.9352,-81.6871,"A NWS storm survey revealed an EF-1 tornado with estimated wind speeds between 95 and 100 mph developed near East 8th Avenue in Umatilla, uprooting and snapping several trees in an open field. The tornado moved toward a residential neighborhood between East 8th Avenue and East Collins Street and peeled back the roofs from several homes and uprooted numerous trees. Damage continued into North Lake Community Park where a scoreboard was toppled and three power poles were snapped. The tornado moved across Lake Pearl and into the Olde Mill RV resort where it destroyed approximately ten recreational vehicles and damaged at least 25 others. The tornado continued west toward downtown Umatilla and damaged the roofs of the Umatilla Inn, an elementary school, and a home on Babb Road. DI24, DOD4, LB-EXP; DI28, DOD4, LB-EXP; DI3, DOD7, LB.","Hurricane Irma moved northward over the far western Florida peninsula between the afternoon of September 10 and the morning of September 11 at Category 1-2 strength. During the closest point of approach to east-central Florida during the early morning hours of September 11, rain bands associated with the inner core elongated west-to-east and lifted through northwest Osceola County, Lake County and western Orange County. Due to the large size of the wind field, a long duration of damaging tropical storm force winds with gusts to hurricane force was experienced across all of east-central Florida. There were no direct hurricane-related fatalities, however 10 indirect fatalities occurred during the evacuation and recovery phases of the hurricane. Preliminary damage estimates across east central Florida exceeded $1.3 billion.||A storm surge of 2-3 feet affected the coast of Martin, St. Lucie and Indian River Counties, and 3-4 feet of storm surge impacted the coast of Brevard and Volusia Counties. Moderate to major beach erosion occurred along the entire east-central Florida coastline. Water levels rose within the coastal lagoon system generally rose between 1 and 3 feet (although locally up to 4.5 feet within a few constricted areas of the lagoon, primarily within north Brevard and Volusia Counties) due to coastal surge and run-off from heavy rain and slow drainage to the Atlantic through the inlets. River flooding caused to enter some homes adjacent to the Halifax River, primarily in Ormond Beach, Holly Hill and north Daytona Beach. Many docks and boat houses along the Indian, Banana and Halifax Rivers were damaged from the combination of high water and wave action. ||Rainfall totals of 10-15 inches were widespread across east-central Florida. The highest totals occurred in a swath from northern St. Lucie County to far southern Indian River County, where accumulations reached 15 to nearly 22 inches. A significant portion of this rain fell during the early morning hours of September 10 as excessive rain bands trained onshore ahead of the main rain area associated with Hurricane Irma. Flooding entered several homes and many roadways became impassible. Hurricane rain bands also resulted in flooding of homes and roadways in many other areas later on September 10, including Fellsmere (Indian River County) where a dozen people were rescued from flood waters and north Merritt Island (Brevard County) where water approached or entered several homes. During the early morning hours of September 11, flooding breached several hundred homes and resulted in the rescue of 200 residents in Orlo Vista (Orange County) when a lake and adjacent retention ponds overflowed. ||Widespread heavy rain fell within the St. Johns River basin and caused the entire river (from Cocoa in Brevard County to Astor in Lake County) to reach flood stage. The Astor area was the first to reach flood stage during the afternoon of September 10, then Cocoa very early on September 11 and Lake Harney that evening, Deland very early on September 12 and Sanford very late on September 14. All points along the river eventually reached moderate to major flood stage, impacting adjacent homes, structures, property and roadways. The river remained in flood for well over one month. ||Ten tornadoes were confirmed, including eight within Brevard County (one EF-0, six EF-1, and one EF-2), one in Volusia County (EF-1) and one in Lake County (EF-1). Additional tornadoes likely occurred, however it was impossible to distinguish weak, short track tornado damage from the overall widespread, background wind damage of similar velocities.",94
720479,ST. JOHNS CO.,VILANO BEACH,09/10/2017,1850,Tornado, ,EF1,0,0,0,0,FL,EST-5, ,119125,C,109,JAX,0,0,NWS Storm Survey, ,4.99,200,1,N,2,W,ARAQUEY,09/10/2017,1856,29.93,-81.3,29.95,-81.38,"This tornado may have initiated as a water spout that moved onshore at Vilano Beach. Minimal damage was reported in Vilano Beach with greater tree damage discovered west of Vilano Beach where a few trees were snapped and uprooted. Roof damage was reported on 5th Avenue near Vilano Beach. Multiple trees were damage and there was minor roof damage observed along Jackson and North Blvds. The tornado then crossed Highway 1 and caused additional tree and roof damage from 4th Street toward Porter Road before dissipating in the 12 Mile Swamp Conservation Area. Radar indicated a tornado debris signature. This tornado had peak winds of 85-100 mph.","Hurricane Irma's eye passed west of the local forecast area, with the region on the storm's turbulent east side. Widespread tropical storm force winds with gusts to hurricane force were felt across much of the area, with the strongest winds surging up the Florida east coast during the pre-dawn hours of Sept. 11th. Extensive tree and power line damage occurred across the local area from the winds. One of the greatest local impacts exacerbated by Irma's rainfall and storm surge was river flooding. Prior to Irma's arrival, a local nor'eastern developed 3 days prior, with strong onshore flow pumping water into the St. Johns River basin. Elevated water levels of 1-2 ft above normal tidal departure were already ongoing for several tidal cycles before Irma's surge and rainfall. The nor'easter also brought localized heavy rainfall bands, with some areas near the coast realizing 4-6 inches in 24 hrs the days prior to Irma. In addition, precursor conditions to the nor'easter included an above average rainfall across the region during the summer months.  Major, historic river flooding was forecast along Black Creek and the Sante Fe a week prior to Irma. Realized river values along the St. Johns surpassed prior record levels set by Hurricane Dora in 1964, during low tide the morning of Sept. 11th. The St. Johns River basin continued to rise with the combination of trapped tides due to the nor'easter, astronomically high tides heading into the spring tide season, storm surge of up to 5 ft in some areas, fresh water rainfall of 7-11 inches, and strong southerly winds pushing the water across the basin on the east side of Irma. Historic river flooding occurred across much of NE Florida Sept 11th through the following week as water levels were slow to funnel out of the St. Johns basin. Coastal infrastructure that was already weakened about 1 year ago due to Hurricane Matthew suffered the most damage from Irma's storm surge.",95
720481,FLAGLER CO.,MARINELAND,09/10/2017,1913,Tornado, ,EF0,0,0,0,0,FL,EST-5, ,119125,C,35,JAX,0,0,Emergency Manager, ,4.12,200,1,S,4,W,MARINELAND,09/10/2017,1923,29.6455,-81.21,29.66,-81.2766,"This tornado touchdown in northern Flagler county just south of Marineland. Damage was limited to trees. Structural damage was not reported. A tornado debris signature was detected along the path. The tornado remained over the Pellicer Creek Conservation Area before dissipating just west of Interstate 95.","Hurricane Irma's eye passed west of the local forecast area, with the region on the storm's turbulent east side. Widespread tropical storm force winds with gusts to hurricane force were felt across much of the area, with the strongest winds surging up the Florida east coast during the pre-dawn hours of Sept. 11th. Extensive tree and power line damage occurred across the local area from the winds. One of the greatest local impacts exacerbated by Irma's rainfall and storm surge was river flooding. Prior to Irma's arrival, a local nor'eastern developed 3 days prior, with strong onshore flow pumping water into the St. Johns River basin. Elevated water levels of 1-2 ft above normal tidal departure were already ongoing for several tidal cycles before Irma's surge and rainfall. The nor'easter also brought localized heavy rainfall bands, with some areas near the coast realizing 4-6 inches in 24 hrs the days prior to Irma. In addition, precursor conditions to the nor'easter included an above average rainfall across the region during the summer months.  Major, historic river flooding was forecast along Black Creek and the Sante Fe a week prior to Irma. Realized river values along the St. Johns surpassed prior record levels set by Hurricane Dora in 1964, during low tide the morning of Sept. 11th. The St. Johns River basin continued to rise with the combination of trapped tides due to the nor'easter, astronomically high tides heading into the spring tide season, storm surge of up to 5 ft in some areas, fresh water rainfall of 7-11 inches, and strong southerly winds pushing the water across the basin on the east side of Irma. Historic river flooding occurred across much of NE Florida Sept 11th through the following week as water levels were slow to funnel out of the St. Johns basin. Coastal infrastructure that was already weakened about 1 year ago due to Hurricane Matthew suffered the most damage from Irma's storm surge.",96
713655,VOLUSIA CO.,ORMOND BEACH,09/10/2017,2004,Tornado, ,EF1,0,0,0,0,FL,EST-5, ,118772,C,127,MLB,0,0,NWS Storm Survey, ,0.78,175,1,NNW,1,WNW,ORMOND BEACH,09/10/2017,2005,29.2901,-81.0574,29.2905,-81.0703,"Based on a NWS storm survey, a waterspout moved onshore from the Halifax River near Dix Avenue and North Beach Street in Ormond Beach, causing tree damage and minor siding and shingle damage to a few two story homes. The tornado continued inland and produced strong EF-1 damage (estimated 100 to 110 mph) to several homes and trees near the intersection of Hernandez Avenue, North Ridgewood Avenue and Rosewood Avenue. Several homes sustained major roof damage. The tornado then downed trees and produced debris impact at the Ormond Beach Fire Station 93 and damaging the roofs of two commercial buildings near US Highway 1 and Wilmette Avenue. The tornado dissipated just west of US Highway 1. DI2, DOD6, LB-EXP.","Hurricane Irma moved northward over the far western Florida peninsula between the afternoon of September 10 and the morning of September 11 at Category 1-2 strength. During the closest point of approach to east-central Florida during the early morning hours of September 11, rain bands associated with the inner core elongated west-to-east and lifted through northwest Osceola County, Lake County and western Orange County. Due to the large size of the wind field, a long duration of damaging tropical storm force winds with gusts to hurricane force was experienced across all of east-central Florida. There were no direct hurricane-related fatalities, however 10 indirect fatalities occurred during the evacuation and recovery phases of the hurricane. Preliminary damage estimates across east central Florida exceeded $1.3 billion.||A storm surge of 2-3 feet affected the coast of Martin, St. Lucie and Indian River Counties, and 3-4 feet of storm surge impacted the coast of Brevard and Volusia Counties. Moderate to major beach erosion occurred along the entire east-central Florida coastline. Water levels rose within the coastal lagoon system generally rose between 1 and 3 feet (although locally up to 4.5 feet within a few constricted areas of the lagoon, primarily within north Brevard and Volusia Counties) due to coastal surge and run-off from heavy rain and slow drainage to the Atlantic through the inlets. River flooding caused to enter some homes adjacent to the Halifax River, primarily in Ormond Beach, Holly Hill and north Daytona Beach. Many docks and boat houses along the Indian, Banana and Halifax Rivers were damaged from the combination of high water and wave action. ||Rainfall totals of 10-15 inches were widespread across east-central Florida. The highest totals occurred in a swath from northern St. Lucie County to far southern Indian River County, where accumulations reached 15 to nearly 22 inches. A significant portion of this rain fell during the early morning hours of September 10 as excessive rain bands trained onshore ahead of the main rain area associated with Hurricane Irma. Flooding entered several homes and many roadways became impassible. Hurricane rain bands also resulted in flooding of homes and roadways in many other areas later on September 10, including Fellsmere (Indian River County) where a dozen people were rescued from flood waters and north Merritt Island (Brevard County) where water approached or entered several homes. During the early morning hours of September 11, flooding breached several hundred homes and resulted in the rescue of 200 residents in Orlo Vista (Orange County) when a lake and adjacent retention ponds overflowed. ||Widespread heavy rain fell within the St. Johns River basin and caused the entire river (from Cocoa in Brevard County to Astor in Lake County) to reach flood stage. The Astor area was the first to reach flood stage during the afternoon of September 10, then Cocoa very early on September 11 and Lake Harney that evening, Deland very early on September 12 and Sanford very late on September 14. All points along the river eventually reached moderate to major flood stage, impacting adjacent homes, structures, property and roadways. The river remained in flood for well over one month. ||Ten tornadoes were confirmed, including eight within Brevard County (one EF-0, six EF-1, and one EF-2), one in Volusia County (EF-1) and one in Lake County (EF-1). Additional tornadoes likely occurred, however it was impossible to distinguish weak, short track tornado damage from the overall widespread, background wind damage of similar velocities.",97
716757,BREVARD CO.,(COF)PATRICK AFB,09/10/2017,2004,Tornado, ,EF1,0,0,0,0,FL,EST-5, ,118772,C,9,MLB,0,0,NWS Storm Survey, ,1.23,50,0,ENE,1,NW,(COF)PATRICK AFB,09/10/2017,2005,28.2302,-80.5997,28.2402,-80.6163,"Based on a NWS storm survey, a waterspout moved onshore from the Atlantic and caused tornado damage as it continued across the barrier island, affecting Patrick Air Force Base. The EF-1 tornado (estimated 85 to 95 mph) removed the roof from a small building east of Highway A1A, then produced minor to moderate damage to several storage buildings, mainly in the form of partial loss of roof coverings and broken glass in some east and north facing windows. Several, large steel CONEX storage containers within the tornado path were rolled 100+ feet downwind (northwest). Damage also occurred to antennas mounted on free standing towers and to some small trees and shrubs. The tornado then weakened as it approached the Banana River. DOD23, DI2, EXP-UB; DOD25, DI1, EXP.","Hurricane Irma moved northward over the far western Florida peninsula between the afternoon of September 10 and the morning of September 11 at Category 1-2 strength. During the closest point of approach to east-central Florida during the early morning hours of September 11, rain bands associated with the inner core elongated west-to-east and lifted through northwest Osceola County, Lake County and western Orange County. Due to the large size of the wind field, a long duration of damaging tropical storm force winds with gusts to hurricane force was experienced across all of east-central Florida. There were no direct hurricane-related fatalities, however 10 indirect fatalities occurred during the evacuation and recovery phases of the hurricane. Preliminary damage estimates across east central Florida exceeded $1.3 billion.||A storm surge of 2-3 feet affected the coast of Martin, St. Lucie and Indian River Counties, and 3-4 feet of storm surge impacted the coast of Brevard and Volusia Counties. Moderate to major beach erosion occurred along the entire east-central Florida coastline. Water levels rose within the coastal lagoon system generally rose between 1 and 3 feet (although locally up to 4.5 feet within a few constricted areas of the lagoon, primarily within north Brevard and Volusia Counties) due to coastal surge and run-off from heavy rain and slow drainage to the Atlantic through the inlets. River flooding caused to enter some homes adjacent to the Halifax River, primarily in Ormond Beach, Holly Hill and north Daytona Beach. Many docks and boat houses along the Indian, Banana and Halifax Rivers were damaged from the combination of high water and wave action. ||Rainfall totals of 10-15 inches were widespread across east-central Florida. The highest totals occurred in a swath from northern St. Lucie County to far southern Indian River County, where accumulations reached 15 to nearly 22 inches. A significant portion of this rain fell during the early morning hours of September 10 as excessive rain bands trained onshore ahead of the main rain area associated with Hurricane Irma. Flooding entered several homes and many roadways became impassible. Hurricane rain bands also resulted in flooding of homes and roadways in many other areas later on September 10, including Fellsmere (Indian River County) where a dozen people were rescued from flood waters and north Merritt Island (Brevard County) where water approached or entered several homes. During the early morning hours of September 11, flooding breached several hundred homes and resulted in the rescue of 200 residents in Orlo Vista (Orange County) when a lake and adjacent retention ponds overflowed. ||Widespread heavy rain fell within the St. Johns River basin and caused the entire river (from Cocoa in Brevard County to Astor in Lake County) to reach flood stage. The Astor area was the first to reach flood stage during the afternoon of September 10, then Cocoa very early on September 11 and Lake Harney that evening, Deland very early on September 12 and Sanford very late on September 14. All points along the river eventually reached moderate to major flood stage, impacting adjacent homes, structures, property and roadways. The river remained in flood for well over one month. ||Ten tornadoes were confirmed, including eight within Brevard County (one EF-0, six EF-1, and one EF-2), one in Volusia County (EF-1) and one in Lake County (EF-1). Additional tornadoes likely occurred, however it was impossible to distinguish weak, short track tornado damage from the overall widespread, background wind damage of similar velocities.",98
714247,BREVARD CO.,BONAVENTURE,09/10/2017,2014,Tornado, ,EF1,0,0,0,0,FL,EST-5, ,118772,C,9,MLB,0,0,NWS Storm Survey, ,0.3,60,1,NW,1,NW,BONAVENTURE,09/10/2017,2015,28.2791,-80.6899,28.2809,-80.6944,"A NWS storm survey confirmed that a waterspout moved onshore along Rockledge Drive near River Woods Drive in Rockledge and produced EF-1 tornado damage (winds estimated 95-105 mph) along a short track. Approximately six homes sustained significant roof damage and numerous trees were snapped or uprooted. A portion of one roof was removed and at least one other home had a portion of its metal roof peeled back. Several homes adjacent to the area of most significant damage also experienced a lesser degree of shingle damage. At least one screen patio was destroyed, several others were damaged and some fences were blown over and carried downwind. DI2, DOD4, EXP; DI27, DOD4, EXP.","Hurricane Irma moved northward over the far western Florida peninsula between the afternoon of September 10 and the morning of September 11 at Category 1-2 strength. During the closest point of approach to east-central Florida during the early morning hours of September 11, rain bands associated with the inner core elongated west-to-east and lifted through northwest Osceola County, Lake County and western Orange County. Due to the large size of the wind field, a long duration of damaging tropical storm force winds with gusts to hurricane force was experienced across all of east-central Florida. There were no direct hurricane-related fatalities, however 10 indirect fatalities occurred during the evacuation and recovery phases of the hurricane. Preliminary damage estimates across east central Florida exceeded $1.3 billion.||A storm surge of 2-3 feet affected the coast of Martin, St. Lucie and Indian River Counties, and 3-4 feet of storm surge impacted the coast of Brevard and Volusia Counties. Moderate to major beach erosion occurred along the entire east-central Florida coastline. Water levels rose within the coastal lagoon system generally rose between 1 and 3 feet (although locally up to 4.5 feet within a few constricted areas of the lagoon, primarily within north Brevard and Volusia Counties) due to coastal surge and run-off from heavy rain and slow drainage to the Atlantic through the inlets. River flooding caused to enter some homes adjacent to the Halifax River, primarily in Ormond Beach, Holly Hill and north Daytona Beach. Many docks and boat houses along the Indian, Banana and Halifax Rivers were damaged from the combination of high water and wave action. ||Rainfall totals of 10-15 inches were widespread across east-central Florida. The highest totals occurred in a swath from northern St. Lucie County to far southern Indian River County, where accumulations reached 15 to nearly 22 inches. A significant portion of this rain fell during the early morning hours of September 10 as excessive rain bands trained onshore ahead of the main rain area associated with Hurricane Irma. Flooding entered several homes and many roadways became impassible. Hurricane rain bands also resulted in flooding of homes and roadways in many other areas later on September 10, including Fellsmere (Indian River County) where a dozen people were rescued from flood waters and north Merritt Island (Brevard County) where water approached or entered several homes. During the early morning hours of September 11, flooding breached several hundred homes and resulted in the rescue of 200 residents in Orlo Vista (Orange County) when a lake and adjacent retention ponds overflowed. ||Widespread heavy rain fell within the St. Johns River basin and caused the entire river (from Cocoa in Brevard County to Astor in Lake County) to reach flood stage. The Astor area was the first to reach flood stage during the afternoon of September 10, then Cocoa very early on September 11 and Lake Harney that evening, Deland very early on September 12 and Sanford very late on September 14. All points along the river eventually reached moderate to major flood stage, impacting adjacent homes, structures, property and roadways. The river remained in flood for well over one month. ||Ten tornadoes were confirmed, including eight within Brevard County (one EF-0, six EF-1, and one EF-2), one in Volusia County (EF-1) and one in Lake County (EF-1). Additional tornadoes likely occurred, however it was impossible to distinguish weak, short track tornado damage from the overall widespread, background wind damage of similar velocities.",99
713784,BREVARD CO.,INDIANOLA,09/10/2017,2048,Tornado, ,EF1,0,0,0,0,FL,EST-5, ,118772,C,9,MLB,0,0,NWS Storm Survey, ,3.36,60,4,NE,3,ENE,SHARPES,09/10/2017,2050,28.4171,-80.6767,28.446,-80.7211,"A NWS storm survey confirmed that a tornado formed on North Merritt Island within or southeast of The Savannahs subdivision, producing strong EF-1 damage (winds estimated 100-110 mph) to numerous homes on Savannahs Trail. Over a dozen homes sustained significant shingle damage and approximately six pool screen enclosures were destroyed. Numerous trees were snapped. The tornado continued northwest and crossed East Hall Road near Leilani Lane, producing tree and minor roof damage to a few homes. The tornado then traveled through the southern portion of the Island Lakes Mobile Home Park at EF-1 strength (estimated winds of 95 to 105 mph) and impacted over 25 mobile homes. Several mobile homes were destroyed and many others sustained moderate to major damage (the neighborhood was nearly completed evacuated for Hurricane Irma). The tornado then weakened, but toppled the steeple at the Orsino Baptist Church, after crossing North Courtney Boulevard. Tree damage and minor roof damage occurred along the remainder of the path until the Indian River was reached. DI2, DOD4, EXP; DI3, DOD6, LB-EXP; DI24, DOD4, LB.","Hurricane Irma moved northward over the far western Florida peninsula between the afternoon of September 10 and the morning of September 11 at Category 1-2 strength. During the closest point of approach to east-central Florida during the early morning hours of September 11, rain bands associated with the inner core elongated west-to-east and lifted through northwest Osceola County, Lake County and western Orange County. Due to the large size of the wind field, a long duration of damaging tropical storm force winds with gusts to hurricane force was experienced across all of east-central Florida. There were no direct hurricane-related fatalities, however 10 indirect fatalities occurred during the evacuation and recovery phases of the hurricane. Preliminary damage estimates across east central Florida exceeded $1.3 billion.||A storm surge of 2-3 feet affected the coast of Martin, St. Lucie and Indian River Counties, and 3-4 feet of storm surge impacted the coast of Brevard and Volusia Counties. Moderate to major beach erosion occurred along the entire east-central Florida coastline. Water levels rose within the coastal lagoon system generally rose between 1 and 3 feet (although locally up to 4.5 feet within a few constricted areas of the lagoon, primarily within north Brevard and Volusia Counties) due to coastal surge and run-off from heavy rain and slow drainage to the Atlantic through the inlets. River flooding caused to enter some homes adjacent to the Halifax River, primarily in Ormond Beach, Holly Hill and north Daytona Beach. Many docks and boat houses along the Indian, Banana and Halifax Rivers were damaged from the combination of high water and wave action. ||Rainfall totals of 10-15 inches were widespread across east-central Florida. The highest totals occurred in a swath from northern St. Lucie County to far southern Indian River County, where accumulations reached 15 to nearly 22 inches. A significant portion of this rain fell during the early morning hours of September 10 as excessive rain bands trained onshore ahead of the main rain area associated with Hurricane Irma. Flooding entered several homes and many roadways became impassible. Hurricane rain bands also resulted in flooding of homes and roadways in many other areas later on September 10, including Fellsmere (Indian River County) where a dozen people were rescued from flood waters and north Merritt Island (Brevard County) where water approached or entered several homes. During the early morning hours of September 11, flooding breached several hundred homes and resulted in the rescue of 200 residents in Orlo Vista (Orange County) when a lake and adjacent retention ponds overflowed. ||Widespread heavy rain fell within the St. Johns River basin and caused the entire river (from Cocoa in Brevard County to Astor in Lake County) to reach flood stage. The Astor area was the first to reach flood stage during the afternoon of September 10, then Cocoa very early on September 11 and Lake Harney that evening, Deland very early on September 12 and Sanford very late on September 14. All points along the river eventually reached moderate to major flood stage, impacting adjacent homes, structures, property and roadways. The river remained in flood for well over one month. ||Ten tornadoes were confirmed, including eight within Brevard County (one EF-0, six EF-1, and one EF-2), one in Volusia County (EF-1) and one in Lake County (EF-1). Additional tornadoes likely occurred, however it was impossible to distinguish weak, short track tornado damage from the overall widespread, background wind damage of similar velocities.",100
720523,ST. JOHNS CO.,SUMMER HAVEN,09/11/2017,15,Tornado, ,EF2,0,0,0,0,FL,EST-5, ,119125,C,109,JAX,0,0,NWS Storm Survey, ,1.2,300,2,NNW,2,NW,SUMMER HAVEN,09/11/2017,20,29.72,-81.23,29.72,-81.25,"Significant structural damage occurred at Summer House vacation rentals in Crescent Beach. There were definitive signs of circulation in the debris field. Tree damage extended inland to A1A. The tornado appeared to dissipate over the Intracoastal Waterway. Peak winds were estimated at 110-130 mph.","Hurricane Irma's eye passed west of the local forecast area, with the region on the storm's turbulent east side. Widespread tropical storm force winds with gusts to hurricane force were felt across much of the area, with the strongest winds surging up the Florida east coast during the pre-dawn hours of Sept. 11th. Extensive tree and power line damage occurred across the local area from the winds. One of the greatest local impacts exacerbated by Irma's rainfall and storm surge was river flooding. Prior to Irma's arrival, a local nor'eastern developed 3 days prior, with strong onshore flow pumping water into the St. Johns River basin. Elevated water levels of 1-2 ft above normal tidal departure were already ongoing for several tidal cycles before Irma's surge and rainfall. The nor'easter also brought localized heavy rainfall bands, with some areas near the coast realizing 4-6 inches in 24 hrs the days prior to Irma. In addition, precursor conditions to the nor'easter included an above average rainfall across the region during the summer months.  Major, historic river flooding was forecast along Black Creek and the Sante Fe a week prior to Irma. Realized river values along the St. Johns surpassed prior record levels set by Hurricane Dora in 1964, during low tide the morning of Sept. 11th. The St. Johns River basin continued to rise with the combination of trapped tides due to the nor'easter, astronomically high tides heading into the spring tide season, storm surge of up to 5 ft in some areas, fresh water rainfall of 7-11 inches, and strong southerly winds pushing the water across the basin on the east side of Irma. Historic river flooding occurred across much of NE Florida Sept 11th through the following week as water levels were slow to funnel out of the St. Johns basin. Coastal infrastructure that was already weakened about 1 year ago due to Hurricane Matthew suffered the most damage from Irma's storm surge.",101
720491,NASSAU CO.,FERNANDINA BEACH,09/11/2017,125,Tornado, ,EF0,0,0,0,0,FL,EST-5, ,119125,C,89,JAX,0,0,NWS Storm Survey, ,10.69,100,2,NNW,2,NNW,BECKER,09/11/2017,135,30.69,-81.46,30.69,-81.64,"This weak tornado touched down on the northern end of Amelia Island and tracked west across open marsh areas. Damage was limited to trees and shrubs and damage was not reported. The path width was estimated at 100 yards as the circulation tracked generally over open marsh land then dissipated over rural marsh land. There was a clear tornado debris signature on radar.","Hurricane Irma's eye passed west of the local forecast area, with the region on the storm's turbulent east side. Widespread tropical storm force winds with gusts to hurricane force were felt across much of the area, with the strongest winds surging up the Florida east coast during the pre-dawn hours of Sept. 11th. Extensive tree and power line damage occurred across the local area from the winds. One of the greatest local impacts exacerbated by Irma's rainfall and storm surge was river flooding. Prior to Irma's arrival, a local nor'eastern developed 3 days prior, with strong onshore flow pumping water into the St. Johns River basin. Elevated water levels of 1-2 ft above normal tidal departure were already ongoing for several tidal cycles before Irma's surge and rainfall. The nor'easter also brought localized heavy rainfall bands, with some areas near the coast realizing 4-6 inches in 24 hrs the days prior to Irma. In addition, precursor conditions to the nor'easter included an above average rainfall across the region during the summer months.  Major, historic river flooding was forecast along Black Creek and the Sante Fe a week prior to Irma. Realized river values along the St. Johns surpassed prior record levels set by Hurricane Dora in 1964, during low tide the morning of Sept. 11th. The St. Johns River basin continued to rise with the combination of trapped tides due to the nor'easter, astronomically high tides heading into the spring tide season, storm surge of up to 5 ft in some areas, fresh water rainfall of 7-11 inches, and strong southerly winds pushing the water across the basin on the east side of Irma. Historic river flooding occurred across much of NE Florida Sept 11th through the following week as water levels were slow to funnel out of the St. Johns basin. Coastal infrastructure that was already weakened about 1 year ago due to Hurricane Matthew suffered the most damage from Irma's storm surge.",102
720494,NASSAU CO.,FERNANDINA BEACH ARP,09/11/2017,125,Tornado, ,EF0,0,0,0,0,FL,EST-5, ,119125,C,89,JAX,0,0,NWS Storm Survey, ,5.95,100,1,S,2,ENE,HEDGES,09/11/2017,130,30.61,-81.47,30.61,-81.57,"Another tornado developed south of the northern Amelia Island Island tornado at the same time. This tornado touched down just south of Fernandina Beach and tracked westward with damage limited to trees and shrubs. The tornado dissipated over marsh areas. A tornado debris signature was noted on radar. Damage was not reported.","Hurricane Irma's eye passed west of the local forecast area, with the region on the storm's turbulent east side. Widespread tropical storm force winds with gusts to hurricane force were felt across much of the area, with the strongest winds surging up the Florida east coast during the pre-dawn hours of Sept. 11th. Extensive tree and power line damage occurred across the local area from the winds. One of the greatest local impacts exacerbated by Irma's rainfall and storm surge was river flooding. Prior to Irma's arrival, a local nor'eastern developed 3 days prior, with strong onshore flow pumping water into the St. Johns River basin. Elevated water levels of 1-2 ft above normal tidal departure were already ongoing for several tidal cycles before Irma's surge and rainfall. The nor'easter also brought localized heavy rainfall bands, with some areas near the coast realizing 4-6 inches in 24 hrs the days prior to Irma. In addition, precursor conditions to the nor'easter included an above average rainfall across the region during the summer months.  Major, historic river flooding was forecast along Black Creek and the Sante Fe a week prior to Irma. Realized river values along the St. Johns surpassed prior record levels set by Hurricane Dora in 1964, during low tide the morning of Sept. 11th. The St. Johns River basin continued to rise with the combination of trapped tides due to the nor'easter, astronomically high tides heading into the spring tide season, storm surge of up to 5 ft in some areas, fresh water rainfall of 7-11 inches, and strong southerly winds pushing the water across the basin on the east side of Irma. Historic river flooding occurred across much of NE Florida Sept 11th through the following week as water levels were slow to funnel out of the St. Johns basin. Coastal infrastructure that was already weakened about 1 year ago due to Hurricane Matthew suffered the most damage from Irma's storm surge.",103
724171,BROWARD CO.,MIRAMAR,10/24/2017,1415,Tornado, ,EF0,0,0,0,0,FL,EST-5, ,120981,C,11,MFL,0,0,Social Media, ,0.01,20,10,NNW,10,NNW,MIRAMAR,10/24/2017,1416,26.14,-80.46,26.14,-80.4598,"Multiple photos and videos received via social media show a brief tornado touchdown just south of I-75 and west of US-27 west of the city of Weston. The tornado remained over an open field before lifting. Time estimated by radar.","The first strong cold front of fall moved through South Florida during the day on October 24th. Widespread showers and storms developed in the moist and unstable atmosphere ahead of this front, with boundary interactions producing a brief tornado over western Broward county.",104
724213,MIAMI-DADE CO.,WESTWOOD LAKES,10/28/2017,1219,Tornado, ,EF0,0,0,0,0,FL,EST-5, ,120990,C,86,MFL,0,0,NWS Storm Survey, ,0.48,50,2,E,2,ENE,WESTWOOD LAKES,10/28/2017,1220,25.7333,-80.3439,25.7367,-80.3507,"Tornado touched down at the shopping center near the corner of Bird Road and SW 92nd Avenue in Westchester. Here it broke off large tree limbs in the parking lot which, fell on a car and damaged it windshield. The tornado then moved west-northwest over Bird Bowl Shopping Center, where high end EF-0 damage was observed. The front window of a store was broken and peeling off part of the roof. This allowed water to enter a meeting room and mechanical room. A large dumpster was also moved behind the building. Power lines, trees and fences were downed along SW 39th Street between SW 92nd and SW 94th Avenues. The tornado then briefly lifted, touching down again at SW 36th Street and 95th Avenue where it downed power lines and fences, broke large tree limbs, and caused minor roof and siding damage to homes. The tornado lifted before reaching SW 97th Avenue.","Tropical Storm Philippe was a very disorganized storm as it moved across the Florida Straits on October 28th, making landfall in extreme South Florida along the Florida Bay on October 29th as a minimal tropical storm with a lowest central pressure of 1000 mb. The central pressure of Philippe later deepened to 997 mb east of Florida on October 29th.||The storm brought widespread rainfall across all of South Florida, with average amounts of 2 to 4 inches across the region. A higher swath of 4 to 8 inches with isolated 10 to 11 inches was recorded across northern Broward and southern Palm Beach counties, mainly along the coast from Fort Lauderdale northward. Localized roadway flooding was reported with this activity. ||The wind impacts of Philippe were limited to the east coast of South Florida. While no locations on land experienced sustained tropical storm force winds, a few locations across Miami-Dade and Broward counties did see gusts to tropical storm force during the overnight hours of October 28th into October 29th. These gusts led to reports of minor tree damage, mainly in Miami-Dade County. ||Three tornadoes also occurred with the passage of Philippe.",105
724212,PALM BEACH CO.,OCEAN RIDGE,10/28/2017,1642,Tornado, ,EF0,0,0,0,0,FL,EST-5, ,120990,C,99,MFL,0,0,NWS Storm Survey, ,0.25,75,4,WNW,4,WSW,HYPOLUXO,10/28/2017,1645,26.5436,-80.1096,26.5472,-80.1095,"Tornado initially touched down started in the community in Boynton Beach at the intersection of Oak Street and Shady Lane where minor roof damage occurred. The tornado then continued north toward the Place where part of a roof lifted off a vacant mobile home and was carried several hundred yards away. The tornado continued north to Royal Manor Boulevard where a light pole was broken and more minor roof damage reported in the community. The tornado crossed NW 22nd Avenue before lifting near Sausalito Circle where some minor roof damage was found.","Tropical Storm Philippe was a very disorganized storm as it moved across the Florida Straits on October 28th, making landfall in extreme South Florida along the Florida Bay on October 29th as a minimal tropical storm with a lowest central pressure of 1000 mb. The central pressure of Philippe later deepened to 997 mb east of Florida on October 29th.||The storm brought widespread rainfall across all of South Florida, with average amounts of 2 to 4 inches across the region. A higher swath of 4 to 8 inches with isolated 10 to 11 inches was recorded across northern Broward and southern Palm Beach counties, mainly along the coast from Fort Lauderdale northward. Localized roadway flooding was reported with this activity. ||The wind impacts of Philippe were limited to the east coast of South Florida. While no locations on land experienced sustained tropical storm force winds, a few locations across Miami-Dade and Broward counties did see gusts to tropical storm force during the overnight hours of October 28th into October 29th. These gusts led to reports of minor tree damage, mainly in Miami-Dade County. ||Three tornadoes also occurred with the passage of Philippe.",106
724214,PALM BEACH CO.,PALM SPGS,10/28/2017,1708,Tornado, ,EF0,0,0,0,0,FL,EST-5, ,120990,C,99,MFL,0,0,NWS Storm Survey, ,2.08,125,2,SW,1,WNW,PALM SPGS,10/28/2017,1716,26.6451,-80.0716,26.6724,-80.0627,"Tornado started in the community in Lake Clarke Shores. Power lines, cable lines, and minor fence damage occurred at the intersection of Alpha Court and Pine Tree Lane. The tornado then moved north-northeast where more power lines were downed. A few trees were knocked down at the tornado moved over the back fields at Forest Hill High School where a wind gust of 75 mph was measured by a South Florida Water Management District gauge at 609 PM EDT, before continuing north-northeast towards Colonial Road and Parker Avenue where more threes were blown down along with a street sign. Continuing on its path towards Lake Avenue some tree limbs were snapped and a fence was blown down. A few more tree limbs were downed near Lake Avenue and Briggs Street before the tornado lifted. Maximum wind speed based at least partially on the wind gust of 75 mph measured at the South Florida Water Management District mesonet site FHCHSX at Forest Hill High School.","Tropical Storm Philippe was a very disorganized storm as it moved across the Florida Straits on October 28th, making landfall in extreme South Florida along the Florida Bay on October 29th as a minimal tropical storm with a lowest central pressure of 1000 mb. The central pressure of Philippe later deepened to 997 mb east of Florida on October 29th.||The storm brought widespread rainfall across all of South Florida, with average amounts of 2 to 4 inches across the region. A higher swath of 4 to 8 inches with isolated 10 to 11 inches was recorded across northern Broward and southern Palm Beach counties, mainly along the coast from Fort Lauderdale northward. Localized roadway flooding was reported with this activity. ||The wind impacts of Philippe were limited to the east coast of South Florida. While no locations on land experienced sustained tropical storm force winds, a few locations across Miami-Dade and Broward counties did see gusts to tropical storm force during the overnight hours of October 28th into October 29th. These gusts led to reports of minor tree damage, mainly in Miami-Dade County. ||Three tornadoes also occurred with the passage of Philippe.",107
723912,COLLIER CO.,CORKSCREW,11/22/2017,1640,Tornado, ,EF0,0,0,0,0,FL,EST-5, ,120934,C,21,MFL,0,0,Law Enforcement, ,0.25,25,4,SSE,4,SSE,CORKSCREW,11/22/2017,1640,26.42,-81.53,26.42,-81.53,"Collier County Sheriff  Office reported via a police helicopter a tornado in the Corkscrew area in Collier County. The tornado was brief and stayed in an open field with no damage reported.","A frontal boundary across the region and a few showers across South Florida. A brief tornado/ land spout occurred in rural portions of Collier County.",108
736397,HOLMES CO.,GRITNEY,02/11/2018,253,Tornado, ,EF1,0,1,250000,0,FL,CST-6, ,122498,C,59,TAE,0,0,NWS Storm Survey, ,4.78,100,3,SSE,5,E,GRITNEY,02/11/2018,302,30.7941,-85.8089,30.8339,-85.743,"A tornado touched down in Holmes county and tracked through the south central part of the county north of Caryville and northwest of Bonifay.  Two barns were destroyed and one brick carport that was attached to a house was destroyed.  The roof of this house was mostly gone. There was one minor injury.  The tornado was rated EF1 with peak winds estimated at 110 mph.  Damage cost was estimated.","For the first time since January 2017, an event including both flooding and tornadoes impacted our area starting on February 11, 2018. Two tornadoes touched down across inland portions of the Florida Panhandle before sunrise, followed by persistent heavy rainfall that resulted in flooding at several river sites.  As an upper level trough dug southward across the western and central U.S., southerly flow drew moisture from the Gulf of Mexico northward into the tri-state area over the weekend. Upper air soundings measured this increased moisture with precipitable water values around 1.5 inches on Sunday, well above the 90th percentile and a record for the 12z February 11 sounding, although the record for that date and time are below the average max for this time of year. With a cold front and upper level trough west of the area, the persistent deep layer moisture helped to create a favorable set-up for high rainfall amounts.  This wet pattern resulted in copious amounts of rainfall across the tri-state region. The highest rainfall amounts were across the Florida Panhandle where 8 to 10 inches fell with localized areas receiving more than 10 inches across coastal Walton and Bay counties. The highest observed rainfall total was in Walton County, where a 48-hour rainfall total of 11.45 inches was recorded. Across southeast Alabama and portions of southwest Georgia, widespread 6 to 8 inches of rain fell. While one Flash Flood Warning was issued, the majority of the impacts from this event were from moderate rainfall rates over a prolonged period of time as convection trained across the tri-state area. These high rainfall totals resulted in numerous road closures across the Florida Panhandle from water covered roads and washed out roadways. In addition, a few roads were closed across southeast Alabama.",109
736404,JACKSON CO.,GRACEVILLE,02/11/2018,328,Tornado, ,EF0,0,0,25000,0,FL,CST-6, ,122498,C,63,TAE,0,0,NWS Storm Survey, ,8.4,25,0,W,2,NNW,ELLAVILLE,02/11/2018,342,30.9507,-85.5161,30.9987,-85.3859,"A tornado touched down in northwest Jackson county and briefly moved into far southern Houston county.  Structural damage was minimal with minor roof damage in Graceville.  Trees were also blown down along the track with a dual-pol tornadic debris signature observed on radar in far southern Houston county.  This tornado was rated EF0 with max winds estimated at 65 mph based on the observed damage.  Damage cost was estimated.","For the first time since January 2017, an event including both flooding and tornadoes impacted our area starting on February 11, 2018. Two tornadoes touched down across inland portions of the Florida Panhandle before sunrise, followed by persistent heavy rainfall that resulted in flooding at several river sites.  As an upper level trough dug southward across the western and central U.S., southerly flow drew moisture from the Gulf of Mexico northward into the tri-state area over the weekend. Upper air soundings measured this increased moisture with precipitable water values around 1.5 inches on Sunday, well above the 90th percentile and a record for the 12z February 11 sounding, although the record for that date and time are below the average max for this time of year. With a cold front and upper level trough west of the area, the persistent deep layer moisture helped to create a favorable set-up for high rainfall amounts.  This wet pattern resulted in copious amounts of rainfall across the tri-state region. The highest rainfall amounts were across the Florida Panhandle where 8 to 10 inches fell with localized areas receiving more than 10 inches across coastal Walton and Bay counties. The highest observed rainfall total was in Walton County, where a 48-hour rainfall total of 11.45 inches was recorded. Across southeast Alabama and portions of southwest Georgia, widespread 6 to 8 inches of rain fell. While one Flash Flood Warning was issued, the majority of the impacts from this event were from moderate rainfall rates over a prolonged period of time as convection trained across the tri-state area. These high rainfall totals resulted in numerous road closures across the Florida Panhandle from water covered roads and washed out roadways. In addition, a few roads were closed across southeast Alabama.",110
743764,PALM BEACH CO.,PAHOKEE,03/31/2018,1400,Tornado, ,EF0,0,0,0,0,FL,EST-5, ,123927,C,99,MFL,0,0,Trained Spotter, ,0.5,25,3,SE,4,SE,PAHOKEE,03/31/2018,1403,26.7893,-80.6356,26.7842,-80.6299,"A trained spotter reported a tornado approximately 3 miles southeast of Pahokee. The tornado was rain-wrapped and nearly stationary. The tornado remained over an open field with no damage reported.","A frontal boundary moved into the region which allowed scattered showers and isolated thunderstorms to develop. In the moist and unstable air mass a thunderstorm developed and produced a tornado along outflow and boundary interactions.",111
750530,BROWARD CO.,FT LAUDERDALE,04/10/2018,1434,Tornado, ,EF0,0,0,0,0,FL,EST-5, ,125147,C,11,MFL,0,0,NWS Storm Survey, ,3.47,60,0,WSW,1,ESE,PORT EVERGLADES,04/10/2018,1458,26.1284,-80.1344,26.0925,-80.1079,"NWS survey, in addition to videos received via social media, indicate that a weak tornado touched down in Downtown Fort Lauderdale near Andrews Avenue and NE 5th Street, knocking over construction fencing and barriers. The tornado then moved |southeast across Flagler Village, leading to minor tree damage in |the vicinity of NE 1st Avenue and NE 4th Street. The tornado |continued to move southeast, where video received via social media|shows the circulation crossing US 1 approximately near NE 1st |Street. ||The circulation then appears to have lifted, before touching down|south of the Tarpon River in the Rio Vista neighborhood. Several |streets with tree damage and minor debris, including trash cans, |were observed near SE 11th Avenue and SE 7th Street and Rio Vista |Boulevard and SE 10th Street. The tornado then likely crossed the |south fork of the Tarpon River, where the damage path becomes |diffuse as it moved across the SE 17th Street Causeway area and |into the north end of Port Everglades, possibly briefly as a |waterspout. Additional videos received via social media show that |the circulation then likely moved back onshore on the extreme |north end of the barrier island near Nova Southeastern University |Halmos College of Natural Sciences and Oceanography and then |quickly out into the Atlantic Ocean near the entrance to Port |Everglades.","Increasing moist south-southwesterly flow ahead of an approaching cold front lead to scattered shower and storm development along the east coast of South Florida during the afternoon hours. Interaction with the east coast seabreeze brought several strong to severe storms across Palm Beach and Broward Counties during the early to mid afternoon hours. Strong winds, two brief tornadoes, and small hail were reported with this activity.",112
750534,BROWARD CO.,(FLL)FT LAUDRDL INTL,04/10/2018,1525,Tornado, ,EF0,0,0,0,0,FL,EST-5, ,125147,C,11,MFL,0,0,NWS Storm Survey, ,3.21,40,1,NW,2,E,(FLL)FT LAUDRDL INTL,04/10/2018,1536,26.08,-80.16,26.065,-80.111,"Survey summary: Multiple eyewitness videos show a tornado touched down along the northwestern side of Fort Lauderdale-Hollywood International Airport near I-595, leading to damage to cargo and storage containers in the FedEx facility on the north side of the  airfield. The tornado then moved east-southeast along the airport's northern taxiway, causing damage to a jet bridge on the north side of the terminal. The damage path becomes diffuse as it likely crossed Perimeter Road and US 1 along the immediate east side of the airport. The tornado then moved into the extreme |southern end of Port Everglades, where multiple cargo containers were flipped and damaged, along with eyewitness reports of port-a-johns being tossed about. The tornado then likely crossed the intracoastal waterway, and moved across the barrier island within Dr. Von D. Mizell-Eula Johnson State Port before moving offshore into the Atlantic Ocean.","Increasing moist south-southwesterly flow ahead of an approaching cold front lead to scattered shower and storm development along the east coast of South Florida during the afternoon hours. Interaction with the east coast seabreeze brought several strong to severe storms across Palm Beach and Broward Counties during the early to mid afternoon hours. Strong winds, two brief tornadoes, and small hail were reported with this activity.",113
743661,BAY CO.,ALLANTON,04/15/2018,509,Tornado, ,EF0,0,0,1000,0,FL,CST-6, ,123407,C,5,TAE,0,0,Emergency Manager, ,1.13,60,4,WSW,4,W,ALLANTON,04/15/2018,513,30.0087,-85.5206,30.0214,-85.5088,"Damage photos from Bay County Emergency Management indicate that a brief tornado touched won on the eastern portions of Tyndall Air Force Base.  The tornado crossed Highway 98 causing damage to pine trees and utility lines.  The full length of the path is uncertain given the limited access to the area.  The tornado was rated EF0 with max winds near 80 mph and a width of 60 yards.","A line of strong to severe thunderstorms associated with a cold front moved across the area during the morning hours of April 15th.  A strong low level jet enhanced low level shear across the area, and a brief tornado occurred near Tyndall AFB in addition to numerous reports of trees down across northwest Florida.",114
743340,PINELLAS CO.,GULFPORT,04/15/2018,1412,Tornado, ,EF0,0,0,20000,0,FL,EST-5, ,123764,C,103,TBW,0,0,Amateur Radio, ,0.2,20,1,ENE,1,ENE,GULFPORT,04/15/2018,1413,27.7567,-82.6931,27.7593,-82.6916,"A narrow track of damage was found along the path of a radar indicated tornado signature, indicating a brief touch down. The storm had previously produced a waterspout that was witnessed near the Sunshine Skyway Bridge. A large oak tree was knocked down on a house near the intersection of 14th Avenue South and 44th Street South. Another Large tree was slit, falling on a house near 11th Avenue South and 43rd Street south.","A strong squall line moved into the west coast of Florida ahead of a fast moving cold front. Some of the stronger storms produced severe wind gusts, and one waterspout came onshore as a brief lived tornado.",115
754398,MONROE CO.,TAVERNIER,04/15/2018,1912,Tornado, ,EF1,0,0,4000,0,FL,EST-5, ,125794,C,87,KEY,0,0,NWS Storm Survey, ,0.88,60,3,SW,2,SSW,TAVERNIER,04/15/2018,1920,24.9879,-80.5511,24.9907,-80.5374,"Summary:  A waterspout or funnel cloud was observed backlit by |lightning over Florida Bay shortly before making landfall as a |tornado at Indian Mound Trail of the Indian Waterways subdivision of |Plantation Key, Islamorada. Large gumbo limbo tree limbs were downed |as well as the top of a palm tree, landing 20 yards from streetside |the front steps of a residence. And adjacent residence had a rolling |driveway gate completely dislodged from its mounts, pushed into a |trailered boat and car. The tornado continue to produce mostly |damage to large limbs of hardwood trees, including gumbo limbo and |mahogany, in a path rarely exceeded two residential properties in |width toward the east-northeast. An entire gutter and downspout |system was removed from a residence. Numerous loose items, including |filled trash cans and lawn/patio furniture was moved from the |backyards and understory of homes onto front lawns and streets. Most |of the observed damage in the Indian Waterways community were |consistent with 60 to 70 mph, with possible spot values near 75 mph.||The tornado crossed a patch of mangroves and undeveloped forest, and |reached greatest intensity at San Pedro Catholic Church. There, a |large tree split at the trunk, and an old-growth mahogany was |uprooted, falling toward the east onto a portion of the structure |connecting the rectory with the main church. Fortunately, the upper |portion of the tree did not substantially damage the roof, with no |leaks observed in the downpour that followed. However, several |barrel tiles were removed from the peak ridges forming the hip roof |pattern over the rectory, as well as from the southeast edge of the |church, onto the top of the church's main entrance. Numerous large |limbs were downed toward the east, with lightweight free-standing |signs deposited northward cross the tornado path from right to left.|Estimated wind speeds were maximized in the range of 90 to 100 mph |with maximum width near 60 yards. Good impact reference made to the |observed wind impacts at this location from recent Hurricane Irma, |all having previously been removed or repaired.  ||The tornado continued toward the east-northeast, crossing U.S. |Highway 1 and the Old Highway, but weakened such that only large |tree limbs were downed. From this point, the tornado likely moved |out over the oceanside as a waterspout into Hawk Channel, southwest |of the oceanside entrance to Tavernier Creek.","A fast-moving pre-frontal squall line passing through the upper Florida Keys developed an embedded supercell thunderstorm with attendant mesocyclone along the Florida Bay side of Upper Matecumbe Key.  The supercell thunderstorm moved east-northeast, producing a waterspout which made landfall on the bayside of Plantation Key, Islamorada.  The tornado crossed the Overseas Highway, exiting oceanside just southwest of Tavernier Creek.  The waterspout then made a second landfall oceanside in Tavernier southeast of Tavernier Creek before dissipating.",116
754402,MONROE CO.,TAVERNIER,04/15/2018,1912,Tornado, ,EF0,0,0,200,0,FL,EST-5, ,125794,C,87,KEY,0,0,NWS Storm Survey, ,0.23,20,1,S,1,S,TAVERNIER,04/15/2018,1920,25.0021,-80.5197,25.0053,-80.5194,"A second path, likely a continuation as the waterspout made landfall |near Lincoln Avenue on the far southwest portion of Tavernier's |oceanside. Progressive narrowing of the damage path down to nearly |30 yards as well as a turn toward the northwest or north-northwest |was observed.  Impacts lessened from near the waterfront, including |damaged fences and large limbs,gradually down to smaller limbs and |twigs was noted. No further impacts were observed northeast of Lowe |Street.  It is likely the wind speeds 55 to 65 mph were observed, |weakening to below 50 mph roughly 3 blocks from the waterfront.","A fast-moving pre-frontal squall line passing through the upper Florida Keys developed an embedded supercell thunderstorm with attendant mesocyclone along the Florida Bay side of Upper Matecumbe Key.  The supercell thunderstorm moved east-northeast, producing a waterspout which made landfall on the bayside of Plantation Key, Islamorada.  The tornado crossed the Overseas Highway, exiting oceanside just southwest of Tavernier Creek.  The waterspout then made a second landfall oceanside in Tavernier southeast of Tavernier Creek before dissipating.",117
750933,ESCAMBIA CO.,BARRINEAU PARK,04/22/2018,1202,Tornado, ,EF0,0,0,50000,0,FL,CST-6, ,125117,C,33,MOB,0,0,NWS Storm Survey, ,0.13,25,3,NE,3,NE,BARRINEAU PARK,04/22/2018,1203,30.7319,-87.3892,30.7338,-87.3889,"There was a brief EF-0 track on Crabtree Church Road. One home suffered single damage and a broken window and a mobile home was shifted on its foundation. There were also several uprooted small trees and numerous large branches broken.","A strong upper level system combined with a moist and unstable air mass to generate strong and severe thunderstorms across the area. The storms produced several weak tornadoes along with wind damage.",118
750441,OKALOOSA CO.,OCEAN CITY,04/22/2018,1513,Tornado, ,EF1,0,2,500000,0,FL,CST-6, ,125117,C,91,MOB,0,0,NWS Storm Survey, ,1.24,50,2,S,1,S,OCEAN CITY,04/22/2018,1518,30.3963,-86.623,30.4136,-86.6174,"The tornado moved ashore on Okaloosa Island and produced signification damage to a home on Sailfish Dr. The tornado then moved across Santa Rosa sound and into Fort Walton Beach, producing tree damage and broken windows at St Mary Catholic Church and school. The tornado continued northeast across Robinwood Drive and damaged the roofs of several units in an apartment complex, before finally weakening and lifting just north of Jet Drive. Two minor injuries were reported.","A strong upper level system combined with a moist and unstable air mass to generate strong and severe thunderstorms across the area. The storms produced several weak tornadoes along with wind damage.",119
743345,HILLSBOROUGH CO.,GULF CITY,04/23/2018,2103,Tornado, ,EF0,0,0,50000,0,FL,EST-5, ,123876,C,57,TBW,0,0,NWS Storm Survey, ,0.96,40,2,W,1,WSW,RUSKIN,04/23/2018,2107,27.7005,-82.459,27.7052,-82.4442,"A brief and narrow damage track was found by an NWS storm survey crew, with scattered debris indicating an EF-0 tornado with a peak wind speed of 70 MPH.  The tornado formed west-southwest of the US Highway 41 bridge that crosses the Little Manatee River in Ruskin, FL. The tornado traveled east northeast and caused EF-0 damage to the Paradise Mobile Home Park. Wind speeds were based on mobile home and tree damage. Damage consisted of mobile home roof damage (including a collapsed car port) along with 4-5 inch snapped oak limb and fence damage. Light weight debris was thrown several hundred feet. Additionally, a shed and large construction dumpster were also moved several feet in a different direction to debris.","A small shower moved onshore during the evening hours, producing a brief tornado over Ruskin.",120
750574,BROWARD CO.,CORAL SPGS,04/27/2018,1337,Tornado, ,EF0,0,0,0,0,FL,EST-5, ,125155,C,11,MFL,0,0,NWS Storm Survey, ,1.98,40,4,WNW,2,NW,CORAL SPGS,04/27/2018,1343,26.298,-80.267,26.286,-80.238,"The tornado touched down south of the Sawgrass Expressway near Country Hills Elementary School just east of Coral Springs Drive. The tornado then continued east-southeast along a discontinuous path, damaging the tops of trees and snapping and breaking off branches and other vegetation, as well as toppling power lines. The tornado damaged a street sign near the intersection of University Drive and Wiles Road, before lifting just south of Wiles Road near NW 85th Avenue.","A weak boundary lifting northward across the state and a cold front moving south down the peninsula brought numerous showers and thunderstorms across the region during the afternoon hours. As this activity interacted with the east coast seabreeze, several storms became severe, leading to a brief tornado and small hail in Broward County.",121
753688,PALM BEACH CO.,LOXAHATCHEE,05/14/2018,434,Tornado, ,EF0,0,0,0,0,FL,EST-5, ,125671,C,99,MFL,0,0,NWS Storm Survey, ,1.52,50,8,NNE,9,NNE,LOXAHATCHEE,05/14/2018,438,26.7823,-80.2867,26.801,-80.2997,"A EF-0 tornado affected the community of The Acreage during the pre-dawn hours on May 14th. Damage consisted primary of snapped tree branches, uprooted trees and downed fences and power lines along the tornado's path. Several homes suffered minor roof damage in the form of shingles being blown off. Two homes sustained damage to side doors, and one home had a set of window panes blown out. Several sheds were damaged, a few horse stables lost their covering, and a chicken coop was destroyed. Estimated peak wind was in the 75-80 mph range.","An upper level low over the eastern Gulf of Mexico allowed brought abundant tropical moisture to the region. With all of this moisture scattered showers and thunderstorms developed along sea breeze and outflow boundaries. A few of these storms became severe producing  hail and a tornado.",122
745882,BREVARD CO.,MERRITT IS,05/14/2018,935,Tornado, ,EF0,0,0,500,0,FL,EST-5, ,124326,C,9,MLB,0,0,Broadcast Media, ,0.12,50,4,E,3,E,MERRITT IS,05/14/2018,936,28.3519,-80.6613,28.3531,-80.6628,"Following examination of photos and video received from local broadcast media, NWS Melbourne confirmed an EF-0 tornado affected the River Palms Mobile Home Park on Merritt Island as a waterspout moved onshore from the Banana River. The tornado produced minor damage to a few mobile homes, mainly detaching awnings from trailers. Winds were estimated between 60 and 70 mph. No injuries or fatalities occurred as a result of this tornado.","The interaction between a strengthening low pressure system in the eastern Gulf of Mexico and the Atlantic Bermuda High caused south winds to develop across the Florida peninsula. These winds brought a surge of moisture from the Caribbean across the state of Florida. A weak inverted trough/low pressure system developed in the eastern Gulf of Mexico, this in turn increased the low-level shear across much of east central Florida. Widespread showers and thunderstorms were ongoing throughout the day. One thunderstorm just offshore the Brevard County Coast became strong and developed a mesocyclone. This storm produced a waterspout that moved onshore and produced minor damage on Merritt Island. A second storm over inland Martin County developed a mesocyclone and produced a weak tornado, resulting in minor damage near Indiantown.",123
745883,MARTIN CO.,MARCY,05/14/2018,1125,Tornado, ,EF0,0,0,7500,0,FL,EST-5, ,124326,C,85,MLB,0,0,NWS Storm Survey, ,0.13,50,4,NE,4,NE,MARCY,05/14/2018,1126,27.1675,-80.5853,27.1694,-80.585,"A NWS Storm Survey determined that a severe thunderstorm along a band of convection spawned a brief tornado over rural northwest Martin County. The EF-0 tornado, with estimated winds of 70-80 mph, caused minor damage to a screen porch and damaged roof shingles on a two-story home. The tornado also ripped a portions of a roof and south-facing wall from an adjacent barn and uprooted a large tree. Debris was carried northward from the impact area.","The interaction between a strengthening low pressure system in the eastern Gulf of Mexico and the Atlantic Bermuda High caused south winds to develop across the Florida peninsula. These winds brought a surge of moisture from the Caribbean across the state of Florida. A weak inverted trough/low pressure system developed in the eastern Gulf of Mexico, this in turn increased the low-level shear across much of east central Florida. Widespread showers and thunderstorms were ongoing throughout the day. One thunderstorm just offshore the Brevard County Coast became strong and developed a mesocyclone. This storm produced a waterspout that moved onshore and produced minor damage on Merritt Island. A second storm over inland Martin County developed a mesocyclone and produced a weak tornado, resulting in minor damage near Indiantown.",124
747693,MARTIN CO.,SALERNO,05/27/2018,1504,Tornado, ,EF0,0,0,200,0,FL,EST-5, ,124615,C,85,MLB,0,0,Fire Department/Rescue, ,0.05,10,1,SE,1,SE,SALERNO,05/27/2018,1505,27.1393,-80.1901,27.1397,-80.1894,"Per reports, photos and video received from Martin County Fire Rescue, various broadcast media, and social media posts, NWS Melbourne confirmed that a very weak, short-lived tornado (landspout) occurred near the intersection of SE Geraldine Street and SE Railway Avenue in Port Salerno. The tornado, which lasted only a few seconds, was rated as EF-0 (winds near 60 mph). The landspout caused a trampoline to become airborne, where it got stuck in power lines atop a power pole.","The Florida peninsula experienced strong south to southeast flow with Subtropical Storm Alberto far to the west and a strong high pressure over the western Atlantic. These south winds allowed deep tropical moisture from the Caribbean to move across the Florida peninsula. Some mid-level dry air wrapped itself around the eastern side of Alberto's circulation, which decreased cloud cover across parts of central Florida allowing for daytime heating and instability to increase. Scattered showers and thunderstorms developed during the afternoon and moved towards the coast. One storm became severe in Martin County where it produced a short-lived, weak tornado (landspout).",125
757095,MIAMI-DADE CO.,LEISURE CITY,05/29/2018,1900,Tornado, ,EF0,0,0,0,0,FL,EST-5, ,126304,C,86,MFL,0,0,NWS Storm Survey, ,0.33,25,1,WNW,2,NW,LEISURE CITY,05/29/2018,1903,25.4915,-80.4501,25.4963,-80.4501,"A brief tornado touched down in the Homestead area. Minor tree and property damage occurred during a path from the 15900 block of SW 296th street north to US-1 near SW 290th Street. Minor property and tree damage occurred around 8 PM EDT at a residence on SW 296th Street. Tree damage continued in the Redland Migrant Center. Finally, behind a car rental facility on US-1 there was minor aluminum damage to a carport.","A trough over the Gulf of Mexico and high pressure over the Atlantic pumped plenty of moisture in South Florida. This allowed showers and thunderstorms to develop across the region. Some low-level convergence with modest helicity levels were enough to spin up a tornado and produce a funnel cloud over the east coast metro regions of South Florida.",126
749421,DE SOTO CO.,JOSHUA,05/30/2018,801,Tornado, ,EF0,0,0,10000,0,FL,EST-5, ,124947,C,27,TBW,0,0,Emergency Manager, ,0.78,50,3,SW,2,SW,JOSHUA,05/30/2018,803,27.1902,-81.7471,27.2011,-81.7501,"DeSoto County emergency management reported a barn was destroyed by a brief tornado touchdown east of Arcadia. There were 5 antique cars in the barn at the time that were not damaged.","Scattered showers and thunderstorms moved north through west central Florida on the morning of the 30th. One of the storms produced a brief tornado touchdown east of Arcadia, destroying a barn.",127
753560,VOLUSIA CO.,ARIEL,06/09/2018,1520,Tornado, ,EF0,0,0,10000,0,FL,EST-5, ,125652,C,127,MLB,0,0,Public, ,0.49,150,1,W,0,WNW,ARIEL,06/09/2018,1521,28.8989,-80.861,28.9018,-80.8536,"NWS Melbourne confirms a very weak, short-lived tornado (landspout) occurred in Oak Hill. Reports of minor roof damage was received from local broadcast media, and a first-hand account from a member of the public who witnessed the tornado. Several reports were received of minor damage to a few homes, and there was a carport damaged on Gary Avenue.","Afternoon showers and thunderstorms developed in southern Volusia County and northern Brevard County along the collision of the east coast sea breeze with an outflow boundary put out by an earlier group of thunderstorms over Orlando. After the storms developed, they pushed east towards the southeastern Volusia County coastline. One storm managed to produce a very weak, short-lived tornado (landspout) in Oak Hill.",128
771186,PALM BEACH CO.,CANAL PT,06/13/2018,1310,Tornado, ,EF0,0,0,0,0,FL,EST-5, ,128501,C,99,MFL,0,0,Trained Spotter, ,0.01,5,1,W,1,W,CANAL PT,06/13/2018,1310,26.8496,-80.6396,26.8496,-80.6396,"Multiple reports and photos received, including from trained spotters, of landspout tornado in an open field about 5 miles northeast of Pahokee Airport, or near Canal Point. No damage observed.","Deep tropical moisture lead to the development of showers and storms across South Florida during the afternoon hours. A boundary collision near Lake Okeechobee lead to the development of a brief landspout in an open field.",129
753988,HILLSBOROUGH CO.,HARNEY,06/29/2018,1014,Tornado, ,EF0,0,0,100000,0,FL,EST-5, ,125728,C,57,TBW,0,0,Broadcast Media, ,0.22,25,1,WSW,1,WSW,HARNEY,06/29/2018,1015,28.0124,-82.3923,28.01,-82.39,"Broadcast media reported on moderate roof damage to a 2 story apartment building, where a portion of a roof was removed. Little, if any, surrounding damage was observed. A weak radar rotation was observed in the vicinity at the same time, indicating that the damage was likely caused by a tornado.","Scattered thunderstorms moved east through the Tampa Bay area throughout the late morning and early afternoon hours. One storm developed a brief tornado as it interacted with an outflow boundary, damaging the roof of an apartment in Tampa.",130
757822,LAKE CO.,TAVARES,07/04/2018,1330,Tornado, ,EF0,0,0,0,0,FL,EST-5, ,126395,C,69,MLB,0,0,Broadcast Media, ,0.99,75,1,N,1,NW,TAVARES,07/04/2018,1335,28.8173,-81.7224,28.8104,-81.7368,"Based on photographs and videos received from the public, local media, and emergency management, the NWS Melbourne determined a high-end EF-0 tornado, with winds of 80-85 mph,  occurred in Tavares. The damage showed a discontinuous tornado track moving to the southwest along a nearly one mile path near U.S. Highway 441. The tornado lasted approximately 5 minutes. The most significant damage occurred to a warehouse/mobile unit located behind a Winn Dixie near the 450th block of East Burleigh Boulevard in Tavares. This structure was destroyed, and a piece of sheet metal was lofted onto a nearby power pole. Also, the Fish Camp Lake Restaurant located at the intersection of U.S. Highway 441 and North Lakeshore Boulevard sustained moderate roof damage. The exterior kitchen exhaust fan was ripped off the roof and thrown onto a nearby street. Adjacent to the restaurant at the Lake Tire & Auto Store, several wood fences were knocked over and a small tree was uprooted, falling onto a trailer. Additional reports of very minor damage occurred along US Highway 441, such as small tree limbs and branches knocked off trees, and small fences knocked over. A member of the public relayed a video from a boat on Lake Eustis showing the tornado as it was impacting the area near the Fish Camp Lake Restaurant. DI8, DOD2, EXP-LB; DI3, DOD4, EXP-LB.","A well-defined mid and upper level low pressure system was located just east of Florida. As these systems moved west over the state, they created enhanced lift and increased instability as cooler mid-level temperatures overspread the area. This provided a favorable environment for strong thunderstorms. Afternoon showers and thunderstorms developed along the sea breeze and collision of outflow boundaries from early morning showers. One storm became strong over Tavares, where it produced a weak tornado.",131
766286,PALM BEACH CO.,JUNO BEACH,07/05/2018,959,Tornado, ,EF0,0,0,0,0,FL,EST-5, ,127797,C,99,MFL,0,0,Social Media, ,0.02,15,2,NNW,2,NNW,JUNO BEACH,07/05/2018,1000,26.8911,-80.0563,26.8911,-80.0567,"Multiple sources including spotter call and video on social media showed a waterspout that made landfall a few dozen yards south of Juno Beach Pier at 1100AM EDT. The tornado lifted shortly after making landfall.","An upper level disturbance with colder air aloft allowed for strong scattered showers and thunderstorms across the region. With weak low-level wind flow this allowed for storms over the Atlantic to produce a waterspout. One of these waterspouts moved ashore becoming a tornado near Juno Beach.",132
774397,BROWARD CO.,MIRAMAR,07/10/2018,1647,Tornado, ,EF0,0,0,0,0,FL,EST-5, ,129231,C,11,MFL,0,0,Broadcast Media, ,4.66,25,9,W,4,W,MIRAMAR,07/10/2018,1701,25.99,-80.54,25.9948,-80.4652,"Multiple photos shared from broadcast media showed a tornado in western Broward County. The tornado occurred west of Griffin Road over the Everglades lasting a few minutes. There was no damage reported as it stayed over the open Everglades.","Abundant moisture and instability across South Florida allowed thunderstorms to develop along the east coast sea breeze in the afternoon. Sea breeze and outflow boundaries continued to allow storms to develop over the same region causing flooding in Miami-Dade County and a Tornado in Broward. These storms also produced frequent to excessive lightning causing fatalities and damage across the east coast.",133
775346,MIAMI-DADE CO.,SWEET WATER,07/20/2018,1522,Tornado, ,EF0,0,0,5000,0,FL,EST-5, ,129408,C,86,MFL,0,0,NWS Storm Survey, ,0.19,20,1,SE,1,SE,SWEET WATER,07/20/2018,1524,25.7608,-80.3623,25.7601,-80.3572,"NWS survey, along with eyewitness reports, indicated that a tornado briefly touched down in Miami near the intersection of Southwest 8th Street and Southwest 103rd Avenue. Minor damage to trees, mailboxes, street signs, canopies, and basketball hoops occurred as the tornado moved east-southeast along 900 block of Southwest 101st Avenue and Southwest 100th Court, before the tornado became a waterspout over northwest corner of a large retention pond and lifted.","An abundance of tropical moisture and steep lapse rates with ample instability across the region. Thunderstorms developed along the sea breeze and convection impacted much of the east coast of South Florida. One of theses storms produced a brief weak tornado that caused some damage in the city of Sweetwater in Miami Dade County.",134
780367,ST. JOHNS CO.,SOUTH DURBIN,07/23/2018,1340,Tornado, ,EF0,0,0,0,0,FL,EST-5, ,130349,C,109,JAX,0,0,NWS Storm Survey, ,0.01,25,2,NNE,2,NNE,SOUTH DURBIN,07/23/2018,1340,30.05,-81.37,30.05,-81.37,"A brief EF0 tornado touched down along Rio del Norte along the Intracoastal Waterway in the Palencia area. Minor damage occurred to tow newly constructed roofs and a fence was partially blown down. Several trees were blown down and uprooted in the area.","Weak low pressure over GA combined with a low level trough in addition to sea breeze forcing triggered showers and isolated thunderstorms. Shear was about 15-25 kts, less than previous days, supported only isolated strong to pulse severe storm development.",135
780583,FLAGLER CO.,BEVERLY BEACH,07/25/2018,1344,Tornado, ,EF0,0,0,0,0,FL,EST-5, ,130398,C,35,JAX,0,0,Trained Spotter, ,0.01,25,1,E,1,E,BEVERLY BEACH,07/25/2018,1344,29.5,-81.14,29.5,-81.14,"A brief tornado touchdown was reported near A1A and North 19th Street.  The tornado moved quickly over water where it became a brief waterspout before dissipating. Damage was not reported.","A brief tornado touchdown occurred near Flagler Beach, before it moved offshore as a waterspout and dissipated. The airmass was moist, moderately unstable with lingering outflow boundaries and sea breezes in place to support convective growth and low level spin.",136
783901,BRADFORD CO.,THERESSA,10/10/2018,1340,Tornado, ,EF0,0,0,0,0,FL,EST-5, ,130875,C,7,JAX,0,0,Emergency Manager, ,16.64,25,2,SW,2,ESE,LAWTEY,10/10/2018,1408,29.8036,-82.0906,30.0416,-82.0492,"A tornado was reported on the ground by Clay County Emergency Management at 305 pm EDT. At 320 pm EDT, law enforcement reported the tornado touched down near Camp Blanding and moved northward toward Starke. An NWS employee attempted a storm survey in the area but was unable to perform due to limited access.","Hurricane Michael tracked toward the FL Panhandle coast October 9th and made landfall near Mexico Beach as a very strong Cat. 4, perhaps Cat. 5 upon further research. The storm center tracked NNE across southern GA, and brought tropical storm conditions in waves of showers and thunderstorms to the area through the early morning hours of Oct. 10th. Local impacts were mainly wind damage to trees, power lines and a few structures.",137
782633,SARASOTA CO.,SIESTA KEY,10/10/2018,1724,Tornado, ,EF0,0,0,0,0,FL,EST-5, ,130734,C,115,TBW,0,0,Social Media, ,0.02,20,3,NW,3,NW,SIESTA KEY,10/10/2018,1725,27.31,-82.5767,27.31,-82.5765,"A social media video showed a waterspout briefly making landfall as a tornado near Lido Key.","Hurricane Michael developed as a tropical depression in the western Caribbean on October 7th and strengthened into a major hurricane as it moved north through the Gulf of Mexico before making landfall near Mexico Beach on October 10th. Across west central and southwest Florida, Hurricane Michael caused isolated spots of tropical storm force winds on the 9th and 10th, as well as some minor storm surge along the coast. The peak wind report in west central and southwest Florida was 46 knots at the NOS station in Cedar Key on the afternoon of the 10th. Storm total rainfall was less than 2 inches across the area. At least 4 waterspouts developed in the outer rain bands, one of which made landfall as a brief tornado in Sarasota County. The total damage cost across west central and southwest Florida was estimated to be around $100,000, mostly from storm surge. ||In Levy County, the maximum storm surge at Cedar Key was measured to be 4.52 feet MHHW at 10:36 am EDT on the 10th. This surge on top of the normal tide cycle resulted in a maximum water level of 4.09 feet MHHW at 3:54 pm EDT. The surge resulted in several road closures across the county. Water entered 2 homes and 2 businesses in Cedar Key, and 4 homes in Yankeetown, causing minimal damage to each. The damage amount was roughly estimated at $10,000 per structure impacted.||In Citrus County, the maximum storm surge was estimated to be around 4 feet MHHW during the afternoon of the 10th. This surge resulted in several road closures, and caused a car parked at a boat ramp for Fort Island Beach to be washed into the bay by the rising water.",138
785859,PINELLAS CO.,SEMINOLE,11/02/2018,1413,Tornado, ,EF1,0,1,300000,0,FL,EST-5, ,131346,C,103,TBW,0,0,NWS Storm Survey, ,1.7,75,1,WNW,1,NE,SEMINOLE,11/02/2018,1416,27.8327,-82.7898,27.8429,-82.7644,"Widespread damage was observed in two mobile home parks, and a condominium roof was torn off in addition to numerous downed trees and branches. One minor injury was reported in the area.","A strong cold front pushed through the Florida peninsula during the afternoon hours on the 2nd. A squall-line associated with the front produced widespread damaging wind gusts along with multiple tornadoes embedded within the fast-moving line.",139
785860,PASCO CO.,NEW PORT RW PASCO AR,11/02/2018,1417,Tornado, ,EF1,0,0,500000,0,FL,EST-5, ,131346,C,101,TBW,0,0,NWS Storm Survey, ,0.27,50,2,NW,2,NNW,NEW PORT RW PASCO AR,11/02/2018,1418,28.2065,-82.6534,28.2099,-82.6511,"Seven homes were damaged on Block Player Dr. in Port Richey. One sustained major damage with 4 others sustaining some structural damage. There were also numerous downed trees in the area.","A strong cold front pushed through the Florida peninsula during the afternoon hours on the 2nd. A squall-line associated with the front produced widespread damaging wind gusts along with multiple tornadoes embedded within the fast-moving line.",140
785861,HERNANDO CO.,WEEKI WACHEE ACRES,11/02/2018,1422,Tornado, ,EF1,0,0,500000,0,FL,EST-5, ,131346,C,53,TBW,0,0,NWS Storm Survey, ,0.71,100,2,ESE,2,SE,BERKELEY,11/02/2018,1424,28.4683,-82.566,28.4749,-82.557,"Local Emergency Management reported two roofs that sustained major damage from a tornado in Spring Hill with 15 additional homes having minor sustained minor damage.","A strong cold front pushed through the Florida peninsula during the afternoon hours on the 2nd. A squall-line associated with the front produced widespread damaging wind gusts along with multiple tornadoes embedded within the fast-moving line.",141
786343,PASCO CO.,GOWERS CORNER,11/02/2018,1424,Tornado, ,EF1,0,0,27000,0,FL,EST-5, ,131346,C,101,TBW,0,0,NWS Storm Survey, ,0.78,125,2,ENE,1,ESE,GREENFIELD,11/02/2018,1425,28.333,-82.47,28.341,-82.479,"A brief tornado occurred just north of State Road 52 in Pasco County. A barn sustained damage to the roof in which half of the roof was destroyed.","A strong cold front pushed through the Florida peninsula during the afternoon hours on the 2nd. A squall-line associated with the front produced widespread damaging wind gusts along with multiple tornadoes embedded within the fast-moving line.",142
786344,PASCO CO.,LAND O LAKES,11/02/2018,1522,Tornado, ,EF1,0,0,100000,0,FL,EST-5, ,131346,C,101,TBW,0,0,NWS Storm Survey, ,1.21,75,1,SSE,1,E,LAND O LAKES,11/02/2018,1524,28.2087,-82.4553,28.2173,-82.438,"A brief tornado occurred near Land O Lakes which condemned two homes due to significant roof damage. In addition, there were numerous downed trees in the vicinity.","A strong cold front pushed through the Florida peninsula during the afternoon hours on the 2nd. A squall-line associated with the front produced widespread damaging wind gusts along with multiple tornadoes embedded within the fast-moving line.",143
791906,OKALOOSA CO.,CRESTVIEW,11/05/2018,1815,Tornado, ,EF0,0,0,0,0,FL,CST-6, ,132350,C,91,MOB,0,0,Emergency Manager, ,0.01,10,5,SSE,5,SSE,CRESTVIEW,11/05/2018,1816,30.6831,-86.5678,30.6831,-86.5678,"A food services building and perimeter fence were damaged at the Okaloosa Correctional Facility. Based on an analysis of radar data and pictures from emergency management, the damage was the likely result of a very brief EF-0 touchdown.","Strong to severe thunderstorms developed ahead of a strong cold front. These thunderstorms produced high winds and an isolated tornado which caused damage.",144
792029,SANTA ROSA CO.,WOODLAWN BEACH,11/12/2018,1133,Tornado, ,EF0,0,0,20000,0,FL,CST-6, ,132377,C,113,MOB,0,0,NWS Storm Survey, ,0.3,80,1,N,2,N,WOODLAWN BEACH,11/12/2018,1134,30.3984,-86.9991,30.4017,-86.9959,"A short-lived EF-0 tornado touched down in wooded area southwest of the intersection of Gulf Breeze Parkway and Woodland Beach Road. This tornado then moved northeast at around 30 mph, and passed just west of the intersection before lifting north-northeast of the intersection. There was a small area of tree damage in the wooded area where several trees were leaning and a couple uprooted. Two vehicles near the intersection suffered damage with a window shattered in each vehicle from flying debris. Several signs near the intersection were bent or knocked to the ground. Some straight line wind damage also occurred in the area, most notable 1.3 miles east of the tornado track where playground equipment was thrown and destroyed by 70 mph winds.","An area of low pressure moving across the northern Gulf along with a northward moving warm front combined to generate thunderstorms across the area. A few of the storms become severe and produced wind damage along with a weak tornado.",145
788131,BAY CO.,VICKSBURG,12/01/2018,1347,Tornado, ,EF0,0,0,0,0,FL,CST-6, ,131757,C,5,TAE,0,0,Emergency Manager, ,2.4,50,8,NW,7,NNW,VICKSBURG,12/01/2018,1353,30.4085,-85.7476,30.4191,-85.7093,"A brief EF0 tornado occurred in a rural, forested area of northern Bay county.  There were no structures in its path.  Damage consisted of trees down, which corresponded to a dual-pol tornadic debris signature from KEVX radar.","A significant flooding and severe weather event unfolded over the tri-state area during early December as showers and thunderstorms spread northward across the area for multiple days.  The most noteworthy impact over the weekend was heavy precipitation. Widespread rainfall totals reached 5-7 inches throughout the area with some localized heavier amounts near 10 inches.  This resulted in flash flooding and river flooding across numerous counties.  In addition, five tornadoes touched down, including one in southeast Alabama, two in southwest Georgia, one in the Florida panhandle, and one in the Florida big bend.",146
788356,MADISON CO.,HAMBURG,12/03/2018,234,Tornado, ,EF1,0,0,25000,0,FL,EST-5, ,131757,C,79,TAE,0,0,NWS Storm Survey, ,2.15,279,3,NNE,4,NNW,CHERRY LAKE,12/03/2018,239,30.6087,-83.485,30.6304,-83.459,"An EF1 tornado with 100 mph winds touched down in Madison County early Monday morning. The path length was 2.17 miles. One mobile home was shifted off its blocks.  A small outbuilding was swept off its foundation and rolled several feet. Another mobile home nearby was shifted slightly and the blocks underneath are now tilted. Considerable tree damage was present throughout the path. There were no injuries or fatalities.","A significant flooding and severe weather event unfolded over the tri-state area during early December as showers and thunderstorms spread northward across the area for multiple days.  The most noteworthy impact over the weekend was heavy precipitation. Widespread rainfall totals reached 5-7 inches throughout the area with some localized heavier amounts near 10 inches.  This resulted in flash flooding and river flooding across numerous counties.  In addition, five tornadoes touched down, including one in southeast Alabama, two in southwest Georgia, one in the Florida panhandle, and one in the Florida big bend.",147
790516,PASCO CO.,NEW PORT RICHEY,12/09/2018,857,Tornado, ,EF1,0,0,50000,0,FL,EST-5, ,132104,C,101,TBW,0,0,NWS Storm Survey, ,0.12,25,2,E,2,E,NEW PORT RICHEY,12/09/2018,858,28.2555,-82.6883,28.2557,-82.6863,"The majority of damage was EF0 in nature with large tree limbs,|branches and powerlines down in a small area off of Bolam Avenue near|Atis Street. Minor roof damage was also observed with some homes|having shingles and roofing felt blown off. One large oak tree was|found to have been snapped in two different places and this was|consistent with EF1 damage in the 90-100 mph range.","A strong squall line moved southeast through the Florida Peninsula ahead of a cold front, producing gusty winds and two weak tornadoes.",148
790515,HILLSBOROUGH CO.,BALM,12/09/2018,1121,Tornado, ,EF1,0,0,10000,0,FL,EST-5, ,132104,C,57,TBW,0,0,NWS Storm Survey, ,2.76,50,3,SSE,3,ESE,BALM,12/09/2018,1125,27.703,-82.249,27.7316,-82.2174,"Tree damage and minor structural damage was found in the vicinity of Carlton Lake Road and Florida 674.","A strong squall line moved southeast through the Florida Peninsula ahead of a cold front, producing gusty winds and two weak tornadoes.",149
790217,ORANGE CO.,UNION PARK,12/09/2018,1154,Tornado, ,EF0,0,0,40000,0,FL,EST-5, ,132056,C,95,MLB,0,0,Broadcast Media, ,0.13,50,4,ESE,4,ESE,UNION PARK,12/09/2018,1155,28.5429,-81.2304,28.5447,-81.2296,"Local media forwarded a report of a screened pool enclosure destroyed at a home on Wildlife Place in Orlando. Delayed reports from Orange County Fire Rescue indicated two nearby homes on Brown Trout Circle also experienced some minor structural damage. Residents reportedly witnessed the tornado.","A weak tornado briefly occurred near Waterford Lakes in Orlando. Minor wind damage impacted a few homes.",150
790672,MANATEE CO.,OAK KNOLL,12/20/2018,832,Tornado, ,EF0,0,0,30000,0,FL,EST-5, ,132120,C,81,TBW,0,0,Broadcast Media, ,0.19,125,4,SE,4,SE,OAK KNOLL,12/20/2018,833,27.4608,-82.2276,27.4636,-82.2279,"Broadcast media report that damage included a car port was destroyed, trees that fell on a shed, numerous branches knocked down along a narrow path.","A strong cold front moved southeast through the eastern Gulf of Mexico and Florida Peninsula on the 20th, preceded by a squall line. The storms produced 4 tornadoes, and damaging wind gusts, in addition to strong gradient winds behind the front on the 21st. The strong onshore winds also produced coastal flooding along the coast and moderate to major beach erosion from Pinellas County to Lee County. .",151
790674,POLK CO.,FORT MEADE,12/20/2018,845,Tornado, ,EF0,0,0,5000,0,FL,EST-5, ,132120,C,105,TBW,0,0,Law Enforcement, ,0.76,75,2,ESE,2,ESE,FORT MEADE,12/20/2018,851,27.7532,-81.7702,27.7424,-81.768,"The sheriff's office reported trees uprooted near US 98 and Pool Branch Road but no structures were affected. The only damage indicator is hardwood trees uprooted.","A strong cold front moved southeast through the eastern Gulf of Mexico and Florida Peninsula on the 20th, preceded by a squall line. The storms produced 4 tornadoes, and damaging wind gusts, in addition to strong gradient winds behind the front on the 21st. The strong onshore winds also produced coastal flooding along the coast and moderate to major beach erosion from Pinellas County to Lee County. .",152
790673,POLK CO.,CROOKED LAKE PARK,12/20/2018,914,Tornado, ,EF0,0,1,45000,0,FL,EST-5, ,132120,C,105,TBW,0,0,NWS Storm Survey, ,0.07,30,1,W,1,W,CROOKED LAKE PARK,12/20/2018,915,27.8287,-81.6011,27.8297,-81.601,"Damage was found to the southeast side of a 4-unit duplex. The southeast unit sustained partial uplift of roofing material and broken windows on the east side of the building. Some roof damage extended to the the northeast unit as well. The building was built before the building code changes in the mid 1990s. Estimated damage including contents is $45,000.","A strong cold front moved southeast through the eastern Gulf of Mexico and Florida Peninsula on the 20th, preceded by a squall line. The storms produced 4 tornadoes, and damaging wind gusts, in addition to strong gradient winds behind the front on the 21st. The strong onshore winds also produced coastal flooding along the coast and moderate to major beach erosion from Pinellas County to Lee County. .",153
790675,CHARLOTTE CO.,MURDOCK,12/20/2018,1228,Tornado, ,EF0,0,0,30000,0,FL,EST-5, ,132120,C,15,TBW,0,0,Emergency Manager, ,1.02,100,1,SE,1,E,MURDOCK,12/20/2018,1230,27.007,-82.1342,27.0209,-82.1286,"Damage path provided by Charlotte County Emergency Management. A weather station on a public building near the end of the tornado path recorded a 75 mph wind gust and was used to determine the timing. There was roof damage to a business on Veterans Boulevard and trees and branches down along the path.","A strong cold front moved southeast through the eastern Gulf of Mexico and Florida Peninsula on the 20th, preceded by a squall line. The storms produced 4 tornadoes, and damaging wind gusts, in addition to strong gradient winds behind the front on the 21st. The strong onshore winds also produced coastal flooding along the coast and moderate to major beach erosion from Pinellas County to Lee County. .",154
803186,BAY CO.,(PAM)TYNDALL AFB,01/19/2019,1822,Tornado, ,EF1,0,0,20000,0,FL,CST-6, ,132642,C,5,TAE,0,0,Other Federal Agency, ,0.8,50,2,W,2,WNW,(PAM)TYNDALL AFB,01/19/2019,1823,30.0716,-85.6074,30.0794,-85.5974,"A brief, EF1 tornado with winds of 90 mph touched down on Tyndall Air Force Base. The tornado moved a car, broke car windows, tore a portion of a new roof off of barracks and flipped dumpsters and garbage cans on their sides.  The tornado damage was surveyed by base personnel.","A strong cold front moved through the area, accompanied by a line of strong to severe storms with impacts to trees and power lines.",155
795472,SEMINOLE CO.,LAKE MONROE,01/24/2019,620,Tornado, ,EF0,0,0,1380000,0,FL,EST-5, ,132955,C,117,MLB,0,0,NWS Storm Survey, ,0.49,175,1,SSW,0,SE,LAKE MONROE,01/24/2019,621,28.8225,-81.3219,28.8268,-81.3155,"A NWS damage survey confirmed an EF-0 tornado occurred in Sanford. The tornado developed from a thunderstorm within a broken squall line which advanced rapidly across the central Florida peninsula during the morning. Peak winds were estimated between 75 and 85 mph, along a path of nearly one half mile, with a width of 175 yards. The tornado moved generally northeast beginning near the intersection of Church Street and Monroe Road in Sanford, crossing a lumber yard, SunRail tracks and dissipating within the Central Florida Zoo. Numerous structures in the lumber yard were damaged or destroyed, two (empty) railway cars were overturned, and several trees were uprooted or snapped along the tornado path.","A solid squall line raced across the interior of central Florida during the morning and produced very intense straight line winds in Mascotte-Groveland, damaging several structures. As the line continued east, storms along the line became more scattered and an isolated, short-track tornado affected Sanford. As the line reached the coast, strong winds produced damage to the roof of a home and to a tennis club in Indian Harbour Beach.",156
804729,PALM BEACH CO.,OKEELANTA,01/24/2019,918,Tornado, ,EF0,0,0,0,0,FL,EST-5, ,134325,C,99,MFL,0,0,Social Media, ,0.22,25,5,S,5,S,OKEELANTA,01/24/2019,919,26.548,-80.7152,26.5497,-80.7121,"A video on social media showed a tornado west of US 27 in Palm Beach County. The tornado was only on the ground for a brief period and stayed in an open field with no reported damage.","An approaching cold front with plenty of moisture out ahead of the front allowed for showers and thunderstorms to develop. Conditions conducive for strong thunderstorms set up over the area and led to a tornado over an open field in Palm Beach County.",157
804696,MIAMI-DADE CO.,MIAMI LAKE,01/27/2019,1952,Tornado, ,EF0,0,0,0,0,FL,EST-5, ,134322,C,86,MFL,0,0,NWS Storm Survey, ,0.44,100,2,SW,2,SSW,MIAMI LAKE,01/27/2019,1953,25.8913,-80.3236,25.8928,-80.3167,"Tornado likely began on W 20th Avenue and W 76th Street just east of the Palmetto Expressway, tracking ENE over the Palm Lakes neighborhood of Hialeah. Heaviest damage began a block to the east at the intersection of W 18th Lane and W 76th Street, where two vehicles were overturned. The heavy damage continued at homes in the 1800 block of W 76th Street, where minor roof damage was noted, along with many broken large tree branches, a couple of uprooted trees, awning and patio damage. ||The tornado then tracked over a small lake, then over a home at W 16th Court and W 77th Street where a small patio roof was blown across the street. The damage pattern became quite discontinuous and spread-out to the east of W 16th Court, suggesting that the tornadic circulation had lifted. Estimated wind speeds with the section of the tornado from W 18th Lane to W 16th Court is 75-85 mph, in the upper end of the EF-0 range. ||Scattered tree damage with estimated winds of 50-60 mph continued for about a mile to the ENE as far east as Hialeah-Miami Lakes High School, but the scattered and spread-out nature of the damage suggests that it was mainly caused by downburst winds and not from the tornado which had lifted at W 16th Court.","A cold front approaching the region allowed for thunderstorms to develop along and ahead of the front. Plenty of moisture across the region contributed to a conducive environment for strong thunderstorm development over South Florida. A supercell thunderstorm developed ahead of the main line of storms and produced a brief tornado in Miami-Dade County. The tornado caused some damage in Hialeah and Palm Lakes region with power outages also reported.",158
810820,WALTON CO.,MOSSY HEAD,03/03/2019,1628,Tornado, ,EF0,0,0,0,0,FL,CST-6, ,134886,C,131,TAE,0,0,NWS Storm Survey, ,11.93,400,6,S,1,SSW,DE FUNIAK SPRINGS,03/03/2019,1641,30.6553,-86.3155,30.7084,-86.1244,"An EF-0 tornado touched down on Eglin AFB property in Walton County. The tornado produced scattered tree damage before exiting the base near Pleasant Ridge Road. The tornado continued northeast, crossing I-10 just west of the U.S. 331 exit, and then dissipating just southwest of Defuniak Springs. Damage was primarily confined to trees.","This event featured all modes of severe weather in our forecast area, including 13 tornadoes, numerous reports of straight-line wind damage, and even large hail. The 13 tornadoes consisted of 1 EF3, 2 EF2s, 6 EF1s, and 4 EF0s. This is a very high number of tornadoes for our forecast area for a single event. This compares with 7 tornadoes in the 1/22/17 event, 8 tornadoes in the 1/2/17 event, and 10 tornadoes in the 3/1/07 event. This may have been the most tornadoes for a single event in our area since the Hurricane Ivan tornadoes back in 2004. The synoptic pattern was characterized by a fast-moving upper trough through relatively zonal flow. The forecast area was under the favorable right entrance region of the upper jet with lots of upper level divergence. An 850 mb jet near or in excess of 50 knots was also present, which is another typical ingredient for severe weather in this part of the country in the cool season. Cool season levels of shear (0-1 km shear > 30 knots and 0-6 km shear > 50 knots) were overlaid with moderate levels of instability (SBCAPE  1500 j/kg), as opposed to more typical winter SBCAPE < 500 j/kg. Without this strong low-level jet, the low-level shear values would have been weaker and we would have probably seen less tornadoes.",159
810831,WASHINGTON CO.,SUNNY HILLS,03/03/2019,1733,Tornado, ,EF1,0,0,100000,0,FL,CST-6, ,134886,C,133,TAE,0,0,NWS Storm Survey, ,2.94,300,3,E,5,ESE,CHIPLEY MUNICIPAL ARPT,03/03/2019,1737,30.6928,-85.4779,30.7121,-85.4337,"An EF-1 tornado touched down about 5 miles to the west of Alford, FL in Washington County. It proceeded northeast with multiple structures damaged throughout Washington County, mostly uplift of tin roofing material. Many freshly snapped trees were also seen in Washington County. At one residence, all of the tin roofing material was thrown across the street into the neighbors yard as all as a completely shredded trampoline, a dog pin that was 100 feet to the northeast and a collapsed garage door. The highest degree of damage was at a house near the county border with Jackson County where much of the tin was ripped from the roof, a small barn tumbled about 50 feet to the northeast as well as a metal canopy moving about 75 feet to the northeast. The tornado continued to move into Jackson County, FL and lifting about 1.5 miles north of Alford, FL. In Jackson County, the main damage was also to the tin roofing material with at least one double wide seeing all of the wood, shingles and tin removed from a quarter of the house. At another residence, a small outbuilding was lifted, flipped over and landed up against the house, completely destroyed. A few snapped and uprooted trees were also noted in Jackson county.  Damage cost was estimated.","This event featured all modes of severe weather in our forecast area, including 13 tornadoes, numerous reports of straight-line wind damage, and even large hail. The 13 tornadoes consisted of 1 EF3, 2 EF2s, 6 EF1s, and 4 EF0s. This is a very high number of tornadoes for our forecast area for a single event. This compares with 7 tornadoes in the 1/22/17 event, 8 tornadoes in the 1/2/17 event, and 10 tornadoes in the 3/1/07 event. This may have been the most tornadoes for a single event in our area since the Hurricane Ivan tornadoes back in 2004. The synoptic pattern was characterized by a fast-moving upper trough through relatively zonal flow. The forecast area was under the favorable right entrance region of the upper jet with lots of upper level divergence. An 850 mb jet near or in excess of 50 knots was also present, which is another typical ingredient for severe weather in this part of the country in the cool season. Cool season levels of shear (0-1 km shear > 30 knots and 0-6 km shear > 50 knots) were overlaid with moderate levels of instability (SBCAPE  1500 j/kg), as opposed to more typical winter SBCAPE < 500 j/kg. Without this strong low-level jet, the low-level shear values would have been weaker and we would have probably seen less tornadoes.",160
810835,JACKSON CO.,ALFORD,03/03/2019,1737,Tornado, ,EF1,0,0,5000,0,FL,CST-6, ,134886,C,63,TAE,0,0,NWS Storm Survey, ,2.35,300,3,WNW,1,WSW,STEELE CITY,03/03/2019,1738,30.7121,-85.4337,30.7158,-85.3944,"This is a continuation of the EF1 tornado from Washington county.  In Jackson County, the main damage was also to the tin roofing material with at least one double wide seeing all of the wood, shingles and tin removed from a quarter of the house. At another residence, a small outbuilding was lifted, flipped over and landed up against the house, completely destroyed. A few snapped and uprooted trees were also noted in Jackson county.  Damage cost was estimated.","This event featured all modes of severe weather in our forecast area, including 13 tornadoes, numerous reports of straight-line wind damage, and even large hail. The 13 tornadoes consisted of 1 EF3, 2 EF2s, 6 EF1s, and 4 EF0s. This is a very high number of tornadoes for our forecast area for a single event. This compares with 7 tornadoes in the 1/22/17 event, 8 tornadoes in the 1/2/17 event, and 10 tornadoes in the 3/1/07 event. This may have been the most tornadoes for a single event in our area since the Hurricane Ivan tornadoes back in 2004. The synoptic pattern was characterized by a fast-moving upper trough through relatively zonal flow. The forecast area was under the favorable right entrance region of the upper jet with lots of upper level divergence. An 850 mb jet near or in excess of 50 knots was also present, which is another typical ingredient for severe weather in this part of the country in the cool season. Cool season levels of shear (0-1 km shear > 30 knots and 0-6 km shear > 50 knots) were overlaid with moderate levels of instability (SBCAPE  1500 j/kg), as opposed to more typical winter SBCAPE < 500 j/kg. Without this strong low-level jet, the low-level shear values would have been weaker and we would have probably seen less tornadoes.",161
810821,GADSDEN CO.,GREENSBORO,03/03/2019,1941,Tornado, ,EF1,0,0,50000,0,FL,EST-5, ,134886,C,39,TAE,0,0,NWS Storm Survey, ,2.07,275,2,WSW,1,SSE,GREENSBORO,03/03/2019,1945,30.5648,-84.5978,30.5579,-84.5639,"This EF-1 tornado touched down just west of Pat Thomas Highway, FL Route 267, and just north of Cox Lane. The tornado flipped a single-wide mobile home upside down. On the opposite side of the highway, a couple of large pine trees snapped, one of which crashed through the roof of a home narrowly crushing a couple that were in bed at the time. Fortunately, no one was injured. The tornado continued east southeast roughly paralleling the CSX tracks. An aerial survey showed trees snapped along the route. Ground surveys showed damage to homes along Jim Williams road. The tornado reached its greatest strength at this point, snapping a few small utility poles, removing about half the roof of one home and damaging a couple of others. The tornado lifted just beyond the end of this road.  Damage cost was estimated.","This event featured all modes of severe weather in our forecast area, including 13 tornadoes, numerous reports of straight-line wind damage, and even large hail. The 13 tornadoes consisted of 1 EF3, 2 EF2s, 6 EF1s, and 4 EF0s. This is a very high number of tornadoes for our forecast area for a single event. This compares with 7 tornadoes in the 1/22/17 event, 8 tornadoes in the 1/2/17 event, and 10 tornadoes in the 3/1/07 event. This may have been the most tornadoes for a single event in our area since the Hurricane Ivan tornadoes back in 2004. The synoptic pattern was characterized by a fast-moving upper trough through relatively zonal flow. The forecast area was under the favorable right entrance region of the upper jet with lots of upper level divergence. An 850 mb jet near or in excess of 50 knots was also present, which is another typical ingredient for severe weather in this part of the country in the cool season. Cool season levels of shear (0-1 km shear > 30 knots and 0-6 km shear > 50 knots) were overlaid with moderate levels of instability (SBCAPE  1500 j/kg), as opposed to more typical winter SBCAPE < 500 j/kg. Without this strong low-level jet, the low-level shear values would have been weaker and we would have probably seen less tornadoes.",162
810822,WAKULLA CO.,SMITH CREEK,03/03/2019,2006,Tornado, ,EF0,0,0,5000,0,FL,EST-5, ,134886,C,129,TAE,0,0,NWS Storm Survey, ,18.37,300,3,NNW,0,ESE,IVAN,03/03/2019,2025,30.2218,-84.6646,30.2187,-84.3569,"An EF-0 tornado touched down in the Apalachicola National Forest in far western Wakulla County producing a TDS on the TLH radar. Aerial survey confirmed that damaged was isolated to a few trees. The tornado did flip a small shed-sized metal canopy on Revadee Spears Road. There was some minor damage to a commercial sign on U.S. Route 319 just north of Linzy Store Road. Across the highway, a lone tree was snapped on the south end of the Walmart parking lot. No damage was found any further east.  Damage cost was estimated.","This event featured all modes of severe weather in our forecast area, including 13 tornadoes, numerous reports of straight-line wind damage, and even large hail. The 13 tornadoes consisted of 1 EF3, 2 EF2s, 6 EF1s, and 4 EF0s. This is a very high number of tornadoes for our forecast area for a single event. This compares with 7 tornadoes in the 1/22/17 event, 8 tornadoes in the 1/2/17 event, and 10 tornadoes in the 3/1/07 event. This may have been the most tornadoes for a single event in our area since the Hurricane Ivan tornadoes back in 2004. The synoptic pattern was characterized by a fast-moving upper trough through relatively zonal flow. The forecast area was under the favorable right entrance region of the upper jet with lots of upper level divergence. An 850 mb jet near or in excess of 50 knots was also present, which is another typical ingredient for severe weather in this part of the country in the cool season. Cool season levels of shear (0-1 km shear > 30 knots and 0-6 km shear > 50 knots) were overlaid with moderate levels of instability (SBCAPE  1500 j/kg), as opposed to more typical winter SBCAPE < 500 j/kg. Without this strong low-level jet, the low-level shear values would have been weaker and we would have probably seen less tornadoes.",163
810841,LEON CO.,BAUM,03/03/2019,2018,Tornado, ,EF3,0,0,500000,0,FL,EST-5, ,134886,C,73,TAE,0,0,NWS Storm Survey, ,5.07,700,2,W,3,ENE,BAUM,03/03/2019,2024,30.4934,-84.1262,30.4989,-84.0413,"A EF-3 tornado, with maximum winds of 140 mph, that tracked 6.5 miles across far Eastern Leon County and into extreme Western Jefferson County. This tornado initially touched down near the intersection of US-90 and Crump Road in eastern Leon County.|Damage in this area was limited primarily to snapped trees. The tornado intensified after moving east of US-90 and destroyed an outbuilding on Wadesboro Rd just west of Baum Road. After crossing Baum Road, the tornado reached peak intensity in the vicinity of Steeds Run. In this area two homes were destroyed. Damage with both homes was consistent with a low-end EF-3 tornado. All exterior walls were collapsed and some of the debris was blown well off the foundation. Additionally, cars located near a home were lofted and moved from a parked position in front of the home. Maximum winds in this area were estimated at 140 mph. The tornado continued moving east and began to weaken. Even so, damage in far Eastern Leon County on Jefferson Rd South near Driftwood Circle was still significant with multiple power poles snapped and numerous trees snapped or uprooted. The tornado continued moving east and crossed into Jefferson County near Tradition Way.  Numerous pine trees in this area were snapped between 6 and 10 feet above the ground.||From a historical perspective, this is the second tornado rated F3 or EF3 in Leon County since 1945. Accordingly, this makes the March 3rd tornado the 2nd strongest tornado to affect Leon County since 1945.  Damage cost was estimated.","This event featured all modes of severe weather in our forecast area, including 13 tornadoes, numerous reports of straight-line wind damage, and even large hail. The 13 tornadoes consisted of 1 EF3, 2 EF2s, 6 EF1s, and 4 EF0s. This is a very high number of tornadoes for our forecast area for a single event. This compares with 7 tornadoes in the 1/22/17 event, 8 tornadoes in the 1/2/17 event, and 10 tornadoes in the 3/1/07 event. This may have been the most tornadoes for a single event in our area since the Hurricane Ivan tornadoes back in 2004. The synoptic pattern was characterized by a fast-moving upper trough through relatively zonal flow. The forecast area was under the favorable right entrance region of the upper jet with lots of upper level divergence. An 850 mb jet near or in excess of 50 knots was also present, which is another typical ingredient for severe weather in this part of the country in the cool season. Cool season levels of shear (0-1 km shear > 30 knots and 0-6 km shear > 50 knots) were overlaid with moderate levels of instability (SBCAPE  1500 j/kg), as opposed to more typical winter SBCAPE < 500 j/kg. Without this strong low-level jet, the low-level shear values would have been weaker and we would have probably seen less tornadoes.",164
810842,JEFFERSON CO.,LLOYD,03/03/2019,2024,Tornado, ,EF2,0,0,0,0,FL,EST-5, ,134886,C,65,TAE,0,0,NWS Storm Survey, ,3.76,700,2,NNW,4,NE,LLOYD,03/03/2019,2031,30.4989,-84.0413,30.5092,-83.9792,"This is a continuation of the Leon county tornado.  The Jefferson county portion of this tornado was rated EF2 due to significant tree damage in the area.  The tornado continued moving east and crossed into Jefferson County near Tradition Way.  Numerous pine trees in this area were snapped between 6 and 10 feet above the ground.","This event featured all modes of severe weather in our forecast area, including 13 tornadoes, numerous reports of straight-line wind damage, and even large hail. The 13 tornadoes consisted of 1 EF3, 2 EF2s, 6 EF1s, and 4 EF0s. This is a very high number of tornadoes for our forecast area for a single event. This compares with 7 tornadoes in the 1/22/17 event, 8 tornadoes in the 1/2/17 event, and 10 tornadoes in the 3/1/07 event. This may have been the most tornadoes for a single event in our area since the Hurricane Ivan tornadoes back in 2004. The synoptic pattern was characterized by a fast-moving upper trough through relatively zonal flow. The forecast area was under the favorable right entrance region of the upper jet with lots of upper level divergence. An 850 mb jet near or in excess of 50 knots was also present, which is another typical ingredient for severe weather in this part of the country in the cool season. Cool season levels of shear (0-1 km shear > 30 knots and 0-6 km shear > 50 knots) were overlaid with moderate levels of instability (SBCAPE  1500 j/kg), as opposed to more typical winter SBCAPE < 500 j/kg. Without this strong low-level jet, the low-level shear values would have been weaker and we would have probably seen less tornadoes.",165
810819,WAKULLA CO.,NEWPORT,03/03/2019,2042,Tornado, ,EF0,0,0,0,0,FL,EST-5, ,134886,C,129,TAE,0,0,Official NWS Observations, ,0.66,50,3,NNE,3,NNE,NEWPORT,03/03/2019,2046,30.23,-84.17,30.2386,-84.165,"Scattered trees were blown down with a dual-pol tornadic debris signature on radar.  This is a rural area with no other damage reported.","This event featured all modes of severe weather in our forecast area, including 13 tornadoes, numerous reports of straight-line wind damage, and even large hail. The 13 tornadoes consisted of 1 EF3, 2 EF2s, 6 EF1s, and 4 EF0s. This is a very high number of tornadoes for our forecast area for a single event. This compares with 7 tornadoes in the 1/22/17 event, 8 tornadoes in the 1/2/17 event, and 10 tornadoes in the 3/1/07 event. This may have been the most tornadoes for a single event in our area since the Hurricane Ivan tornadoes back in 2004. The synoptic pattern was characterized by a fast-moving upper trough through relatively zonal flow. The forecast area was under the favorable right entrance region of the upper jet with lots of upper level divergence. An 850 mb jet near or in excess of 50 knots was also present, which is another typical ingredient for severe weather in this part of the country in the cool season. Cool season levels of shear (0-1 km shear > 30 knots and 0-6 km shear > 50 knots) were overlaid with moderate levels of instability (SBCAPE  1500 j/kg), as opposed to more typical winter SBCAPE < 500 j/kg. Without this strong low-level jet, the low-level shear values would have been weaker and we would have probably seen less tornadoes.",166
822200,LIBERTY CO.,EAST CAMP,04/19/2019,726,Tornado, ,EF0,0,0,0,0,FL,EST-5, ,136717,C,77,TAE,0,0,NWS Storm Survey, ,8.02,150,2,S,3,ENE,JEWEL FIRE TOWER,04/19/2019,735,30.1053,-84.7368,30.2112,-84.682,"A tornado initially touched down in the Apalachicola National Forest in Liberty county and caused minor tree damage which was surveyed along numerous Forest Roads. When the tornado crossed into Wakulla county, a property owner along Smith Creek Road reported trees down at their address, which was relayed to the NWS by the Wakulla County Sheriff's department. The tornado continued northeast into southwest Leon county where it remained in the forest and continued to cause minor tree damage. The tornado dissipated before reaching Bloxham Cutoff Road, or any populated areas in Leon county.","This event was characterized by a mid-level shortwave becoming negatively tilted in the Tennessee Valley and attendant surface low pressure. The strong wind field associated with this system included another anomalously strong low-level jet, with 925 hPa winds sampled on the 12Z/19 TAE Sounding around 40 knots! This advected warm, moist, and unstable air northward, ahead of a pre-frontal trough which served as a focusing mechanism for convection. Instability was initially lacking Thursday Night, but increased on Friday, with Mixed Layer CAPE ranging from 1-1.5k J/kg. Furthermore, the 12Z/19 TAE Sounding revealed Surface Based CAPE of nearly 2.4k J/kg, which is a record for the date per SPC Sounding Climatology! The instability and Bulk Shear (0-6 km) over 50 knots overcame the poorer mid-level lapse rates, and the QLCS intensified as it moved east of the Flint and Apalachicola Rivers on Friday. Despite Shear (0-1 km) around 35 knots on the 12Z/19 TAE Sounding, the hodograph revealed a more unidirectional wind within this layer, however there may have been slightly more veering based on the nearby observations from TLH.",167
822206,WAKULLA CO.,SMITH CREEK,04/19/2019,735,Tornado, ,EF0,0,0,0,0,FL,EST-5, ,136717,C,129,TAE,0,0,Emergency Manager, ,6.97,150,3,NW,8,N,SMITH CREEK,04/19/2019,742,30.2112,-84.682,30.3005,-84.6275,"A tornado initially touched down in the Apalachicola National Forest in Liberty county and caused minor tree damage which was surveyed along numerous Forest Roads. When the tornado crossed into Wakulla county, a property owner along Smith Creek Road reported trees down at their address, which was relayed to the NWS by the Wakulla County Sheriff's department. The tornado continued northeast into southwest Leon county where it remained in the forest and continued to cause minor tree damage. The tornado dissipated before reaching Bloxham Cutoff Road, or any populated areas in Leon county.","This event was characterized by a mid-level shortwave becoming negatively tilted in the Tennessee Valley and attendant surface low pressure. The strong wind field associated with this system included another anomalously strong low-level jet, with 925 hPa winds sampled on the 12Z/19 TAE Sounding around 40 knots! This advected warm, moist, and unstable air northward, ahead of a pre-frontal trough which served as a focusing mechanism for convection. Instability was initially lacking Thursday Night, but increased on Friday, with Mixed Layer CAPE ranging from 1-1.5k J/kg. Furthermore, the 12Z/19 TAE Sounding revealed Surface Based CAPE of nearly 2.4k J/kg, which is a record for the date per SPC Sounding Climatology! The instability and Bulk Shear (0-6 km) over 50 knots overcame the poorer mid-level lapse rates, and the QLCS intensified as it moved east of the Flint and Apalachicola Rivers on Friday. Despite Shear (0-1 km) around 35 knots on the 12Z/19 TAE Sounding, the hodograph revealed a more unidirectional wind within this layer, however there may have been slightly more veering based on the nearby observations from TLH.",168
822210,LEON CO.,BLOXHAM,04/19/2019,742,Tornado, ,EF0,0,0,0,0,FL,EST-5, ,136717,C,73,TAE,0,0,NWS Storm Survey, ,3.13,150,6,S,3,SSE,BLOXHAM,04/19/2019,744,30.3005,-84.6275,30.3432,-84.6101,"A tornado initially touched down in the Apalachicola National Forest in Liberty county and caused minor tree damage which was surveyed along numerous Forest Roads. When the tornado crossed into Wakulla county, a property owner along Smith Creek Road reported trees down at their address, which was relayed to the NWS by the Wakulla County Sheriff's department. The tornado continued northeast into southwest Leon county where it remained in the forest and continued to cause minor tree damage. The tornado dissipated before reaching Bloxham Cutoff Road, or any populated areas in Leon county.","This event was characterized by a mid-level shortwave becoming negatively tilted in the Tennessee Valley and attendant surface low pressure. The strong wind field associated with this system included another anomalously strong low-level jet, with 925 hPa winds sampled on the 12Z/19 TAE Sounding around 40 knots! This advected warm, moist, and unstable air northward, ahead of a pre-frontal trough which served as a focusing mechanism for convection. Instability was initially lacking Thursday Night, but increased on Friday, with Mixed Layer CAPE ranging from 1-1.5k J/kg. Furthermore, the 12Z/19 TAE Sounding revealed Surface Based CAPE of nearly 2.4k J/kg, which is a record for the date per SPC Sounding Climatology! The instability and Bulk Shear (0-6 km) over 50 knots overcame the poorer mid-level lapse rates, and the QLCS intensified as it moved east of the Flint and Apalachicola Rivers on Friday. Despite Shear (0-1 km) around 35 knots on the 12Z/19 TAE Sounding, the hodograph revealed a more unidirectional wind within this layer, however there may have been slightly more veering based on the nearby observations from TLH.",169
818105,PALM BEACH CO.,LOXAHATCHEE,05/03/2019,1550,Tornado, ,EF0,0,0,0,0,FL,EST-5, ,136323,C,99,MFL,0,0,NWS Storm Survey, ,0.03,20,5,N,5,N,LOXAHATCHEE,05/03/2019,1551,26.7476,-80.352,26.7479,-80.3516,"NWS Damage Survey confirmed a short-lived EF-0 tornado that damaged a horse stable roof, nearby fencing, and trees on the afternoon of May 3rd, 2019 in the Loxahatchee area of inland Palm Beach County.","A trough of low pressure over Central Florida with a mid-level shortwave was moving over the Florida Peninsula. Ample moisture across the region with southwesterly wind flow allowed for showers and thunderstorms to develop. Cold temperatures aloft and convective instability allowed some of the stronger thunderstorms to become severe. Storms in Palm Beach County produced a funnel cloud and a tornado. Lightning in Miami-Dade caused a house fire.",170
819110,MARION CO.,MARTEL,05/05/2019,1027,Tornado, ,EF1,0,0,0,0,FL,EST-5, ,136483,C,83,JAX,0,0,NWS Storm Survey, ,0.93,100,1,WNW,1,NNW,MARTEL,05/05/2019,1031,29.1906,-82.2913,29.1994,-82.2796,"An EF1 tornado touched down near the intersection of West Highway 40 and NW 100th Ave in western Marion County. The tornado snapped several large pine and oak trees at the base and the roof of a shed was torn off. Four homes had minor structural damage due to fallen trees. An empty horse trailer and a cargo trailer carrying furniture were pushed 30-40 yards from their original location. The most damage was focused near the intersection of NW 8th Lane and NW 100th Avenue.","SW steering flow pumped record high PWAT of 1.84 across the area as mid-upper level trough move overhead. These ingredients produced scattered severe storms that produced gusty winds late morning through the afternoon across NE FL.",171
811498,PINELLAS CO.,MADEIRA BEACH,05/05/2019,1140,Tornado, ,EF0,0,0,50000,0,FL,EST-5, ,135329,C,103,TBW,0,0,NWS Storm Survey, ,0.39,50,1,SE,1,E,MADEIRA BEACH,05/05/2019,1141,27.7937,-82.7933,27.7983,-82.7896,"A NWS storm survey confirmed that a waterspout moved ashore on Madeira Beach before quickly dissipating. The tornado caused damage to a carport and an unsecured porch while also snapping trees and power lines in the area.","A strong complex of thunderstorms moved across the Eastern Gulf of Mexico before coming ashore across the Florida peninsula during the afternoon. Strong to severe thunderstorms produced widespread wind damage across west-central and southwest Florida along with a brief tornado as a waterspout moved ashore.",172
814296,LEE CO.,TICE,05/20/2019,1748,Tornado, ,EF0,0,0,25000,0,FL,EST-5, ,135725,C,71,TBW,0,0,Broadcast Media, ,0.06,30,0,SSW,0,SW,TICE,05/20/2019,1750,26.6681,-81.8214,26.6687,-81.822,"Broadcast media pictures and videos showed damage to the|roof and lanai of a mobile home in Tice, near the location of where|a waterspout was photographed around the same time. An investigation|of the damage pictures concluded that an EF-0 briefly touched down and|damaged the mobile home, before lifting back up then touching down|again over the Caloosahatchee River as a waterspout.","A brief tornado developed near a mobile home park in Tice and damaged one home before moving into the Caloosahatchee River as a waterspout.",173
846225,PALM BEACH CO.,HAVERHILL,07/25/2019,1449,Tornado, ,EF0,0,0,0,0,FL,EST-5, ,140771,C,99,MFL,0,0,NWS Storm Survey, ,0.1,5,1,NNW,1,NNW,HAVERHILL,07/25/2019,1452,26.6892,-80.1264,26.6878,-80.1258,"An NWS storm survey team found tree damage consistent with a weak Ef-0 tornado in the Haverhill area including Haverhill park along Club road. Damage consisted of downed tree limbs and a broken mail box.","Deep tropical moisture with light wind flow across the region. A stalled front across north central Florida and a mid-upper level shortwave moving through the region with cold temperatures aloft. 500 mb temperatures were around -8C, this allowed for some robust convection to be able to develop across the east coast metro. Storms produced hail across Miami-Dade and a brief tornado in Palm Beach County.",174
854596,MONROE CO.,SUMMERLAND KEY,08/04/2019,1820,Tornado, ,EF0,0,0,0,0,FL,EST-5, ,142332,C,87,KEY,0,0,COOP Observer, ,0.09,20,2,SW,2,SW,SUMMERLAND KEY,08/04/2019,1821,24.6483,-81.4806,24.6473,-81.4797,"A waterspout over Cudjoe Bay moved east-southeast and onshore as a tornado over the south end of Cudjoe Key.  Maximum wind speeds were estimated at 50 to 60 mph with only a few palm fronds downed and a small piece of vinyl siding from one waterfront home.  The tornado dissipated immediately over a narrow peninsula before reaching the oceanside shoreline.","A waterspout developed in Cudjoe Bay in association with a convective cloud line over the Lower Florida Keys.  The waterspout moved east-southeast onshore the south end of Cudjoe Key and dissipated immediately.  It did not produce any significant damage nor injuries.",175
854503,PINELLAS CO.,OAKHURST,10/18/2019,2029,Tornado, ,EF0,0,0,100000,0,FL,EST-5, ,142187,C,103,TBW,0,0,Emergency Manager, ,0.34,30,1,NE,1,NNW,SEMINOLE,10/18/2019,2032,27.8397,-82.7913,27.8443,-82.7891,"Damage was reported to several homes in the Twelve Oaks Mobile Home Park in Seminole. A few homes had roof, window, and carport damage, and several trees were knocked down. No injuries were reported.","Tropical Storm Nestor developed in the Gulf of Mexico and moved northeast, making landfall on St. Vincent Island in the Florida Panhandle on the afternoon of the 19th. The bulk of the convection developed on the eastern and southeastern side of the storm, with a couple bands of showers and storms moving into the west coast of the Florida Peninsula.  These bands of storms produced 3 confirmed tornadoes, including one EF-2 tornado in Polk County. Otherwise, straight line winds were minimal in west central and southwest Florida and caused little impacts. ||The highest storm total rainfall in west central and southwest Florida was 7.77 inches in Baskin in Pinellas County, with other areas in Pinellas and parts of Hillsborough County seeing 5 to 6 inches, causing minor nuisance flooding. ||The highest storm surge in the area was 3.6 feet at Cedar Key. Taking into account the astronomical tide cycle, this resulted in a peak water level of 2.27 feet MHHW at 5:18 AM EDT on the 19th.",176
853690,POLK CO.,(LAL)LAKELAND MUNI A,10/18/2019,2159,Tornado, ,EF2,0,0,10000000,0,FL,EST-5, ,142187,C,105,TBW,0,0,NWS Storm Survey, ,11.45,525,2,W,0,NNE,KATHLEEN,10/18/2019,2228,27.982,-82.0475,28.1457,-82.0185,"A long, continuous path of damage was found in western Polk County from a tornado, causing extensive EF-2 damage. An NWS survey and subsequent Civil Air Patrol aerial survey found numerous homes and businesses with damage to roofs, fascia, awnings, and screen enclosures, as well as fences and trees knocked down. One home was completely destroyed. Kathleen Middle School sustained significant roof damage, with rain water and sprinkler systems causing additional water damage. A camper was lifted into a residence near the middle school. The tornado crossed Interstate 4, overturning a tractor trailer. No injuries were reported.","Tropical Storm Nestor developed in the Gulf of Mexico and moved northeast, making landfall on St. Vincent Island in the Florida Panhandle on the afternoon of the 19th. The bulk of the convection developed on the eastern and southeastern side of the storm, with a couple bands of showers and storms moving into the west coast of the Florida Peninsula.  These bands of storms produced 3 confirmed tornadoes, including one EF-2 tornado in Polk County. Otherwise, straight line winds were minimal in west central and southwest Florida and caused little impacts. ||The highest storm total rainfall in west central and southwest Florida was 7.77 inches in Baskin in Pinellas County, with other areas in Pinellas and parts of Hillsborough County seeing 5 to 6 inches, causing minor nuisance flooding. ||The highest storm surge in the area was 3.6 feet at Cedar Key. Taking into account the astronomical tide cycle, this resulted in a peak water level of 2.27 feet MHHW at 5:18 AM EDT on the 19th.",177
854389,LEE CO.,CAPE CORAL,10/19/2019,545,Tornado, ,EF1,0,0,600000,0,FL,EST-5, ,142187,C,71,TBW,0,0,Emergency Manager, ,1.08,100,4,WNW,5,NW,CAPE CORAL,10/19/2019,547,26.6796,-82.0255,26.6945,-82.0309,"A tornado touched down in northwest Cape Coral, damaging 18 homes and several vehicles. Most of the damage to homes involved partial roof damage, and fascia, siding, and awnings being blown off the homes. A couple of cars were rolled over, totaling the vehicles. No injuries were reported.","Tropical Storm Nestor developed in the Gulf of Mexico and moved northeast, making landfall on St. Vincent Island in the Florida Panhandle on the afternoon of the 19th. The bulk of the convection developed on the eastern and southeastern side of the storm, with a couple bands of showers and storms moving into the west coast of the Florida Peninsula.  These bands of storms produced 3 confirmed tornadoes, including one EF-2 tornado in Polk County. Otherwise, straight line winds were minimal in west central and southwest Florida and caused little impacts. ||The highest storm total rainfall in west central and southwest Florida was 7.77 inches in Baskin in Pinellas County, with other areas in Pinellas and parts of Hillsborough County seeing 5 to 6 inches, causing minor nuisance flooding. ||The highest storm surge in the area was 3.6 feet at Cedar Key. Taking into account the astronomical tide cycle, this resulted in a peak water level of 2.27 feet MHHW at 5:18 AM EDT on the 19th.",178
859370,BREVARD CO.,MICCO,10/19/2019,1350,Tornado, ,EF0,0,0,0,0,FL,EST-5, ,143266,C,9,MLB,0,0,NWS Employee, ,0.05,10,16,SSW,16,SSW,MICCO,10/19/2019,1350,27.65,-80.57,27.65,-80.57,"An off-duty National Hurricane Center Research Division employee, and a member of the public reported a brief tornado (landspout) over an open field in rural Indian River County. The landspout was observed west of Interstate 95, north of State Road 60, and east of County Road 512. Indian River County Emergency Management and Fire Rescue surveyed the area and found no damage.","A weak, short-lived tornado (landspout) occurred in rural, western Indian River County as rain bands from Tropical Storm Nestor moved through the area.",179
859389,MARTIN CO.,WAVELAND,11/05/2019,1620,Tornado, ,EF0,0,0,0,0,FL,EST-5, ,143272,C,85,MLB,0,0,County Official, ,0.26,10,2,ENE,2,ENE,WAVELAND,11/05/2019,1623,27.214,-80.1729,27.2123,-80.1766,"Martin County Beach Patrol reported a waterspout offshore of Stuart Beach at 1620 LST. The beach was evacuated as the waterspout came onshore and became a short-lived tornado. Numerous reports were received from trained spotters and the public as the waterspout moved slightly inland. After moving onshore, a trained spotter relayed that the spout dissipated quickly near the Hutchinson Island Marriott at 1623 LST. No damage was reported.","A strong thunderstorm produced a waterspout just offshore of Stuart Beach. As the storm moved inland the waterspout came onshore and became a short-lived, weak tornado.",180
865101,ALACHUA CO.,KIRKWOOD,12/14/2019,353,Tornado, ,EF0,0,0,0,0,FL,EST-5, ,143415,C,1,JAX,0,0,Emergency Manager, ,0.2,45,1,E,2,ENE,KIRKWOOD,12/14/2019,355,29.5329,-82.3071,29.5347,-82.3046,"Significant damage occurred to University of Florida recreational property at Lake Wauburg along the north shore. There were widespread downed trees, damaged watercrafts, broken docks and fences and the boat shelter was severely damaged.","On Friday, 13 December 2019, a warm front lifted and lingered across northeast Florida with surface dew points rising into the mid to upper 60s generally along and south of a line from St. Augustine to Gainesville. A strong upper level trough deepened across the central Gulf Coast region with a resultant surface low positioned over the northeast Gulf of Mexico coast just south of Panama City that evening around 10 pm EST. As the upper level trough axis started to lift and becoming positively tilted overnight into 14 December, the surface low edge farther east northeast and tracked over southeast Georgia then offshore of the local Atlantic coast through 4 am EST. The corridor of unstable low-level air remained across our southern Florida zones with surface-based CAPE values rising into the 1000-1300 J/kg range per LAPS analysis while aloft strong directional (0-6 km) bulk shear near the mid/upper level trough axis increased to 50-70 kts. The phased low-level instability, plentiful deep layer moisture and strong dynamical lift under the upper low and just south of the surface low spawned a couple of persistent supercells with long-lived mesocyclones.",181
860403,ST. JOHNS CO.,ELKTON,12/14/2019,505,Tornado, ,EF0,0,0,0,0,FL,EST-5, ,143415,C,109,JAX,0,0,NWS Storm Survey, ,0.25,325,0,NE,1,NE,ELKTON,12/14/2019,507,29.7839,-81.4265,29.7855,-81.4236,"The tornado appeared to have touched down shortly after 5 am and tracked ENE from near the SW corner of Saint Ambrose Church Road and County Road 305 and ended just east of County Road 207. A trained storm spotter reported a tornado  on the ground near State Road 207 and County Road 305 in Elkton around 5:05 am. Tree debris, shingles and part of a tin roof were reported in trees and across the ground.  A kitchen and bath store in Elkton sustained major roof damage as well as damage to their supplies stored outdoors including solid surface countertops. The official NWS Storm Survey estimated peak winds around 85 mph (EF0) and reported road signs that were bent and/or twisted in Elkton. Metal roof panels were stripped off of a building and thrown over a fence. A door was also extracted from a building.","On Friday, 13 December 2019, a warm front lifted and lingered across northeast Florida with surface dew points rising into the mid to upper 60s generally along and south of a line from St. Augustine to Gainesville. A strong upper level trough deepened across the central Gulf Coast region with a resultant surface low positioned over the northeast Gulf of Mexico coast just south of Panama City that evening around 10 pm EST. As the upper level trough axis started to lift and becoming positively tilted overnight into 14 December, the surface low edge farther east northeast and tracked over southeast Georgia then offshore of the local Atlantic coast through 4 am EST. The corridor of unstable low-level air remained across our southern Florida zones with surface-based CAPE values rising into the 1000-1300 J/kg range per LAPS analysis while aloft strong directional (0-6 km) bulk shear near the mid/upper level trough axis increased to 50-70 kts. The phased low-level instability, plentiful deep layer moisture and strong dynamical lift under the upper low and just south of the surface low spawned a couple of persistent supercells with long-lived mesocyclones.",182
865108,FLAGLER CO.,ST JOHNS PARK,12/14/2019,514,Tornado, ,EF1,0,0,0,0,FL,EST-5, ,143415,C,35,JAX,0,0,NWS Storm Survey, ,19.4,880,1,S,3,E,BULOW,12/14/2019,540,29.3991,-81.4269,29.4397,-81.108,"A long-lived EF1 tornado tracked west to east across Flagler county during the pre-dawn hours. The tornado entered the west side of the county near Mud Lake within the Haw Creek Preserve around 5:15 am and continued a steady east to northeast track across the central part of the county and impacted Korona and then exited offshore of the local coast near Gamble Rogers Memorial State Recreation Area, about 1 mile south of Flagler Beach around 5:40 am.  The storm survey revealed the most substantial damage within the Korona city limits where EF1 damage occurred. Numerous trees, powerlines and structures were damaged. One masonary structure had its roof blown off in Korona.  The following are timing of reports to relayed to the NWS from Flagler County EM: 530 am 2 SSW Flagler Beach a tree was blown down through a roof of a home along Creek Bluff Run in Bulowville, 532 am many roads were closed near Korona and County Road 330 due to widespread tree damage, 532 am several structures had damage behind the White Eagle Lounge in Korona, 536 am a motorhome was flipped and had roof and deck damage along South 28th Street in Flagler Beach, 536 am oak trunks were twisted and trees heavily damaged along Creek Bluff Run, 540 am debris was across the roads and street lights were damaged between South 23rd Street and South 28th Street in South Flagler Beach, and at 540 am some structural damage was reported between south Flagler Beach and Bulowville.","On Friday, 13 December 2019, a warm front lifted and lingered across northeast Florida with surface dew points rising into the mid to upper 60s generally along and south of a line from St. Augustine to Gainesville. A strong upper level trough deepened across the central Gulf Coast region with a resultant surface low positioned over the northeast Gulf of Mexico coast just south of Panama City that evening around 10 pm EST. As the upper level trough axis started to lift and becoming positively tilted overnight into 14 December, the surface low edge farther east northeast and tracked over southeast Georgia then offshore of the local Atlantic coast through 4 am EST. The corridor of unstable low-level air remained across our southern Florida zones with surface-based CAPE values rising into the 1000-1300 J/kg range per LAPS analysis while aloft strong directional (0-6 km) bulk shear near the mid/upper level trough axis increased to 50-70 kts. The phased low-level instability, plentiful deep layer moisture and strong dynamical lift under the upper low and just south of the surface low spawned a couple of persistent supercells with long-lived mesocyclones.",183
865220,LAKE CO.,OKAHUMPKA,01/04/2020,1029,Tornado, ,EF0,0,1,0,0,FL,EST-5, ,144137,C,69,MLB,0,0,NWS Storm Survey, ,2.38,175,3,WSW,1,NW,OKAHUMPKA,01/04/2020,1031,28.7399,-81.9234,28.7589,-81.8907,"National Weather Service staff conducted a damage survey and confirmed an EF-0 tornado occurred in Okahumpka on January 4, 2020. Peak winds were estimated between 65 and 75 mph, along a discontinuous path of 2.38 miles, with a maximum width of 175 yards. The tornado generally moved northeast beginning just west of the Florida Turnpike near mile marker 295, crossing mostly wooded areas, Debbie Road, and the western side of the Holiday RV Village before dissipating. Damage estimates indicate significant roof damage to 3 to 5 mobile homes, one large oak tree was toppled, and numerous large branches of weak/old trees were downed. One resident received minor injuries when a tree branch came through the roof of his manufactured home at the RV Village. The individual self-transported to the hospital for treatment of a minor cut to his head.","A severe thunderstorm moving across central Florida produced two tornadoes, one in Okahumpka in Lake County, then another in DeLand in Volusia County.",184
865221,VOLUSIA CO.,BERESFORD,01/04/2020,1126,Tornado, ,EF1,0,0,25000,0,FL,EST-5, ,144137,C,127,MLB,0,0,NWS Storm Survey, ,4.39,265,1,W,1,ESE,DE LAND,01/04/2020,1130,29.0023,-81.3514,29.0264,-81.2841,"National Weather Service staff conducted a damage survey and confirmed a EF-1 tornado in occurred in DeLand on January 4, 2020. Peak winds were estimated between 90 and 100 mph, along a 4.39 mile long path, with a maximum width of 265 yards. A DeLand resident on a large paddleboat on Lake Beresford observed the waterspout/tornado touching down just southwest of his location on the lake. The tornado moved onshore causing tree damage to a nearby property near South Beresford Road. The tornado continued generally northeast clipping the southern side of Woodward Avenue Elementary School, crossing multiple streets, subdivisions, a large park, a nursing home, and dissipated near the intersection of Colorado Avenue and New York Avenue. Damage estimates indicate several large trees toppled, numerous large branches downed, two homes experienced major roof damage, significant roof damage to the Veterans of Foreign Wars (VFW) building, structural damage at Melching Field and Earl Brown Park, 8-10 power poles snapped at the base, and 10 additional structures received lesser, minor-moderate damage. City of DeLand officials estimate the damage in the city to be around $25,000.","A severe thunderstorm moving across central Florida produced two tornadoes, one in Okahumpka in Lake County, then another in DeLand in Volusia County.",185
871057,MONROE CO.,HIGHLAND PT,01/31/2020,2235,Tornado, ,EFU,0,0,0,0,FL,EST-5, ,145045,C,87,MFL,0,0,Official NWS Observations, ,4.68,50,7,ESE,9,E,HIGHLAND PT,01/31/2020,2243,25.464,-81.123,25.516,-81.075,"The forward-propagating component of a quasi-linear convective system (QLCS) advanced onshore along the Southwest Florida coast during the late-evening hours of Friday, January 31. Embedded mesovortices intermittently strengthened while |this activity moved onshore from the Gulf waters. ||One of the stronger and tighter circulations over Mainland Monroe County of South|Florida was accompanied by a well-defined Tornadic Debris Signature (TDS). This signature was characterized by a relative minimum in correlation coefficient per KAMX radar data, and corresponded with an embedded inflection in the zone of enhanced |reflectivity accompanying the QLCS that also aligned with a well-defined mesovortex. This TDS occurred over the Everglades, and was used as the foundation for this tornado report. ||The lack of conclusively surveyed damage indicators precludes the delineation |of an exact damage rating. As a result, an unknown rating has been assigned to this tornado. However, the application of established research results on the aforementioned radar data -- which provides statistical estimates of tornado probabilities and wind |speeds based on WSR-88D data and environmental information -- suggests that this tornado could have been a high-end EF0, with peak wind speeds around 80 mph.","A strong low pressure system over the Gulf of Mexico helped to pump moist and unstable air across South Florida during the evening and nighttime hours of January 31st, and early morning of February 1st. Strong thunderstorms developed ahead of a cold front over the eastern Gulf of Mexico, and moved east across the southern Florida peninsula. These storms spawned a tornado in the Everglades of Southwest Florida, as well as gusty winds and heavy rainfall across Southeast Florida.",186
870288,PINELLAS CO.,ULMERTON,02/06/2020,2238,Tornado, ,EF0,0,1,200000,0,FL,EST-5, ,144925,C,103,TBW,0,0,Fire Department/Rescue, ,9.24,50,1,SSW,2,SSW,FEATHER SOUND,02/06/2020,2248,27.8645,-82.7898,27.8771,-82.6464,"Multiple units damaged at mobile home park in Pinellas Park. Tree fell onto a home in Seminole, trapping seven people and injuring one of them. Crane blown over onto roadway on I-275 at exit 29 in St. Petersburg. Numerous downed power lines.","A squall line moved southeast through the Florida Peninsula ahead of a cold front, producing damage winds across southwest and central Florida.",187
882752,WALTON CO.,PORTLAND,03/31/2020,1155,Tornado, ,EF0,0,0,2000,0,FL,CST-6, ,146370,C,131,TAE,0,0,Public, ,0.17,25,3,S,3,S,PORTLAND,03/31/2020,1156,30.462,-86.1945,30.4621,-86.1917,"A waterspout moved onshore.  A tree was snapped and caused some minor roof damage to a home.  This tornado was rated EF0 with max winds estimated at 70 mph.","A strengthening surface low pressure area moved across the Tri-State region.  A warm front lifted northward through the area, and a cold front moved through during the afternoon hours. Scattered thunderstorms moved across the area, some of which were severe.",188
883153,JEFFERSON CO.,LAMONT,03/31/2020,1510,Tornado, ,EF1,0,0,2000,0,FL,EST-5, ,146370,C,65,TAE,0,0,NWS Storm Survey, ,3.39,150,4,SSW,3,SSE,LAMONT,03/31/2020,1516,30.3154,-83.8415,30.3306,-83.7875,"Initial damage was noted in far eastern Jefferson County along HWY 257 near its intersection with Walker Spring Rd. Damage consisting of many hundreds of snapped and uprooted trees continued east northeast into Madison County eventually crossing HWY 19. There was also at least one wooden power pole snapped.  This tornado was rated EF1 with max winds estimated at 90 mph.","A strengthening surface low pressure area moved across the Tri-State region.  A warm front lifted northward through the area, and a cold front moved through during the afternoon hours. Scattered thunderstorms moved across the area, some of which were severe.",189
883154,MADISON CO.,SIRMANS,03/31/2020,1516,Tornado, ,EF1,0,0,0,0,FL,EST-5, ,146370,C,79,TAE,0,0,NWS Storm Survey, ,5.82,150,8,W,2,WSW,SIRMANS,03/31/2020,1518,30.3306,-83.7875,30.3366,-83.6902,"Initial damage was noted in far eastern Jefferson County along HWY 257 near its intersection with Walker Spring Rd. Damage consisting of many hundreds of snapped and uprooted trees continued east northeast into Madison County eventually crossing HWY 19. There was also at least one wooden power pole snapped.  This tornado was rated EF1 with max winds estimated at 90 mph.","A strengthening surface low pressure area moved across the Tri-State region.  A warm front lifted northward through the area, and a cold front moved through during the afternoon hours. Scattered thunderstorms moved across the area, some of which were severe.",190
883155,MADISON CO.,GREENVILLE,03/31/2020,1517,Tornado, ,EF1,0,0,0,0,FL,EST-5, ,146370,C,79,TAE,0,0,NWS Storm Survey, ,11.74,100,3,S,2,WSW,MADISON,03/31/2020,1530,30.4215,-83.6361,30.4521,-83.4422,"Initial damage, consisting of a few dozen trees uprooted and snapped, was noted on a farm on the west side of HWY 221 just south of I-10. Damage, consisting of hundreds of snapped and uprooted trees, continued to the east northeast crossing Sundown Creek Rd. and eventually I-10. After the tornado crossed I-10 it moved into inaccessible areas of the Hixton Swamp Conservation Area. Based on radar the tornado remained on the ground continuously until damage became accessible again along HWY 360A just south of the intersection with CR 35. Damage to several trees at this location was the last damage evident from this tornado. Damage further northeast in Madison was from a separate brief spinup after this tornado lifted.  This tornado was rated EF1 with max winds estimated at 90 mph.","A strengthening surface low pressure area moved across the Tri-State region.  A warm front lifted northward through the area, and a cold front moved through during the afternoon hours. Scattered thunderstorms moved across the area, some of which were severe.",191
883156,MADISON CO.,MADISON,03/31/2020,1533,Tornado, ,EF0,0,0,50000,0,FL,EST-5, ,146370,C,79,TAE,0,0,NWS Storm Survey, ,0.11,50,0,NW,0,NNE,MADISON,03/31/2020,1535,30.461,-83.4112,30.4612,-83.4093,"A business suffered roof uplift and had a window blown in. There was significant water damage inside the business.  There was an outbuilding damaged at the south Duval Street location as well.  There was also scattered minor tree damage in the area. This tornado was rated EF0 with max winds estimated at 75 mph.  Damage cost was estimated.","A strengthening surface low pressure area moved across the Tri-State region.  A warm front lifted northward through the area, and a cold front moved through during the afternoon hours. Scattered thunderstorms moved across the area, some of which were severe.",192
877021,SUWANNEE CO.,PINE MOUNT,03/31/2020,1626,Tornado, ,EF0,0,0,0,0,FL,EST-5, ,145945,C,121,JAX,0,0,NWS Storm Survey, ,0.8,704,5,W,4,W,PINE MOUNT,03/31/2020,1627,30.1767,-83.0498,30.1774,-83.0365,"An EF0 tornado with peak winds near 85 mph briefly touched down north of County Road 252 south of Live Oak. The tornado damaged a chicken house and trees in the area. One large tree branch fell on a home.","A pre-frontal line of strong to severe storms moved across NE FL and SE GA during the afternoon and pressed offshore of the Atlantic coast into the evening.  Surface based CAPEs rose up to 1000 J/kg over parts of the Suwannee Valley and inland SE GA. This instability shifted east across the remainder of NE FL into the evening coinciding with elevated moisture and dynamics that produced a few severe storms and also 2 confirmed tornadoes.",193
877022,ST. JOHNS CO.,PALM VLY,03/31/2020,1829,Tornado, ,EF0,0,0,0,0,FL,EST-5, ,145945,C,109,JAX,0,0,NWS Employee, ,0.39,704,3,SSE,3,SE,PALM VLY,03/31/2020,1830,30.1407,-81.3564,30.1425,-81.3502,"A weak EF0 tornado with peak winds near 80 mph briefly touched down in Ponte Vedra Beach near Guana River State Park. The tornado caused tree damage and some structural damage to nearby homes including a broken window.  A tree was  blown down near Sea Hammock Way.","A pre-frontal line of strong to severe storms moved across NE FL and SE GA during the afternoon and pressed offshore of the Atlantic coast into the evening.  Surface based CAPEs rose up to 1000 J/kg over parts of the Suwannee Valley and inland SE GA. This instability shifted east across the remainder of NE FL into the evening coinciding with elevated moisture and dynamics that produced a few severe storms and also 2 confirmed tornadoes.",194
877368,SUWANNEE CO.,LIVE OAK SUWANE ARPT,04/13/2020,909,Tornado, ,EF0,0,0,0,0,FL,EST-5, ,146020,C,121,JAX,0,0,Emergency Manager, ,3.06,175,1,NE,2,NNE,HILDRETH,04/13/2020,913,30.31,-83.01,30.32,-82.96,"An EF0 tornado with peak winds near 75 mph touched down near the Farmer's Coop in Live Oak. The tornado tracked NE with spotty damage (lifting up and touching back down) before finally lifting on the NE side of town south of the WalMart near I-10 along Highway 129. The tornado damaged three buildings near Goldkist Blvd and partially peeled back the roof of the Farmer's Coop Building. Additional wind damage occurred near Ferry Road and Houston Ave. Chicken houses were damaged.","A pre-frontal squall line with embedded supercells will moved across interior southeast Georgia during the early morning hours and reached the Suwannee Valley just before daybreak.  Very strong shear and instability phased across SE GA during the morning hours where there were supercells, one that produced two tornado touchdowns. The pre-frontal line slowed down and gradually weakened as it moved into NE Florida into the afternoon, but severe storms continued to be possible due to weakening dynamics and remaining surface based instability.",195
877504,DUVAL CO.,LAKEWOOD,04/15/2020,617,Tornado, ,EF0,0,0,0,0,FL,EST-5, ,146037,C,31,JAX,0,0,NWS Storm Survey, ,14.86,125,1,N,8,N,FT GEORGE IS,04/15/2020,647,30.4415,-81.6724,30.52,-81.44,"An EF0 tornado touched down in the Biscayne Downs Subdivision near the Broward River, just west of I-95. The tornado knocked down trees along Sarasota Lane and Secretariat Drive. One tree was snapped an fell on a home along Sarasota Lane. It destroyed a sunroom along Riva Ridge Drive. The tornado likely lifted before it crossed the Broward River with sporadic wind damage occurring through Oceanway before touching back down along Grover Road, where significant tree damage occurred. Tree damage occurred along Boney Road and Starratt Road near Edwards Creek including a snapped tree that fell on a truck with other uprooted trees in the area. Local broadcast media relayed a video of the tornado as it bypassed Black Hammock Island near the A1A and Nassau Sound bridge next to Amelia Island State Park. Tornado damage was not continuous along the path. The path width was estimated.","A cold front moved slowly across SE GA and the Suwannee Valley during the ealry morning hours. Mid and upper level shortwave energy from the Gulf of Mexico coincided aloft near the front which produced strong to severe storms. The storm prediction center had a Marginal risk of Severe thunderstorms over the region and 40-50 knots of 0-6 Km Bulk Shear along with 500-1000 J/KG of MLCAPE.",196
881026,PALM BEACH CO.,HYPOLUXO,04/17/2020,2153,Tornado, ,EF0,0,0,0,0,FL,EST-5, ,146599,C,99,MFL,0,0,NWS Storm Survey, ,0.83,75,1,SW,1,WSW,HYPOLUXO,04/17/2020,2155,26.5576,-80.0616,26.5685,-80.0581,"NWS storm survey team found damage consistent with an EF-0 tornado in the San Castle neighborhood in Palm Beach County. This area is east of I-95 tucked right between the Boynton Beach and Hypoluxo city limits. Track began near Miner Road and Summit Road, and tracked N-NE between Summit and Grove Road, with the heaviest damage along Brown Road. The track then shifted east of Summit Road from Wilkinson Road to Overlook Road where it lifted near Monroe Boulevard. ||Damage consisted of multiple downed tree limbs and minor damage to home roofs and fences.","A warm front moving north across South Florida, along with a warm and moist local atmosphere, provided support for the development of thunderstorms. Several outflow boundary collisions from nearby storms helped to produce a short-lived tornado in Palm Beach County.",197
886649,SANTA ROSA CO.,FLORIDATOWN,04/19/2020,2307,Tornado, ,EF0,0,0,0,0,FL,CST-6, ,147436,C,113,MOB,0,0,NWS Storm Survey, ,0.19,50,2,NNW,2,NNW,FLORIDATOWN,04/19/2020,2308,30.6079,-87.187,30.607,-87.1839,"NWS Storm Survey found a brief EF-0 tornado track from Ephrem Ln to Bradley Dr in the city of Pace. The tornado resulted in tree damage and some roof damage to a home.","A powerful storm system swept across the southeast states through the day and into the overnight on the 19th into the 20th. Ahead of this system a warm front brought a very warm, moist and unstable air mass northward across the area. Numerous thunderstorms develop along and south of the warm front and became severe, producing wind damage tornadoes and large hail.",198
878626,MARION CO.,DANKS CORNER,04/20/2020,835,Tornado, ,EF1,0,0,0,0,FL,EST-5, ,146213,C,83,JAX,0,0,NWS Storm Survey, ,0.46,500,2,W,2,ENE,MARION OAKS,04/20/2020,840,29.0165,-82.1517,29.0122,-82.1576,"An EF1 tornado briefly touched down near the eastern section of Marion Oaks, impacted Courtlandt Farm, Lyladaisical Ranch, crossed I-75 south, damaged the SECO power station just east of I-75 and damaged a home and several structures across the street from the power station along SW 16th Avenue before lifting up across the property fields.  A video was taking of the tornado crossing I-75. At the start of the event the tornado was rated an EF0 with peak winds near 85 near Courtlandt Farm and Lyladiasical Ranch. Damage in this area on the west side of I-75 included large hardwood trees with multiple branches blown down, fencing damaged, and cedar trees and southwoods damaged. The SECO power station had signficant damage to its utility structures. There were two wooden structures with more than 20% of their roofs uplifted. A nearby structure had fascades ripped off of it. A street sign was twisted and snapped.","Pre-dawn severe thunderstorms developed across SE GA on the northern side of a lifting warm front across N Florida. Elevated instability and strong dynamics coincided over SE GA ahead of a surface low that track eastward from the FL panhandle toward the local forecast area through the morning hours. Through the late morning hours, the shortwave trough aloft lifted northeast toward the mid-Atlantic coastline into the afternoon. This pulled a very strong low level jet of 50-70 kts NE as well, but continued to produce a favorable environment for severe storms through midday as the warm front lifted north across SE GA placing NE FL in the warm sector under strong dynamics for severe storm potential.",199
879116,CITRUS CO.,HOMOSASSA COMPS SITE,04/20/2020,839,Tornado, ,EF0,0,0,100000,0,FL,EST-5, ,146300,C,17,TBW,0,0,Emergency Manager, ,7.25,35,2,NE,2,W,HOMOSASSA SPRINGS,04/20/2020,848,28.79,-82.69,28.802,-82.5755,"Video showed a waterspout moving onshore of the|coast in Homosassa, and that same area of rotation continued|along a nearly easterly path. This created a narrow damage path|starting across a mobile home park near Buzzard Point causing 7|structures with minor damage and 2 structures with major damage.|Several trees were then downed or snapped in the Homosassa|Springs Wildlife Park, and snapped power poles, a billboard|down, the sail of a gas station blown off, and one business|with major damage on US Highway 19 and Grover Cleveland|Boulevard before lifting.","A squall line pushed through West Central Florida on April 20th producing damaging wind gusts across the area.",200
880353,SEMINOLE CO.,LAKE JESSUP,04/20/2020,1045,Tornado, ,EF0,0,0,0,0,FL,EST-5, ,146506,C,117,MLB,0,0,NWS Storm Survey, ,2.74,25,1,SW,2,ESE,LAKE JESSUP,04/20/2020,1048,28.7186,-81.2418,28.7188,-81.1965,"National Weather Service Melbourne staff conducted a damage survey and found no damage along the radar-estimated rotational track of a supercell thunderstorm, which moved from Seminole County to the Brevard County coast. The survey team searched along a path from Heathrow to Scottsmoor. However, based on numerous videos received from trained spotters and the general public, NWS Melbourne confirms that a waterspout developed on Lake Jesup just east of State Road 417. The waterspout continued east for approximately 2.75 miles, and came onshore briefly as an EF-0 tornado (peak winds estimated 60-65 mph) within an unpopulated area adjacent to the lake.","As a broken line of severe thunderstorms moved through Seminole County, one storm produced a brief wasterspout/tornado on and near Lake Jesup. A second thunderstorm produced damaging winds in Volusia County, while a third thunderstorm produced damaging winds and hail in Martin County.",201
885253,OKALOOSA CO.,WHIGHT,04/23/2020,1351,Tornado, ,EF1,0,0,0,0,FL,CST-6, ,147231,C,91,MOB,0,0,NWS Storm Survey, ,2.7,50,0,SSE,1,ENE,OCEAN CITY,04/23/2020,1354,30.4442,-86.6463,30.4386,-86.6014,"A tornado touched down along Vickie Leigh road and quickly|intensified to EF-1 intensity.  There was a path of numerous trees uprooted |and snapped.  Winds were estimated around 90 mph in this location.||The tornado weakened and produced intermittent damage over the next |approximately 2.7 miles as it moved through the Ocean City section of north|Ft. Walton Beach.  Damage in these locations were of the EF-0 intensity |with trees snapped and uprooted along with damage to home siding and roof|shingles.  The intermittent track ended at Eglin Parkway just to the west |of the Highway 85 bridge into Shalimar.","A strong spring storm system moved across southern states. High values of wind shear and instability combined to generate numerous severe thunderstorms that produced tornadoes and wind damage.",202
890618,WALTON CO.,DE FUNIAK SPRINGS,04/23/2020,1413,Tornado, ,EF1,0,0,100000,0,FL,CST-6, ,147391,C,131,TAE,0,0,NWS Storm Survey, ,4.88,100,1,S,0,ESE,ARGYLE,04/23/2020,1417,30.71,-86.12,30.7093,-86.0378,"Tree damage was first noted along Bob Sikes Rd. just west of Hwy 331.  The tornado then crossed Hwy 331 knocking down a few business signs and trees as well as blowing in four windows of a series of businesses at a strip mall.  A large retail business|also had part of it's roof peeled back and a couple HVAC units blown off. The tornado continued east northeast with points surveyed along Bay  Ave southeast of DeFuniak Springs as well as County Rd 183 south of Argyle.  Trees and large limbs were downed|at both locations.  The location south of Argyle was the last portion of the track able to be surveyed as the track then went into inaccessible portions of Holmes County south of HWY 90.  Radar was used to extend the track a few more miles into Holmes|county.   The tornado lifted before reaching Ponce De Leon or Highway 81.","Another in a series of strong upper level troughs pushed through the southeast states, resulting in another enhanced risk of severe storms from the Storm Prediction Center.  The tri-state area was hit fairly hard again, with numerous reports of wind damage documented along with several tornadoes.",203
890624,HOLMES CO.,PONCE DE LEON,04/23/2020,1417,Tornado, ,EF1,0,0,100000,0,FL,CST-6, ,147391,C,59,TAE,0,0,NWS Storm Survey, ,4.19,100,6,W,2,WSW,PONCE DE LEON,04/23/2020,1420,30.7093,-86.0378,30.7126,-85.9674,"Tree damage was first noted along Bob Sikes Rd. just west of Hwy 331.  The tornado then crossed Hwy 331 knocking down a few business signs and trees as well as blowing in four windows of a series of businesses at a strip mall.  A large retail business also had part of it's roof peeled back and a couple HVAC units blown off.The tornado continued east northeast with points surveyed along Bay  Ave southeast of DeFuniak Springs as well as County Rd 183 south of Argyle.  Trees and large limbs were downed|at both locations.  The location south of Argyle was the last portion of the track able to be surveyed as the track then went into inaccessible portions of Holmes County south of HWY 90.  Radar was used to extend the track a few more miles into Holmes|county.   The tornado lifted before reaching Ponce De Leon or Highway 81.","Another in a series of strong upper level troughs pushed through the southeast states, resulting in another enhanced risk of severe storms from the Storm Prediction Center.  The tri-state area was hit fairly hard again, with numerous reports of wind damage documented along with several tornadoes.",204
890625,WASHINGTON CO.,BROCK CROSSROAD,04/23/2020,1448,Tornado, ,EF2,0,0,250000,0,FL,CST-6, ,147391,C,133,TAE,0,0,NWS Storm Survey, ,9.35,400,3,NE,5,ESE,CHIPLEY MUNICIPAL ARPT,04/23/2020,1500,30.72,-85.59,30.7287,-85.4329,"Initial damage was noted near the intersection of Owen Place and Piney Grove Roads.  From the touchdown point, damage, consisting of hundreds of snapped and uprooted trees, was continuous right to the Jackson County border along Corbin Rd.  The tornado|intensified as it moved across Jackson County.  In addition to downing many hundreds of trees there was significant structural damage at two locations.  The first was at a farm off Farren Ranch Road where a two story outbuilding/home was completely|destroyed with debris thrown several hundred yards.  The second was along Bethlehem Rd. south of Kynesville Rd. where several mobile homes suffered significant damage.  One of the mobile homes was completely destroyed with it's frame wrapped into a tree. |Fortunately the mobile home was vacant at the time.","Another in a series of strong upper level troughs pushed through the southeast states, resulting in another enhanced risk of severe storms from the Storm Prediction Center.  The tri-state area was hit fairly hard again, with numerous reports of wind damage documented along with several tornadoes.",205
890627,JACKSON CO.,STEELE CITY,04/23/2020,1500,Tornado, ,EF2,0,0,250000,0,FL,CST-6, ,147391,C,63,TAE,0,0,NWS Storm Survey, ,7.89,400,3,W,3,E,KYNESVILLE,04/23/2020,1505,30.7287,-85.4329,30.73,-85.3,"Initial damage was noted near the intersection of Owen Place and Piney Grove Roads.  From the touchdown point, damage, consisting of hundreds of snapped and uprooted trees, was continuous right to the Jackson County border along Corbin Rd.  The tornado|intensified as it moved across Jackson County.  In addition to downing many hundreds of trees there was significant structural damage at two locations.  The first was at a farm off Farren Ranch Road where a two story outbuilding/home was completely|destroyed with debris thrown several hundred yards.  The second was along Bethlehem Rd. south of Kynesville Rd. where several mobile homes suffered significant damage.  One of the mobile homes was completely destroyed with it's frame wrapped into a tree. |Fortunately the mobile home was vacant at the time.","Another in a series of strong upper level troughs pushed through the southeast states, resulting in another enhanced risk of severe storms from the Storm Prediction Center.  The tri-state area was hit fairly hard again, with numerous reports of wind damage documented along with several tornadoes.",206
890628,BAY CO.,EDGEWATER GULF BEACH,04/23/2020,1500,Tornado, ,EF0,0,0,50000,0,FL,CST-6, ,147391,C,5,TAE,0,0,NWS Storm Survey, ,13.4,75,1,E,1,SE,SPRINGFIELD,04/23/2020,1513,30.18,-85.81,30.1485,-85.5886,"Tornado moved onshore in along Panama City Beach just west of Lower Grand Lagoon. Only minor damage was reported in Panama City Beach. The tornado cross St. Andrew Bay and impacted the area around the marina in downtown Panama City. Several unsecured construction trailers were destroyed along with a camper trailer. The tornado continued moving east through the Cove neighborhood before dissipating just east of the North Tyndall Parkway. Reports from Bay County EMA, along with media reports from WMBB and WJHG were used to analyze this tornado.","Another in a series of strong upper level troughs pushed through the southeast states, resulting in another enhanced risk of severe storms from the Storm Prediction Center.  The tri-state area was hit fairly hard again, with numerous reports of wind damage documented along with several tornadoes.",207
890632,BAY CO.,SOUTHPORT,04/23/2020,1509,Tornado, ,EF0,0,0,0,0,FL,CST-6, ,147391,C,5,TAE,0,0,Public, ,0.9,50,1,NW,1,NNE,SOUTHPORT,04/23/2020,1512,30.29,-85.65,30.2907,-85.6349,"No significant damage reported. Track based radar and video from social media (via WMBB). Video showed debris being lofted by tornado and power flashes from power lines. Tree damage was minimal, consisting of down limbs, mainly in the vicinity of the playground at Southport Elementary School.","Another in a series of strong upper level troughs pushed through the southeast states, resulting in another enhanced risk of severe storms from the Storm Prediction Center.  The tri-state area was hit fairly hard again, with numerous reports of wind damage documented along with several tornadoes.",208
890636,LEON CO.,LAKE JACKSON,04/23/2020,1722,Tornado, ,EF1,0,0,10000,0,FL,EST-5, ,147391,C,73,TAE,0,0,NWS Storm Survey, ,10.58,600,1,WSW,2,W,PISGAH CHURCH,04/23/2020,1738,30.52,-84.35,30.5495,-84.1755,"A tornado touched down just south of North Monroe Street and moved east into a neighborhood where there was widespread limb and tree damage. It likely then crossed over the lake and impacted Elinor Klapp Phipps park where snapped tree trunks were|observed. It produced some of the most widespread tree damage, including snapped trucks, near Ox Bottom Road before crossing Thomasville Road.  It moved northeast through Killearn Estates and Killearn Acres with additional widespread tree and limb|damage and a few spots of snapped and uprooted trees. The last significant damage was additional snapped trees on Bradfordville Road. Additional tree damage was sporadic to the east of here as is likely outflow as the tornado lifted. The highest damage was rated 95 MPH due to snapped trees but the majority of the damage|was EF0 type tree damage.","Another in a series of strong upper level troughs pushed through the southeast states, resulting in another enhanced risk of severe storms from the Storm Prediction Center.  The tri-state area was hit fairly hard again, with numerous reports of wind damage documented along with several tornadoes.",209
890638,WAKULLA CO.,VEREEN,04/23/2020,1754,Tornado, ,EF1,0,0,25000,0,FL,EST-5, ,147391,C,129,TAE,0,0,NWS Storm Survey, ,3.85,100,2,SW,2,ENE,WAKULLA,04/23/2020,1800,30.25,-84.26,30.2394,-84.1966,"A  tornado touched down just north of Wakulla Springs State Park. The tornado crossed CR 363 , Woodville Highway,  just south of Savannah Road, before lifting just east of Early Bird Trail. Damage was primarily snapped and uprooted trees, but at least one|tree fell on a home.","Another in a series of strong upper level troughs pushed through the southeast states, resulting in another enhanced risk of severe storms from the Storm Prediction Center.  The tri-state area was hit fairly hard again, with numerous reports of wind damage documented along with several tornadoes.",210
890639,TAYLOR CO.,JACK LEE ISLAND,04/23/2020,1856,Tornado, ,EF1,0,0,50000,0,FL,EST-5, ,147391,C,123,TAE,0,0,NWS Storm Survey, ,0.46,100,0,N,0,E,JACK LEE ISLAND,04/23/2020,1900,29.83,-83.6,29.8293,-83.5924,"A tornadic water spout came ashore into Keaton Beach and severely damaged a boat rental facility pulling concrete pilings out of the ground. The tornado lifted shortly after that.","Another in a series of strong upper level troughs pushed through the southeast states, resulting in another enhanced risk of severe storms from the Storm Prediction Center.  The tri-state area was hit fairly hard again, with numerous reports of wind damage documented along with several tornadoes.",211
879325,GILCHRIST CO.,WILLIFORD,04/23/2020,2011,Tornado, ,EF0,0,0,0,0,FL,EST-5, ,146292,C,41,JAX,0,0,Trained Spotter, ,0.6,50,6,NW,6,NW,WILLIFORD,04/23/2020,2012,29.84,-82.87,29.8412,-82.86,"A tornado was reported tracking east about 3 miles north of Bell off of Highway 129. There was no information regarding the extent of damage. The path lenght was approximated.","A very active weather pattern occurred across the area during the afternoon and lasted overnight as a couple of pre-frontal troughs pivoted across the local bringing a couple rounds of severe storms as the surface low pressure center tracked over the mid-Mississippi Valley during the morning then over the Tennessee Valley into the afternoon. Phased upper level dynamics, an unseasonally moisture airmass, high shear including 0-6 km shear of 60-70 and 0-1 km shear of 20-30, high instability of 500-2000 J/kg surface CAPEs and steep mid level lapse rates near 7 deg C/km all supported a variety of weather threats as these prefrontal troughs moved across the local area. During the afternoon, a pre-frontal cluster of storms raced across SE GA with a very long lived supercell producing multiple tornadoes from across SW GA including Adel to a local touchdown near northern Clinch county near Cogdell then onward to Waycross. This same supercell continued to track NE toward Glynn county and the cities of Hortense and Sterling where it produced very strong downburst damage. During the evening hours, an outflow boundary from the earlier GA storms stalled across NE FL south of the I-10 corridor. The more unstable airmass was south of this boundary as yet another round of severe storms approached from the FL panhandle with a QLCS structure. These storms produced wind damage across NE FL as they tracked across the area through the evening and early morning hours through 4/24.",212
886987,GADSDEN CO.,GRETNA,04/29/2020,1834,Tornado, ,EF1,0,0,50000,0,FL,EST-5, ,147393,C,39,TAE,0,0,NWS Storm Survey, ,0.96,150,4,NE,5,ENE,MOUNT PLEASANT,04/29/2020,1836,30.6577,-84.622,30.6692,-84.613,"The tornado touched down northeast of Gretna, FL in a field south of M&M Lane and moved northeast through a community with the final piece of damage being seen on Bainbridge highway. The majority of the damage was uprooted and snapped trees as well as some siding, roof and undercarriage damage on manufactured homes. The areas to the northeast and southwest were extensively surveyed but no additional damage was found.","As a cold front moved through the region, showers and thunderstorms ahead of the front mostly remained below severe levels.  However, one tornado occurred in Gadsden county associated with a discrete supercell.",213
891177,PALM BEACH CO.,BELLE GLADE,05/21/2020,1345,Tornado, ,EF0,0,0,0,0,FL,EST-5, ,147955,C,99,MFL,0,0,Law Enforcement, ,0.25,25,0,SW,0,SW,BELLE GLADE,05/21/2020,1400,26.6774,-80.6739,26.6774,-80.6739,"The Palm Beach Sheriffs Office and multiple trained spotters reported that a landspout tornado occurred in an open field near 800 S. Main Street in Belle Glade. No damage was noted.","A rex block characterized by a deep upper-level low across the Tennessee Valley Region and an upper-level high across the Great Lakes Region gave way to an upper-level cold pocket across the southeastern portions of the United states. Simultaneously, a mid-level vorticity lobe rotated across the region which also aided in an increase of convection, especially due to the combination of lingering boundaries and sea breeze formation. Forecast soundings also showed an inverted V as well as favorable DCAPE values, which were supportive for a few damaging wind gusts with the taller, more robust, updrafts contained hail. Furthermore, tornado potential increased with favorable low level winds and shear across land. Finally, with an overall weaker flow aloft and PWATs approaching the 2 inch mark, some localized flooding occurred.",214
892130,MIAMI-DADE CO.,ALADDIN CITY,05/25/2020,30,Tornado, ,EF1,0,0,0,0,FL,EST-5, ,148150,C,86,MFL,0,0,NWS Storm Survey, ,4.83,40,1,ENE,4,NW,ALADDIN CITY,05/25/2020,43,25.5742,-80.4518,25.6189,-80.5114,"NWS storm survey team found damage consistent with an EF-1 tornado that developed around the Miami Everglades RV Resort and moved discontinuously northwest to near SW 197th Avenue and SW 156th Street. Several campers were tipped over at the Miami Everglades RV Resort, consistent with stronger winds around 90 mph per radar-based statistical model. The majority of the remaining damage was limited to trees and fencing starting east of Krome Avenue around SW 192nd Street.","Upper-level troughing remained prominent across the Gulf of Mexico with a speed max extending east-northeast from the Bay of Campeche into the northwest Caribbean Sea. A decaying Mesoscale Convective Vortex (MCV) was lifting north through the Atlantic waters while surface troughing extended from the southern Florida Peninsula southwest into the southern Gulf of Mexico. Given the diffluent pattern aloft, subtle vorticity perturbations, the remnant MCV, and the surface trough, plentiful sources for lift were evident across South Florida that allowed for the development of scattered to numerous showers and thunderstorms. Additionally, plenty of moisture was distributed areawide with rainfall rates exceeding 2 inches per hour. Abundant moisture along with preceding heavy rainfall and antecedent conditions led to widespread flooding across Miami-Dade and Broward counties. Furthermore, increasing low-level shear behind the MCV whipped up a brief tornado in Miami-Dade County and a funnel cloud in Broward County.",215
892120,SARASOTA CO.,VENICE,06/01/2020,1639,Tornado, ,EF0,0,0,0,0,FL,EST-5, ,148149,C,115,TBW,0,0,Public, ,0.62,75,1,ENE,1,E,VENICE,06/01/2020,1643,27.1077,-82.4161,27.0988,-82.4149,"A short lived tornado touched down near Wellfield Park and crossed E Venice Ave before pushing through a Publix across the street.","A brief tornado formed just behind a gust front as a new storm developed above the gust front and tilted the horizontal rotation into the vertical.",216
892128,SUMTER CO.,LINDEN,06/06/2020,1653,Tornado, ,EF0,0,0,0,0,FL,EST-5, ,147241,C,119,TBW,0,0,Trained Spotter, ,0.25,75,1,E,1,E,LINDEN,06/06/2020,1658,28.57,-82.01,28.5667,-82.0085,"Trained spotter reported a quick tornado touch down on Hwy 50 picking up dirt. No damage was reported.","Tropical Storm Cristobal developed in the southern Gulf of Mexico on June 1 before moving north and making landfall in southeast Louisiana on June 7. Effects across the FL peninsula associated with the eastern periphery of the tropical storm included heavy rainfall, gusty winds and a few tornadoes.",217
892156,PINELLAS CO.,CLEARWATER,06/06/2020,1659,Tornado, ,EF0,0,0,30000,0,FL,EST-5, ,147241,C,103,TBW,0,0,Public, ,0.91,75,1,W,1,NW,CLEARWATER,06/06/2020,1704,27.9783,-82.77,27.99,-82.7631,"Social media picture of trees on vehicles on Long Street near Ridge Ave. More trees downed near Gentry St. and Ridge Ave.  Also damage near North Keene road and Sunset Point Rd, garage wall pushed in and additional tree damage.","Tropical Storm Cristobal developed in the southern Gulf of Mexico on June 1 before moving north and making landfall in southeast Louisiana on June 7. Effects across the FL peninsula associated with the eastern periphery of the tropical storm included heavy rainfall, gusty winds and a few tornadoes.",218
889152,ORANGE CO.,ORLOVISTA,06/06/2020,1707,Tornado, ,EF0,0,0,0,0,FL,EST-5, ,147748,C,95,MLB,0,0,Public, ,0.01,10,3,SE,3,SE,ORLOVISTA,06/06/2020,1707,28.5001,-81.4361,28.5001,-81.4361,"Multiple videos were obtained from the public which confirmed a weak tornado (landspout) briefly occurred just south of the 33rd Street Industrial Park, in the area of Interstate 4 and Mall-at-Millenia. The landspout-tornado quickly dissipated and no damage occurred.","Conditions became favorable for severe weather in central Florida due to enhanced winds aloft on the far eastern periphery of Tropical Storm Cristobal which was moving north over the central Gulf of Mexico. Scattered to numerous severe thunderstorms developed across Lake, Orange and Volusia counties producing areas of damaging winds and several tornadoes and waterspouts over inland lakes.",219
892157,SUMTER CO.,OXFORD,06/06/2020,1720,Tornado, ,EF0,0,0,40000,0,FL,EST-5, ,147241,C,119,TBW,0,0,Emergency Manager, ,0.51,75,3,W,3,W,OXFORD,06/06/2020,1725,28.93,-82.08,28.9233,-82.0764,"One barn damaged and home with roof damage at CR466 and CR227.","Tropical Storm Cristobal developed in the southern Gulf of Mexico on June 1 before moving north and making landfall in southeast Louisiana on June 7. Effects across the FL peninsula associated with the eastern periphery of the tropical storm included heavy rainfall, gusty winds and a few tornadoes.",220
889153,ORANGE CO.,SKY LAKE,06/06/2020,1740,Tornado, ,EF0,0,0,0,0,FL,EST-5, ,147748,C,95,MLB,0,0,Trained Spotter, ,0.01,20,2,WNW,2,WNW,SKY LAKE,06/06/2020,1740,28.4634,-81.4074,28.4634,-81.4074,"A trained spotter observed a brief tornado (landspout) develop near Lake Ellenor, lasting approximately 30 to 45 seconds before dissipating. No damage occurred from this landspout-tornado. Video corroborated the visual observation.","Conditions became favorable for severe weather in central Florida due to enhanced winds aloft on the far eastern periphery of Tropical Storm Cristobal which was moving north over the central Gulf of Mexico. Scattered to numerous severe thunderstorms developed across Lake, Orange and Volusia counties producing areas of damaging winds and several tornadoes and waterspouts over inland lakes.",221
889154,ORANGE CO.,BELLE ISLE,06/06/2020,1820,Tornado, ,EF1,0,0,956000,0,FL,EST-5, ,147748,C,95,MLB,0,0,NWS Storm Survey, ,5.12,500,0,W,1,SE,ORLANDO,06/06/2020,1832,28.4701,-81.3559,28.5439,-81.3636,"A National Weather Service damage survey and numerous eyewitness reports, photographs and video confirmed a waterspout/tornado moved north along a 5.1 mile path from Lake Conway to Thornton Park. The peak intensity was estimated at 100-105 mph.||A waterspout initially formed on the west-central portion of Lake Conway at approximately 1820LST and traveled north, briefly coming onshore and crossing a narrow strip of land at Hoffner Avenue, then moving back over water, crossing Little Lake Conway. The waterspout then moved back onshore as a tornado at the south end of Ferncreek Avenue. The tornado nearly paralleled Ferncreek Avenue and Martin Street as it moved nearly due north, crossing State Road 408, and lifting at Lake Lawsona Park at approximately 1832LST.||Damage was continuous along a 5.1 mile swath with a width of 350-500 yards. As the tornado came onshore at Hoffner Avenue it briefly attained EF-1 intensity (peak winds estimated at 85-90 mph) resulting in severe damage to the roof of a lakefront home and numerous large trees were toppled. Damage along much of the remainder of the path was rated EF-0 (winds estimated 65-85 mph).||The EF-0 damage consisted generally of uprooted trees, toppled trees, and snapped large branches. Several large trees fell onto homes, causing significant damage mainly to roofs. Multiple vehicles were damaged due to downed trees and fallen large branches. ||The tornado reached peak intensity of EF-1 in the vicinity of Ferncreek Avenue, Lake Margaret Drive and Carmia Drive (estimated peak winds 100-105 mph). Several one story apartment buildings lost significant portions of their roofs.||There were no injuries or fatalities. The Orange��County Property Appraiser's Office reported 42 homes and businesses were damaged, totaling $955,748.","Conditions became favorable for severe weather in central Florida due to enhanced winds aloft on the far eastern periphery of Tropical Storm Cristobal which was moving north over the central Gulf of Mexico. Scattered to numerous severe thunderstorms developed across Lake, Orange and Volusia counties producing areas of damaging winds and several tornadoes and waterspouts over inland lakes.",222
889165,VOLUSIA CO.,LAKE MONROE LAKE,06/06/2020,1927,Tornado, ,EF0,0,0,0,0,FL,EST-5, ,147748,C,127,MLB,0,0,Trained Spotter, ,2,200,1,SSE,1,ESE,ENTERPRISE,06/06/2020,1934,28.8387,-81.2614,28.868,-81.2603,"Numerous eyewitness reports, photographs and video were received from trained spotters and the public of a large waterspout that developed on Lake Monroe, which then came onshore briefly along the north shore of the lake as a rapidly weakening tornado. The waterspout developed on Lake Monroe at approximately 1927 LST and quickly became large, reaching an estimated maximum width of approximately 200 yards. The slow-moving waterspout then reached the north side of the lake near the 860th block of Lakeshore Drive in Enterprise at approximately 1934 LST as a rapidly weakening EF-0 tornado. The tornado dissipated between Lakeshore Drive and Jacob Brock Avenue, just east of the Florida United Methodist Children's Home and west of Broadway Street. An eyewitness near the point of dissipation, initially observed the waterspout over the lake, then described a complete lull of wind, followed by a increase of winds from the opposite direction, suddenly becoming very strong. Based on this report, along with only minor damage to trees near the lakefront, peak winds were estimated between 45 and 55 mph.","Conditions became favorable for severe weather in central Florida due to enhanced winds aloft on the far eastern periphery of Tropical Storm Cristobal which was moving north over the central Gulf of Mexico. Scattered to numerous severe thunderstorms developed across Lake, Orange and Volusia counties producing areas of damaging winds and several tornadoes and waterspouts over inland lakes.",223
892787,COLUMBIA CO.,BASS,06/07/2020,1430,Tornado, ,EF0,0,0,0,0,FL,EST-5, ,148220,C,23,JAX,0,0,Emergency Manager, ,1.43,100,2,ESE,2,E,BASS,06/07/2020,1435,30.087,-82.6754,30.1043,-82.6624,"Around 330 pm a tornado touched down near Bradshaw Road where it damaged trees. The tornado tracked north-northeast and continued to snap trees as it tracked across SW Bellmont Drive and damage a small barn as it nearly paralleled State Road 47. The tornado path then tracked NNE along SW State Road 47 where it damaged large oak trees and power lines. The tornado peaked in intensity in this area with max winds around 85 mph. The tornado lifted just east of the State Road 47 along SW Wester Drive.","Deep tropical moisture was in place (PWAT 2.5) with the area on the east side of TS |Cristobal as the storm approached the LA Gulf Coast. Waves of moderate to heavy rainfall with isolated embedded thunderstorms pivoted northward across the local forecast area into the evening with a more solid band of moderate to heavy rainfall developing across north Florida as low level convergence increased between a lifting frontal zones across south-central  FL and a persistent low level ridge axis holding firm just north of the Altamaha River basin. This ridge will limit the northward extend/expansion of the convective band into Sun, and generally focused a W-E oriented swath of heavy rainfall generally near and south of the I-10 corridor overnight into Sunday morning on 6/7.  The ridge strengthened north of the Altamaha Region Sun afternoon 6/7, which shunt the corridor of heavy rain SSW toward the I-75 corridor of NE FL with drier mid level air (700-500 mb) decreasing rain chances across SE GA and eastern NE FL into Sun evening. In addition to heavy rainfall potential, there was a low tornado threat for NE FL into the evening of 6/6 with elevated 0-1 km shear values 20-25 kts with low level ESE winds under increasing  SSW winds out of the GOMEX, with speeds increasing to 35-45 kts at 850 mb through 06z Sun 6/7.",224
889517,LAKE CO.,ORANGE BEND,06/07/2020,1440,Tornado, ,EF0,0,0,0,0,FL,EST-5, ,147784,C,69,MLB,0,0,Trained Spotter, ,0.01,25,3,NW,3,NW,ORANGE BEND,06/07/2020,1440,28.8984,-81.8119,28.8984,-81.8119,"Numerous photos and videos from trained spotters showed a brief tornado touchdown in the Emeralda Marsh Conservation Area just north of Lisbon. The tornado was on the ground less than one minute west of Emeralda Island Road between Lake Griffith and Lake Yale. The tornado produced no damage as it was over a marsh.","As Tropical Storm Cristobal approached the northern Gulf Coast, scattered storms developed in Lake County. Two of the thunderstorms became severe  and produced brief, weak tornadoes near Lisbon and Tavares.",225
892991,UNION CO.,DUKE,06/07/2020,1505,Tornado, ,EF0,0,0,0,0,FL,EST-5, ,148220,C,125,JAX,0,0,Emergency Manager, ,0.01,25,2,SSE,2,SSE,DUKE,06/07/2020,1505,29.9394,-82.3885,29.9394,-82.3885,"A weak EF0 tornado with peak winds near 75 mph briefly touched down just north of New River and just south of SW County Road 18A where it produced structure damage including roof damage to a shed, a porch, gazebo, and a pump house. Trees were blown down at a property along SW 43rd Terrace.","Deep tropical moisture was in place (PWAT 2.5) with the area on the east side of TS |Cristobal as the storm approached the LA Gulf Coast. Waves of moderate to heavy rainfall with isolated embedded thunderstorms pivoted northward across the local forecast area into the evening with a more solid band of moderate to heavy rainfall developing across north Florida as low level convergence increased between a lifting frontal zones across south-central  FL and a persistent low level ridge axis holding firm just north of the Altamaha River basin. This ridge will limit the northward extend/expansion of the convective band into Sun, and generally focused a W-E oriented swath of heavy rainfall generally near and south of the I-10 corridor overnight into Sunday morning on 6/7.  The ridge strengthened north of the Altamaha Region Sun afternoon 6/7, which shunt the corridor of heavy rain SSW toward the I-75 corridor of NE FL with drier mid level air (700-500 mb) decreasing rain chances across SE GA and eastern NE FL into Sun evening. In addition to heavy rainfall potential, there was a low tornado threat for NE FL into the evening of 6/6 with elevated 0-1 km shear values 20-25 kts with low level ESE winds under increasing  SSW winds out of the GOMEX, with speeds increasing to 35-45 kts at 850 mb through 06z Sun 6/7.",226
889521,LAKE CO.,TAVARES,06/07/2020,1741,Tornado, ,EF0,0,0,0,0,FL,EST-5, ,147784,C,69,MLB,0,0,Emergency Manager, ,0.5,20,1,ESE,1,E,TAVARES,06/07/2020,1742,28.7914,-81.704,28.7981,-81.701,"Based on numerous videos, pictures, and reports received from Lake County Emergency Management, Lake County Sheriff's Office, local broadcast media, trained spotters and the public, a waterspout on Lake Dora came onshore in Tavares as a brief tornado before quickly dissipating. The waterspout formed on Lake Dora at approximately 1741 LST. The waterspout came onshore on the north side of the lake near the 32900th block of Lakeshore Drive in Tavares at approximately 1742 LST, as a weakening tornado. The tornado knocked down a power pole and transformer on Lakeshore Drive before dissipating north of the road. Peak winds are estimated between 60-65 mph. No other damages or injuries occurred.","As Tropical Storm Cristobal approached the northern Gulf Coast, scattered storms developed in Lake County. Two of the thunderstorms became severe  and produced brief, weak tornadoes near Lisbon and Tavares.",227
892513,SARASOTA CO.,VAMO,06/26/2020,1845,Tornado, ,EF0,0,0,0,0,FL,EST-5, ,148243,C,115,TBW,0,0,Broadcast Media, ,0.4,75,3,ENE,3,NE,SARABAY ACRES,06/26/2020,1850,27.24,-82.44,27.2343,-82.4402,"A brief tornado touched down in Sarasota south of Hwy 72 and just east of I-75. Location based on photos and radar at the time.","A strong thunderstorm along the seabreeze boundary produced a quick lived tornado.",228
899582,PALM BEACH CO.,(PBI)PALM BEACH ARPT,07/14/2020,1745,Tornado, ,EF0,0,0,0,0,FL,EST-5, ,149248,C,99,MFL,0,0,Broadcast Media, ,0.25,25,2,N,2,N,(PBI)PALM BEACH ARPT,07/14/2020,1748,26.71,-80.15,26.71,-80.15,"Broadcast media relayed reports of an EF0 landspout tornado produced by a thunderstorm outflow boundary collision near Haverhill, FL. The landspout persisted for a few minutes. No damage reported.","Scattered showers and thunderstorms developed along the sea breeze in the late afternoon over the interior and pushed towards the East Coast due to prevailing southerly/southwesterly flow. As these storms developed in the interior during peak heating hours, they produced a landspout.",229
895611,MANATEE CO.,CORTEZ,07/16/2020,1705,Tornado, ,EF0,0,0,0,8000,FL,EST-5, ,148667,C,81,TBW,0,0,Emergency Manager, ,0.16,75,1,WSW,2,SSE,BRADENTON BEACH,07/16/2020,1710,27.45,-82.69,27.4494,-82.6925,"Multiple reports of trees down near Coquina Beach due to a waterspout that pushes on land that became a tornado.","A strong waterspout came ashore on Coquina Beach causing damage.",230
902755,MANATEE CO.,CORTEZ,08/09/2020,1715,Tornado, ,EF0,0,0,20000,0,FL,EST-5, ,149766,C,81,TBW,0,0,Law Enforcement, ,0.17,100,1,WSW,1,SSE,BRADENTON BEACH,08/09/2020,1717,27.45,-82.69,27.4494,-82.6927,"A waterspout came ashore near Bradenton Beach producing a tornado. Damage included a lifeguard stand, an outdoor wooden canopy with picnic table, half a dozen umbrellas stands, and medium size tree branches.","A strong waterspout came ashore near Bradenton beach producing a tornado. A lifeguard tower was close to the tornado and produced a strong wind gust.",231
906391,BREVARD CO.,MERRITT IS,08/16/2020,1548,Tornado, ,EF0,0,0,0,0,FL,EST-5, ,150349,C,9,MLB,0,0,NWS Storm Survey, ,0.43,15,3,ENE,3,ENE,MERRITT IS,08/16/2020,1549,28.3646,-80.6749,28.3607,-80.6694,"Eyewitness reports indicated that a waterspout developed over Sykes Creek near a strong thunderstorm (however it was not raining at the time), then moved southeast and reached land less than a minute later. A NWS Storm Survey confirmed the circulation reached land toward the west end of Island Drive on North Merritt Island, where the strongest winds of the tornado occurred (EF-0, estimated winds 55-65 mph), removing a porch from the back yard of a home immediately adjacent to the creek. The tornado lifted the porch over the home and dropped it into the front yard. The tornado weakened as it traveled southeast for less than a half-mile, causing minor shingle, soffit and fence damage along it's short track.","A waterspout developed over Sykes Creek during a strong thunderstorm, then moved onshore a small portion of Merritt Island, producing weak EF-0 tornado damage to a home located immediately adjacent to the creek.",232
906426,VOLUSIA CO.,FATIO,08/18/2020,1448,Tornado, ,EF2,0,1,8010000,0,FL,EST-5, ,150299,C,127,MLB,0,0,NWS Storm Survey, ,4.59,550,1,SSE,1,SSE,DE LAND MUNI ARPT,08/18/2020,1502,29.0349,-81.341,29.0549,-81.2686,"A National Weather Service Damage Survey confirmed that a strong tornado moved through North DeLand along a 4.6 mile long path with peak winds estimated between 110-120 mph. The tornado began around the intersection of W Minnesota Ave and N Ridgewood Ave, near the West Minnesota Estates neighborhood. The tornado generally tracked east-northeast across the city resulting in many downed medium to large tree branches, downed power lines, and numerous large trees were uprooted, which led to many local and major roadways being blocked. Many homes and vehicles suffered moderate to major damage as large tree branches or entire trees fell on them.||The tornado briefly intensified just southwest of the intersection of W Plymouth Avenue and N Spring Garden Avenue where EF-1 damage occurred. Two storage facility buildings suffered major roof collapse with winds estimated at 80-90 mph. The tornado continued to produce EF-0 damage along and south of W Plymouth Avenue as it moved towards Woodland Blvd. ||As the tornado reached Woodland Blvd. it quickly intensified and reached its widest point at approximately 550 yards. Extensive EF-1 damage was seen from Woodland Blvd. east to Amelia Avenue, and from E Kentucky Ave south to E Woodmont Road, with winds estimated between 90-100 mph. Damage was most significant along E Washington Ave between N Alabama Ave and N Amelia Ave, just east of US Hwy 17 where winds are estimated between 110-120 mph. Two homes had total roof loss, with a few others receiving moderate to major roof and structural damage. Several healthy tree trunks were found snapped and twisted near the base, with numerous smaller trees snapped midway. Videos taken along N Woodland Blvd revealed that a box delivery truck was tipped over and a car was flipped.||The tornado dissipated just east of the Lake Lindley subdivision between Jacobs Road and Lake Talmadge Drive where many large branches were snapped near the tops of the trees. ||There was one injury and no fatalities reported. Preliminary damage estimates from the Volusia County Property Appraiser indicate total damage of approximately $8,010,339. There were 163 damaged structures, with 49 sustaining minor damage, 40 sustaining major damage, and 5 that were destroyed.","Numerous thunderstorms developed along outflow boundary and sea breeze collisions. These storms produced two tornadoes in western Volusia County, including a rare August EF-2. In addition, other thunderstorms produced strong winds and hail along the Volusia and Brevard County coasts.",233
906423,VOLUSIA CO.,ORANGE CITY,08/18/2020,1448,Tornado, ,EF0,0,0,40000,0,FL,EST-5, ,150299,C,127,MLB,0,0,NWS Storm Survey, ,0.05,70,2,E,2,E,ORANGE CITY,08/18/2020,1449,28.9492,-81.266,28.9491,-81.2652,"A National Weather Service Damage Survey confirmed that a brief EF-0 tornado impacted the Sunset Hills subdivision east of Orange City. The tornado tracked along a 0.1 mile long path, with maximum winds estimated between 65-75 mph. The tornado had a maximum width of approximately 70 yards. Several large tree branches were downed on both sides of County Road 4101, between Sunnyside Ave and E Graves Ave. A mobile home was destroyed after its roof caved in at the intersection of Sunnyside Ave and County Road 4101. Preliminary damage estimates from the Volusia County Property Appraiser was $40,000, with one structure destroyed. There were no reported injuries or fatalities.","Numerous thunderstorms developed along outflow boundary and sea breeze collisions. These storms produced two tornadoes in western Volusia County, including a rare August EF-2. In addition, other thunderstorms produced strong winds and hail along the Volusia and Brevard County coasts.",234
912004,MIAMI-DADE CO.,GOLDEN BEACH,08/19/2020,1320,Tornado, ,EF0,0,0,0,0,FL,EST-5, ,151319,C,86,MFL,0,0,NWS Storm Survey, ,0.5,160,1,N,2,N,GOLDEN BEACH,08/19/2020,1323,25.967,-80.1187,25.9746,-80.1188,"A landfalling waterspout produced from a thunderstorm moved briefly onshore in Golden Beach as a tornado for approximately 3 minutes before lifting right before the Broward County line. The tornado moved northward at approximately 10 mph along the ocean side of Ocean Boulevard/Highway A1A from the 400 block of Ocean Boulevard to |near County Line Road. Damage consisted primarily of numerous broken/snapped tree branches, including to a large Sea Grape tree, a couple of newly-planted trees toppled, several damaged/twisted metal gates, and tossed lawn/patio furniture. Some of the debris ended up in the adjacent Atlantic Ocean. Most of the damage was confined to ocean-facing homes and properties. One home had water blown in through a set of sliding glass doors due to the force of the wind.||This damage is mainly consistent with EF-0 intensity, although one or two spots could have experienced winds close to the EF-1 threshold (80-85 mph). ||Thankfully, no injuries were reported.","A robust, stationary trough over the Gulf of Mexico kept deep, south/southwest flow and rich tropical moisture over South Florida. Several short waves rotating |around the base of the trough enhanced the showers and |thunderstorms that produced a tornado over the Golden Beach area in Miami-Dade from a waterspouts and flooding from heavy rainfall.",235
919995,CALHOUN CO.,MACEDONIA,09/16/2020,653,Tornado, ,EF0,0,0,1000,0,FL,CST-6, ,151832,C,13,TAE,0,0,Public, ,7.77,50,2,SSE,3,NNE,ALTHA,09/16/2020,709,30.5095,-85.0401,30.606,-85.107,"Trees were blown down and damage to a shed occurred in northern Calhoun county.  In addition, the public reported a tornado crossing into southern Jackson county.  Other than the shed, no structural damage occurred and this tornado was rated EF0.","Hurricane Sally made landfall early on the morning of September 16 across Gulf Shores Alabama. The greatest impacts to the tri-state area came in the form of very heavy rain and significant flooding on and away from area rivers.  Record river flooding occurred on the Shoal River at Mossy Head as well as Holmes Creek at Vernon.",236
919996,JACKSON CO.,ALLIANCE,09/16/2020,709,Tornado, ,EF0,0,0,0,0,FL,CST-6, ,151832,C,63,TAE,0,0,Public, ,2.15,50,0,SSE,1,E,UNION CITY,09/16/2020,712,30.606,-85.107,30.63,-85.13,"This is a continuation of the weak tornado from Calhoun county.  A tornado tracked just inside of Jackson county before lifting according to reports from the public.  Only damage to trees was reported, and this tornado was rated EF0.","Hurricane Sally made landfall early on the morning of September 16 across Gulf Shores Alabama. The greatest impacts to the tri-state area came in the form of very heavy rain and significant flooding on and away from area rivers.  Record river flooding occurred on the Shoal River at Mossy Head as well as Holmes Creek at Vernon.",237
927747,MANATEE CO.,VERNA,11/11/2020,1218,Tornado, ,EF0,0,0,0,0,FL,EST-5, ,153671,C,81,TBW,0,0,Emergency Manager, ,0.36,100,4,NNW,4,NNW,VERNA,11/11/2020,1228,27.43,-82.3,27.43,-82.2942,"Emergency Manager reported a porch damage destoryed on the 6000 block of county road 675 near Myakka. Radar verified a short lived tornado was the cause of the damage.","Hurricane Eta originated from a tropical depression that formed in the central Caribbean Sea on October 31st. The depression strengthened into Tropical Storm Eta later that day and continued rapid intensification to major hurricane status on November 2nd while moving westward across the western Caribbean, reaching peak intensity of 150 mph and 923 mb on November 3rd, before making landfall near Puerto Cabezas, Nicaragua. Eta meandered across Nicaragua and Honduras while weakening to a tropical depression through November 5th before emerging over the northwest Caribbean Sea while gradually turning northeast. Eta regained tropical storm status on November 6th and made landfall in Cuba on the 7th, emerged in the Florida Straits and turned westward on the 8th before making landfall in the Florida Keys later that day. The storm made a southwest jog into the southeastern Gulf of Mexico on the 9th before it briefly stalled then turned northward on the 10th. Eta accelerated north-northeast across the eastern Gulf toward the western Florida coast and briefly strengthened to a minimal hurricane during the early morning hours on the 11th, reaching a second peak of 75 mph and 983 mb while centered about 170 miles south-southwest of Tampa. Eta then weakened to a tropical storm as it approached the peninsula and made landfall on November 12th near Cedar Key around 4 AM EST with maximum sustained winds of 50 mph and a minimum central pressure of 996 mb.||The highest measured wind gust in west central Florida was 60 mph at Punta Gorda (KPGD) in Charlotte County. Greatest water level rises occurred at Old Port Tampa in Hillsborough County, where a peak of 3.87 ft MHHW was observed. Area rainfall amounts were generally in the 5- to 10-inch range, with a maximum storm total rainfall amount of 10.39 inches recorded near Sun City Center in Hillsborough County.||Levy County- In Levy County the highest wind reported from Hurricane Eta was a gust of 50 mph at a mesonet site on Cedar Key. Rainfall was below 5 inches across the area with no significant damage being reported. The maximum storm surge was 2.10 ft MHHW in Cedar Key.||Citrus County- In Citrus County the highest wind reported from Hurricane Eta was a gust of 53 mph at a mesonet site in Crystal River. Rainfall was below 5 inches across the area with the highest total being 3.64 inches in Inverness. No significant damage was reported. ||Hernando County- In Hernando County the highest wind reported from Hurricane Eta was a gust of 48 mph at a mesonet site in Weeki Wachee. Rainfall was below 5 inches across the area with the highest total being 3.18 inches at the Brooksville-Tampa Regional Airport.  No significant damage was reported. ||Pasco County- In Pasco County the highest wind reported from Hurricane Eta was a gust of 44 mph at the AWOS located at the Zephyrhills Municipal Airport. Rainfall was generally around 5 inches across the area with the highest total being 5.05 inches in Holiday.  No significant damage was reported.  ||Pinellas County-In Pinellas County the highest wind reported from Hurricane Eta was a gust of 60 mph at the weather flow site on Clearwater Beach. Rainfall was generally above 5 inches with the highest rain total being 9.11 inches at a site in St. Petersburg. The wind resulted in many homes being damaged, as well as knocking over trees and power lines. There was also significant beach erosion along southwest facing beaches from Redington Shore to Pass-a-Grill. Pinellas County Emergency Management reported 88 homes with major damage, 621 homes with minor damage, and 1,496 other homes being affected. The total property damage by Eta in Pinellas County was estimated at $40.1 million. The maximum storm surge was 3.47 ft MHHW at St. Pete Beach. ||Hillsborough County- In Hillsborough County the highest wind reported from Hurricane Eta was a gust of 59 mph at the weather flow site at the Tampa Bay Cut. Rainfall was generally above 5 inches, with the highest rain total being 10.39 inches at a site in Sun City Center. The wind resulted in some homes being damaged, as well as knocking over trees and power lines. Hillsborough County Emergency Management reported  8 homes with major damage, 15 homes with minor damage, and 10 other homes being affected. The total property damage by Eta in Hillsborough county was estimated at $485,00. The maximum storm surge was 3.87 ft MHHW at Old Port Tampa. ||Manatee County-In Manatee County the highest wind reported from Hurricane Eta was a gust of 54 mph at the ASOS site at Sarasota-Bradenton International Airport. Rainfall was generally above 5 inches, with the highest rain total being 8.10 inches at a site in South Bradenton. The wind and salt water flooding resulted in some homes being damaged, as well as knocking over trees and power lines. There was also significant beach erosion along barrier island from Anna Maria Island to Long Key. Manatee County Emergency Management reported 6 homes with major damage, 27 homes with minor damage, and 99 other homes being affected. An EF-0 tornado was also found to have briefly touched down near Myakka causing porch damage to one home. The total property damage by Eta in Manatee County was estimated at $10.3 million.  The maximum storm surge was 3.03 ft MHHW at Port Manatee. There was one indirect fatality reported in Bradenton Beach when a man was electrocuted when he touched an appliance while standing in water that had entered his house.||Sarasota County-In Sarasota County the highest wind reported from Hurricane Eta was a gust of 57 mph at the AWOS site at Venice Municipal Airport. Rainfall was generally around 5 inches, with the highest rain total being 6.23 inches at Sarasota-Bradenton International Airport. The wind caused some damage to homes, as well as knocking over trees and power lines. Also, storm surge caused the first floor of multiple hotels on Lido Key to be evacuated and caused damage to parking lots and jetties in the area.  The National Weather Service estimates about $500,000 in damages in the county.  ||Charlotte County- In Charlotte County the highest wind reported from Hurricane Eta was a gust of 60 mph at the ASOS at Punta Gorda Airport. Rainfall was generally below 5 inches, with the highest rain total being 4.58 inches at a site in Rotonda. The wind caused some damage to homes, as well as knocking down a few trees and power lines. Also, storm surge caused beach erosion and flooded streets and parking lots near Punta Gorda, Manasota Key, and Englewood Beach areas.  The National Weather Service estimates about $100,000 in damages in the county. ||Lee County- In Lee County the highest wind reported from Hurricane Eta was a gust of 52 mph at the ASOS at Southwest Florida International Airport. Rainfall was generally below 5 inches, with the highest rain total being 4.77 at the Southwest Florida International Airport. The wind caused some damage to homes, as well as knocking down a few trees and power lines. Also, salt water flooding was observed on south exposed beaches and nearby homes. The National Weather Service estimates about $100,000 in damages in the county. The maximum storm surge was 2.74 ft MHHW in Fort Myers.||Sumter County- In Sumter County no tropical storm wind speeds were recorded. Rainfall was generally around 5 inches across the area with the highest total being 5.51 inches in Wildwood.  No damage being reports. ||Polk County- In Polk County the highest wind reported from Hurricane Eta was a gust of 44 mph at the ASOS located at the Lakeland Linder Regional Airport. Rainfall was generally below 5 inches across the area with the highest total being 4.31 inches in Lakeland.  No damage being reports. ||Hardee County- In Hardee County there was no tropical storm force winds recorded. Rainfall was generally below 5 inches and no significant damage was reported. ||Desoto County- In Desoto County there was no tropical storm force winds recorded. Rainfall was generally below 5 inches and no significant damage was reported. ||Highlands County- In Highlands County the highest wind reported from Hurricane Eta was a gust of 39 mph at the AWOS located at the Sebring Regional Airport. Rainfall was generally below 5 inches across the area.  No damage being reports.",238
927424,MADISON CO.,HAMBURG,11/30/2020,310,Tornado, ,EF1,0,0,100000,0,FL,EST-5, ,153999,C,79,TAE,0,0,NWS Storm Survey, ,5.52,475,2,NNW,4,NNW,CHERRY LAKE,11/30/2020,318,30.5923,-83.5222,30.6365,-83.4448,"This tornado initially touched down near NW Little Cat Road in Madison County. Significant tree damage and minor structural damage was noted at a home along County Road 150. The tree damage intensified as the tornado moved northeast across a quail farm along Boggy Bay Road. Significant tree damage and damage to farm outbuildings suggests EF-1 intensity. This was the tornado's widest point. The path narrowed as it crossed County Road 253 where a significant number of snapped pine trees was noted. The tornado then weakened, with no other known structural damage, before lifting just southwest of State Road 53 near the Florida-Georgia line. Maximum winds are estimated to be 105 mph with a maximum width of 475 yards. Thanks to Madison County Emergency Management and Florida Division of Emergency Management for help with the survey.","A cold front brought a round of showers and thunderstorms to the area.  One storm produced a tornado as it moved through Madison county with some damage, resulting in damage to farm buildings.",239
926782,PINELLAS CO.,PALM HARBOR,11/30/2020,600,Tornado, ,EFU,0,0,0,0,FL,EST-5, ,153343,C,103,TBW,0,0,Trained Spotter, ,8.94,50,3,ENE,11,NE,OLDSMAR,11/30/2020,618,28.1,-82.69,28.172,-82.568,"Developing tornado initially reported via public near Cambridge Blvd. in East Lake in Pinellas County. No damage reported in Pinellas County as path continued northeast intermittently into Pasco County. The tornado was then reported via a storm spotter near SR 54 and Suncoast Parkway where a nearby residence reported downed tree limbs and patio furniture blown around.","Low pressure system moving across the eastern U.S. with attendant cold front extending into the Gulf of Mexico causes thunderstorms producing a tornado and straight-line wind damage.",240
995031,PASCO CO.,GULF PINE,11/30/2020,618,Tornado, ,EFU,0,0,1000,0,FL,EST-5, ,153343,C,101,TBW,0,0,Public, ,3.51,50,1,E,3,WNW,DENHAM,11/30/2020,625,28.172,-82.568,28.2,-82.52,"Tornado initially reported via public in Pinellas County near Cambridge Blvd. in East Lake before entering Pasco County near Odessa. Tornado then continued for 3 miles and was reported via a storm spotter near SR 54 and Suncoast Parkway, with a nearby residence reporting downed tree limbs and patio furniture blown around.","Low pressure system moving across the eastern U.S. with attendant cold front extending into the Gulf of Mexico causes thunderstorms producing a tornado and straight-line wind damage.",241
926779,PINELLAS CO.,ULMERTON,12/16/2020,1549,Tornado, ,EF2,0,0,16000000,0,FL,EST-5, ,153592,C,103,TBW,0,0,NWS Storm Survey, ,13.11,300,2,ESE,5,ENE,FEATHER SOUND,12/16/2020,1611,27.8637,-82.7524,27.9345,-82.5532,"Tornado formed near Bayou Club near Pinellas Park, then crossed Belcher Road and hit an industrial park where the greatest damage was observed. Buildings had uplift and removal of roof decking, outer walls collapsed. Two buildings were destroyed and five had major|damage. Several buildings in a boat storage facility had major damage and large 2-ton boats where thrown about. The damage became more spotty as it approached U.S. Highway 19. Insulation debris collected on a fence near the Saint Pete/Clearwater International Airport. Video on social media showed the tornado crossing the Howard Franklin Bridge (Interstate 275) with debris and a light pole dropping in front of the observer. The tornado then weakened and lifted as it reached the eastern edge of the Howard Franklin Bridge with no further damage observed. In total, 4 warehouses were destroyed with 9 receiving major damage and 6 others receiving minor damage. 1 home received major damage and 17 others received minor damage.","Low pressure in the Gulf of Mexico moved into the Florida Panhandle with a trailing cold front moving through West Central Florida in the afternoon. A surge of moisture ahead of the front created a brief opportunity for strong and locally severe storms. The strongest thunderstorm cell tracked from central Pinellas County to north of Plant City, then into north Lakeland, dropping a tornado sporadically along its path.",242
926780,HILLSBOROUGH CO.,KNIGHTS,12/16/2020,1653,Tornado, ,EF1,0,0,30000,0,FL,EST-5, ,153592,C,57,TBW,0,0,NWS Storm Survey, ,7.09,250,2,WSW,3,ENE,MIDWAY,12/16/2020,1705,28.061,-82.1662,28.094,-82.056,"Tornado first touched down near Plant City in eastern Hillsborough County with damage mostly confined to tree top level or higher. The most significant damage along its approximately 7-mile path in the county was to a small out building along North Wilder Rd in Plant City that was destroyed. The tornado then continued into Polk County where it significantly damaged a home in North Lakeland and downed numerous trees in addition to two small barns that were destroyed. In Hillsborough County, a small out building was destroyed and another was damaged.","Low pressure in the Gulf of Mexico moved into the Florida Panhandle with a trailing cold front moving through West Central Florida in the afternoon. A surge of moisture ahead of the front created a brief opportunity for strong and locally severe storms. The strongest thunderstorm cell tracked from central Pinellas County to north of Plant City, then into north Lakeland, dropping a tornado sporadically along its path.",243
995032,POLK CO.,GALLOWAY,12/16/2020,1705,Tornado, ,EF1,0,0,250000,0,FL,EST-5, ,153592,C,105,TBW,0,0,NWS Storm Survey, ,5.84,250,2,W,0,E,GIBSONIA,12/16/2020,1715,28.094,-82.056,28.1203,-81.965,"This tornado first touched down near Plant City in eastern Hillsborough County where it destroyed a small out building near Plant City before moving into Polk County and tracked approximately another 6 miles. The tornado significantly damaged a home in North Lakeland just north of Lake Gibson on Gibson Shores Drive, and downed numerous trees in this area in addition to two small barns that were destroyed. In Polk County, 1 home was significantly damaged and 9 others received minor damage along with the 2 small barns that were destroyed.","Low pressure in the Gulf of Mexico moved into the Florida Panhandle with a trailing cold front moving through West Central Florida in the afternoon. A surge of moisture ahead of the front created a brief opportunity for strong and locally severe storms. The strongest thunderstorm cell tracked from central Pinellas County to north of Plant City, then into north Lakeland, dropping a tornado sporadically along its path.",244
928427,BRADFORD CO.,HAMPTON,12/24/2020,1816,Tornado, ,EF1,0,2,0,0,FL,EST-5, ,154119,C,7,JAX,0,0,NWS Storm Survey, ,4.12,100,1,NW,3,SE,LINCOLN CITY,12/24/2020,1823,29.8855,-82.1426,29.9003,-82.076,"A weak tornado touched down just SW of Stark around 6:16 pm. The vortex damaged trees, fences, and roofs on manufactured homes along its 4 mile path. Four people were displaced on Christmas Eve by the tornado. Two people were taken to the hospital as a precaution and later released. The tornado was 100 yards at its widest point with peak winds of 105 mph.","A strong pre-frontal squall line crossed the local area during the afternoon and into the early evening. Despite the limited instability, strong bulk shear of 50-60 kts and a strong low level jet produced widespread wind damage as a squall line crossed the local area. Wind gusts of 45-66 mph produced widespread tree and power line damage. Three QLCS tornadoes produced damage across NE FL where better surface based instability occurred during the afternoon ahead of the squall line.",245
928616,DUVAL CO.,PLUMMERS,12/24/2020,1845,Tornado, ,EF1,0,0,0,0,FL,EST-5, ,154119,C,31,JAX,0,0,NWS Storm Survey, ,0.87,60,1,SW,0,SSW,PLUMMERS,12/24/2020,1848,30.1706,-81.6453,30.1765,-81.6325,"Just before 7 pm, at QLCS tornado touched down just south of I-295 in Mandarin from the shore of the St. Johns River near Tacito Trail and ended near Scott Circle East. The tornado damaged trees and caused minor damage to the roof of one home due to a tree falling on it. Another tree fell on a transformer which caused it to blow out and ignite the tree on fire. The tornado had peak winds of 105 mph.","A strong pre-frontal squall line crossed the local area during the afternoon and into the early evening. Despite the limited instability, strong bulk shear of 50-60 kts and a strong low level jet produced widespread wind damage as a squall line crossed the local area. Wind gusts of 45-66 mph produced widespread tree and power line damage. Three QLCS tornadoes produced damage across NE FL where better surface based instability occurred during the afternoon ahead of the squall line.",246
928619,DUVAL CO.,SUNBEAM,12/24/2020,1854,Tornado, ,EF1,0,0,0,0,FL,EST-5, ,154119,C,31,JAX,0,0,NWS Storm Survey, ,0.6,100,2,ENE,3,ENE,SUNBEAM,12/24/2020,1859,30.2142,-81.5427,30.2158,-81.5327,"Shortly before 7 pm on Christmas Eve, a QLCS tornado touched down just south of Baymeadows Blvd in the Baymeadows Subdivision. The tornado damaged trees. Peak winds were estimated at 105 mph.","A strong pre-frontal squall line crossed the local area during the afternoon and into the early evening. Despite the limited instability, strong bulk shear of 50-60 kts and a strong low level jet produced widespread wind damage as a squall line crossed the local area. Wind gusts of 45-66 mph produced widespread tree and power line damage. Three QLCS tornadoes produced damage across NE FL where better surface based instability occurred during the afternoon ahead of the squall line.",247
936510,LEON CO.,FORT BRADEN,01/27/2021,1130,Tornado, ,EF1,0,0,5000,0,FL,EST-5, ,154961,C,73,TAE,0,0,NWS Storm Survey, ,0.85,50,1,W,0,W,FORT BRADEN,01/27/2021,1131,30.4182,-84.5522,30.4196,-84.5381,"A tornado initially touched down on Oscar Harvey Rd., snapping some tree tops. The tornado then did damage consistent with an EF1 rating at Blountstown Highway and Seabs Rd. Several large live oak trees were uprooted and several out buildings were destroyed. Winds peaked around 90 mph in this area. The tornado lifted over the Apalachicola National Forest just east of the property.  Damage cost was estimated.","Strong to severe storms impacted portions of southwest Georgia and northwest Florida during the late morning and early afternoon hours.  Strong shear resulted in a tornado tracking along the south side of Tallahassee and impacting the Tallahassee airport, causing a parked plane to flip over.",248
936511,LEON CO.,ANDREW,01/27/2021,1137,Tornado, ,EF1,0,0,200000,0,FL,EST-5, ,154961,C,73,TAE,0,0,NWS Storm Survey, ,21.37,200,2,WNW,4,SSE,CHAIRES CROSSING,01/27/2021,1202,30.4074,-84.4323,30.3705,-84.0763,"A tornado touched down just west of the Tallahassee International Airport. The preliminary touch down point is estimated by radar. Once the tornado reached the airport, it moved a 737 from its parked position, spun a CRJ plane 90 degrees and flipped a small Piper plane upside down. There was also damage to a few hangars with some small percentage of metal roofing uplifted. One hangar had large canvas doors on both sides that were shredded with the support structure for one of the canvas doors wrenched free. A bit further east on the west end of the employee lot, one hardwood tree was uprooted and fell onto two cars. A few pine trees were snapped in the immediate vicinity. This one area had damage consistent with low-end EF-1 damage. The tornado may have lifted briefly as it|tracked east-southeast across sparsely populated areas. It did snap a large branch on a tree near Crawfordville Road and Rehwinkle Drive. There were several thin pines snapped along a half mile stretch of Tram Road just west of Capital Circle SE. Many of these trees were likely weakened by Hurricane Michael. Damage was done to a few small trees along the southern periphery of the Southwood Community, along Shumard Oak Blvd. and Four Oaks Blvd. There were then sporadic instances of damage along Tram Road east of Southwood. Damage was then noted along St. Joe Rd. with several trees snapped and uprooted there. Uprooted trees and minor property damage occurred on Fox Tail Road and Bobby Godwin Lane before the tornado lifted just west the Jefferson County line.  Damage cost was estimated.  Most of the damage cost is due to the small Piper plane that was flipped over and eventually declared a total loss.","Strong to severe storms impacted portions of southwest Georgia and northwest Florida during the late morning and early afternoon hours.  Strong shear resulted in a tornado tracking along the south side of Tallahassee and impacting the Tallahassee airport, causing a parked plane to flip over.",249
932159,INDIAN RIVER CO.,RIVER BRIDGE,02/06/2021,1612,Tornado, ,EF0,0,0,0,0,FL,EST-5, ,154727,C,61,MLB,0,0,Public, ,0.14,65,2,SSW,2,SSW,RIVER BRIDGE,02/06/2021,1613,27.7359,-80.532,27.7379,-80.5318,"Based on radar, video, and eyewitness reports received from the public, a brief EF-0 tornado (landspout) occurred in Vero Lakes Estates. Peak estimated wind speeds were between 65 and 70 mph. The landspout tornado formed at approximately 1612 LST at 100th Avenue, just north of 77th Street, in Vero Lakes Estates. The tornado traveled a relatively short distance, moving almost due north along 100th Avenue, then dissipated just before reaching 79th Street at approximately 1613 LST. Several properties sustained minor fence damage and many had unsecured backyard items scattered around. There was also minor tree damage along the street.","A thunderstorm produced a brief, weak tornado (landspout) in Vero Lakes Estates, resulting in minor damage to fences and trees.",250
935737,PINELLAS CO.,REDINGTON BEACH,02/14/2021,107,Tornado, ,EF0,0,0,20000,0,FL,EST-5, ,155175,C,103,TBW,0,0,NWS Storm Survey, ,1.29,30,1,NE,1,ENE,OAKHURST,02/14/2021,114,27.8165,-82.8038,27.832,-82.792,"A round of strong nocturnal thunderstorms rolled in|from the Eastern Gulf of Mexico during the overnight hours of |February 14th. One of these storms took on brief supercell |characteristics with strong rotation evident on radar as it came |into Redington Beach. A NWS meteorologist was unable to find |damage on the barrier island itself, so it was determined a |waterspout formed over Boca Ciega Bay in Pinellas County, moving |generally northeast. The waterspout then came onshore and caused a|very narrow swath of EF-0 damage along Boca Ciega Point Blvd N. |The tornado then tracked north-northeast and caused roof damage to|the Ridgeview apartment complex. The peak intensity of 75 mph was|determined by the roof decking damage here... The tornado then |quickly dissipated.","Short waves moving along a stationary boundary just north of I-4 produced strong winds and a brief tornado.",251
934800,ST. JOHNS CO.,BAKERSVILLE,02/14/2021,1430,Tornado, ,EF0,0,0,0,0,FL,EST-5, ,155009,C,109,JAX,0,0,Storm Chaser, ,0.01,10,3,SSW,3,SSW,BAKERSVILLE,02/14/2021,1431,29.8599,-81.4972,29.8598,-81.4971,"A tornado briefly touched down south of Bakersville near County Road 13A. There were tree limbs down near Molasses Junction.","A wet, unsettled weather pattern continued over the area with a surface front across central in the morning that lifted north into the afternoon as a warm front as a surface low developed along the boundary in the eastern GOMEX and approached Apalachee Bay. Rainfall and isolated thunderstorms continued across NE FL near the lingering surface front in the morning, then as the front retreated northward toward I-10 into the afternoon, the potential for thunderstorms across NE FL expanded northward |within the warm sector. There was a window for severe storm potential in the afternoon across NE FL where enough instability (1000-1500 J/kg MLCAPE) phased with a 35-40 kt 850 mb jet under about 40-50 kts bulk shear with HREF with STP guidance near 1-1.3  units. These ingredients favor strong wind gust potential in |isolated severe storms during this time frame (40-60 mph gusts) and a low threat of isolated, brief tornadoes with Effective SRH |200 m2/s2.",252
942831,BAY CO.,GULF RESORT BEACH,02/15/2021,1402,Tornado, ,EF0,0,0,5000,0,FL,CST-6, ,154936,C,5,TAE,0,0,NWS Storm Survey, ,1.31,50,0,N,1,NE,GULF RESORT BEACH,02/15/2021,1404,30.2211,-85.8898,30.2338,-85.8735,"A brief EF0 tornado came onshore just west of Pier Park shortly after 2pm CT on February 15th. Minor damage to structures near the beach was noted, along with damage to poles, bleachers, and fencing at Frank Brown Park before the tornado dissipated. The tornado is estimated to have had peak winds around 85 mph and less than 50 yards wide. Additional damage to the east of the path was likely due to damaging straight line winds from the rear flank downdraft of the parent supercell. Winds in this area may have been as high as 80 mph.","A strong cold front moved through the area during the afternoon hours of Feb 15th.  The airmass ahead of the front was relatively unstable, and shear was very strong.  The result was a round of strong to severe storms across the tri-state area with damaging winds and a few tornadoes, including a strong EF2 tornado in Early county, GA.",253
942830,WASHINGTON CO.,GILBERTS MILL,02/15/2021,1439,Tornado, ,EF0,0,0,25000,0,FL,CST-6, ,154936,C,133,TAE,0,0,NWS Storm Survey, ,0.71,100,3,SE,3,ESE,GILBERTS MILL,02/15/2021,1441,30.5994,-85.4557,30.6095,-85.454,"A tornado briefly touched down near Wheeler Lane and tracked north-northeast for a short distance before lifting. On the Wheeler Farm property, an outbuilding was pulled from its anchorage and lofted about 20 yards. It has been anchored by wooden poles in concrete, although the concrete was shallow. Nearby outbuildings were not damaged. A few pine trees along the driveway of the property were snapped. Further north on Wheeler lane, a double wide manufactured home has some roof damage. Other trees were uprooted on Pineoaks Lane and Akers Trail. The damage was consistent with a high end EF0 with max estimated winds around 85 mph.","A strong cold front moved through the area during the afternoon hours of Feb 15th.  The airmass ahead of the front was relatively unstable, and shear was very strong.  The result was a round of strong to severe storms across the tri-state area with damaging winds and a few tornadoes, including a strong EF2 tornado in Early county, GA.",254
934371,COLUMBIA CO.,WINFIELD,02/15/2021,1617,Tornado, ,EF0,0,0,0,0,FL,EST-5, ,154957,C,23,JAX,0,0,Emergency Manager, ,0.25,60,6,SW,5,SW,WINFIELD,02/15/2021,1621,30.207,-82.738,30.208,-82.734,"A tornadic storm developed in a discrete supercell in advance of an approaching cold front and south of  a lifting warm front. The tornado impacted areas east of Lake Wilson. Sporadic wind damage including damaged trees, fences, roofs and some other residential home damage occurred. Tree debris was strewn throughout the tornado path. Roof damage included that done to tile roofs near High Point Drive. A fence panel was blown about 750 ft from its original location.","A wave of strong to severe storms developed after 2 pm across NE Florida near and trailing the lifting warm front over an unstable and highly sheared air-mass. These storms expanded in coverage and intensity through 6 pm as they tracked ENE. The combination of high temperatures in the low 80s with dew pts in the upper 60s to low 70s, created high surface based CAPE near 2k J/kg with 40-50 kts of bulk shear. Hail, strong winds and isolated tornadoes impacted the area.",255
948526,WASHINGTON CO.,RED HEAD,03/18/2021,502,Tornado, ,EF0,0,0,0,0,FL,CST-6, ,156811,C,133,TAE,0,0,NWS Employee, ,1.56,25,2,ESE,3,E,RED HEAD,03/18/2021,504,30.47,-85.81,30.4858,-85.7913,"A tornadic debris signature was observed on dual-pol radar in a forested area with tree damage.  No structural damage was reported.","A strong spring cold front moved through the tri-state region.  A squall line preceded the front with scattered reports of severe weather, including a few tornadoes.",256
948531,BAY CO.,WESTBAY,03/18/2021,502,Tornado, ,EF0,0,0,100000,0,FL,CST-6, ,156811,C,5,TAE,0,0,NWS Storm Survey, ,3.94,100,5,NE,7,WNW,VICKSBURG,03/18/2021,505,30.3373,-85.8082,30.3779,-85.7619,"This tornado touched down just south of the Northwest Florida Beaches International Airport with most damage occurring on the airport property. A few small pine trees were snapped on Johnny Reeves Road and Venture Crossings Blvd. A ground-level metal sign was bent over 90 degrees at the intersection of Venture Crossings Blvd. and West Bay Parkway. At the Sheltair FBO, a Citation aircraft spun 90 degrees with the nose damaging an adjacent plane, which was spun 20 degrees. Other smaller planes were shifted further north on the property near an area of hangars. One hangar lost a small section of roof and had the door damaged. Wind entering the hangar did considerable damage to one of the antique cars being stored there. The metal door track punched a hole through the wall of the hangar. Another hangar also suffered minor roof damage. Finally, the KECP ASOS measured a gust to 82 mph as the tornado passed by. The tornado then tracked a couple of miles northeast of the airport property through uninhabited terrain before lifting. Damage along the path, and the measured gust, are consistent with high-end EF0 damage with max winds estimated at 85 mph.","A strong spring cold front moved through the tri-state region.  A squall line preceded the front with scattered reports of severe weather, including a few tornadoes.",257
948533,BAY CO.,BAYOU GEORGE,03/18/2021,525,Tornado, ,EF1,0,0,50000,0,FL,CST-6, ,156811,C,5,TAE,0,0,NWS Storm Survey, ,0.37,50,1,ENE,1,ENE,BAYOU GEORGE,03/18/2021,526,30.2631,-85.5294,30.2647,-85.5235,"The tornado touched down along the north shore of a small lake near S. Lake Joanna Dr. and Sweet Lane. The tornado travelled east-northeast across the lake, producing EF1 damage to a home at the northeast end of the lake in the 7300 block of S. Lake Joanna Dr, including removal of a back porch canopy roof and causing a sizable opening in the main roof of the home. Debris from this house peppered another nearby home, with two 2x4s puncturing its back porch awning. The tornado crossed east-northeast across Bayou George Dr. On the other side of Bayou George Dr. the tornado hit a PODS storage yard, where PODS were originally in 3-high stacks. Some of the PODS shifted, and one POD unit was tossed. The tornado then lifted. Tornado damage at the home at the east-northeast end of the lake in the 7300 block of S. Lake Joanna Drive is consistent with a tornado of EF1 strength with max winds around 95 mph.","A strong spring cold front moved through the tri-state region.  A squall line preceded the front with scattered reports of severe weather, including a few tornadoes.",258
948516,LIBERTY CO.,WOODS,03/18/2021,740,Tornado, ,EF0,0,0,0,0,FL,EST-5, ,156811,C,77,TAE,0,0,NWS Employee, ,0.01,25,5,ENE,5,ENE,WOODS,03/18/2021,740,30.36,-84.9,30.36,-84.9,"A brief tornadic debris signature was observed on dual-pol radar in a forested area with tree damage.  No structural damage was reported.","A strong spring cold front moved through the tri-state region.  A squall line preceded the front with scattered reports of severe weather, including a few tornadoes.",259
942598,GILCHRIST CO.,TYLER,03/18/2021,1346,Tornado, ,EF0,0,0,0,0,FL,EST-5, ,156219,C,41,JAX,0,0,Emergency Manager, ,12.5,100,8,NE,19,E,WILLIFORD,03/18/2021,1405,29.7254,-82.675,29.7969,-82.4835,"An EF0 touched down briefly NE of Trenton in Gilchrist county near the Gilchrist-Alachua county line where a barn fell onto a tractor. The tornado likely lifted as it the parent supercell tracked northeast toward the city of Alachua, in Alachua county. Here, the tornado touched down again and damaged a carport roof which was peeled back. Trees were also damaged and fell in this location, one of which fell onto a car. Peak winds were estimated at 81 mph.","A strong pre-frontal squall line moved across the area with isolated severe storms. Shear was 40-60 kts with surface based CAPE of 1500-2000 J/kg.",260
953863,WALTON CO.,POND CREEK,04/10/2021,523,Tornado, ,EF1,0,0,10000,0,FL,CST-6, ,157184,C,131,TAE,0,0,NWS Storm Survey, ,15.76,100,1,ESE,1,S,GLENDALE,04/10/2021,540,30.7845,-86.364,30.8511,-86.1099,"A tornado touched down in the vicinity of Crowder Chapel and Hinote Roads near the Shoal River. Several large trees were snapped or uprooted in this area. The tornado then moved east northeast snapping and uprooting several more trees along its path. One property on County Highway 1084 sustained roof damage to the primary residence, a well-built single family home. A large metal building system on the property had large garage doors blown in with subsequent uplift and removal of a substantial portion of the roof. A small garage was also destroyed. A bit further down the highway, another metal building system had a portion of its roof rolled back. The tornado lifted near County Highway 83 just south of Glendale. Damage was consistent with an EF1 tornado with maximum estimated winds around 95 mph.","Multiple round of showers and thunderstorms ahead of a strong cold front affected the tri-state region during the April 9-10 period.  An initial round of storms on April 9th brought primarily large hail to the region, and then a squall line pushed through on April 10th with primarily damaging winds as well as a few tornadoes, mainly across Florida.  Some flooding was also reported, mainly across Florida where the heaviest rainfall amounts occurred in a short period of time.",261
953865,BAY CO.,SUNNYSIDE,04/10/2021,742,Tornado, ,EF2,0,0,500000,0,FL,CST-6, ,157184,C,5,TAE,0,0,NWS Storm Survey, ,0.45,100,2,SE,2,NW,GULF RESORT BEACH,04/10/2021,744,30.2347,-85.9177,30.2346,-85.9102,"A tornado came ashore near Laguna Beach and heavily damaged a convenience store and a home. This was where the heaviest damage occurred. The convenience store roof was completely torn off of the building and lofted into a nearby house. The concrete block exterior walls were also partially collapsed. It appeared that at least some effort had been made to strap the roof to the walls of the structure, making this damage reflective of an EF2 rating with maximum winds of 125 mph. Behind the convenience store, a house was heavily damaged with portions of the roof missing, but most of the damage to this home came from the roof of the store landing on it. A projectile piece of wood was observed lodged in the side of another nearby home. Several surrounding homes also had minor roof damage, glass breakage, and fencing damaged or torn down. Another home had a carport structure completely collapsed and a wooden shed blown over and rolled into a fence.","Multiple round of showers and thunderstorms ahead of a strong cold front affected the tri-state region during the April 9-10 period.  An initial round of storms on April 9th brought primarily large hail to the region, and then a squall line pushed through on April 10th with primarily damaging winds as well as a few tornadoes, mainly across Florida.  Some flooding was also reported, mainly across Florida where the heaviest rainfall amounts occurred in a short period of time.",262
953866,BAY CO.,WEST PANAMA CITY,04/10/2021,745,Tornado, ,EF0,0,0,0,0,FL,CST-6, ,157184,C,5,TAE,0,0,NWS Storm Survey, ,0.5,25,0,SE,1,E,WEST PANAMA CITY,04/10/2021,747,30.166,-85.7952,30.1701,-85.7883,"A weak tornado moved ashore and was captured on video.  Patio chairs were observed being thrown in the video(s) of the tornado.  No other damage occurred.  This tornado was rated EF0 with max winds estimated at 60 mph.","Multiple round of showers and thunderstorms ahead of a strong cold front affected the tri-state region during the April 9-10 period.  An initial round of storms on April 9th brought primarily large hail to the region, and then a squall line pushed through on April 10th with primarily damaging winds as well as a few tornadoes, mainly across Florida.  Some flooding was also reported, mainly across Florida where the heaviest rainfall amounts occurred in a short period of time.",263
953867,BAY CO.,LYNN HAVEN,04/10/2021,800,Tornado, ,EF1,0,0,100000,0,FL,CST-6, ,157184,C,5,TAE,0,0,NWS Storm Survey, ,0.25,30,1,WNW,1,NW,LYNN HAVEN,04/10/2021,803,30.2353,-85.6503,30.2348,-85.6462,"Damage was widespread across Lynn Haven Parkway as a line of storms pushed through the area. Despite there being damage well south of the estimated path, much of this damage is estimated to come from straight line winds associated with the squall line. Roof damage to Haney Technical Center and a blown over semi on the Parkway were observed and consistent with these straight line winds. Damage just south of 14th street near the estimated path, including the greatest damage to Grease Pro Express, was found to be consistent with that of a strong EF1 tornado. At that location, the roof was lifted upwards and displaced/rotated about 30 degrees. Similar, but less intense damage, was found at homes near the Grease Pro Express. Outside of this location, minor roof damage was observed at many locations, but none of this damage was consistent with a tornado and the estimated duration of the tornado was very brief, 3 minutes at most. Maximum winds were estimated to be 105 mph.","Multiple round of showers and thunderstorms ahead of a strong cold front affected the tri-state region during the April 9-10 period.  An initial round of storms on April 9th brought primarily large hail to the region, and then a squall line pushed through on April 10th with primarily damaging winds as well as a few tornadoes, mainly across Florida.  Some flooding was also reported, mainly across Florida where the heaviest rainfall amounts occurred in a short period of time.",264
955262,LEON CO.,FORT BRADEN,04/10/2021,1028,Tornado, ,EF0,0,0,0,0,FL,EST-5, ,157184,C,73,TAE,0,0,NWS Employee, ,2.39,25,3,S,4,SE,FORT BRADEN,04/10/2021,1031,30.373,-84.529,30.381,-84.49,"A brief tornado touched down in a forested area west of Tallahassee with no structural damage reported.  The only damage was to trees with a dual-pol tornadic debris signature evident from TLH radar.","Multiple round of showers and thunderstorms ahead of a strong cold front affected the tri-state region during the April 9-10 period.  An initial round of storms on April 9th brought primarily large hail to the region, and then a squall line pushed through on April 10th with primarily damaging winds as well as a few tornadoes, mainly across Florida.  Some flooding was also reported, mainly across Florida where the heaviest rainfall amounts occurred in a short period of time.",265
943554,MANATEE CO.,BAYSHORE GARDENS,04/10/2021,1645,Tornado, ,EF1,0,1,1000000,0,FL,EST-5, ,156292,C,81,TBW,0,0,NWS Storm Survey, ,0.51,50,2,WNW,1,WNW,BAYSHORE GARDENS,04/10/2021,1646,27.4364,-82.6084,27.4338,-82.6006,"A five unit townhome sustained major damage with a rough estimate over $1 million. The tornado was moving southeast and the worst of the damage east side of the homes. One woman was injured by falling debris inside a home. About 20 other homes in the area had|superficial damage.","Shortwave disturbance traversing Gulf Coast states produced a mesoscale convective system (MCS) ahead of a slow-moving cold front over the western Gulf that rapidly propagated away from the front across the central and eastern gulf and into West-Central and Southwest Florida during the morning and afternoon hours, producing a tornado and severe wind gust, along with additional wind damage reports.",266
943561,POLK CO.,JAN PHYL VLG,04/11/2021,1118,Tornado, ,EF0,0,0,15000,2000,FL,EST-5, ,156287,C,105,TBW,0,0,NWS Storm Survey, ,1.44,50,2,SSW,1,NW,EAGLE LAKE,04/11/2021,1119,27.999,-81.7849,27.9933,-81.7622,"Roof damage from wind and downed trees reported to multiple homes near Spirit Lake and Eagle Lake. Time estimated by radar velocity signature.","Shortwave disturbance over Mid-South/Tennessee Valley region and attendant surface low with cold front extending south into the Gulf of Mexico produced a mesoscale convective system (MCS) ahead of the front that moved across the eastern gulf into West-Central and Southwest Florida, spawning a tornado and multiple, separate wind damage reports along with hail. One indirect fatality resulted when a motorist exited a vehicle due to a downed tree and inadvertently contacted a live power line.",267
947345,MARION CO.,WEST END,04/18/2021,1821,Tornado, ,EF0,0,0,0,0,FL,EST-5, ,156767,C,83,JAX,0,0,NWS Storm Survey, ,2.27,440,2,WNW,1,NNE,WEST END,04/18/2021,1825,29.1861,-82.1836,29.1808,-82.1464,"The NWS confirmed a EF1 tornado touchdown on the westside of Ocala. The tornado moved to the east and produced structural wind damage. Plastic signs and street signs were twisted and ripped out of the ground. A large warehouse was damaged along State Road 40 east of Interstate 75. Power lines were downed and a large live oak tree was blown down. Peak wind were near 110 mph.","A front was draped across north-central Florida. Elevated instability on the north side of the front under a passing mid level impulse produced a severe storm that produced large hail over Flagler county in the morning. A stronger cell in the afternoon produced a weak tornado in Marion county.",268
947534,FLAGLER CO.,BULOW,04/25/2021,609,Tornado, ,EF0,0,0,0,0,FL,EST-5, ,156797,C,35,JAX,0,0,Emergency Manager, ,0.25,100,2,SE,2,ESE,BULOW,04/25/2021,610,29.4247,-81.1268,29.4283,-81.1273,"The EMA Storm Survey team concluded a brief EF0 tornado touchdown. There was social media video of a funnel cloud with this cell. Around 8:10 am local time, the 5100-5400 block of South John Anderson Highway was impacted by a brief tornado that downed a few small trees, broke a driveway lamp post, shunt metal dock furniture into a canal and blew open mailboxes. Major structural damage was not observed.","A potent storm system developing over the lower MS River Valley tracked eastward across the Gulf Coast States and brought a couple rounds of severe storms to the local area. The first wave of strong to severe storms approached SE GA midday with strong shear and high low level helicity favoring all severe weather hazards including damaging winds, large hail and tornadoes. This initial band of convection stalled just north of the I-10 corridor and lingered into the afternoon as the first mid level trough lifted NE of the region. This lingering convergent line (outflow boundary) was a focus for continued rounds of severe storms and locally heavy rainfall under strengthening upper level divergence and robust 850 mb winds of 40-50 kts as the parent mid/upper level troughs approached from the west into the evening. The next wave of severe storms developed in the late afternoon and early evening along both the lingering trough/outflow axis across NE FL was well as upstream across south GA as the next strong upper level trough approached, which another round of severe hazards including tornadoes, damaging winds and large hail across SE GA and northeast Florida into the evening. Storms generally weakened a few hours after midnight as stronger dynamics lifted NE of the region, but a few stronger storms during the early morning hours of the 25th produced a brief tornado in Flagler county and hail across our southern tier counties.",269
957412,BREVARD CO.,FRONTENAC,06/12/2021,1608,Tornado, ,EF0,0,0,5000,0,FL,EST-5, ,157920,C,9,MLB,0,0,Public, ,2.09,30,3,ENE,5,ENE,FRONTENAC,06/12/2021,1609,28.479,-80.729,28.492,-80.698,"A resident of the Preserve Pointe subdivision on Merritt Island, just south of the NASA Causeway and west of State Road 3, observed trees being uprooted, fences destroyed and solar panels ripping off of neighbors' roofs as a severe thunderstorms passed by. The eyewitness report along with videos and photos confirmed that a brief, weak (EF-0) tornado likely developed within the thunderstorm and produced additional scattered, (mainly tree) damage northeastward to Pine Island Road. The circulation likely initially reached the ground within the Pine Island Conservation Area to the southwest of Preserve Pointe.","A cluster of thunderstorms that developed in Brevard County produced severe wind gusts near Cape Canaveral. One of the storms produced a brief, weak tornado as it moved onshore from the Indian River and affected the Preserve Point subdivision in northwest Merritt Island.",270
965195,COLUMBIA CO.,COLUMBIA,07/07/2021,547,Tornado, ,EF0,0,0,0,0,FL,EST-5, ,159556,C,23,JAX,0,0,Emergency Manager, ,0.03,100,1,SSW,1,SSW,COLUMBIA,07/07/2021,548,30.0568,-82.7061,30.0572,-82.7063,"A brief EF0 tornado touchdown occurred in an outer band of Tropical Storm Elsa during the early morning hours, and impacted the property at 369 Raven Road, south of Lake City, in Columbia county. Emergency Management conducted a storm survey and observed soft and hard wood trees snapped and broken. A back porch with a metal roof was lifted and peeled back and adjoining plywood walls collapsed. Debris was strewn across the property. Maximum peak winds were estimated at 75 mph.","Tropical Storm Elsa tracked NNE across the western tier of the local forecast area through the day on Wed, July 7th. The storm made landfall along the FL Big Bend coast. The main impacts from TS Elsa for the local area included 3 confirmed tornadoes, downed trees due to gusty winds, and heavy rainfall which caused river flooding. There was one loss of life due to a tree falling onto a car. Peak rainfall amount was near 7.2 inches in Alachua county and the peak recorded wind gust in a squall was 58 mph in Jekyll Island GA.",271
965325,DUVAL CO.,SAN JOSE,07/07/2021,1545,Tornado, ,EF1,0,0,0,0,FL,EST-5, ,159556,C,31,JAX,0,0,NWS Storm Survey, ,3.71,150,1,ESE,1,NNW,SKINNERS,07/07/2021,1551,30.2271,-81.6066,30.2808,-81.6078,"A cyclonic supercell storm within an outer rain band of TS Elsa's east side produced two tornado touchdowns. The first touchdown occurred in south-central Duval County and then over eastern Camden County in SE Georgia. This report will focus on the Duval County damage. A NWS Storm Survey found that the tornado initially touched down along San Ardo Drive, just NE of Beauclerc. Large tree branches were snapped and damage occurred to residences near Goodby's Creek. The tornado continued to track northward through San Jose with EF-1 damage noted along Old King's Road South and Powers Avenue, just west of Baker-Skinner Park where several trees were completely uprooted. One large pine tree was  snapped and fell over a deck at the Heron Walk Apartment Complex. The tornado reached it's peak intensity and width as it crossed Phillips Highway and moved along Bowdendale Avenue where significant damage was noted to several industrial buildings. Damage to the buildings included metal siding ripped off and roofs peeled back, with debris lofted to the top of a nearby radio antenna tower. The tornado crossed Interstate 95 near the Bowden Road interchange, where large tree branches snapped and more roof damage occurred alogn Spring Park Road. The tornado weakened as it impacted University Christian School and then just northeast of Englewood High School, where tree branches were snapped along Daryl Road.","Tropical Storm Elsa tracked NNE across the western tier of the local forecast area through the day on Wed, July 7th. The storm made landfall along the FL Big Bend coast. The main impacts from TS Elsa for the local area included 3 confirmed tornadoes, downed trees due to gusty winds, and heavy rainfall which caused river flooding. There was one loss of life due to a tree falling onto a car. Peak rainfall amount was near 7.2 inches in Alachua county and the peak recorded wind gust in a squall was 58 mph in Jekyll Island GA.",272
964842,VOLUSIA CO.,ISLEBORO,08/02/2021,1340,Tornado, ,EF0,0,0,0,0,FL,EST-5, ,159534,C,127,MLB,0,0,Law Enforcement, ,0.5,25,1,NNW,1,NNE,ISLEBORO,08/02/2021,1341,29.0782,-80.9548,29.0792,-80.9453,"Based on information provided by the Volusia County Sheriffs Office, a short-lived tornado touched down just west of U.S. Highway 1, near the intersection of Sleepy Hollow Road, in New Smyrna Beach. Peak winds are estimated around 55-65 mph. The tornado touched down at approximately 1340LST, then traveled half of a mile east where it became a waterspout over the Intracoastal Waterway. The waterspout dissipated around 1341LST before reaching the barrier island. The tornado produced tree damage along Sleepy Hollow Road that included several medium to large-sized branches downed, and a couple of small trees knocked over. No additional damage reports were received.","A couple of severe thunderstorms developed along the sea breeze collision. One storm produced a tornado in New Smyrna Beach, and another produced wind damage in Saint Cloud.",273
965783,PASCO CO.,ODESSA,08/10/2021,1650,Tornado, ,EF0,0,0,10000,0,FL,EST-5, ,159770,C,101,TBW,0,0,Public, ,0.1,25,2,WNW,2,WNW,ODESSA,08/10/2021,1650,28.21,-82.62,28.21,-82.62,"Multiple pictures and videos shared by public via social and broadcast media of brief tornado between Odessa and New Port Richey. A pool enclosure attached to a home near Odessa was collapsed by the tornado.","Tornado briefly touches down in Pasco County during afternoon storms.",274
978429,WAKULLA CO.,ARRAN,09/08/2021,2008,Tornado, ,EF0,0,0,0,0,FL,EST-5, ,162055,C,129,TAE,0,0,NWS Employee, ,1.45,50,3,SW,3,WSW,ARRAN,09/08/2021,2013,30.1599,-84.4497,30.1775,-84.4629,"A brief tornado touched down in a forested area of rural Wakulla county and tracked across Forest Road 365 before lifting.  There were no structures in the path to damage, and only tree damage occurred.  A tornadic debris signature (TDS) was observed on TLH radar.","Tropical Storm Mindy developed just southwest of the area and moved northeastward, bringing with it heavy rain and gusty winds with several reports of trees and power lines down and some flooding.  Two homes were damaged in Leon county from falling trees, but no injuries were reported.  One brief tornado occurred in a rural, forested area of Wakulla county with no structural damage.",275
979678,ALACHUA CO.,ISLAND GROVE,09/18/2021,1724,Tornado, ,EF0,0,0,0,0,FL,EST-5, ,162265,C,1,JAX,0,0,Social Media, ,0.1,20,1,S,1,S,ISLAND GROVE,09/18/2021,1734,29.43,-82.12,29.43,-82.12,"Multiple social media images showed a waterspout that formed over Orange Lake, just north of Citra. The waterspout persisted for about 10 minutes. All parameters were estimated, including the path width and track length and EF scale. There were no reported damage or injuries.","A saturated tropical airmass (PWAT over 2 inches) combined with diurnal instability and fueled locally heavy rainfall in showers and storms that formed near a meandering trough axis across north Florida and sea breezes. Weak storm motion enabled locally heavy rainfall to form and train over areas.",276
985428,MANATEE CO.,PARMALEE,10/28/2021,1316,Tornado, ,EFU,0,0,0,0,FL,EST-5, ,163234,C,81,TBW,0,0,Official NWS Observations, ,2.82,50,1,N,4,NE,PARMALEE,10/28/2021,1323,27.39,-82.22,27.41,-82.18,"Tornadic Debris Signature (TDS) observed via KTBW WSR 88D. No damage reports received.","Pre-frontal QLCS moves across the state south of a strong surface cyclone over the Ohio and Tennessee Valleys producing a variety of severe weather across the Florida peninsula.",277
998676,WALTON CO.,PORTLAND,12/08/2021,7,Tornado, ,EF0,0,0,0,0,FL,CST-6, ,164612,C,131,TAE,0,0,Social Media, ,1.74,50,1,SSE,2,WNW,FREEPORT,12/08/2021,13,30.4952,-86.1819,30.5009,-86.1534,"A brief EF0 tornado touched down between Portland and Freeport. Minor damage was reported on social media including a few trees blown down and a window blown out of a residence. A TDS was observed on KEVX radar.","An isolated thunderstorm developed along a boundary near the coast and produced a brief tornado in the Freeport area.",278
993011,BRADFORD CO.,STARKE,12/08/2021,1720,Tornado, ,EF1,0,0,0,0,FL,EST-5, ,164480,C,7,JAX,0,0,NWS Storm Survey, ,0.54,200,1,SW,1,S,STARKE,12/08/2021,1722,29.9412,-82.1101,29.9385,-82.1016,"Numerous hard and softwood trees where snapped and some fell onto homes causing structural damage across the ESE of Starke. from Thomson Street to Wilson Road near the Shands Starke Medical Center. One home was shifted off of its foundation due to a large tree falling onto it. Metal roof panels were stripped away from a canopy.","A prefrontal squall line passed across northeast Florida during the afternoon and early evening hours. A few bowing segments developed within the broader line of thunderstorms and one of these features generated a brief tornado as it tracked east-southeastward around 30 MPH across the Starke FL area. A Severe Thunderstorm Warning was issued for the area with potential for brief and isolated tornadoes.||The synoptic environment had strong shear, but an inversion near 500 mb limited updraft stretching and kept convection relatively shallow as the squall line moved across the area. During the late afternoon, a bowing segment coincided with a nose of low level moisture (dew pt rose to near 70 deg) as the convection moved east across Bradford county near Starke. This is where there was enough low level instability and shear to support a mesovortex tornado along the leading edge of the bow.",279
991171,LEE CO.,FORT MYERS VILLAS,12/21/2021,625,Tornado, ,EF1,0,1,750000,0,FL,EST-5, ,164182,C,71,TBW,0,0,Emergency Manager, ,1.29,50,3,SSE,3,ESE,FORT MYERS VILLAS,12/21/2021,627,26.5125,-81.8421,26.5291,-81.8325,"Dozens of homes had roof damage and numerous trees and large branches|broken near and along the path of the tornado. One minor injury was|reported due to broken glass and several pool enclosures and vehicles were|also damaged. Initial estimated damages exceed $500K. Damaging winds|continued past the initial tornado damage due to gradient winds.","A low pressure formed in the Gulf of Mexico along with a cold front. These two features pushed across the state as it started to deepen. This caused high winds and spawned a tornado in West Central Florida.",280
1004097,WALTON CO.,DE FUNIAK SPRINGS ARPT,01/02/2022,1302,Tornado, ,EF0,0,0,50000,0,FL,CST-6, ,164627,C,131,TAE,0,0,NWS Storm Survey, ,0.13,85,1,NW,1,NW,DE FUNIAK SPRINGS ARPT,01/02/2022,1303,30.7388,-86.1598,30.7404,-86.1587,"A tornado briefly touched down just north of the De Funiak Springs Municipal Airport near the intersection of Dr Roberts Drive and Bellini Road. The tornado uprooted a few trees and caused damage to several outbuildings and two mobile homes. The maximum wind is estimated at 80 mph, making this an EF-0 tornado.","Numerous showers and thunderstorms ahead of a cold front brought severe weather to the tri-state area.  Several reports of trees and power lines blown down were received from across the region along with one tornado in Walton county, FL.",281
1004118,FRANKLIN CO.,CARRABELLE,01/16/2022,22,Tornado, ,EF1,0,0,75000,0,FL,EST-5, ,164630,C,37,TAE,0,0,Emergency Manager, ,2.65,50,5,SE,4,SSE,LANARK VILLAGE,01/16/2022,26,29.7986,-84.6027,29.8282,-84.5745,"A tornado moved across portions of Dog Island early Sunday morning with damage to one residence reported. The roof was partially torn off with significant damage to the porch. This damage was consistent with an EF1 tornado with winds estimated around 95 mph. In addition, damage to trees and power lines occurred with Duke Energy reporting 97 customers without power on the island. A tornadic debris signature (TDS) was evident on TLH radar.","A strong cold front moved through the region during the early morning hours of January 16th. Limited instability kept thunderstorms confined to near the coast. However, a few reports of severe weather did occur along the Florida big bend with one tornado confirmed on Dog Island.",282
995998,CHARLOTTE CO.,PLACIDA,01/16/2022,637,Tornado, ,EF1,0,0,500000,0,FL,EST-5, ,164804,C,15,TBW,0,0,NWS Storm Survey, ,0.97,50,0,E,1,NE,PLACIDA,01/16/2022,642,26.8299,-82.2635,26.8412,-82.2542,"Placida/Gasparilla tornado. A waterspout moved across Gasparilla Sound near Boca Grande Causeway before moving ashore near Placida as a short-lived EF-1 tornado with peak winds estimated around 110 mph. The tornado flipped a boat at a marina storage facility and damaged several others before moving into a manufactured home community where it damaged at least 35 homes. No injuries or deaths were reported. Damage estimates totaled around $500 thousand USD.","A strong cold front and line of storms moved across central and southwest Florida during the early morning producing multiple tornadoes and strong straight line wind gusts.",283
995979,CHARLOTTE CO.,CHARLOTTE BEACH,01/16/2022,715,Tornado, ,EF1,0,0,150000,0,FL,EST-5, ,164804,C,15,TBW,0,0,Public, ,0.54,50,1,S,1,S,CHARLOTTE BEACH,01/16/2022,716,26.9185,-82.2206,26.9262,-82.2187,"Port Charlotte tornado. Tornado briefly touched down in the Village of Holiday Lake near Port Charlotte with peak winds estimated around 100 mph. This tornado was produced by the parent thunderstorm that earlier produced the Placida/Gasparilla tornado. Four homes were deemed unsafe/destroyed; two with major damage, and two with minor damage. Roof and carports had major damage or were destroyed. No injuries or deaths reported. Damage estimates totaled around $150 thousand USD.","A strong cold front and line of storms moved across central and southwest Florida during the early morning producing multiple tornadoes and strong straight line wind gusts.",284
995997,LEE CO.,PUNTA RASSA,01/16/2022,732,Tornado, ,EF2,0,0,10000000,0,FL,EST-5, ,164804,C,71,TBW,0,0,NWS Storm Survey, ,7.01,125,2,SSE,2,SW,WHISKEY CREEK,01/16/2022,748,26.4817,-81.986,26.5616,-81.9159,"Iona/Fort Myers tornado. A waterspout first identified just northwest of Fort Myers Beach moved ashore as a tornado and pushed through the Iona area near Fort Myers producing EF-2 damage with peak winds estimated around 118 mph before dissipating near the Cape Coral bridge. Over 200 residences suffered damage across three separate mobile home communities (Point Breeze, Tropicana, and Century 21), with 45 destroyed, 90 sustaining major damage and another 92 with minor damage. 3 people suffered minor injuries. Damage estimates totaled around $10 million USD.","A strong cold front and line of storms moved across central and southwest Florida during the early morning producing multiple tornadoes and strong straight line wind gusts.",285
996001,LEE CO.,CAPE CORAL,01/16/2022,904,Tornado, ,EF0,0,0,0,0,FL,EST-5, ,164804,C,71,TBW,0,0,Public, ,0.46,50,3,SW,2,SW,CAPE CORAL,01/16/2022,905,26.62,-82,26.625,-81.995,"Cape Coral tornado. Brief tornado near Cape Coral was captured on a home doorbell camera. No significant damage was reported and the tornado was rated as an EF-0 with peak winds estimated around 65 mph. No injuries or deaths reported.","A strong cold front and line of storms moved across central and southwest Florida during the early morning producing multiple tornadoes and strong straight line wind gusts.",286
995676,COLLIER CO.,MARCO,01/16/2022,907,Tornado, ,EF0,0,1,20000,0,FL,EST-5, ,164891,C,21,MFL,0,0,NWS Storm Survey, ,15,75,4,NNW,5,E,GOLDEN GATE,01/16/2022,934,26.02,-81.767,26.16,-81.59,"Video from the public at Isle of Capri shared via social media captured the tornado as a waterspout before it came ashore. Surveyed tornado damage was found in the Victoria Falls neighborhood west of Collier Blvd and south of Tamiami Trail. A total of 20 homes sustained at least minor damage. Several uprooted trees, broken large branches, and at least two homes with tarps on roofs indicative of roof damage were observed in this neighborhood. ||Tornado damage was also observed north of Tamiami Trail in Lely Resort. Here, the surveyed damage was mainly in the form of a few uprooted small trees, one uprooted palm tree, and broken large tree branches. The tops of a few palm trees were partially sheared off at the crown with only a few fronds remaining as well. A street sign was knocked over on Palmer Ct in Lely Resort. ||As the cell moved to the northeast, the tornado eventually crossed Interstate 75 near mile marker 96 where it blew over a semi-tractor trailer, injuring the driver, according to the Florida Highway Patrol. Estimated peak wind of 85 mph - high-end EF-0.","An area of low pressure moving across the SE United States dragged its associated cold front across the FL peninsula, bringing severe thunderstorms to the region. A band of thunderstorms moved through the area, with strong winds aloft providing the necessary ingredients for a few waterspouts/tornadoes as well as strong and gusty straight line winds.",287
995677,COLLIER CO.,EVERGLADES CITY,01/16/2022,1053,Tornado, ,EF0,0,0,0,0,FL,EST-5, ,164891,C,21,MFL,0,0,NWS Storm Survey, ,5.5,75,2,WNW,3,WNW,OCHOPEE,01/16/2022,1101,25.86,-81.41,25.91,-81.34,"Members of the public shared video of the tornadoes it passed near Everglades City after coming ashore. The survey observed a leaning power pole along Tamiami Trail just east of the intersection with State Road 29. The damage was tornadic in nature and matches with radar velocity/reflectivity at the time as a strong circulation passed over. Estimated peak wind of 85 mph.","An area of low pressure moving across the SE United States dragged its associated cold front across the FL peninsula, bringing severe thunderstorms to the region. A band of thunderstorms moved through the area, with strong winds aloft providing the necessary ingredients for a few waterspouts/tornadoes as well as strong and gusty straight line winds.",288
1011230,WASHINGTON CO.,BAHOMA,03/09/2022,506,Tornado, ,EF0,0,0,75000,0,FL,CST-6, ,167103,C,133,TAE,0,0,NWS Storm Survey, ,1.4,200,4,W,2,W,BAHOMA,03/09/2022,510,30.8145,-85.5588,30.8157,-85.5352,"A tornado touched down north of Chipley, FL on Cope Road just south of the intersection with Williams Road. The tornado then traveled east along Williams Road for just under 1.5 miles before lifting before reaching SR 77. Damage along the path was limited mainly to out buildings and mobile homes, several of which had substantial roof damage. A few large branches of hardwood trees were snapped. Isolated softwood tree trunks were snapped, but surrounding trees not affected. The damage was consistent with an EF0 tornado with maximum winds of 80 mph.","A cold front crossed the area during the early morning hours of March 9th. Sufficient instability and wind shear resulted in a few tornadoes and wind damage across the Florida panhandle.",289
1011231,WASHINGTON CO.,BAHOMA,03/09/2022,512,Tornado, ,EF1,0,0,100000,0,FL,CST-6, ,167103,C,133,TAE,0,0,NWS Storm Survey, ,0.19,100,0,N,1,N,BAHOMA,03/09/2022,513,30.817,-85.5013,30.8182,-85.4984,"The same parent supercell that produced the Williams Road tornado dropped another tornado about two miles downstream. This tornado had a very short track, but was stronger than the one upstream. Several large barns and outbuildings sustained considerable roof damage with smaller buildings tossed many yards from their original location. A couple of large oak trees were also uprooted. The damage was consistent with an EF1 tornado with maximum winds around 90 mph.","A cold front crossed the area during the early morning hours of March 9th. Sufficient instability and wind shear resulted in a few tornadoes and wind damage across the Florida panhandle.",290
1011229,JACKSON CO.,GREENWOOD,03/09/2022,555,Tornado, ,EFU,0,0,0,0,FL,CST-6, ,167103,C,63,TAE,0,0,Social Media, ,0.15,25,1,W,1,W,GREENWOOD,03/09/2022,557,30.87,-85.18,30.8721,-85.1793,"A tornado briefly touched down in a field according to video posted on social media.  No damage was reported.","A cold front crossed the area during the early morning hours of March 9th. Sufficient instability and wind shear resulted in a few tornadoes and wind damage across the Florida panhandle.",291
1011234,BAY CO.,SPRINGFIELD,03/09/2022,615,Tornado, ,EF1,0,0,100000,0,FL,CST-6, ,167103,C,5,TAE,0,0,NWS Storm Survey, ,0.41,25,2,ESE,3,ESE,SPRINGFIELD,03/09/2022,617,30.1514,-85.5656,30.1513,-85.5588,"Another short-track tornado touched down in Callaway, FL just east of North Star Avenue at the location of the Callaway Sheriff's office and Fire Dept. The tornado blew out two windows at the sheriff's office and tumbled a large container several times before it eventually stopped across a small lagoon. A deputy reported his patrol car being shifted by the winds while he was in the car and parked at the SO. The tornado then lifted a substantial portion of a well-built garage or outbuilding tossing some into the yard and others into the adjoining apartment complex in the opposite direction. The apartment complex sustained relatively minor damage. One shed was slightly shifted, a lone tree snapped, and one hand railing for an exterior staircase. The most substantial damage occurred at a mobile home park east of the apartment complex and immediately east of Nelle St. Several single and double-wide manufactured homes were shifted off their cinder block foundation by a couple of feet. Many suffered substantial roof damage as well. One utility pole was snapped near its base. The tornado lifted after exiting the mobile home park before reaching Sukoshi Drive.","A cold front crossed the area during the early morning hours of March 9th. Sufficient instability and wind shear resulted in a few tornadoes and wind damage across the Florida panhandle.",292
1002340,MARTIN CO.,RIO ST LUCIE,03/11/2022,1624,Tornado, ,EF0,0,0,1000,0,FL,EST-5, ,165806,C,85,MLB,0,0,Broadcast Media, ,0.12,40,1,E,1,ENE,RIO ST LUCIE,03/11/2022,1625,27.2221,-80.2367,27.2228,-80.2349,"A brief, short-lived EF-0 tornado, with peak winds estimated at 60 to 65 mph, touched down in the Rio neighborhood at approximately 1624LST. Based on numerous video and eyewitness reports from trained spotters, the public, and local broadcast media, the tornado was nearly stationary as it produced minor damage along NE Railroad Street and NE Haven Lane. The tornado lifted at approximately 1625LST. Damage consisted of downed branches, downed fences, and backyard items tossed around.","A severe thunderstorm that moved over far northeast Martin County produced a brief, nearly-stationary EF-0 tornado in the Rio neighborhood.",293
1007352,MARION CO.,DUNNELLON,03/12/2022,745,Tornado, ,EF1,0,0,0,0,FL,EST-5, ,166537,C,83,JAX,0,0,NWS Storm Survey, ,26.65,65,1,W,3,S,SILVER SPGS,03/12/2022,820,29.0497,-82.461,29.1817,-82.0462,"A line of strong to severe thunderstorms moved east across Marion county early Saturday morning, March 12th. A tornado touched down in Dunnellon where a large billboard was knocked over and siding was peeled off of a small professional building. Trees were damaged, snapped and uprooted. The next concentration of damage was reported on the south and east sides of Ocala where many trees were blown down and/or uprooted. Powerlines were blown down and numerous residences and an apartment building had damage. Damage in Ocala concentrated near SW 44th Court where some structural damage occurred and tree and powerline damage occurred. Another damaged local was near SW 41st Street near the Paddock Park Apartments where extensive roof damage occurred due to a large tree falling on the building. The county had to open an emergency shelter to house about 6 people displaced from the tornado. The peak winds of the tornado were estimated near 110 mph.","Strong to severe storms moved across the local area during the early morning hours ahead of a potent cold front. Severe storms with wind gusts of 50-60 mph and tornadoes  moved inland from the Gulf of Mexico and tracked south of the I-10 corridor across NE Florida. Two EF1 tornadoes occurred, one in Marion county then another Putnam county between 8 am and 915 am. Strong pressure rises trailed the front during the late morning which caused high non-thunderstorm wind gusts of 40-55 mph into the afternoon.",294
1006837,HERNANDO CO.,HERNANDO BEACH,03/12/2022,806,Tornado, ,EF1,0,0,50000,0,FL,EST-5, ,166312,C,53,TBW,0,0,Emergency Manager, ,5.8,100,2,NNW,0,WSW,WEEKI WACHEE,03/12/2022,812,28.4946,-82.6674,28.5189,-82.5759,"A line of strong to severe thunderstorms produced a|tornado as the line moved onshore near Weeki Wachee. Observers|reported a waterspout moving onshore shortly after 8AM, with some|minor damage observed and reported in the vicinity. The tornado|then trekked inland through a protected forest, knocking down|trees along a river. Eventually, the tornado emerged in a|neighborhood and continued to knock down trees before dissipating|just before US19 and SR50.","A deepening low pressure system dragged a strong cold front through West Central Florida. As it did it produced strong winds and tornadoes.",295
1007340,PUTNAM CO.,HAMMOND,03/12/2022,903,Tornado, ,EF1,0,0,0,0,FL,EST-5, ,166537,C,107,JAX,0,0,NWS Storm Survey, ,5.29,70,3,WSW,3,E,HAMMOND,03/12/2022,920,29.3624,-81.5563,29.3841,-81.472,"A line of strong to severe storms moved west to east across Putnam County during the morning of Saturday, March 12th, ahead of a strong cold front. A supercell moving across southern Putnam county and produced an EF1 tornado with peak winds near 93 mph from about 4 miles W of Bakerstown to 3 miles NNE of Bakerstown. Damage along the path included downed and snapped trees, mostly in rural areas. The damage path began near South Georgetown Point Road, crossed U.S. Highway 17 and ended at Crescent Lake north of Clifton Road near Eagle Trail and Osprey Lane. One outbuilding has some structure damage between Duck Drive and Eagle Trail, just north of Clifton Road.","Strong to severe storms moved across the local area during the early morning hours ahead of a potent cold front. Severe storms with wind gusts of 50-60 mph and tornadoes  moved inland from the Gulf of Mexico and tracked south of the I-10 corridor across NE Florida. Two EF1 tornadoes occurred, one in Marion county then another Putnam county between 8 am and 915 am. Strong pressure rises trailed the front during the late morning which caused high non-thunderstorm wind gusts of 40-55 mph into the afternoon.",296
1007552,HIGHLANDS CO.,LORIDA,03/12/2022,1145,Tornado, ,EF1,0,0,0,0,FL,EST-5, ,166312,C,55,TBW,0,0,Emergency Manager, ,0.65,50,1,N,1,NNE,LORIDA,03/12/2022,1147,27.46,-81.26,27.4644,-81.2506,"Severel power poles snapped just northwest of Arbuckel Creek RD and Highway 98 due to a brief tornado.","A deepening low pressure system dragged a strong cold front through West Central Florida. As it did it produced strong winds and tornadoes.",297
1007550,LEE CO.,FT MYERS BEACH,03/12/2022,1209,Tornado, ,EF0,0,0,1000,0,FL,EST-5, ,166312,C,71,TBW,0,0,Broadcast Media, ,0.03,50,0,WNW,0,NW,FT MYERS BEACH,03/12/2022,1210,26.4508,-81.952,26.4512,-81.9518,"Waterspout briefly moved onshore to become tornado and did minor damage an Lani Kai.","A deepening low pressure system dragged a strong cold front through West Central Florida. As it did it produced strong winds and tornadoes.",298
1007561,SARASOTA CO.,SARASOTA BEACH,03/16/2022,1322,Tornado, ,EF1,0,1,1000000,0,FL,EST-5, ,166562,C,115,TBW,0,0,Law Enforcement, ,1.5,100,1,W,1,NE,SARASOTA,03/16/2022,1327,27.3298,-82.5419,27.3459,-82.5228,"Video of tornadno from Sarasota PD. Damage to roof at industrial building on 2100 block of 10th street causing 1 million dollars in damage to building and contents.","A strong cold front continued to slowly push through Florida during tthe day causing a tornado in Sarasota County.",299
1012485,OKALOOSA CO.,HOLT,03/18/2022,1128,Tornado, ,EF1,0,0,361000,0,FL,CST-6, ,167266,C,91,MOB,0,0,NWS Storm Survey, ,1.5,50,3,SSE,2,SSW,GALLIVER,03/18/2022,1132,30.6823,-86.7515,30.6903,-86.728,"A tornado touched down just west of the intersection of Log Lake|Road and Sundance Way. The tornado damaged the roof of a house|where numerous shingles were removed down to the tar paper. In|addition, a manufactured home adjacent to the house was destroyed.|Numerous trees were snapped and several trees were uprooted. The|tornado proceeded east across Log Lake Road and damaged the roof|of a manufactured home as well as snapped and twisted additional|trees. A couple trees were also uprooted. The tornado continued|along and crossed Sundance Way Cutoff Road where several more|trees were snapped and uprooted. From there, the tornado|progressed northeast and hit a home, ripping off a portion of the|roof to include the decking underneath. This was thrown roughly 50|yards away into the front yard and into trees. Several large|trees were also snapped near the base and twisted. A few more were|uprooted as well. The tornado then lifted just beyond this|property. Overall, the maximum width of the tornado reached 50|yards with a path length of about 1.5 miles. Estimated peak winds were 95 mph.","A very warm and unstable airmass developed ahead of an approaching strong low pressure system. Strong vertical wind shear in combination with the instability caused storms to become severe and produce several reports of damaging winds along with one tornado.",300
1011259,WALTON CO.,EUCHEEANNA,03/18/2022,1438,Tornado, ,EF1,0,0,0,0,FL,CST-6, ,167113,C,131,TAE,0,0,Emergency Manager, ,0.81,25,2,NE,2,WSW,DOUGLAS CROSSROADS,03/18/2022,1440,30.6645,-86.0182,30.6621,-86.0048,"A tornado touched down briefly in a rural area along G Montgomery Road in Walton county and tracked eastward through a wooded area and across County Highway 183 S. There were numerous snapped trees along its path, but no structures were impacted. This tornado was rated EF1 with maximum estimated winds around 90 mph. A dual-pol  tornadic debris signature (TDS) was evident on KEVX radar.","A strong cold front moved through the tri-state region with several reports of wind damage. In addition, a couple of tornadoes occurred in the Florida panhandle, including an EF2 in Panama City.  Training convection also produced flash flooding across portions of the Florida panhandle.",301
1011277,BAY CO.,MAGNOLIA BEACH,03/18/2022,1716,Tornado, ,EF2,0,0,500000,0,FL,CST-6, ,167113,C,5,TAE,0,0,NWS Storm Survey, ,1.64,75,1,NNE,1,SSW,(PFN)PANAMA CITY ARPT,03/18/2022,1720,30.1705,-85.7128,30.185,-85.691,"A tornado was captured on video moving onshore in the St Andrew's area across W 15th Street. The tornado moved northeastward through numerous residential streets before lifting near Frankford Ave. Numerous structures were damaged along with trees and power lines. The most significant damage occurred from near W 18th Street northeastward to Clay Ave. Some residences had large sections of their roofs removed with most walls remaining standing. In addition, a house on Arthur Ave was moved four feet off its foundation. As a result, this tornado was rated EF2 with maximum estimated winds around 120 mph. A dual-pol tornadic debris signature (TDS) was evident on KEVX radar.","A strong cold front moved through the tri-state region with several reports of wind damage. In addition, a couple of tornadoes occurred in the Florida panhandle, including an EF2 in Panama City.  Training convection also produced flash flooding across portions of the Florida panhandle.",302
1015498,ESCAMBIA CO.,GONZALEZ,03/30/2022,2325,Tornado, ,EF0,0,0,0,0,FL,CST-6, ,167734,C,33,MOB,0,0,NWS Storm Survey, ,0.32,50,2,E,3,E,GONZALEZ,03/30/2022,2326,30.5751,-87.261,30.578,-87.2571,"A brief, weak EF0 tornado with winds upwards of 80mph began in|the Gonzalez area shortly after midnight on 3/31/22 impacting a|residential area from Chemstrand Road east northeast through|Caterpillar Lane and Crystal Drive. This tornado resulted in minor|damage to fencing, roofs, siding, and a couple uprooted/snapped|softwood trees in a weak convergent pattern along the damage path.|The tornado lifted at Crystal Drive.","A very active severe weather season continued as an outbreak of severe thunderstorms occurred across the area from the evening of the 30th into the early morning hours on the 31st. A strong spring storm system moved across the area. Ahead of the system plenty of Gulf moisture returned to the central Gulf coast. This led to a very unstable atmosphere over the region which combined to strong wind shear to produce 18 tornadoes which were rated from EF-0 to EF-2. In addition to the tornadoes, the storms produced damaging straight line winds and large hail. Numerous reports of damage came in from southeast Mississippi, southwest Alabama and the western Florida panhandle.",303
1015499,SANTA ROSA CO.,WALLACE,03/30/2022,2332,Tornado, ,EF1,0,0,0,0,FL,CST-6, ,167734,C,113,MOB,0,0,NWS Storm Survey, ,0.39,50,3,S,2,S,WALLACE,03/30/2022,2334,30.6415,-87.1849,30.6451,-87.1806,"A short duration EF1 tornado with winds upwards of 94mph impacted|the Pace area on 3/31/22. This tornado began on Dove Drive|impacting multiple residential structures resulting in notable|loss of roofing material along with many snapped/uprooted softwood|and hardwood trees. The tornado exited the community quickly|tracking just to the northwest of the Circle K on Quintette Road|where multiple trees were snapped and uprooted. The tornado lifted|at or near the Berryhill and Chumuckla Highway intersection where|the damage path ended.","A very active severe weather season continued as an outbreak of severe thunderstorms occurred across the area from the evening of the 30th into the early morning hours on the 31st. A strong spring storm system moved across the area. Ahead of the system plenty of Gulf moisture returned to the central Gulf coast. This led to a very unstable atmosphere over the region which combined to strong wind shear to produce 18 tornadoes which were rated from EF-0 to EF-2. In addition to the tornadoes, the storms produced damaging straight line winds and large hail. Numerous reports of damage came in from southeast Mississippi, southwest Alabama and the western Florida panhandle.",304
1015500,SANTA ROSA CO.,MULAT,03/30/2022,2337,Tornado, ,EF1,0,2,0,0,FL,CST-6, ,167734,C,113,MOB,0,0,NWS Storm Survey, ,5.96,100,2,SSW,1,SSE,GALT CITY,03/30/2022,2347,30.52,-87.1429,30.5653,-87.06,"An EF1 tornado began on 3/31/22 along the Escambia Bay Bridge of|I-10 overturning an eastbound semi-truck resulting in two|injuries. The tornado continued northeast moving onshore off of|Escambia Bay resulting in very sporadic minor tree damage around|North 6th Avenue. The tornado turned east northeast and picked up|in intensity as it uprooted and snapped numerous hardwood/softwood|trees and caused minor to moderate roofing damage to residential|homes. The tornado tracked northeast reaching its peak intensity|of 104mph along De La Rue Drive where a small tree stand had most|of its trees snapped with multiple uprooted and snapped trees in|its vicinity. The tornado continued northeast from here crossing|another small residential community located along Highland Lake Rd|into Edinburgh Castle Drive uprooting and snapping multiple trees|and removing some roofing material from residential homes. The|tornado cross Edinburgh Castle Drive where it impacted a|residential home which had a personal weather station located on|the back side of the house. The weather station measured a peak|wind gust of 97mph associated with the tornado. The home suffered|notable roof damage along with many of its windows blown out.|Several snapped and uprooted trees were also on the property. The|tornado continued east northeast crossing Florida 281, directly|impacting Avalon Utilities building removing some siding and|roofing material. The tornado likely continued to track northeast|of here, weakening as it did so across open fields and tree|stands. Due to limited road access, the end point of the tornado|is estimated based on the weakening of the couplet on radar and|the lack of any convergent wind damage on accessible roads to the|northeast.","A very active severe weather season continued as an outbreak of severe thunderstorms occurred across the area from the evening of the 30th into the early morning hours on the 31st. A strong spring storm system moved across the area. Ahead of the system plenty of Gulf moisture returned to the central Gulf coast. This led to a very unstable atmosphere over the region which combined to strong wind shear to produce 18 tornadoes which were rated from EF-0 to EF-2. In addition to the tornadoes, the storms produced damaging straight line winds and large hail. Numerous reports of damage came in from southeast Mississippi, southwest Alabama and the western Florida panhandle.",305
1011568,WASHINGTON CO.,GILBERTS MILL,03/31/2022,309,Tornado, ,EF3,2,1,500000,0,FL,CST-6, ,167095,C,133,TAE,0,0,NWS Storm Survey, ,5.87,200,1,WNW,5,ENE,ORANGE HILL,03/31/2022,316,30.6376,-85.5108,30.6909,-85.434,"An EF-3 tornado tracked through Washington County into Jackson County Florida during the early morning hours of Thursday, March 31, 2022. The tornado began near Roland Rd and Ovid Ln in Washington County where it snapped tree trunks as it moved northeastward. The tornado crossed Orange Hill Rd and continued on to Gilberts Mill Rd.  On Gilberts Mill Rd near Stewart Rd, a barn was destroyed and a manufactured home was damaged and shifted on its foundation, which is in line with EF-1 damage. Snapped and uprooted trees were observed all along Gilberts Mill Rd. Further northeast, a manufactured home sustained significant damage and several outbuildings were destroyed. A camper and a greenhouse were also destroyed here, consistent with EF-1 damage. The tornado strengthened as it continued northeastward along Gilberts Mill Rd before completely destroying and sweeping away an anchored double wide manufactured home and a newer, anchored single wide home. The double wide home was the site of the two fatalities, and one person in the single wide was injured when he was thrown into the tree line grasping his mattress. Several projectiles were driven into the ground at this location. A large boat was also thrown from its trailer and overturned. Damage at this location was consistent with strong EF-2 winds.  The tornado continued to strengthen as it moved across Jewel Rd and at that location, a well-built brick home was partially destroyed and likely was sideswiped by the tornado. The end of the home that was hit sustained major collapse of roof and exterior brick walls as well as a generator ripped from its anchoring and thrown across a field. The other end of the home was less severely damaged but still suffered major roof loss. A car in the driveway was pushed off of the driveway, and an attached carport was destroyed. Across the street, a wood frame home with block foundation was completely destroyed and swept from the foundation, leaving only some cinder blocks and a floor joist. The debris from the house was thrown into a pole barn which was also destroyed. An injury occurred at this site when the home occupant ran to the barn and dove under his pickup truck. The damage to this home and the brick home are consistent with EF3 damage and maximum winds of 150 mph.  The tornado weakened some as it moved northeast, inflicting roof damage to a home and damage to out buildings along Archie Sapp Rd. On Syfrett Rd, several sheds and outbuildings were destroyed, a single wide manufactured home was flipped onto its side, and a brick home sustained major roof damage. This damage along Archie Sapp Rd and Syfrett Rd are consistent with EF1 damage. The tornado snapped a couple of tree trunks along Dilmore Rd before lifting just south of Interstate 10 near Standland Rd.","The tri-state area was on the eastern edge of a large tornado outbreak that impacted numerous areas of central and south-central Alabama, Mississippi, and the Florida panhandle. One EF3 tornado touched down in Washington County, FL, resulting in two fatalities.",306
1011569,JACKSON CO.,ALFORD,03/31/2022,316,Tornado, ,EF1,0,0,100000,0,FL,CST-6, ,167095,C,63,TAE,0,0,NWS Storm Survey, ,6.27,200,3,W,2,NNW,KYNESVILLE,03/31/2022,324,30.6909,-85.434,30.7544,-85.3585,"An EF3 tornado tracked through Washington County into Jackson County Florida during the early morning hours of Thursday, March 31, 2022. The Jackson county portion of the tornado was rated as an EF1.  The tornado began near Roland Rd and Ovid Ln in Washington County where it snapped tree trunks as it moved northeastward. The tornado crossed Orange Hill Rd and continued on to Gilberts Mill Rd.  On Gilberts Mill Rd near Stewart Rd, a barn was destroyed and a manufactured home was damaged and shifted on its foundation, which is in line with EF-1 damage. Snapped and uprooted trees were observed all along Gilberts Mill Rd. Further northeast, a manufactured home sustained significant damage and several outbuildings were destroyed. A camper and a greenhouse were also destroyed here, consistent with EF-1 damage. The tornado strengthened as it continued northeastward along Gilberts Mill Rd before completely destroying and sweeping away an anchored double wide manufactured home and a newer, anchored single wide home. The double wide home was the site of the two fatalities, and one person in the single wide was injured when he was thrown into the tree line grasping his mattress. Several projectiles were driven into the ground at this location. A large boat was also thrown from its trailer and overturned. Damage at this location was consistent with strong EF-2 winds.  The tornado continued to strengthen as it moved across Jewel Rd and at that location, a well-built brick home was partially destroyed and likely was sideswiped by the tornado. The end of the home that was hit sustained major collapse of roof and exterior brick walls as well as a generator ripped from its anchoring and thrown across a field. The other end of the home was less severely damaged but still suffered major roof loss. A car in the driveway was pushed off of the driveway, and an attached carport was destroyed. Across the street, a wood frame home with block foundation was completely destroyed and swept from the foundation, leaving only some cinder blocks and a floor joist. The debris from the house was thrown into a pole barn which was also destroyed. An injury occurred at this site when the home occupant ran to the barn and dove under his pickup truck. The damage to this home and the brick home are consistent with EF3 damage and maximum winds of 150 mph.  The tornado weakened some as it moved northeast, inflicting roof damage to a home and damage to out buildings along Archie Sapp Rd. On Syfrett Rd, several sheds and outbuildings were destroyed, a single wide manufactured home was flipped onto its side, and a brick home sustained major roof damage. This damage along Archie Sapp Rd and Syfrett Rd are consistent with EF1 damage. The tornado snapped a couple of tree trunks along Dilmore Rd before lifting just south of Interstate 10 near Standland Rd.","The tri-state area was on the eastern edge of a large tornado outbreak that impacted numerous areas of central and south-central Alabama, Mississippi, and the Florida panhandle. One EF3 tornado touched down in Washington County, FL, resulting in two fatalities.",307
1012567,HARDEE CO.,WAUCHULA,04/04/2022,1846,Tornado, ,EF0,0,0,20000,0,FL,EST-5, ,167281,C,49,TBW,0,0,Law Enforcement, ,0.25,25,7,E,7,E,WAUCHULA,04/04/2022,1847,27.55,-81.6998,27.55,-81.6957,"Law enforcement relayed web cam capture of small, short-lived rope tornado. Power lines reported down in the area.","Thunderstorms produce a brief tornado in Hardee County and damaging hail up to the size of golf balls in parts of Highlands County.",308
1021087,PALM BEACH CO.,PALM BEACH GARDENS,04/06/2022,1623,Tornado, ,EF0,0,0,153000,0,FL,EST-5, ,168648,C,99,MFL,0,0,NWS Storm Survey, ,0.55,100,3,NW,3,NW,PALM BEACH GARDENS,04/06/2022,1631,26.8307,-80.1042,26.823,-80.1067,"A tornado developed from a south-moving thunderstorm over northern Palm Beach County. The tornado touched down in the area of Burns Road in Palm Beach Gardens, producing roof, awning, and fence damage to an apartment complex and adjacent community center. There was substantial damage at the community center to light poles, fences, bleachers, pool equipment, and playground equipment. The tornado then passed over the property of Palm Beach Gardens High School where a wind gust of 78 mph was recorded. Damage at the school was primarily to trees and fences. The tornado continued to produce tree damage along Military Trail until lifting near the St. Ignatius Loyola Cathedral south of Holly Drive.||It was determined to be a high-end EF-0 with maximum winds estimated around 85 mph. Damage amounts were provided by Palm Beach Gardens PD and emergency management officials.","A warm and moist SW wind flow across the South Florida led to the formation of thunderstorms across Palm Beach County during the afternoon hours of April 6th. One of these thunderstorms produced a tornado in Palm Beach Gardens. Lightning from these storms triggered a brush fire near PGA Boulevard and the Florida Turnpike.",309
1015310,NASSAU CO.,BOULOGNE,04/07/2022,131,Tornado, ,EF1,0,0,0,0,FL,EST-5, ,167684,C,89,JAX,0,0,NWS Storm Survey, ,3.22,30,1,E,4,E,BOULOGNE WELCOME STN,04/07/2022,138,30.7515,-81.9637,30.764,-81.9114,"An EF1 tornado with peak winds of 93 mph moved northeast across northwest Nassau County during the predawn hours. Initially, EF0 wind damage included large broken tree branches occurred near the start of the track just west of Highway 301 near the town of Boulougne near the intersection of Karma Way. The tornado continued to track east-northeast toward the Little St. Marys River producing additional EF0 damage including tree damage with some likely rear-flank downdraft straight line wind damage noted along Conner Cutoff Road. The tornado reached peak EF1 intensity at is crossed the intersection of Conner Cutoff where trees were uprooted and large tree trunks were snapped. A single wide manufactured home had considerable wind damage which included the metal roof partially torn-off and lofted about 20 yards. The tornado lifted just east of Murrhee Road where EF0 damage to trees was noted in a swamp.","A pre-frontal squall line moved across the area during the pre-dawn hours and shifted off of the local Atlantic coast during the morning, which produced an early morning tornado in Nassau County. Another wave of strong to isolated severe storms impacted the local area in the afternoon with convection that formed along the actual cold front. Non-convective gradient wind gusts were 30 to 40 mph outside of thunderstorm activity.",310
1012605,LEE CO.,FORT MYERS VILLAS,04/29/2022,1600,Tornado, ,EF0,0,0,25000,0,FL,EST-5, ,167296,C,71,TBW,0,0,Broadcast Media, ,0.1,25,2,SW,2,SW,FORT MYERS VILLAS,04/29/2022,1601,26.5285,-81.894,26.5295,-81.8929,"Broadcast media relayed video of brief tornado near Cypress Lake in Ft. Myers. Minor roof damage reported to one house with a fence partially blown down in the backyard of another nearby house.","Afternoon sea breeze thunderstorms spawn brief tornado over Ft. Myers.",311
1025885,WAKULLA CO.,PORT LEON,05/06/2022,1649,Tornado, ,EF0,0,0,0,0,FL,EST-5, ,169360,C,129,TAE,0,0,NWS Employee, ,2.51,25,2,ESE,3,SSE,PLUM ORCHARD,05/06/2022,1653,30.1135,-84.1584,30.1054,-84.1175,"A brief tornado touched down in Wakulla County in the St. Mark's Wildlife Refuge. The tornado began just west of Lighthouse Road, tracked across Lighthouse Road where it downed a pine tree, and continued southeast. In total, the tornado was on the ground for 2.5 miles.  A well defined TDS (Tornadic Debris Signature) was evident on dual-pol radar.","A late season cold front brought a round of strong to severe storms across the area.  Two brief tornadoes occurred, one in Perry and the other in the St Marks Wildlife Refuge.",312
1025886,TAYLOR CO.,PERRY,05/06/2022,1806,Tornado, ,EF0,0,0,75000,0,FL,EST-5, ,169360,C,123,TAE,0,0,NWS Storm Survey, ,0.27,50,0,WNW,0,NNE,PERRY,05/06/2022,1807,30.1114,-83.5833,30.112,-83.5789,"A tornado touched down briefly in downtown Perry, FL and was on the ground for about a minute. The tornado touched down west of South Quincy St. near W. Homer J. Smith Ave. It blew over a fence and pealed back a tin roof at a tavern. It continued east northeast along E. Hampton Springs Rd pulling up a carport cover that was anchored to the ground. The tornado bent over a stop sign and snapped large branches off a tree near the intersection of S. Jefferson St. and W. Hampton Springs Rd. One of these was hurled across the intersection, breaking a window of a home. The tornado then broke or bent several large tree limbs before damaging a fence east of Orange St. The tornado lifted just east of S. Center St.  This tornado was rated EF0 with max winds around 75 mph.","A late season cold front brought a round of strong to severe storms across the area.  Two brief tornadoes occurred, one in Perry and the other in the St Marks Wildlife Refuge.",313
1021120,MONROE CO.,ROCK HARBOR,05/09/2022,1505,Tornado, ,EF0,0,0,0,0,FL,EST-5, ,168667,C,87,KEY,0,0,Public, ,0.01,15,1,SSW,1,SSW,ROCK HARBOR,05/09/2022,1505,25.0534,-80.4794,25.0534,-80.4794,"A non-supercell-spawned waterspout was observed to have made landfall on the Atlantic side of Key Largo in the Silver Shores Community.  A spray ring was visible with the waterspout prior to landfall.  Photos revealed damage to a dock railing and a snapped mature coconut palm tree, but no damage to nearby homes was observed.  Based on all available information, the tornado was rated EF-0 with maximum winds of 60 to 70 mph.","Showers and thunderstorms developed in an area of convergence near the far upper Florida Keys as outflow from showers and thunderstorms over mainland south Florida moved southward. A waterspout developed and was observed making landfall along the oceanside of a community within Key Largo.",314
1023254,DUVAL CO.,OCEANWAY,05/15/2022,1244,Tornado, ,EF0,0,0,0,0,FL,EST-5, ,168913,C,31,JAX,0,0,NWS Employee, ,0.01,1,1,WSW,1,WSW,OCEANWAY,05/15/2022,1244,30.46,-81.65,30.46,-81.65,"A brief tornado was observed by NWS employees near the intersection of I-295 and I-95, just SSE of the Jacksonville International Airport. The vortex briefly touched the ground, but significant damage was not observed or reported.","A weak pressure pattern was across the local area with a ridge across the western Atlantic and a mid/upper level across the Carolinas to Florida panhandle with weak SW flow aloft over the local area. Mid level temps warmed, but mid level lapse rates were modest around 6.7 degC/km with surface based CAPE increasing to near 2500 J/kg in the afternoon with surface dew pts near 70 degF. Shear was not impressive, but neared 15-25 kts across NE FL in the afternoon which enabled some stronger cells to form with gusty wind, hail and weak tornado potential.",315
1032127,ESCAMBIA CO.,FERRY PASS,05/25/2022,411,Tornado, ,EF1,0,0,0,0,FL,CST-6, ,170247,C,33,MOB,0,0,NWS Storm Survey, ,0.43,50,1,NNW,1,NNW,FERRY PASS,05/25/2022,412,30.5114,-87.2238,30.5171,-87.2268,"A brief EF-1 intensity tornado appeared to first organize and touch down near or on|the property of Olive Baptist Church. The tornado moved to the northwest|and reached its peak intensity along Whitmire Dr where clear convergence|was noted. This was an area of more concentrated tree and power line damage.|An RV camper was also flipped over and a shed suffered some minor roof damage.|The tornado appeared to lift as it reached E Johnson Ave. Further to the north,|additional pockets of spotty wind damage were noted north to the 9 Mile Road|area.","An intense line of storms produced wind damage in and around the Pensacola metro area along with a brief tornado.",316
1018303,PASCO CO.,ELFERS,05/31/2022,1650,Tornado, ,EFU,0,0,20000,0,FL,EST-5, ,168223,C,101,TBW,0,0,Public, ,0.25,25,2,ESE,2,ESE,ELFERS,05/31/2022,1651,28.2098,-82.6904,28.2097,-82.6945,"Public videos posted to social media showed tornado near New Port Richey with damage reported to 3 cars by a downed tree and powerlines damaged by debris.","Afternoon thunderstorms produce all modes of severe weather across parts of west-central and southwest Florida.",317
1018304,HILLSBOROUGH CO.,SWEETWATER CREEK,05/31/2022,1655,Tornado, ,EFU,0,0,20000,0,FL,EST-5, ,168223,C,57,TBW,0,0,Public, ,0.5,25,1,ENE,0,NNE,SWEETWATER CREEK,05/31/2022,1656,27.9847,-82.5584,27.984,-82.5675,"Multiple public reports received of funnel cloud and probable tornado near Town N Country that produced damage to a building near Rocky Point.","Afternoon thunderstorms produce all modes of severe weather across parts of west-central and southwest Florida.",318
1018306,SARASOTA CO.,DESOTO LAKES,05/31/2022,1710,Tornado, ,EFU,0,0,0,0,FL,EST-5, ,168223,C,115,TBW,0,0,Broadcast Media, ,0.5,25,1,ENE,1,NE,DESOTO LAKES,05/31/2022,1711,27.39,-82.47,27.3912,-82.4782,"Broadcast media shared multiple public videos received of brief tornado touchdown near Desoto Lakes with no damage reported.","Afternoon thunderstorms produce all modes of severe weather across parts of west-central and southwest Florida.",319
1028991,ST. LUCIE CO.,FT PIERCE NELSON ARP,06/06/2022,1706,Tornado, ,EF0,0,0,10000,0,FL,EST-5, ,169824,C,111,MLB,0,0,Emergency Manager, ,3.32,75,6,NW,3,WNW,FT PIERCE NELSON ARP,06/06/2022,1718,27.5,-80.5,27.46,-80.47,"Based on pictures and videos received from Saint Lucie County Emergency management, trained spotters, local broadcast media, and the public, an EF-0 tornado impacted parts of north-central Saint Lucie County. Peak winds are estimated between 65-70 mph. The discontinuous tornado track began approximately 7 miles northwest of Lakewood Park, in a field north of Florida's Turnpike and west of Interstate 95 at approximately 1706LST. The tornado drifted slowly to the south and east, eventually moving across the Turnpike near mile marker 161 at approximately 1714LST. The tornado then tracked southeast where it damaged the roof of a barn, knocked down power lines, and tipped over a trailer at the 14500th block of West Angle Road at 1717LST. The tornado dissipated over a field shortly thereafter.","Numerous severe thunderstorms developed across east-central Florida along the east coast sea breeze, and along the main sea breeze collision. Many storms became severe over Seminole and Volusia Counties where hail and wind damage occurred. Then, as storms moved offshore they produced severe wind gusts along the coast in Brevard, Indian River, and Martin Counties. One storm produced an EF-0 tornado in Saint Lucie County west of Fort Pierce.",320
1029017,ST. LUCIE CO.,WALTON,06/09/2022,1440,Tornado, ,EF0,0,0,210000,0,FL,EST-5, ,169829,C,111,MLB,0,0,Emergency Manager, ,1.5,200,2,WNW,1,WNW,WALTON,06/09/2022,1445,27.3075,-80.3013,27.3042,-80.2772,"Based on numerous ground and aerial photos and videos received from Saint Lucie County Emergency Management, Saint Lucie County Fire Rescue, local broadcast media, and the public, a EF-0 tornado touched down in the Spanish Lakes Golf Village of Port Saint Lucie. Peak winds are estimated between 70-80 mph. The tornado touched down at approximately 1440LST on West Caribbean Blvd. at the western end of the Golf Village. The tornado caused major damage to four mobile homes, and minor to moderate damage to 22 others. The homes sustaining major damage had large sections of their roofs removed, with significant damage to the building's siding. The other homes suffered varying degrees of damage to siding, awnings, and car ports. As the tornado tracked east of the Golf Village, it knocked over a large tree at the Port Saint Lucie High School, and damaged several metal roof covers a a bus lot located next to the high school. The tornado dissipated over the Savannas Preserve at approximately 1445LST.","Scattered afternoon thunderstorms developed along the east coast sea breeze and other outflow boundary collisions. One such collision occurred over Saint Lucie County that rapidly led to the development of a severe thunderstorm over Port Saint Lucie. This storm produced wind damage and an EF-0 tornado.",321
1026931,CHARLOTTE CO.,ROTUNDA WEST,06/11/2022,138,Tornado, ,EF0,0,0,0,0,FL,EST-5, ,169538,C,15,TBW,0,0,Emergency Manager, ,0.06,25,2,NW,2,NW,ROTUNDA WEST,06/11/2022,139,26.89,-82.29,26.8907,-82.2895,"EM reported a destroyed pool cage in Rotonda neighborhood as well as minor roof damage to another home in the vicinity.","Brief tornado causes damage near Grove City in Charlotte County.",322
1027880,ST. LUCIE CO.,FT PIERCE ST LUCIE A,06/30/2022,1157,Tornado, ,EF0,0,0,0,0,FL,EST-5, ,169741,C,111,MLB,0,0,Airplane Pilot, ,0.01,10,1,NW,1,NW,FT PIERCE ST LUCIE A,06/30/2022,1157,27.51,-80.38,27.51,-80.38,"Air Traffic Controllers at the Treasure Coast International Airport in Fort Pierce observed a tornado touchdown briefly just north of the the airport at 1157LST. The tornado was on the ground for approximately 1 minute before lifting, and produced no known damage.","A thunderstorm just north of the Treasure Coast Airport in Fort Pierce produced a brief tornado over an unpopulated wooded area.",323
1043444,MARION CO.,LAKE WEIR,07/22/2022,1838,Tornado, ,EF0,0,0,0,0,FL,EST-5, ,171842,C,83,JAX,0,0,Emergency Manager, ,1.35,50,2,SSW,0,SW,LAKE WEIR,07/22/2022,1842,28.9976,-81.9427,29.0162,-81.936,"A waterspout formed over Lake Wier and caused minor wind damage.","A few strong to isolated severe storms impacted NE FL as both sea breeze fronts converged near the US 301 corridor late in the afternoon and early evening over a moist and unstable airmass.",324
1043500,CHARLOTTE CO.,ACLINE,08/08/2022,1600,Tornado, ,EFU,0,0,0,0,FL,EST-5, ,171872,C,15,TBW,0,0,Broadcast Media, ,0.05,25,2,NNE,2,NNE,ACLINE,08/08/2022,1601,26.9,-82.01,26.9001,-82.0106,"Broadcast media relayed video of weak landspout tornado briefly touching down near Interstate 75 and Jones Loop Road interchange near Charlotte Park.","Afternoon thunderstorms produce a brief tornado near Charlotte Park in Charlotte County, damaging lightning strikes in Pinellas and Lee counties, severe hail near Kenneth City in Pinellas County and localized street flooding in St. Petersburg in Pinellas County.",325
1057195,MIAMI-DADE CO.,MIAMI NEW TAMIAMI AR,09/27/2022,1448,Tornado, ,EFU,0,0,0,0,FL,EST-5, ,174305,C,86,MFL,0,0,Official NWS Observations, ,5.18,100,21,WNW,24,W,PENNSUCO,09/27/2022,1458,25.8,-80.72,25.87,-80.75,"Tornado over the Everglades of far NW Miami-Dade County was confirmed by doppler radar tornado debris signature.","A tropical depression formed in the central Caribbean Sea on September 23rd, then was upgraded to Tropical Storm Ian at 11 PM on September 23rd. Ian moved westward, then turned northwest on September 25th, passing just west of Jamaica and near the Cayman Islands. Ian became a hurricane on Monday, September 26th south of western Cuba, then moved north and made landfall in Pinar Del Rio Province, Cuba early on Tuesday, September 27th as a Category 3 hurricane with maximum sustained winds of 125 mph. ||Ian moved into the SE Gulf of Mexico around midday on Tuesday, September 27th, then moved over Dry Tortugas as a Category 3 hurricane later that evening. Ian strengthened over the SE Gulf of Mexico as it approached Southwest Florida, becoming a Category 4 hurricane at 7 AM on Wednesday, September 28th with maximum sustained winds of 155 mph and a lowest central pressure of 936 mb. Ian moved N-NE and made landfall in Cayo Costa west of Fort Myers at 3:05 PM on Wednesday, September 28th with maximum sustained winds of 150 mph and minimum central pressure of 940 mb. ||Ian moved NE across the central Florida peninsula during the evening and night of Wednesday, September 28th, finally being downgraded to a tropical storm about 20 miles west of Melbourne at 5 AM Thursday, September 29th. Ian moved off the east coast of Florida just north of Cape Canaveral during the mid-morning hours of Thursday, September 29th. ||Ian produced a catastrophic storm surge across coastal sections of SW Florida on Wednesday, September 28th. Storm surge from surveys was estimated in the 8-11 ft range above MHHW along the Gulf beaches from Naples north to Barefoot Beach, and extending inland about 1 mile. Storm surge of 4-7 ft above MHHW was surveyed in the Naples Bay area and extending north to the Naples Airport area, as well as in North Naples near the Cocohatchee River. Farther south and east along the coast, storm surge values were estimated at 5-7 feet above MHHW in Marco Island and Goodland, and 4-6 ft MHHW in Everglades City and Chokoloskee.||Wind gusts as high as 110 mph were measured in the Naples area at heights well above the standard surface elevation of 33 feet. Sustained winds in the 70-75 mph range likely occurred in NW Collier County as well as far western sections of Hendry and Glades counties. Elsewhere across South Florida, peak winds were generally in the 45-70 mph range. ||A total of 13 reported tornadoes were spawned by Ian on Tuesday, September 27th and early on Wednesday, September 28th as it was approaching the SW Florida coast, the strongest being an EF-2 in the Delray Beach area of Palm Beach County. ||Storm total rainfall amounts from 8 AM on September 26th to 8 AM on September 29th ranged from 4 to 10 inches across southern Florida. The highest rainfall amounts occurred in the day or two leading up to the storm's landfall, with highest values over western metro Broward County in the 8-10 inch range, as well as in parts of the city of Miami.||All of the associated effects of Ian in southern Florida resulted in 10 fatalities, at least 2 injuries, $2.2 billion in property damage, and at least $500,000 in crop damage. The vast majority of the damage was likely caused by the significant to major storm surge in Collier County. Of the 10 deaths, 2 were directly caused by the storm surge in Collier County, and the remaining 8 were indirectly caused by the storm during evacuation, preparation, and clean-up activities. The 13 associated tornadoes resulted in 2 injuries an estimated $2.5 million in property damage.||Six people were injured at South Pointe Pier Park on Miami Beach on September 30th by large waves caused by swells from the back side of Ian.",326
1057197,MONROE CO.,PINECREST,09/27/2022,1610,Tornado, ,EFU,0,0,0,0,FL,EST-5, ,174305,C,87,MFL,0,0,Official NWS Observations, ,0.02,50,4,W,4,W,PINECREST,09/27/2022,1610,25.75,-80.99,25.75,-80.99,"Tornado over the Everglades of Mainland Monroe County near Loop Road was confirmed by doppler radar tornado debris signature.","A tropical depression formed in the central Caribbean Sea on September 23rd, then was upgraded to Tropical Storm Ian at 11 PM on September 23rd. Ian moved westward, then turned northwest on September 25th, passing just west of Jamaica and near the Cayman Islands. Ian became a hurricane on Monday, September 26th south of western Cuba, then moved north and made landfall in Pinar Del Rio Province, Cuba early on Tuesday, September 27th as a Category 3 hurricane with maximum sustained winds of 125 mph. ||Ian moved into the SE Gulf of Mexico around midday on Tuesday, September 27th, then moved over Dry Tortugas as a Category 3 hurricane later that evening. Ian strengthened over the SE Gulf of Mexico as it approached Southwest Florida, becoming a Category 4 hurricane at 7 AM on Wednesday, September 28th with maximum sustained winds of 155 mph and a lowest central pressure of 936 mb. Ian moved N-NE and made landfall in Cayo Costa west of Fort Myers at 3:05 PM on Wednesday, September 28th with maximum sustained winds of 150 mph and minimum central pressure of 940 mb. ||Ian moved NE across the central Florida peninsula during the evening and night of Wednesday, September 28th, finally being downgraded to a tropical storm about 20 miles west of Melbourne at 5 AM Thursday, September 29th. Ian moved off the east coast of Florida just north of Cape Canaveral during the mid-morning hours of Thursday, September 29th. ||Ian produced a catastrophic storm surge across coastal sections of SW Florida on Wednesday, September 28th. Storm surge from surveys was estimated in the 8-11 ft range above MHHW along the Gulf beaches from Naples north to Barefoot Beach, and extending inland about 1 mile. Storm surge of 4-7 ft above MHHW was surveyed in the Naples Bay area and extending north to the Naples Airport area, as well as in North Naples near the Cocohatchee River. Farther south and east along the coast, storm surge values were estimated at 5-7 feet above MHHW in Marco Island and Goodland, and 4-6 ft MHHW in Everglades City and Chokoloskee.||Wind gusts as high as 110 mph were measured in the Naples area at heights well above the standard surface elevation of 33 feet. Sustained winds in the 70-75 mph range likely occurred in NW Collier County as well as far western sections of Hendry and Glades counties. Elsewhere across South Florida, peak winds were generally in the 45-70 mph range. ||A total of 13 reported tornadoes were spawned by Ian on Tuesday, September 27th and early on Wednesday, September 28th as it was approaching the SW Florida coast, the strongest being an EF-2 in the Delray Beach area of Palm Beach County. ||Storm total rainfall amounts from 8 AM on September 26th to 8 AM on September 29th ranged from 4 to 10 inches across southern Florida. The highest rainfall amounts occurred in the day or two leading up to the storm's landfall, with highest values over western metro Broward County in the 8-10 inch range, as well as in parts of the city of Miami.||All of the associated effects of Ian in southern Florida resulted in 10 fatalities, at least 2 injuries, $2.2 billion in property damage, and at least $500,000 in crop damage. The vast majority of the damage was likely caused by the significant to major storm surge in Collier County. Of the 10 deaths, 2 were directly caused by the storm surge in Collier County, and the remaining 8 were indirectly caused by the storm during evacuation, preparation, and clean-up activities. The 13 associated tornadoes resulted in 2 injuries an estimated $2.5 million in property damage.||Six people were injured at South Pointe Pier Park on Miami Beach on September 30th by large waves caused by swells from the back side of Ian.",327
1057191,MIAMI-DADE CO.,SWEET WATER,09/27/2022,1713,Tornado, ,EF0,0,0,3000,0,FL,EST-5, ,174305,C,86,MFL,0,0,Social Media, ,0.1,50,2,E,2,E,SWEET WATER,09/27/2022,1713,25.7711,-80.3354,25.7711,-80.3354,"Picture received via social media of tree damage in the Fountainbleau area near the Dolphin Expressway and Galloway Road. Radar data indicated the likelihood of a small tornado in the area. Tree damage in Doral a few minutes after this event likely came from the same parent storm.","A tropical depression formed in the central Caribbean Sea on September 23rd, then was upgraded to Tropical Storm Ian at 11 PM on September 23rd. Ian moved westward, then turned northwest on September 25th, passing just west of Jamaica and near the Cayman Islands. Ian became a hurricane on Monday, September 26th south of western Cuba, then moved north and made landfall in Pinar Del Rio Province, Cuba early on Tuesday, September 27th as a Category 3 hurricane with maximum sustained winds of 125 mph. ||Ian moved into the SE Gulf of Mexico around midday on Tuesday, September 27th, then moved over Dry Tortugas as a Category 3 hurricane later that evening. Ian strengthened over the SE Gulf of Mexico as it approached Southwest Florida, becoming a Category 4 hurricane at 7 AM on Wednesday, September 28th with maximum sustained winds of 155 mph and a lowest central pressure of 936 mb. Ian moved N-NE and made landfall in Cayo Costa west of Fort Myers at 3:05 PM on Wednesday, September 28th with maximum sustained winds of 150 mph and minimum central pressure of 940 mb. ||Ian moved NE across the central Florida peninsula during the evening and night of Wednesday, September 28th, finally being downgraded to a tropical storm about 20 miles west of Melbourne at 5 AM Thursday, September 29th. Ian moved off the east coast of Florida just north of Cape Canaveral during the mid-morning hours of Thursday, September 29th. ||Ian produced a catastrophic storm surge across coastal sections of SW Florida on Wednesday, September 28th. Storm surge from surveys was estimated in the 8-11 ft range above MHHW along the Gulf beaches from Naples north to Barefoot Beach, and extending inland about 1 mile. Storm surge of 4-7 ft above MHHW was surveyed in the Naples Bay area and extending north to the Naples Airport area, as well as in North Naples near the Cocohatchee River. Farther south and east along the coast, storm surge values were estimated at 5-7 feet above MHHW in Marco Island and Goodland, and 4-6 ft MHHW in Everglades City and Chokoloskee.||Wind gusts as high as 110 mph were measured in the Naples area at heights well above the standard surface elevation of 33 feet. Sustained winds in the 70-75 mph range likely occurred in NW Collier County as well as far western sections of Hendry and Glades counties. Elsewhere across South Florida, peak winds were generally in the 45-70 mph range. ||A total of 13 reported tornadoes were spawned by Ian on Tuesday, September 27th and early on Wednesday, September 28th as it was approaching the SW Florida coast, the strongest being an EF-2 in the Delray Beach area of Palm Beach County. ||Storm total rainfall amounts from 8 AM on September 26th to 8 AM on September 29th ranged from 4 to 10 inches across southern Florida. The highest rainfall amounts occurred in the day or two leading up to the storm's landfall, with highest values over western metro Broward County in the 8-10 inch range, as well as in parts of the city of Miami.||All of the associated effects of Ian in southern Florida resulted in 10 fatalities, at least 2 injuries, $2.2 billion in property damage, and at least $500,000 in crop damage. The vast majority of the damage was likely caused by the significant to major storm surge in Collier County. Of the 10 deaths, 2 were directly caused by the storm surge in Collier County, and the remaining 8 were indirectly caused by the storm during evacuation, preparation, and clean-up activities. The 13 associated tornadoes resulted in 2 injuries an estimated $2.5 million in property damage.||Six people were injured at South Pointe Pier Park on Miami Beach on September 30th by large waves caused by swells from the back side of Ian.",328
1057192,MIAMI-DADE CO.,MEDLEY,09/27/2022,1722,Tornado, ,EF0,0,0,3000,0,FL,EST-5, ,174305,C,86,MFL,0,0,Emergency Manager, ,0.15,50,2,SW,2,SW,MEDLEY,09/27/2022,1722,25.8075,-80.3511,25.8075,-80.3511,"Several trees were significantly damaged by a brief tornado next to the city of Doral Police Training complex. Damage to the SE in the Fountainbleau area a few minutes earlier likely came from the same parent storm.","A tropical depression formed in the central Caribbean Sea on September 23rd, then was upgraded to Tropical Storm Ian at 11 PM on September 23rd. Ian moved westward, then turned northwest on September 25th, passing just west of Jamaica and near the Cayman Islands. Ian became a hurricane on Monday, September 26th south of western Cuba, then moved north and made landfall in Pinar Del Rio Province, Cuba early on Tuesday, September 27th as a Category 3 hurricane with maximum sustained winds of 125 mph. ||Ian moved into the SE Gulf of Mexico around midday on Tuesday, September 27th, then moved over Dry Tortugas as a Category 3 hurricane later that evening. Ian strengthened over the SE Gulf of Mexico as it approached Southwest Florida, becoming a Category 4 hurricane at 7 AM on Wednesday, September 28th with maximum sustained winds of 155 mph and a lowest central pressure of 936 mb. Ian moved N-NE and made landfall in Cayo Costa west of Fort Myers at 3:05 PM on Wednesday, September 28th with maximum sustained winds of 150 mph and minimum central pressure of 940 mb. ||Ian moved NE across the central Florida peninsula during the evening and night of Wednesday, September 28th, finally being downgraded to a tropical storm about 20 miles west of Melbourne at 5 AM Thursday, September 29th. Ian moved off the east coast of Florida just north of Cape Canaveral during the mid-morning hours of Thursday, September 29th. ||Ian produced a catastrophic storm surge across coastal sections of SW Florida on Wednesday, September 28th. Storm surge from surveys was estimated in the 8-11 ft range above MHHW along the Gulf beaches from Naples north to Barefoot Beach, and extending inland about 1 mile. Storm surge of 4-7 ft above MHHW was surveyed in the Naples Bay area and extending north to the Naples Airport area, as well as in North Naples near the Cocohatchee River. Farther south and east along the coast, storm surge values were estimated at 5-7 feet above MHHW in Marco Island and Goodland, and 4-6 ft MHHW in Everglades City and Chokoloskee.||Wind gusts as high as 110 mph were measured in the Naples area at heights well above the standard surface elevation of 33 feet. Sustained winds in the 70-75 mph range likely occurred in NW Collier County as well as far western sections of Hendry and Glades counties. Elsewhere across South Florida, peak winds were generally in the 45-70 mph range. ||A total of 13 reported tornadoes were spawned by Ian on Tuesday, September 27th and early on Wednesday, September 28th as it was approaching the SW Florida coast, the strongest being an EF-2 in the Delray Beach area of Palm Beach County. ||Storm total rainfall amounts from 8 AM on September 26th to 8 AM on September 29th ranged from 4 to 10 inches across southern Florida. The highest rainfall amounts occurred in the day or two leading up to the storm's landfall, with highest values over western metro Broward County in the 8-10 inch range, as well as in parts of the city of Miami.||All of the associated effects of Ian in southern Florida resulted in 10 fatalities, at least 2 injuries, $2.2 billion in property damage, and at least $500,000 in crop damage. The vast majority of the damage was likely caused by the significant to major storm surge in Collier County. Of the 10 deaths, 2 were directly caused by the storm surge in Collier County, and the remaining 8 were indirectly caused by the storm during evacuation, preparation, and clean-up activities. The 13 associated tornadoes resulted in 2 injuries an estimated $2.5 million in property damage.||Six people were injured at South Pointe Pier Park on Miami Beach on September 30th by large waves caused by swells from the back side of Ian.",329
1057165,BROWARD CO.,HOLLYWOOD N PERRY AR,09/27/2022,1817,Tornado, ,EF1,0,0,2000000,0,FL,EST-5, ,174305,C,11,MFL,0,0,NWS Storm Survey, ,5.73,150,1,WSW,3,W,DAVIE,09/27/2022,1825,25.9952,-80.2386,26.0665,-80.2856,"A tornado touched down at North Perry Airport (HWO), causing EF-1 damage to 20 general aviation aircraft, including several which flipped over, damage to 50 feet of fencing, and minor damage to hangar doors and structures. The tornado crossed Pines Boulevard near the University Drive intersection, passing over the College Plaza|and Pembroke Commons shopping centers and causing mainly EF-0 damage to |signs and trees. It then continued moving NW into the Pasadena Lakes neighborhood where it intensified into the high-end EF-0 range, with many large tree branches broken, minor roof damage to two houses, and windows broken at Pasadena Lakes Elementary School. The tornado caused EF-1 damage to a Publix at the corner of Sheridan Street and Pine Island Road where the front glass sliding doors were broken off their hinges. It continued NW through Brian Piccolo Park in Cooper City, uprooting a large tree near the corner of Palm Avenue and Griffin Road before lifting just north of Griffin Road.","A tropical depression formed in the central Caribbean Sea on September 23rd, then was upgraded to Tropical Storm Ian at 11 PM on September 23rd. Ian moved westward, then turned northwest on September 25th, passing just west of Jamaica and near the Cayman Islands. Ian became a hurricane on Monday, September 26th south of western Cuba, then moved north and made landfall in Pinar Del Rio Province, Cuba early on Tuesday, September 27th as a Category 3 hurricane with maximum sustained winds of 125 mph. ||Ian moved into the SE Gulf of Mexico around midday on Tuesday, September 27th, then moved over Dry Tortugas as a Category 3 hurricane later that evening. Ian strengthened over the SE Gulf of Mexico as it approached Southwest Florida, becoming a Category 4 hurricane at 7 AM on Wednesday, September 28th with maximum sustained winds of 155 mph and a lowest central pressure of 936 mb. Ian moved N-NE and made landfall in Cayo Costa west of Fort Myers at 3:05 PM on Wednesday, September 28th with maximum sustained winds of 150 mph and minimum central pressure of 940 mb. ||Ian moved NE across the central Florida peninsula during the evening and night of Wednesday, September 28th, finally being downgraded to a tropical storm about 20 miles west of Melbourne at 5 AM Thursday, September 29th. Ian moved off the east coast of Florida just north of Cape Canaveral during the mid-morning hours of Thursday, September 29th. ||Ian produced a catastrophic storm surge across coastal sections of SW Florida on Wednesday, September 28th. Storm surge from surveys was estimated in the 8-11 ft range above MHHW along the Gulf beaches from Naples north to Barefoot Beach, and extending inland about 1 mile. Storm surge of 4-7 ft above MHHW was surveyed in the Naples Bay area and extending north to the Naples Airport area, as well as in North Naples near the Cocohatchee River. Farther south and east along the coast, storm surge values were estimated at 5-7 feet above MHHW in Marco Island and Goodland, and 4-6 ft MHHW in Everglades City and Chokoloskee.||Wind gusts as high as 110 mph were measured in the Naples area at heights well above the standard surface elevation of 33 feet. Sustained winds in the 70-75 mph range likely occurred in NW Collier County as well as far western sections of Hendry and Glades counties. Elsewhere across South Florida, peak winds were generally in the 45-70 mph range. ||A total of 13 reported tornadoes were spawned by Ian on Tuesday, September 27th and early on Wednesday, September 28th as it was approaching the SW Florida coast, the strongest being an EF-2 in the Delray Beach area of Palm Beach County. ||Storm total rainfall amounts from 8 AM on September 26th to 8 AM on September 29th ranged from 4 to 10 inches across southern Florida. The highest rainfall amounts occurred in the day or two leading up to the storm's landfall, with highest values over western metro Broward County in the 8-10 inch range, as well as in parts of the city of Miami.||All of the associated effects of Ian in southern Florida resulted in 10 fatalities, at least 2 injuries, $2.2 billion in property damage, and at least $500,000 in crop damage. The vast majority of the damage was likely caused by the significant to major storm surge in Collier County. Of the 10 deaths, 2 were directly caused by the storm surge in Collier County, and the remaining 8 were indirectly caused by the storm during evacuation, preparation, and clean-up activities. The 13 associated tornadoes resulted in 2 injuries an estimated $2.5 million in property damage.||Six people were injured at South Pointe Pier Park on Miami Beach on September 30th by large waves caused by swells from the back side of Ian.",330
1057167,BROWARD CO.,WEST HOLLYWOOD,09/27/2022,1851,Tornado, ,EF0,0,0,5000,0,FL,EST-5, ,174305,C,11,MFL,0,0,Emergency Manager, ,7.44,75,1,SSE,2,NW,DAVIE,09/27/2022,1907,26.0047,-80.192,26.0977,-80.2523,"A tornado touched down in the 4800 block of Jefferson Street in Hollywood, breaking off large tree branches. A well defined tornado debris signature (TDS) was observed on doppler radar as the tornado moved NW across portions of Hollywood, crossing the Florida Turnpike near Stirling Road. Trees were uprooted west of the Turnpike near and south of the Broward College central campus in Davie, before lifting near the intersection of University Drive and I-595 in Davie.","A tropical depression formed in the central Caribbean Sea on September 23rd, then was upgraded to Tropical Storm Ian at 11 PM on September 23rd. Ian moved westward, then turned northwest on September 25th, passing just west of Jamaica and near the Cayman Islands. Ian became a hurricane on Monday, September 26th south of western Cuba, then moved north and made landfall in Pinar Del Rio Province, Cuba early on Tuesday, September 27th as a Category 3 hurricane with maximum sustained winds of 125 mph. ||Ian moved into the SE Gulf of Mexico around midday on Tuesday, September 27th, then moved over Dry Tortugas as a Category 3 hurricane later that evening. Ian strengthened over the SE Gulf of Mexico as it approached Southwest Florida, becoming a Category 4 hurricane at 7 AM on Wednesday, September 28th with maximum sustained winds of 155 mph and a lowest central pressure of 936 mb. Ian moved N-NE and made landfall in Cayo Costa west of Fort Myers at 3:05 PM on Wednesday, September 28th with maximum sustained winds of 150 mph and minimum central pressure of 940 mb. ||Ian moved NE across the central Florida peninsula during the evening and night of Wednesday, September 28th, finally being downgraded to a tropical storm about 20 miles west of Melbourne at 5 AM Thursday, September 29th. Ian moved off the east coast of Florida just north of Cape Canaveral during the mid-morning hours of Thursday, September 29th. ||Ian produced a catastrophic storm surge across coastal sections of SW Florida on Wednesday, September 28th. Storm surge from surveys was estimated in the 8-11 ft range above MHHW along the Gulf beaches from Naples north to Barefoot Beach, and extending inland about 1 mile. Storm surge of 4-7 ft above MHHW was surveyed in the Naples Bay area and extending north to the Naples Airport area, as well as in North Naples near the Cocohatchee River. Farther south and east along the coast, storm surge values were estimated at 5-7 feet above MHHW in Marco Island and Goodland, and 4-6 ft MHHW in Everglades City and Chokoloskee.||Wind gusts as high as 110 mph were measured in the Naples area at heights well above the standard surface elevation of 33 feet. Sustained winds in the 70-75 mph range likely occurred in NW Collier County as well as far western sections of Hendry and Glades counties. Elsewhere across South Florida, peak winds were generally in the 45-70 mph range. ||A total of 13 reported tornadoes were spawned by Ian on Tuesday, September 27th and early on Wednesday, September 28th as it was approaching the SW Florida coast, the strongest being an EF-2 in the Delray Beach area of Palm Beach County. ||Storm total rainfall amounts from 8 AM on September 26th to 8 AM on September 29th ranged from 4 to 10 inches across southern Florida. The highest rainfall amounts occurred in the day or two leading up to the storm's landfall, with highest values over western metro Broward County in the 8-10 inch range, as well as in parts of the city of Miami.||All of the associated effects of Ian in southern Florida resulted in 10 fatalities, at least 2 injuries, $2.2 billion in property damage, and at least $500,000 in crop damage. The vast majority of the damage was likely caused by the significant to major storm surge in Collier County. Of the 10 deaths, 2 were directly caused by the storm surge in Collier County, and the remaining 8 were indirectly caused by the storm during evacuation, preparation, and clean-up activities. The 13 associated tornadoes resulted in 2 injuries an estimated $2.5 million in property damage.||Six people were injured at South Pointe Pier Park on Miami Beach on September 30th by large waves caused by swells from the back side of Ian.",331
1057163,PALM BEACH CO.,BOCA RATON,09/27/2022,1959,Tornado, ,EF2,0,2,0,0,FL,EST-5, ,174305,C,99,MFL,0,0,NWS Storm Survey, ,6.98,200,2,NW,5,W,DELRAY BEACH,09/27/2022,2017,26.3705,-80.1054,26.464,-80.1487,"A strong tornado affected portions of Boca Raton and unincorporated Delray Beach on the evening of September 27th, 2022. The beginning of the identified damage was at the Florida Atlantic University Campus in Boca Raton, where siding was torn off of a |building. Doppler radar showed evidence of strong rotation along the track, however damage reports are unavailable for the remainder of the Boca Raton portion of the track. EF-0 damage was noted at the American Heritage School just south of Linton Blvd where trees were uprooted and fences were damaged. ||The tornado intensified after crossing Linton Blvd and entered the Kings Point community. Considerable damage to condominium buildings, trees, and vehicles was noted. EF-1 and EF-2 damage was common in Kings Point. The roof was completely lifted off of a small two-story building complex, with an adjacent larger two-story building complex having about 25% of its roof lifted. Several palm trees were snapped at the middle, and one of the snapped palm trees crashed into a second story|unit and tore a large hole into the wall. A few cars were flipped and moved, and many large tree branches were snapped at the top of the tree canopies. ||In Kings Point, 2 people were injured in their homes when their roof collapsed. One person was rescued from her bathroom after her roof collapsed. A total of about 30 people were evacuated. ||Just north of the Kings Point community, large tree branches were broken off trees at a Home Depot parking lot at Jog Road and Atlantic Avenue. The tornado continued north of Atlantic Avenue and entered the Villages of Oriole where EF-1 damage was observed to a few homes, mainly in the form of roof uplift and loss of roof covering/shingles. The tornado lifted in the area of Jog Road and N. Oriole Blvd.","A tropical depression formed in the central Caribbean Sea on September 23rd, then was upgraded to Tropical Storm Ian at 11 PM on September 23rd. Ian moved westward, then turned northwest on September 25th, passing just west of Jamaica and near the Cayman Islands. Ian became a hurricane on Monday, September 26th south of western Cuba, then moved north and made landfall in Pinar Del Rio Province, Cuba early on Tuesday, September 27th as a Category 3 hurricane with maximum sustained winds of 125 mph. ||Ian moved into the SE Gulf of Mexico around midday on Tuesday, September 27th, then moved over Dry Tortugas as a Category 3 hurricane later that evening. Ian strengthened over the SE Gulf of Mexico as it approached Southwest Florida, becoming a Category 4 hurricane at 7 AM on Wednesday, September 28th with maximum sustained winds of 155 mph and a lowest central pressure of 936 mb. Ian moved N-NE and made landfall in Cayo Costa west of Fort Myers at 3:05 PM on Wednesday, September 28th with maximum sustained winds of 150 mph and minimum central pressure of 940 mb. ||Ian moved NE across the central Florida peninsula during the evening and night of Wednesday, September 28th, finally being downgraded to a tropical storm about 20 miles west of Melbourne at 5 AM Thursday, September 29th. Ian moved off the east coast of Florida just north of Cape Canaveral during the mid-morning hours of Thursday, September 29th. ||Ian produced a catastrophic storm surge across coastal sections of SW Florida on Wednesday, September 28th. Storm surge from surveys was estimated in the 8-11 ft range above MHHW along the Gulf beaches from Naples north to Barefoot Beach, and extending inland about 1 mile. Storm surge of 4-7 ft above MHHW was surveyed in the Naples Bay area and extending north to the Naples Airport area, as well as in North Naples near the Cocohatchee River. Farther south and east along the coast, storm surge values were estimated at 5-7 feet above MHHW in Marco Island and Goodland, and 4-6 ft MHHW in Everglades City and Chokoloskee.||Wind gusts as high as 110 mph were measured in the Naples area at heights well above the standard surface elevation of 33 feet. Sustained winds in the 70-75 mph range likely occurred in NW Collier County as well as far western sections of Hendry and Glades counties. Elsewhere across South Florida, peak winds were generally in the 45-70 mph range. ||A total of 13 reported tornadoes were spawned by Ian on Tuesday, September 27th and early on Wednesday, September 28th as it was approaching the SW Florida coast, the strongest being an EF-2 in the Delray Beach area of Palm Beach County. ||Storm total rainfall amounts from 8 AM on September 26th to 8 AM on September 29th ranged from 4 to 10 inches across southern Florida. The highest rainfall amounts occurred in the day or two leading up to the storm's landfall, with highest values over western metro Broward County in the 8-10 inch range, as well as in parts of the city of Miami.||All of the associated effects of Ian in southern Florida resulted in 10 fatalities, at least 2 injuries, $2.2 billion in property damage, and at least $500,000 in crop damage. The vast majority of the damage was likely caused by the significant to major storm surge in Collier County. Of the 10 deaths, 2 were directly caused by the storm surge in Collier County, and the remaining 8 were indirectly caused by the storm during evacuation, preparation, and clean-up activities. The 13 associated tornadoes resulted in 2 injuries an estimated $2.5 million in property damage.||Six people were injured at South Pointe Pier Park on Miami Beach on September 30th by large waves caused by swells from the back side of Ian.",332
1057171,PALM BEACH CO.,WELLINGTON,09/27/2022,2022,Tornado, ,EF1,0,0,200000,0,FL,EST-5, ,174305,C,99,MFL,0,0,Emergency Manager, ,7.48,150,3,SW,4,N,LOXAHATCHEE,09/27/2022,2030,26.6449,-80.2878,26.7376,-80.3503,"Tornado began in Wellington just north of Greenbriar Park, causing EF-0 to EF-1 damage in the form of torn roof tiles and many broken tree branches in the Wanderer's Golf Course community. The tornado moved northwest into the Lakefield West and Meadow Wood of the Landings communities, causing minor roof damage before crossing Flying Cow Ranch Road and moving over open land south of Southern Boulevard. ||Damage totals are estimated based on at least 2 dozen homes sustaining roof damage.||The tornado crossed Southern Boulevard near Lion Country Safari Road, causing significant tree damage, then passed just west of Lion Country Safari into Loxahatchee where tree trunks were snapped in the Buck Ridge Trail and Hanover Circle area. |The last reported damage was fence damage at Hanover Circle and Duellant Road.","A tropical depression formed in the central Caribbean Sea on September 23rd, then was upgraded to Tropical Storm Ian at 11 PM on September 23rd. Ian moved westward, then turned northwest on September 25th, passing just west of Jamaica and near the Cayman Islands. Ian became a hurricane on Monday, September 26th south of western Cuba, then moved north and made landfall in Pinar Del Rio Province, Cuba early on Tuesday, September 27th as a Category 3 hurricane with maximum sustained winds of 125 mph. ||Ian moved into the SE Gulf of Mexico around midday on Tuesday, September 27th, then moved over Dry Tortugas as a Category 3 hurricane later that evening. Ian strengthened over the SE Gulf of Mexico as it approached Southwest Florida, becoming a Category 4 hurricane at 7 AM on Wednesday, September 28th with maximum sustained winds of 155 mph and a lowest central pressure of 936 mb. Ian moved N-NE and made landfall in Cayo Costa west of Fort Myers at 3:05 PM on Wednesday, September 28th with maximum sustained winds of 150 mph and minimum central pressure of 940 mb. ||Ian moved NE across the central Florida peninsula during the evening and night of Wednesday, September 28th, finally being downgraded to a tropical storm about 20 miles west of Melbourne at 5 AM Thursday, September 29th. Ian moved off the east coast of Florida just north of Cape Canaveral during the mid-morning hours of Thursday, September 29th. ||Ian produced a catastrophic storm surge across coastal sections of SW Florida on Wednesday, September 28th. Storm surge from surveys was estimated in the 8-11 ft range above MHHW along the Gulf beaches from Naples north to Barefoot Beach, and extending inland about 1 mile. Storm surge of 4-7 ft above MHHW was surveyed in the Naples Bay area and extending north to the Naples Airport area, as well as in North Naples near the Cocohatchee River. Farther south and east along the coast, storm surge values were estimated at 5-7 feet above MHHW in Marco Island and Goodland, and 4-6 ft MHHW in Everglades City and Chokoloskee.||Wind gusts as high as 110 mph were measured in the Naples area at heights well above the standard surface elevation of 33 feet. Sustained winds in the 70-75 mph range likely occurred in NW Collier County as well as far western sections of Hendry and Glades counties. Elsewhere across South Florida, peak winds were generally in the 45-70 mph range. ||A total of 13 reported tornadoes were spawned by Ian on Tuesday, September 27th and early on Wednesday, September 28th as it was approaching the SW Florida coast, the strongest being an EF-2 in the Delray Beach area of Palm Beach County. ||Storm total rainfall amounts from 8 AM on September 26th to 8 AM on September 29th ranged from 4 to 10 inches across southern Florida. The highest rainfall amounts occurred in the day or two leading up to the storm's landfall, with highest values over western metro Broward County in the 8-10 inch range, as well as in parts of the city of Miami.||All of the associated effects of Ian in southern Florida resulted in 10 fatalities, at least 2 injuries, $2.2 billion in property damage, and at least $500,000 in crop damage. The vast majority of the damage was likely caused by the significant to major storm surge in Collier County. Of the 10 deaths, 2 were directly caused by the storm surge in Collier County, and the remaining 8 were indirectly caused by the storm during evacuation, preparation, and clean-up activities. The 13 associated tornadoes resulted in 2 injuries an estimated $2.5 million in property damage.||Six people were injured at South Pointe Pier Park on Miami Beach on September 30th by large waves caused by swells from the back side of Ian.",333
1057173,PALM BEACH CO.,LOXAHATCHEE,09/27/2022,2030,Tornado, ,EF1,0,0,50000,0,FL,EST-5, ,174305,C,99,MFL,0,0,Trained Spotter, ,1.39,100,4,NNE,5,N,LOXAHATCHEE,09/27/2022,2036,26.7338,-80.3355,26.7487,-80.3499,"A brief tornado moved through western sections of Loxahatchee at around the same time that another tornado was occurring in the same general area west of Lion Country Safari. The tornado started near Dellwood Road and produced EF1 tree damage as well as roof damage to a single family home. The last damage point available was along Capet|Creek Court where significant damage to the roof of a stable was observed. Damage amount is estimated.","A tropical depression formed in the central Caribbean Sea on September 23rd, then was upgraded to Tropical Storm Ian at 11 PM on September 23rd. Ian moved westward, then turned northwest on September 25th, passing just west of Jamaica and near the Cayman Islands. Ian became a hurricane on Monday, September 26th south of western Cuba, then moved north and made landfall in Pinar Del Rio Province, Cuba early on Tuesday, September 27th as a Category 3 hurricane with maximum sustained winds of 125 mph. ||Ian moved into the SE Gulf of Mexico around midday on Tuesday, September 27th, then moved over Dry Tortugas as a Category 3 hurricane later that evening. Ian strengthened over the SE Gulf of Mexico as it approached Southwest Florida, becoming a Category 4 hurricane at 7 AM on Wednesday, September 28th with maximum sustained winds of 155 mph and a lowest central pressure of 936 mb. Ian moved N-NE and made landfall in Cayo Costa west of Fort Myers at 3:05 PM on Wednesday, September 28th with maximum sustained winds of 150 mph and minimum central pressure of 940 mb. ||Ian moved NE across the central Florida peninsula during the evening and night of Wednesday, September 28th, finally being downgraded to a tropical storm about 20 miles west of Melbourne at 5 AM Thursday, September 29th. Ian moved off the east coast of Florida just north of Cape Canaveral during the mid-morning hours of Thursday, September 29th. ||Ian produced a catastrophic storm surge across coastal sections of SW Florida on Wednesday, September 28th. Storm surge from surveys was estimated in the 8-11 ft range above MHHW along the Gulf beaches from Naples north to Barefoot Beach, and extending inland about 1 mile. Storm surge of 4-7 ft above MHHW was surveyed in the Naples Bay area and extending north to the Naples Airport area, as well as in North Naples near the Cocohatchee River. Farther south and east along the coast, storm surge values were estimated at 5-7 feet above MHHW in Marco Island and Goodland, and 4-6 ft MHHW in Everglades City and Chokoloskee.||Wind gusts as high as 110 mph were measured in the Naples area at heights well above the standard surface elevation of 33 feet. Sustained winds in the 70-75 mph range likely occurred in NW Collier County as well as far western sections of Hendry and Glades counties. Elsewhere across South Florida, peak winds were generally in the 45-70 mph range. ||A total of 13 reported tornadoes were spawned by Ian on Tuesday, September 27th and early on Wednesday, September 28th as it was approaching the SW Florida coast, the strongest being an EF-2 in the Delray Beach area of Palm Beach County. ||Storm total rainfall amounts from 8 AM on September 26th to 8 AM on September 29th ranged from 4 to 10 inches across southern Florida. The highest rainfall amounts occurred in the day or two leading up to the storm's landfall, with highest values over western metro Broward County in the 8-10 inch range, as well as in parts of the city of Miami.||All of the associated effects of Ian in southern Florida resulted in 10 fatalities, at least 2 injuries, $2.2 billion in property damage, and at least $500,000 in crop damage. The vast majority of the damage was likely caused by the significant to major storm surge in Collier County. Of the 10 deaths, 2 were directly caused by the storm surge in Collier County, and the remaining 8 were indirectly caused by the storm during evacuation, preparation, and clean-up activities. The 13 associated tornadoes resulted in 2 injuries an estimated $2.5 million in property damage.||Six people were injured at South Pointe Pier Park on Miami Beach on September 30th by large waves caused by swells from the back side of Ian.",334
1057196,BROWARD CO.,MIRAMAR,09/27/2022,2340,Tornado, ,EFU,0,0,0,0,FL,EST-5, ,174305,C,11,MFL,0,0,Official NWS Observations, ,2.83,100,22,NW,25,NNW,MIRAMAR,09/27/2022,2342,26.26,-80.61,26.3,-80.62,"Tornado over the Everglades of NW Broward County was confirmed by doppler radar tornado debris signature.","A tropical depression formed in the central Caribbean Sea on September 23rd, then was upgraded to Tropical Storm Ian at 11 PM on September 23rd. Ian moved westward, then turned northwest on September 25th, passing just west of Jamaica and near the Cayman Islands. Ian became a hurricane on Monday, September 26th south of western Cuba, then moved north and made landfall in Pinar Del Rio Province, Cuba early on Tuesday, September 27th as a Category 3 hurricane with maximum sustained winds of 125 mph. ||Ian moved into the SE Gulf of Mexico around midday on Tuesday, September 27th, then moved over Dry Tortugas as a Category 3 hurricane later that evening. Ian strengthened over the SE Gulf of Mexico as it approached Southwest Florida, becoming a Category 4 hurricane at 7 AM on Wednesday, September 28th with maximum sustained winds of 155 mph and a lowest central pressure of 936 mb. Ian moved N-NE and made landfall in Cayo Costa west of Fort Myers at 3:05 PM on Wednesday, September 28th with maximum sustained winds of 150 mph and minimum central pressure of 940 mb. ||Ian moved NE across the central Florida peninsula during the evening and night of Wednesday, September 28th, finally being downgraded to a tropical storm about 20 miles west of Melbourne at 5 AM Thursday, September 29th. Ian moved off the east coast of Florida just north of Cape Canaveral during the mid-morning hours of Thursday, September 29th. ||Ian produced a catastrophic storm surge across coastal sections of SW Florida on Wednesday, September 28th. Storm surge from surveys was estimated in the 8-11 ft range above MHHW along the Gulf beaches from Naples north to Barefoot Beach, and extending inland about 1 mile. Storm surge of 4-7 ft above MHHW was surveyed in the Naples Bay area and extending north to the Naples Airport area, as well as in North Naples near the Cocohatchee River. Farther south and east along the coast, storm surge values were estimated at 5-7 feet above MHHW in Marco Island and Goodland, and 4-6 ft MHHW in Everglades City and Chokoloskee.||Wind gusts as high as 110 mph were measured in the Naples area at heights well above the standard surface elevation of 33 feet. Sustained winds in the 70-75 mph range likely occurred in NW Collier County as well as far western sections of Hendry and Glades counties. Elsewhere across South Florida, peak winds were generally in the 45-70 mph range. ||A total of 13 reported tornadoes were spawned by Ian on Tuesday, September 27th and early on Wednesday, September 28th as it was approaching the SW Florida coast, the strongest being an EF-2 in the Delray Beach area of Palm Beach County. ||Storm total rainfall amounts from 8 AM on September 26th to 8 AM on September 29th ranged from 4 to 10 inches across southern Florida. The highest rainfall amounts occurred in the day or two leading up to the storm's landfall, with highest values over western metro Broward County in the 8-10 inch range, as well as in parts of the city of Miami.||All of the associated effects of Ian in southern Florida resulted in 10 fatalities, at least 2 injuries, $2.2 billion in property damage, and at least $500,000 in crop damage. The vast majority of the damage was likely caused by the significant to major storm surge in Collier County. Of the 10 deaths, 2 were directly caused by the storm surge in Collier County, and the remaining 8 were indirectly caused by the storm during evacuation, preparation, and clean-up activities. The 13 associated tornadoes resulted in 2 injuries an estimated $2.5 million in property damage.||Six people were injured at South Pointe Pier Park on Miami Beach on September 30th by large waves caused by swells from the back side of Ian.",335
1057194,BROWARD CO.,DAVIE,09/28/2022,31,Tornado, ,EF0,0,0,10000,0,FL,EST-5, ,174305,C,11,MFL,0,0,NWS Storm Survey, ,0.06,50,7,WNW,7,WNW,DAVIE,09/28/2022,32,26.1123,-80.3297,26.1131,-80.3297,"A tornado affected two blocks of the Sunshine Village manufactured home community in Davie near SW 136 Avenue and I-595. Damage was relatively minor, mainly to siding, gutters, awnings, and trees. Damage totals are estimated.","A tropical depression formed in the central Caribbean Sea on September 23rd, then was upgraded to Tropical Storm Ian at 11 PM on September 23rd. Ian moved westward, then turned northwest on September 25th, passing just west of Jamaica and near the Cayman Islands. Ian became a hurricane on Monday, September 26th south of western Cuba, then moved north and made landfall in Pinar Del Rio Province, Cuba early on Tuesday, September 27th as a Category 3 hurricane with maximum sustained winds of 125 mph. ||Ian moved into the SE Gulf of Mexico around midday on Tuesday, September 27th, then moved over Dry Tortugas as a Category 3 hurricane later that evening. Ian strengthened over the SE Gulf of Mexico as it approached Southwest Florida, becoming a Category 4 hurricane at 7 AM on Wednesday, September 28th with maximum sustained winds of 155 mph and a lowest central pressure of 936 mb. Ian moved N-NE and made landfall in Cayo Costa west of Fort Myers at 3:05 PM on Wednesday, September 28th with maximum sustained winds of 150 mph and minimum central pressure of 940 mb. ||Ian moved NE across the central Florida peninsula during the evening and night of Wednesday, September 28th, finally being downgraded to a tropical storm about 20 miles west of Melbourne at 5 AM Thursday, September 29th. Ian moved off the east coast of Florida just north of Cape Canaveral during the mid-morning hours of Thursday, September 29th. ||Ian produced a catastrophic storm surge across coastal sections of SW Florida on Wednesday, September 28th. Storm surge from surveys was estimated in the 8-11 ft range above MHHW along the Gulf beaches from Naples north to Barefoot Beach, and extending inland about 1 mile. Storm surge of 4-7 ft above MHHW was surveyed in the Naples Bay area and extending north to the Naples Airport area, as well as in North Naples near the Cocohatchee River. Farther south and east along the coast, storm surge values were estimated at 5-7 feet above MHHW in Marco Island and Goodland, and 4-6 ft MHHW in Everglades City and Chokoloskee.||Wind gusts as high as 110 mph were measured in the Naples area at heights well above the standard surface elevation of 33 feet. Sustained winds in the 70-75 mph range likely occurred in NW Collier County as well as far western sections of Hendry and Glades counties. Elsewhere across South Florida, peak winds were generally in the 45-70 mph range. ||A total of 13 reported tornadoes were spawned by Ian on Tuesday, September 27th and early on Wednesday, September 28th as it was approaching the SW Florida coast, the strongest being an EF-2 in the Delray Beach area of Palm Beach County. ||Storm total rainfall amounts from 8 AM on September 26th to 8 AM on September 29th ranged from 4 to 10 inches across southern Florida. The highest rainfall amounts occurred in the day or two leading up to the storm's landfall, with highest values over western metro Broward County in the 8-10 inch range, as well as in parts of the city of Miami.||All of the associated effects of Ian in southern Florida resulted in 10 fatalities, at least 2 injuries, $2.2 billion in property damage, and at least $500,000 in crop damage. The vast majority of the damage was likely caused by the significant to major storm surge in Collier County. Of the 10 deaths, 2 were directly caused by the storm surge in Collier County, and the remaining 8 were indirectly caused by the storm during evacuation, preparation, and clean-up activities. The 13 associated tornadoes resulted in 2 injuries an estimated $2.5 million in property damage.||Six people were injured at South Pointe Pier Park on Miami Beach on September 30th by large waves caused by swells from the back side of Ian.",336
1057172,GLADES CO.,MOORE HAVEN,09/28/2022,125,Tornado, ,EF0,0,0,50000,0,FL,EST-5, ,174305,C,43,MFL,0,0,Emergency Manager, ,1.09,75,0,SSE,1,NW,MOORE HAVEN,09/28/2022,133,26.827,-81.0781,26.8376,-81.0912,"A tornado moved NW over portions of Moore Haven early Wednesday morning, September 28th. First signs of damage was tree damage near Park Avenue and Yaun Road, with siding and panel damage to a home on Park Avenue, as well as two storage trailers tipped near the Sportsman Village on Daniels Road next to the US 27 bridge. The damage path ended near the Moore Haven Yacht Club where siding damage to homes were observed. Damage is consistent with the higher end of the EF-0 scale.|Damage totals are estimated.","A tropical depression formed in the central Caribbean Sea on September 23rd, then was upgraded to Tropical Storm Ian at 11 PM on September 23rd. Ian moved westward, then turned northwest on September 25th, passing just west of Jamaica and near the Cayman Islands. Ian became a hurricane on Monday, September 26th south of western Cuba, then moved north and made landfall in Pinar Del Rio Province, Cuba early on Tuesday, September 27th as a Category 3 hurricane with maximum sustained winds of 125 mph. ||Ian moved into the SE Gulf of Mexico around midday on Tuesday, September 27th, then moved over Dry Tortugas as a Category 3 hurricane later that evening. Ian strengthened over the SE Gulf of Mexico as it approached Southwest Florida, becoming a Category 4 hurricane at 7 AM on Wednesday, September 28th with maximum sustained winds of 155 mph and a lowest central pressure of 936 mb. Ian moved N-NE and made landfall in Cayo Costa west of Fort Myers at 3:05 PM on Wednesday, September 28th with maximum sustained winds of 150 mph and minimum central pressure of 940 mb. ||Ian moved NE across the central Florida peninsula during the evening and night of Wednesday, September 28th, finally being downgraded to a tropical storm about 20 miles west of Melbourne at 5 AM Thursday, September 29th. Ian moved off the east coast of Florida just north of Cape Canaveral during the mid-morning hours of Thursday, September 29th. ||Ian produced a catastrophic storm surge across coastal sections of SW Florida on Wednesday, September 28th. Storm surge from surveys was estimated in the 8-11 ft range above MHHW along the Gulf beaches from Naples north to Barefoot Beach, and extending inland about 1 mile. Storm surge of 4-7 ft above MHHW was surveyed in the Naples Bay area and extending north to the Naples Airport area, as well as in North Naples near the Cocohatchee River. Farther south and east along the coast, storm surge values were estimated at 5-7 feet above MHHW in Marco Island and Goodland, and 4-6 ft MHHW in Everglades City and Chokoloskee.||Wind gusts as high as 110 mph were measured in the Naples area at heights well above the standard surface elevation of 33 feet. Sustained winds in the 70-75 mph range likely occurred in NW Collier County as well as far western sections of Hendry and Glades counties. Elsewhere across South Florida, peak winds were generally in the 45-70 mph range. ||A total of 13 reported tornadoes were spawned by Ian on Tuesday, September 27th and early on Wednesday, September 28th as it was approaching the SW Florida coast, the strongest being an EF-2 in the Delray Beach area of Palm Beach County. ||Storm total rainfall amounts from 8 AM on September 26th to 8 AM on September 29th ranged from 4 to 10 inches across southern Florida. The highest rainfall amounts occurred in the day or two leading up to the storm's landfall, with highest values over western metro Broward County in the 8-10 inch range, as well as in parts of the city of Miami.||All of the associated effects of Ian in southern Florida resulted in 10 fatalities, at least 2 injuries, $2.2 billion in property damage, and at least $500,000 in crop damage. The vast majority of the damage was likely caused by the significant to major storm surge in Collier County. Of the 10 deaths, 2 were directly caused by the storm surge in Collier County, and the remaining 8 were indirectly caused by the storm during evacuation, preparation, and clean-up activities. The 13 associated tornadoes resulted in 2 injuries an estimated $2.5 million in property damage.||Six people were injured at South Pointe Pier Park on Miami Beach on September 30th by large waves caused by swells from the back side of Ian.",337
1057174,PALM BEACH CO.,OCEAN RIDGE,09/28/2022,456,Tornado, ,EF0,0,0,2000,0,FL,EST-5, ,174305,C,99,MFL,0,0,Public, ,0.2,50,1,WNW,1,WNW,OCEAN RIDGE,09/28/2022,456,26.5282,-80.068,26.5282,-80.068,"Brief tornado occurred in Boynton Beach near I-95 and Boynton Beach Boulevard. Damage was minor and confined to trees and a fence. There was an unconfirmed report of damage to the city hall building in the town of Gulf Stream which may be from this parent storm.","A tropical depression formed in the central Caribbean Sea on September 23rd, then was upgraded to Tropical Storm Ian at 11 PM on September 23rd. Ian moved westward, then turned northwest on September 25th, passing just west of Jamaica and near the Cayman Islands. Ian became a hurricane on Monday, September 26th south of western Cuba, then moved north and made landfall in Pinar Del Rio Province, Cuba early on Tuesday, September 27th as a Category 3 hurricane with maximum sustained winds of 125 mph. ||Ian moved into the SE Gulf of Mexico around midday on Tuesday, September 27th, then moved over Dry Tortugas as a Category 3 hurricane later that evening. Ian strengthened over the SE Gulf of Mexico as it approached Southwest Florida, becoming a Category 4 hurricane at 7 AM on Wednesday, September 28th with maximum sustained winds of 155 mph and a lowest central pressure of 936 mb. Ian moved N-NE and made landfall in Cayo Costa west of Fort Myers at 3:05 PM on Wednesday, September 28th with maximum sustained winds of 150 mph and minimum central pressure of 940 mb. ||Ian moved NE across the central Florida peninsula during the evening and night of Wednesday, September 28th, finally being downgraded to a tropical storm about 20 miles west of Melbourne at 5 AM Thursday, September 29th. Ian moved off the east coast of Florida just north of Cape Canaveral during the mid-morning hours of Thursday, September 29th. ||Ian produced a catastrophic storm surge across coastal sections of SW Florida on Wednesday, September 28th. Storm surge from surveys was estimated in the 8-11 ft range above MHHW along the Gulf beaches from Naples north to Barefoot Beach, and extending inland about 1 mile. Storm surge of 4-7 ft above MHHW was surveyed in the Naples Bay area and extending north to the Naples Airport area, as well as in North Naples near the Cocohatchee River. Farther south and east along the coast, storm surge values were estimated at 5-7 feet above MHHW in Marco Island and Goodland, and 4-6 ft MHHW in Everglades City and Chokoloskee.||Wind gusts as high as 110 mph were measured in the Naples area at heights well above the standard surface elevation of 33 feet. Sustained winds in the 70-75 mph range likely occurred in NW Collier County as well as far western sections of Hendry and Glades counties. Elsewhere across South Florida, peak winds were generally in the 45-70 mph range. ||A total of 13 reported tornadoes were spawned by Ian on Tuesday, September 27th and early on Wednesday, September 28th as it was approaching the SW Florida coast, the strongest being an EF-2 in the Delray Beach area of Palm Beach County. ||Storm total rainfall amounts from 8 AM on September 26th to 8 AM on September 29th ranged from 4 to 10 inches across southern Florida. The highest rainfall amounts occurred in the day or two leading up to the storm's landfall, with highest values over western metro Broward County in the 8-10 inch range, as well as in parts of the city of Miami.||All of the associated effects of Ian in southern Florida resulted in 10 fatalities, at least 2 injuries, $2.2 billion in property damage, and at least $500,000 in crop damage. The vast majority of the damage was likely caused by the significant to major storm surge in Collier County. Of the 10 deaths, 2 were directly caused by the storm surge in Collier County, and the remaining 8 were indirectly caused by the storm during evacuation, preparation, and clean-up activities. The 13 associated tornadoes resulted in 2 injuries an estimated $2.5 million in property damage.||Six people were injured at South Pointe Pier Park on Miami Beach on September 30th by large waves caused by swells from the back side of Ian.",338
1058585,BREVARD CO.,JUNE PARK,09/28/2022,1432,Tornado, ,EF0,0,0,0,0,FL,EST-5, ,174569,C,9,MLB,0,0,Trained Spotter, ,3,100,10,WNW,12,WNW,JUNE PARK,09/28/2022,1446,28.083,-80.8669,28.1249,-80.8841,"A trained spotter and storm chaser sent video of a short-duration tornado that touched down to the south of US-192 near Deer Park. The tornado lifted once it crossed and moved north of the highway before it touched down briefly a second time to the east of Deer Park Rd. No structures were present in the area of the touchdown and only minimal damage occurred to trees and vegetation. The tornado was embedded within an outer rainband ahead of Hurricane Ian.","After making landfall as a major hurricane in southwest Florida near Cayo Costa, Ian crossed the peninsula and into east central Florida (southern Osceola County) as a Category 1 Hurricane with estimated maximum sustained winds of 75 mph. The system was downgraded to a tropical storm shortly thereafter and emerged into the Atlantic Ocean near Cape Canaveral. Ian's slow movement and large wind field led to a long period of tropical storm force winds across all of east central Florida, as well as hurricane force gusts in squalls and historic rainfall and flooding across parts of the area. Widespread rainfall totals of 4 to 8 inches were reported throughout the area, with a corridor of 10 to 20 inches across Osceola, Orange, Seminole, Volusia, and northern Brevard counties. The maximum observed rainfall total was 21.09 inches in Spruce Creek, Volusia County. The St. Johns River experienced historic rises with record crests set at Astor, Deland, Sanford, and Lake Harney in the days and weeks following Ian's heavy rainfall. A tornado briefly touched down and crossed US-192 in rural Brevard County with no damage to structures reported. Persistent onshore flow before and during the storm led to water level rises (storm surge) of 1-3 feet along the east central Florida, bringing moderate to severe beach erosion, with the most significant effects noted in Volusia County. Collectively, the effects of Hurricane Ian led to 15 storm-related fatalities (6 direct and 9 indirect) and between $800-900M in property damage across east central Florida.",339
1054050,INDIAN RIVER CO.,OSLO,10/17/2022,1741,Tornado, ,EF0,0,0,142240,0,FL,EST-5, ,173703,C,61,MLB,0,0,NWS Storm Survey, ,0.5,100,1,SE,1,SW,FLORIDA RIDGE,10/17/2022,1745,27.57,-80.37,27.56,-80.36,"A National Weather Service Melbourne damage survey confirms that a brief EF-0 tornado touched down in the Midway Estates mobile home community in Vero Beach. The tornado continued to the east-southeast for approximately 4 minutes along a 0.5 mile long track until it dissipated as it crossed into the Vero Shores residential community. The tornado had a maximum width of approximately 100 yards and peak winds estimated between 75-85 mph. Damage was first noted near the entrance to the Midway Estates community when the tornado touched down at approximately 541 PM |EST near the intersection of Douglas and Debra Lanes. Indian River Emergency Management documented 16 homes with at least some damage, with more substantial damage noted toward the southeast corner of the community. Most of these homes suffered at least some damage to their metal roofs, awnings, siding, and skirting. |Several carport and porch awnings were torn away from homes and lofted into neighboring yards, and about  portion of one home's roof was lost into the neighboring woods. ||The tornado continued into the Vero Shores residential community where damage was noted to large oak trees and several boat lift awnings. Notably, a carport overhang from a home in neighboring Midway Estates landed in a resident's driveway at the corner of 5th Ct SE. The tornado lifted at approximately 545 PM EST near the|intersection of 5th Ct SE and 22nd St SE.||Per Indian River County EM, eight residential manufactured homes sustained ���Major��� damage, nine residential homes sustained ���Minor��� damage, and three residential homes were ���Affected���. No residential manufactured homes were destroyed.","Strong thunderstorms pushing offshore of the Brevard and Treasure Coasts produced severe weather, including a tornado.",340
1054289,HOLMES CO.,BONIFAY,10/25/2022,2214,Tornado, ,EF0,0,0,20000,0,FL,CST-6, ,173812,C,59,TAE,0,0,NWS Storm Survey, ,1.12,70,3,W,2,W,BONIFAY,10/25/2022,2219,30.7768,-85.7261,30.7776,-85.7072,"A tornado touched down in a densely wooded area west of Henry Grey road in southeastern Holmes county around 1114 pm CDT. The starting point was based on a tornadic debris signature (TDS) from the Eglin Air Force Base radar, as access to this area is extremely limited. The tornado continued east just north of Sand Path Road, but was likely quite weak by the time it reached Henry Grey road. No damage was noted to homes near this intersection. The only damage noted along the path was along Barefield Lane. At this location, a small metal outbuilding was lifted and tossed into a nearby power pole. In addition, numerous fence panels were blown out. Finally, a large tree limb fell onto a vehicle. However, no structural damage to any of the surrounding manufactured homes was noted. Maximum winds were estimated at this location to be around 75 mph. The tornado likely dissipated at this point at approximately 1119 pm CDT. No additional damage was seen to the east of this location, and the TDS dissipated on radar. The tornado was rated an EF0 with max winds around 75 mph. Thanks to Holmes County Emergency management for aiding in this assessment.","A cold front moved through the area during the overnight hours of October 25th.  A marginal risk of severe storms was expected from the Storm Prediction Center due to a low end combination of instability and wind shear.  One brief tornado occurred in Holmes county, resulting in minor damage.",341
1057369,OKALOOSA CO.,SHALIMAR,10/29/2022,1135,Tornado, ,EF0,0,0,0,0,FL,CST-6, ,174395,C,91,MOB,0,0,NWS Storm Survey, ,0.08,20,3,SSW,3,SSW,SHALIMAR,10/29/2022,1136,30.393,-86.5927,30.3943,-86.5926,"A waterspout moved onshore the afternoon of the 30th, tossing and|destroying a large shed based on numerous eyewitness reports and|video. The tornado was rated EF0 with winds up to 85mph. The|tornado dissipated quickly before reaching Highway 98.","A very localized tornado outbreak Saturday afternoon and evening as an unstable airmass developed over Mobile and Baldwin counties along with the western Florida panhandle ahead of an approaching cold front. Twelve tornadoes were found with 5 in Mobile County, 6 in Baldwin County and 1 tornado in Okaloosa County, FL.",342
1070885,LIBERTY CO.,SUMATRA,12/14/2022,1954,Tornado, ,EF0,0,0,0,0,FL,EST-5, ,176185,C,77,TAE,0,0,NWS Employee, ,3.57,25,5,NE,4,ESE,WILMA,12/14/2022,2005,30.07,-84.92,30.12,-84.905,"A tornadic debris signature (TDS) tracked through portions of rural Liberty county in the Apalachicola National Forest. Only tree damage occurred in this rural area, and the tornado is rated EF0.","A strong cold front moved through the area during the Dec 14-15 time frame, bringing with it a round of beneficial rainfall. A few severe storms also occurred across the tri-state area, including a few tornadoes.",343
1070886,FRANKLIN CO.,YENT PLACE,12/14/2022,2054,Tornado, ,EF0,0,0,0,0,FL,EST-5, ,176185,C,37,TAE,0,0,NWS Storm Survey, ,0.33,210,5,NNW,5,NNW,YENT PLACE,12/14/2022,2056,29.9233,-84.7343,29.9281,-84.7338,"A brief EF0 tornado with max winds estimated at 85 mph touched down about 0.75 miles north of New River Primitive Campsite 8 in the Tates Hell State Forest. The tornado tracked to the northeast towards the New River, where it lifted. Through its path, a few larger pine trees were snapped, and several smaller pine trees were snapped or uprooted before lifting.","A strong cold front moved through the area during the Dec 14-15 time frame, bringing with it a round of beneficial rainfall. A few severe storms also occurred across the tri-state area, including a few tornadoes.",344
1070884,WALTON CO.,ARGYLE,12/14/2022,2055,Tornado, ,EF0,0,0,0,0,FL,CST-6, ,176185,C,131,TAE,0,0,Emergency Manager, ,1.61,25,2,SSE,1,ESE,ARGYLE,12/14/2022,2100,30.678,-86.029,30.7,-86.02,"The Holmes county dispatch received calls of a possible tornado touchdown near Walton County Road 183. In addition, a tornadic debris signature (TDS) was present on radar. Damage consisted of several trees blown down. The tornado was rated EF0 with max winds estimated near 85 mph.","A strong cold front moved through the area during the Dec 14-15 time frame, bringing with it a round of beneficial rainfall. A few severe storms also occurred across the tri-state area, including a few tornadoes.",345
1070891,WAKULLA CO.,SANBORN,12/14/2022,2129,Tornado, ,EF1,0,0,50000,0,FL,EST-5, ,176185,C,129,TAE,0,0,NWS Storm Survey, ,5.69,75,3,ESE,4,N,SOPCHOPPY,12/14/2022,2142,30.053,-84.548,30.114,-84.484,"An EF1 tornado touched down west of Sopchoppy and moved across Smith Creek Road, damaging a residential home.  The home sustained roof damage, and a stand of several mature pine trees was snapped half way up. The tornado then moved to the northeast across Smith Creek Road before lifting in a nearby wooded area. Peak winds are estimated to be 90 mph.","A strong cold front moved through the area during the Dec 14-15 time frame, bringing with it a round of beneficial rainfall. A few severe storms also occurred across the tri-state area, including a few tornadoes.",346
1070895,WAKULLA CO.,BETHEL,12/14/2022,2214,Tornado, ,EF0,0,0,0,0,FL,EST-5, ,176185,C,129,TAE,0,0,Emergency Manager, ,1.5,25,2,NW,3,NNW,BETHEL,12/14/2022,2218,30.274,-84.348,30.292,-84.334,"Trees were blown down with a tornadic debris signature (TDS) present. This tornado produced no other damage and was rated EF0.","A strong cold front moved through the area during the Dec 14-15 time frame, bringing with it a round of beneficial rainfall. A few severe storms also occurred across the tri-state area, including a few tornadoes.",347
1063849,PASCO CO.,LOYCE,12/15/2022,1548,Tornado, ,EF1,0,0,50000,0,FL,EST-5, ,175405,C,101,TBW,0,0,NWS Storm Survey, ,0.69,100,4,N,4,NNE,LOYCE,12/15/2022,1550,28.431,-82.4729,28.4338,-82.462,"NWS survey determined that an EF-1 tornado touched down in|extreme northern Pasco County south of Masaryktown then moved|into Hernando County before dissipating a few miles west of|Interstate 75. Primary damage was near beginning of track where a|home suffered roof damage. Elsewhere, most damage consisted of|snapped or uprooted trees as the tornado tracked mostly over|forested area.","A squall line ahead of a strong cold front produced damaging winds and 2 tornadoes across West Central Florida.",348
1067645,HERNANDO CO.,MASARYKTOWN,12/15/2022,1550,Tornado, ,EF0,0,0,50000,0,FL,EST-5, ,175405,C,53,TBW,0,0,NWS Storm Survey, ,9.61,100,0,SSW,1,NNW,DIXIE,12/15/2022,1603,28.4337,-82.462,28.4681,-82.3088,"NWS survey determined that an EF-1 tornado touched down in extreme northern Pasco County south of Masaryktown then moved into Hernando County before dissipating a few miles west of Interstate 75. Primary damage was near beginning of track where a home suffered roof damage. Elsewhere, most damage consisted of snapped or uprooted trees as the tornado tracked mostly over forested area.","A squall line ahead of a strong cold front produced damaging winds and 2 tornadoes across West Central Florida.",349
1063858,PINELLAS CO.,PASADENA,12/15/2022,1701,Tornado, ,EF1,0,2,500000,0,FL,EST-5, ,175405,C,103,TBW,0,0,NWS Storm Survey, ,1.88,100,1,ENE,2,S,KENNETH CITY,12/15/2022,1705,27.7744,-82.7345,27.782,-82.705,"NWS survey determined that an EF-1 tornado touched down in western|Pinellas County near Pasadena and moved east-northeast for nearly|2 miles causing minor to moderate damage to at least 5 homes and|2 other buildings, mostly with roofs partially peeled or trees|downed onto them. Most of the damage was observed near 9th Ave|from just west of Tyrone Blvd and 53rd St. 2 minor injuries were|reported near St. Vincent`s Episcopal Church.","A squall line ahead of a strong cold front produced damaging winds and 2 tornadoes across West Central Florida.",350
1063870,SARASOTA CO.,NORTH PORT,12/15/2022,2015,Tornado, ,EF0,0,0,0,0,FL,EST-5, ,175405,C,115,TBW,0,0,Emergency Manager, ,0.14,100,3,NNW,3,NNW,NORTH PORT,12/15/2022,2017,27.07,-82.22,27.0724,-82.2132,"EM, media, and public all relayed pictures and video of lanai damage and additional picture of a large tree downed near the lanai. Radar indicates brief rotation and videos support a tornado designation. Estimated ef-0 strength with winds of 85 mph.","A squall line ahead of a strong cold front produced damaging winds and 2 tornadoes across West Central Florida.",351
1079102,WALTON CO.,TURQUOISE BEACH,01/22/2023,514,Tornado, ,EF2,0,0,250000,0,FL,CST-6, ,176386,C,131,TAE,0,0,NWS Storm Survey, ,0.78,85,1,NNW,1,NNE,TURQUOISE BEACH,01/22/2023,515,30.4116,-86.3182,30.4161,-86.3062,"A tornado touched down in the Driftwood Estates subdivision of South Walton County between Riverbirch Loop and Cocobolo Drive. The tornado caused mainly roof damage as it crossed the subdivision. Homes suffered damage to roof coverings on Cocobolo Drive, and both ends of Pin Oak Loop. The tornado then apparently lifted briefly as it crossed a wooded area. A drone provided by South Walton Fire District could find no damage in the woods. The tornado then touched down on Red Bay Court where it snapped or damaged several small hardwood trees and did some minor roof damage. More substantial roof damage occurred to three homes on Loblolly Bay Drive and four homes on Driftwood Point Road. One sturdy palm tree was snapped at the intersection of Red Bay and Loblolly with four others partially uprooted on Driftwood Point Road. The tornado then lifted over Choctawhatchee Bay. Most of the roof damage in this community was consistent with EF-1 winds. However, three homes experienced the uplift and failure of large sections of the roof structures themselves. That is consistent with EF-2 damage with maximum winds of 115 mph.  Damage cost was estimated.","A couple of strong upper level shortwaves impacted the area during the latter half of January, bringing with them a couple of rounds of severe weather with numerous reports of trees and power lines blown down. In addition, a few tornadoes occurred across the tri-state area.",352
1079103,WAKULLA CO.,VEREEN,01/22/2023,1245,Tornado, ,EF1,0,0,100000,0,FL,EST-5, ,176386,C,129,TAE,0,0,NWS Storm Survey, ,0.33,200,4,WNW,4,WNW,VEREEN,01/22/2023,1246,30.2939,-84.2843,30.2978,-84.2812,"A tornado touched down just east of Ashley Hall Road south of Bob Miller Road at approximately 1245 pm ET. The tornado caused considerable damage to trees in the area, snapping and uprooting numerous pine and oak trees. The tornado moved northeast across Bob Miller Road and S & S Ranch Road before dissipating less than two minutes after touching down. Falling trees caused damage to several manufactured homes and automobiles along Bob Miller road. Minor roof damage was also noted at one single-family home at the corner of Dana Drive. The damage to trees was consistent with an EF1 tornado with peak winds of approximately 95 mph. No injuries were reported. Thanks to Wakulla County Emergency Management for cooperation and assistance with the damage survey.","A couple of strong upper level shortwaves impacted the area during the latter half of January, bringing with them a couple of rounds of severe weather with numerous reports of trees and power lines blown down. In addition, a few tornadoes occurred across the tri-state area.",353
1079100,WALTON CO.,GRAYTON BEACH,01/25/2023,504,Tornado, ,EF0,0,0,0,0,FL,CST-6, ,176386,C,131,TAE,0,0,NWS Employee, ,1.48,50,2,NNE,1,WSW,POINT WASHINGTON,01/25/2023,507,30.35,-86.15,30.3605,-86.1284,"A brief Tornadic Debris Signature occurred on Eglin AFB radar in a forested area.  No structures were impacted, and the tornado was rated EF0 due to tree damage.","A couple of strong upper level shortwaves impacted the area during the latter half of January, bringing with them a couple of rounds of severe weather with numerous reports of trees and power lines blown down. In addition, a few tornadoes occurred across the tri-state area.",354
1079097,WALTON CO.,BUNKER,01/25/2023,515,Tornado, ,EF0,0,0,0,0,FL,CST-6, ,176386,C,131,TAE,0,0,NWS Storm Survey, ,0.57,75,3,SE,3,ESE,BUNKER,01/25/2023,517,30.3557,-86.0433,30.3629,-86.0385,"A short-lived tornado tracked through a heavily forested portion of southern Walton County, touching down just north of the intracoastal waterway near Bunker Road and dissipating shortly thereafter. The track and EF0 intensity is based on photos of tree damage from Walton County Emergency Management and a Tornadic Debris Signature from the Eglin Air Force Base WSR-88D Radar.","A couple of strong upper level shortwaves impacted the area during the latter half of January, bringing with them a couple of rounds of severe weather with numerous reports of trees and power lines blown down. In addition, a few tornadoes occurred across the tri-state area.",355
1079101,WALTON CO.,BUNKER,01/25/2023,516,Tornado, ,EF0,0,0,0,0,FL,CST-6, ,176386,C,131,TAE,0,0,NWS Employee, ,0.57,50,4,NNE,3,WSW,BRUCE,01/25/2023,520,30.43,-86.05,30.45,-86.01,"Another short-lived tornado tracked through a heavily forested portion of southern Walton County. No structures were impacted, and the tornado was rated EF0 due to tree damage.","A couple of strong upper level shortwaves impacted the area during the latter half of January, bringing with them a couple of rounds of severe weather with numerous reports of trees and power lines blown down. In addition, a few tornadoes occurred across the tri-state area.",356
1079098,LIBERTY CO.,ESTIFFAPULGA,01/25/2023,834,Tornado, ,EF0,0,0,10000,0,FL,EST-5, ,176386,C,77,TAE,0,0,NWS Storm Survey, ,0.47,50,1,SSW,0,S,ESTIFFAPULGA,01/25/2023,835,30.2885,-85.0355,30.293,-85.0297,"A short-lived EF0 tornado touched down near the intersection of NW Ray Kever Road and County Road 333 in far Western Liberty County. Minor damage was reported to a single family home, with an adjacent outbuilding flipped into a nearby tree line.  Max winds were estimated at 80 mph.","A couple of strong upper level shortwaves impacted the area during the latter half of January, bringing with them a couple of rounds of severe weather with numerous reports of trees and power lines blown down. In addition, a few tornadoes occurred across the tri-state area.",357
1079095,LEON CO.,SPRING HILL,01/25/2023,1023,Tornado, ,EF1,0,0,0,0,FL,EST-5, ,176386,C,73,TAE,0,0,NWS Storm Survey, ,3.24,550,1,S,3,WSW,LAKE MUNSON,01/25/2023,1027,30.3172,-84.3812,30.3497,-84.342,"The tornado touched down in the Apalachicola National Forest just north of the Leon-Wakulla County line between Springhill Road and Crawfordville Highway. The tornado tracked northeast through the forest, snapping and uprooting numerous trees along its path. The tornado dissipated in the forest before reaching populated areas around Lake Munson and Capital Circle. The tornado was rated EF1 with max winds estimated at 105 mph due to the tree damage.","A couple of strong upper level shortwaves impacted the area during the latter half of January, bringing with them a couple of rounds of severe weather with numerous reports of trees and power lines blown down. In addition, a few tornadoes occurred across the tri-state area.",358
1079904,WALTON CO.,EUCHEEANNA,02/09/2023,2026,Tornado, ,EF1,0,0,5000,0,FL,CST-6, ,177565,C,131,TAE,0,0,NWS Storm Survey, ,0.18,50,2,NW,2,NW,EUCHEEANNA,02/09/2023,2028,30.6566,-86.0573,30.6583,-86.055,"A tornado briefly touched down just west of County Highway 280 East south of Pryor Road in Walton County. The tornado did significant damage to trees, uprooting and snapping numerous pines and hardwoods. Minor damage was noted to a garage and several outbuildings. The damage was consistent with an EF1 tornado with maximum winds of approximately 105 mph. We would like to thank Walton County Emergency Management for their assistance with this damage survey.","A slow moving upper level trough brought rain and thunderstorms to the region. Although most storms remained below severe limits, one storm produced a brief EF1 tornado in Walton County, FL.",359
1084640,WALTON CO.,GRAYTON BEACH,03/17/2023,1820,Tornado, ,EF0,0,0,0,0,FL,CST-6, ,178009,C,131,TAE,0,0,Public, ,0.12,25,1,ENE,2,ENE,GRAYTON BEACH,03/17/2023,1821,30.34,-86.14,30.3409,-86.1382,"A well defined TDS appeared just inland from the coast in the Grayton Beach State Park area.  Pictures of minor tree damage were received.  This tornado was very brief and rated EF0 with the tree damage.  No structures were impacted.","A strong cold front moved through the region during the afternoon hours of March 17th.  A squall line preceded the front, resulting in a few instances of trees and power lines down across the tri-state area.  In addition, a few tornadoes occurred across the Florida panhandle.  Fortunately, these tornadoes impacted forested areas and no structures.",360
1084624,BAY CO.,WESTBAY,03/17/2023,1849,Tornado, ,EF0,0,0,0,0,FL,CST-6, ,178009,C,5,TAE,0,0,NWS Employee, ,5.2,25,5,NNE,7,NW,VICKSBURG,03/17/2023,1857,30.36,-85.83,30.39,-85.75,"A tornado touched down in a rural, forested area of Bay county near the Panama City airport.  The tornado narrowly missed the airport structures, and no other damage was reported.  A well defined TDS was present on dual-pol radar due to tree damage.","A strong cold front moved through the region during the afternoon hours of March 17th.  A squall line preceded the front, resulting in a few instances of trees and power lines down across the tri-state area.  In addition, a few tornadoes occurred across the Florida panhandle.  Fortunately, these tornadoes impacted forested areas and no structures.",361
1094919,BROWARD CO.,WEST HOLLYWOOD,04/12/2023,1426,Tornado, ,EF0,0,0,0,0,FL,EST-5, ,179780,C,11,MFL,0,0,NWS Storm Survey, ,0.01,10,1,NE,1,NE,WEST HOLLYWOOD,04/12/2023,1427,26.0341,-80.1856,26.0341,-80.1855,"A weak tornadic debris signature (TDS) was noted on radar in a slow-moving thunderstorm in Broward County. There was minimal damage found in the area of the noted TDS in western Hollywood. A short-lived, small tornado likely only impacted the tree-top level. It was determined to be a low end EF-0 with estimated peak wind speed around 65 mph.","A nearly stationary front began to move slowly northward across South Florida on April 12th, focusing deep moisture over the region. An mid to upper level low pressure over the NW Gulf of Mexico and an upper level jet stream over the eastern Gulf of Mexico contributed to providing the necessary atmospheric forcing for areas of persistent heavy rain and strong thunderstorms across most of SE Florida.",362
1094923,BROWARD CO.,(FLL)FT LAUDRDL INTL,04/12/2023,2040,Tornado, ,EF0,0,0,50000,0,FL,EST-5, ,179780,C,11,MFL,0,0,NWS Storm Survey, ,1.73,50,2,SE,1,NE,PEMBROKE PINES,04/12/2023,2044,26.0551,-80.1323,26.0589,-80.1598,"A small tornado began in Dania Beach on NE 6th Court just south of Ft. Lauderdale/Hollywood International Airport, causing mainly fence and tree damage to the surrounding neighborhood. The tornado skipped as the parent storm moved WNW across Federal Highway, with the next area of tornado damage noted at a church on NW 5th Avenue and 3rd Terrace where the west edge of the roof peeled and blew off to the east, and the front door facing north was blown in. Extensive tree damage was noted westward along Old Griffin Road next to the Dania Cut-Off Canal, then damaged at least half a dozen mobile homes in the Ocean Waterway community west of Bryan Road and east of I-95. The mobile home damage was in the form of peeled roofs, metal siding torn off, and damaged power poles. ||The tornado was rated on the high end of the EF-0 scale based primarily on damage in the mobile home park. A tornadic debris signature (TDS) was also noted on radar with this tornado. Damage totals are estimates.","A nearly stationary front began to move slowly northward across South Florida on April 12th, focusing deep moisture over the region. An mid to upper level low pressure over the NW Gulf of Mexico and an upper level jet stream over the eastern Gulf of Mexico contributed to providing the necessary atmospheric forcing for areas of persistent heavy rain and strong thunderstorms across most of SE Florida.",363
1081994,BREVARD CO.,MICCO,04/16/2023,1636,Tornado, ,EF0,0,0,425000,0,FL,EST-5, ,177903,C,9,MLB,0,0,Emergency Manager, ,0.48,100,0,SW,1,SSE,MICCO,04/16/2023,1638,27.8749,-80.504,27.8727,-80.4965,"A National Weather Service Melbourne damage survey confirms that|a brief EF-0 tornado touched down initially in the River Groves|mobile home community in Micco. The tornado continued to the east-|southeast into the Summit Cove Condominiums complex before|crossing US-1 and emerging into the Indian River Lagoon near the|Sebastian River Marina and Boatyard. The tornado was on the|ground for approximately 0.5 miles, had a maximum width of|approximately 100 yards, and peak winds estimated between 65-75|mph.||Damage was first noted near Love Ct. where the tornado touched|down at approximately 536 pm EDT. Brevard County Emergency|Management conducted an initial assessment and documented between|25-30 structures with at least minor damage in the River Groves|community, primarily along Love Ct., Cherish Dr., and River Groves|Dr. These homes suffered partial damage to carports, awnings,|siding, and skirting. Additionally, several structures lost|portions of their roof when the attached carport or porch awnings|were torn away from the home.||The tornado continued east-southeast toward the Summit Cove|Condominiums complex where some damage was noted to trees near|the clubhouse, as well as siding on nearby homes, on Summit Cove|Dr. The system crossed US-1 before emerging into the Indian River|Lagoon near the Sebastian River Marina & Boatyard, where several|boats were moved from their storage rack. An eyewitness indicates the|tornado briefly became a waterspout before dissipating.||There are no known direct injuries or fatalities as a result of|the tornado.","Strong thunderstorms produced golf ball sized hail, gusty winds, and a tornado along the Brevard and Treasure Coasts.",364
1096378,PALM BEACH CO.,BOCA RATON,04/21/2023,836,Tornado, ,EF0,0,0,0,0,FL,EST-5, ,179970,C,99,MFL,0,0,Broadcast Media, ,0.03,10,2,S,2,S,BOCA RATON,04/21/2023,838,26.3239,-80.0743,26.3239,-80.0748,"Various members of the broadcast media sent in video footage of a waterspout briefly |moving onshore just south of Boca Inlet at Ocean Towers. Several umbrellas and chairs |were visibly picked up in the air by the circulation before dissipating shortly afterwards.","Moist easterly winds generated showers and thunderstorms over the near-shore Atlantic waters of SE Florida.",365
1096384,BROWARD CO.,HOLLYWOOD,04/21/2023,1144,Tornado, ,EF0,0,0,0,0,FL,EST-5, ,179970,C,11,MFL,0,0,Broadcast Media, ,0.06,10,2,E,2,E,HOLLYWOOD,04/21/2023,1145,26.0215,-80.1144,26.0215,-80.1153,"Broadcast media showed aerial coverage of a landfalling waterspout on Hollywood Beach, just east of the intersection of Hayes Street and N. Surf Road. The video footage showed a circulation briefly moving onshore with chairs and an umbrella being picked up from the beach up to the Broadwalk. A tornado warning was issued at 12:44 PM EDT.","Moist easterly winds generated showers and thunderstorms over the near-shore Atlantic waters of SE Florida.",366
1090316,CALHOUN CO.,SCOTTS FERRY,04/27/2023,1314,Tornado, ,EF0,0,0,0,0,FL,CST-6, ,179096,C,13,TAE,0,0,Trained Spotter, ,0.51,50,1,N,2,NNE,SCOTTS FERRY,04/27/2023,1315,30.31,-85.13,30.3153,-85.1242,"A trained spotter reported that he saw a tornado briefly touch down along Highway 71 with downed trees.  This tornado was rated EF0 due to the tree damage. No structures were impacted in this rural area.","A strong spring storm system moved through the area with ample instability and shear for severe weather. Numerous reports of severe weather were received across the tri-state area.  Two tornadoes occurred across southwest Georgia, and seven tornadoes occurred across the eastern Florida panhandle and big bend.  An EF2 tornado produced significant damage in the town of Hosford, FL.",367
1090319,BAY CO.,LYNN HAVEN,04/27/2023,1404,Tornado, ,EF1,0,0,200000,0,FL,CST-6, ,179096,C,5,TAE,0,0,NWS Storm Survey, ,0.8,75,2,NW,2,SSW,SOUTHPORT,04/27/2023,1405,30.2485,-85.6647,30.2573,-85.656,"The tornado likely first touched down against the tree line along the bay across from A.L. Kinsaul Park. The initial damage included some roof damage to a gazebo where the panels were blown off. It looks like at the strongest damage point it was estimated that the tornado was 75 yards in width. Just across from the park to the northeast, the roof of a house was nearly completely destroyed. There was a carport attached to the roof which was demolished, and the roof was then lifted off and carried across maybe 20 yards across the street and impacted another house. This second house had the cars in the driveway lifted and turned a few feet. The home suffered structural damage to the front wall with cracks spreading towards the back of the home. These two homes appeared to suffered the most direct damage. Turning north down the road, the neighborhood had similar damage to siding of the homes as most of the damage came from a southwest to northeast direction. Snapped trees, patio furniture tossed, and broken windows were the most common impacts. Near the end of the path, a large shed's roof was lifted off and carried a few feet away. About 3/4 mile northeast of the start point, the tornado likely weakened as the damage becomes more minor consisting of roof siding damage and snapped twigs. On the northern sides of homes, hail damage was evident due to hail being driven onto the sides of homes on the north side of the tornado. This tornado was rated EF1 with max winds estimated at 110 mph. Total damage cost was estimated.","A strong spring storm system moved through the area with ample instability and shear for severe weather. Numerous reports of severe weather were received across the tri-state area.  Two tornadoes occurred across southwest Georgia, and seven tornadoes occurred across the eastern Florida panhandle and big bend.  An EF2 tornado produced significant damage in the town of Hosford, FL.",368
1090325,CALHOUN CO.,CHIPOLA PARK,04/27/2023,1433,Tornado, ,EF0,0,0,0,0,FL,CST-6, ,179096,C,13,TAE,0,0,NWS Employee, ,0.9,50,2,SW,1,SSW,CHIPOLA PARK,04/27/2023,1435,30.21,-85.22,30.2181,-85.2081,"A well defined TDS occurred in a rural area in far southern Calhoun county. No structures were in the path to be impacted. This tornado was rated EF0 due to tree damage.","A strong spring storm system moved through the area with ample instability and shear for severe weather. Numerous reports of severe weather were received across the tri-state area.  Two tornadoes occurred across southwest Georgia, and seven tornadoes occurred across the eastern Florida panhandle and big bend.  An EF2 tornado produced significant damage in the town of Hosford, FL.",369
1090343,LIBERTY CO.,HOSFORD,04/27/2023,1454,Tornado, ,EF2,0,0,500000,0,FL,EST-5, ,179096,C,77,TAE,0,0,NWS Storm Survey, ,2.5,960,2,WSW,1,NNE,HOSFORD,04/27/2023,1505,30.3832,-84.8169,30.4067,-84.7849,"A large tornado touched down on the southwest side of Hosford, FL just west of NE Shadow Lane. The tornado snapped or uprooted several trees on NE Chester Street and NE Liberty Circle. There was some minor roof damage in this quadrant of town and a few damaged outbuildings. In the center of town, near the intersection of SR 20 and SR 65, a gas station and adjacent building suffered minor roof damage. Most damage in these areas was consistent with EF0 or EF1 winds. The tornado continued northeastward along SR 65 where the the highest concentration of damage was found. Damage to homes and snapped trees were noted on both sides of the highway with the trees felled in opposite directions on either side of the road. Several outbuildings were destroyed or heavily damaged. Several homes sustained roof damage on either side of the road. The most significant damage occurred just north of NE Granny Annie Road on SR 65. One single family home had the roof and back porch completely removed. An adjacent home on the same property had the roof of a second story bedroom removed with partial collapse of the walls. The tree damage in this area was also extensive. Winds in this location were estimated to be 125 mph, which justifies an EF2 rating. The tornado was also rather wide with a width around one-half mile at times. The tornado continued to the northeast along SR 65 for a short while, snapping trees along the way before potentially lifting. It is possible the tornado continued east of SR 65 for a ways, but there was no way for the survey team to access these areas. Damage cost was estimated.","A strong spring storm system moved through the area with ample instability and shear for severe weather. Numerous reports of severe weather were received across the tri-state area.  Two tornadoes occurred across southwest Georgia, and seven tornadoes occurred across the eastern Florida panhandle and big bend.  An EF2 tornado produced significant damage in the town of Hosford, FL.",370
1090333,WAKULLA CO.,SMITH CREEK,04/27/2023,1621,Tornado, ,EF0,0,0,0,0,FL,EST-5, ,179096,C,129,TAE,0,0,NWS Employee, ,2.3,50,6,N,8,NNE,SMITH CREEK,04/27/2023,1626,30.272,-84.637,30.294,-84.608,"A TDS occurred in northwestern Wakulla county in a rural, forested area with no structures to impact. This tornado was rated EF0 due to tree damage.","A strong spring storm system moved through the area with ample instability and shear for severe weather. Numerous reports of severe weather were received across the tri-state area.  Two tornadoes occurred across southwest Georgia, and seven tornadoes occurred across the eastern Florida panhandle and big bend.  An EF2 tornado produced significant damage in the town of Hosford, FL.",371
1090320,GADSDEN CO.,HAVANA,04/27/2023,1714,Tornado, ,EF0,0,0,0,0,FL,EST-5, ,179096,C,39,TAE,0,0,NWS Storm Survey, ,1.48,75,1,ENE,2,SSW,CONCORD,04/27/2023,1718,30.6255,-84.3921,30.6275,-84.3674,"A brief tornado touchdown occurred in Gadsden County along County Road 12A. Numerous pine trees were snapped and uprooted near the intersection of CR-12A and Leslie Lewis Road. A few other trees were uprooted before the tornado dissipated just west of Concord Road. This tornado was rated EF0 with max winds estimated at 80 mph.","A strong spring storm system moved through the area with ample instability and shear for severe weather. Numerous reports of severe weather were received across the tri-state area.  Two tornadoes occurred across southwest Georgia, and seven tornadoes occurred across the eastern Florida panhandle and big bend.  An EF2 tornado produced significant damage in the town of Hosford, FL.",372
1090317,MADISON CO.,SIRMANS,04/27/2023,1742,Tornado, ,EF1,0,0,0,0,FL,EST-5, ,179096,C,79,TAE,0,0,NWS Storm Survey, ,0.55,100,6,NW,5,NW,SIRMANS,04/27/2023,1745,30.395,-83.7363,30.3953,-83.727,"A tornado touched down in a rural area of far western Madison county, snapping and uprooting numerous trees. No structures were impacted. The tornado is rated EF1 with max winds estimated at 95 mph based on the tree damage. We would like to thank the Madison County Emergency Management for providing pictures from the area.","A strong spring storm system moved through the area with ample instability and shear for severe weather. Numerous reports of severe weather were received across the tri-state area.  Two tornadoes occurred across southwest Georgia, and seven tornadoes occurred across the eastern Florida panhandle and big bend.  An EF2 tornado produced significant damage in the town of Hosford, FL.",373
1094925,PALM BEACH CO.,OCEAN RIDGE,04/28/2023,1833,Tornado, ,EF0,0,0,50000,0,FL,EST-5, ,179778,C,99,MFL,0,0,NWS Storm Survey, ,0.76,100,2,WSW,1,WSW,OCEAN RIDGE,04/28/2023,1838,26.506,-80.08,26.511,-80.069,"A tornado affected southern portions of Boynton Beach on the evening of April 28th. The first visible signs of tornadic damage were just west of I-95 and south of SW 23rd Ave in the form of several broken large tree branches and a royal palm tree partially stripped of its fronds. The tornado moved ENE continuing it's path as it crossed I-95, with reports of traffic stopping or slowing down as the circulation crossed the interstate. The tornado then moved through portions of the High Point community where about a half-dozen homes sustained minor roof uplift near the corners of the structures, awnings twisted or completely torn off and landing several houses away, and several large tree branches and trunks broken. The  final indication of tornadic damage was a downed small palm tree at Main Blvd, east of SW 3rd St, just south of the Boynton Beach Little League Park. The damage path was sporadic in spots, with large tree branches or trunks snapped right next to other trees and buildings with no visible signs of damage. Therefore, the tornado is rated as an EF-0 with estimated maximum winds near 80 mph. Most of the winds along the damage path were estimated in the 65-75 mph range. Damage amounts are estimated.","With the influence of a mid-level disturbance to the north, a surface frontal boundary sagged into South-Central Florida which put South Florida near a source of lift, combined with surface instability from diurnal heating. Additional shortwave impulses added to the convective activity and led to severe thunderstorm producing a tornado in Broward County on April 28th.",374
1094932,PALM BEACH CO.,PALM BEACH GARDENS,04/29/2023,1610,Tornado, ,EF2,0,0,250000,0,FL,EST-5, ,179779,C,99,MFL,0,0,NWS Storm Survey, ,2.61,320,2,NW,1,NNW,NORTH PALM BEACH,04/29/2023,1621,26.8251,-80.0897,26.8495,-80.0593,"The tornado began in eastern Palm Beach Gardens, just east of Interstate 95, and moved northeast across A1A, passing just south of the Palm Beach Gardens Medical Center. As it moved through the Sanctuary Cove community, it crossed State Road 786 (PGA Boulevard) near the intersection with US-1. After a short trek up US-1, the tornado dissipated before reaching Juno Beach. Light tree damage consistent with an EF-0 was noted near the determined starting point of the tornado. The tornado strengthened quickly to an EF1 as it moved through the Gardens East apartment complex. Significant tree damage ranging from uprooted trees to snapped trunks were noted in this community. The tornado then moved through the Sandalwood Estates |community off of Burns road. Quite a bit of tree debris was scattered throughout this community, with several large trees completely uprooted. One notable damage indicator was a greater than 3 inch diameter branch that pierced the metal roof of a |residence. A countless number of large branches were stripped from trees throughout the community with a few snapped trunks near the worst of the damage in this area. The tornado then moved through the Rainwood community where a home suffered broken windows and had many shingles removed. Similar tree damage continued into this neighborhood.||When the tornado crossed Prosperity Farms Road and entered the Sanctuary Cove community, this was where it strengthened to EF-2 intensity reaching an estimated peak wind of 130 mph. Some of the most substantial structural damage was noted here with collapsed roofs, broken windows, removed roofing material, and debarking of trees. The EF2 tornado then cross the North Palm Beach Waterway where it completely destroyed a manufactured home along the canal bank. As the tornado moved NNE it crossed into the Point at Palm Beach Gardens community where it created minor structural damage to the complex, but had some of its most photographed moments as |cars were displaced, flipped, and stacked on each other. The tornado then moved through the City Centre where considerable tree, light post, and street sign damage was noted. As it crossed PGA Blvd the tornado destroyed a dry cleaners business, collapsed large light poles, and even caused a concrete electrical pole to lean. The last notable damage was still at EF2 strength when the tornado crossed US 1 and caused two cars to be flipped and displaced on the opposite side of US 1. Several videos of the |incident were witnessed, as well as one from inside the vehicle, and the survey crew was able to interview one of the drivers. The tornado quickly lifted after crossing US 1 where it caused minor tree damage in a shopping center. Damage value is estimated based on the number of structures, vehicles, and trees damaged.","Following ample sunshine, mesoscale boundary collisions created afternoon and evening showers and strong thunderstorms across South Florida April 29th, especially around Lake Okeechobee and Palm Beach County. A cell merger that began in Palm Beach Gardens was able to take advantage of a favorable environment for tornadoes and spawned an EF-2 tornado in Palm Beach County.",375
1085476,CHARLOTTE CO.,BERMONT,04/30/2023,534,Tornado, ,EF1,0,0,50000,0,FL,EST-5, ,178398,C,15,TBW,0,0,NWS Storm Survey, ,4.61,50,8,ESE,11,E,BERMONT,04/30/2023,541,26.92,-81.63,26.96,-81.57,"NWS determined that a high end EF-1 tornado with 110 mph winds occurred in eastern Charlotte County, destroying a metal barn and snapping several telephone poles along with overturning a small vehicle trailer and pushing it into a tree.","A developing early morning squall line ahead of a cold front moving across the Eastern Gulf of Mexico produced an EF-1 tornado in Charlotte County along with few additional 50+ mph sub-severe wind gusts across southwest Florida.",376
1098590,MIAMI-DADE CO.,ALADDIN CITY,05/25/2023,1220,Tornado, ,EF0,0,1,50000,0,FL,EST-5, ,180340,C,86,MFL,0,0,NWS Storm Survey, ,0.6,75,3,ENE,3,ENE,ALADDIN CITY,05/25/2023,1222,25.5877,-80.4336,25.581,-80.4294,"A thunderstorm produced a short-lived EF-0 tornado in Redland, starting around|SW 192nd St before traveling south along SW 147th Ave until almost SW 200th St. Several trees were snapped and/or uprooted. A semi tractor trailer was knocked on its side by the tornado near SW 196th St and the driver was injured. Most of the winds along the brief damage path were estimated in the 55-65 mph range, with a peak estimate of 80 mph. Damage amounts are estimated.","With the influence of a mid-level trough to the north, South Florida was provided with a source of lift, which combined with surface instability from diurnal heating to develop scattered showers and thunderstorms on the afternoon of May 25th. One of these thunderstorms produced a brief tornado in southwest Miami-Dade County.",377
1093341,BREVARD CO.,(COF)PATRICK AFB,06/07/2023,1619,Tornado, ,EF1,0,0,0,0,FL,EST-5, ,179568,C,9,MLB,0,0,NWS Storm Survey, ,1,300,2,SSW,2,S,(COF)PATRICK AFB,06/07/2023,1624,28.2055,-80.6073,28.2086,-80.596,"A National Weather Service Melbourne damage survey confirms that an EF-1 tornado impacted the South Patrick Shores community just south of Patrick Space Force Base. The tornado touched down initially in the Lighthouse Landing subdivision near the intersection of Lighthouse Landing St. and South Patrick Dr. The circulation continued on an east-northeast trajectory across the South Patrick Shores community before emerging into the Atlantic near Ocean Blvd. and SR A1A. The tornado was on the ground for approximately 1.0 mile, had a maximum width of approximately 300 yards, and peak winds estimated between 90-100 mph.||Brevard County Emergency Management conducted a damage assessment and noted numerous homes were affected with at least some damage, 25 homes with minor damage, and 10 with major damage. NWS meteorologists documented impacts on both the north and south sides of the tornadic circulation in an area bounded by SE 1st St. to the south and NE 2nd St. to the north. Numerous homes in this area experienced at least partial losses of their carports and awnings. Additionally, several homes lost portions of their roof, a few trees were uprooted, and between 6-10 power poles were snapped in this area.","Severe thunderstorms moving offshore produced severe wind gusts near Cape Canaveral and in Lake County and a tornado in South Patrick Shores.",378
1112718,FRANKLIN CO.,MCINTYRE,06/09/2023,1414,Tornado, ,EF0,0,0,0,0,FL,EST-5, ,181172,C,37,TAE,0,0,Emergency Manager, ,0.34,50,3,SSE,3,NNW,TURKEY POINT,06/09/2023,1415,29.94,-84.51,29.9386,-84.5045,"A brief EF0 tornado touched down just west of Highway 319 with trees blown down along the highway.  This tornado was confirmed by photos of trees down corresponding to the TDS location on radar.","Scattered thunderstorms occurred across the area with a few reports of severe weather.  One brief, EF0 tornado even occurred across rural Franklin county with damage to trees and no structures impacted.",379
1163686,FRANKLIN CO.,APALACHICOLA,06/15/2023,1843,Tornado, ,EF0,0,0,5000,0,FL,EST-5, ,181174,C,37,TAE,0,0,NWS Storm Survey, ,0.44,50,7,SSE,7,SSE,APALACHICOLA,06/15/2023,1848,29.6226,-84.9496,29.6206,-84.9427,"A waterspout made brief landfall on the west end of Saint George Island as a tornado before moving out over the open Gulf of Mexico. Minor damage was reported to a home along Seahorse Lane consistent with an EF-0 rating. The timing and track of the tornado was refined using radar data and photos of the waterspout over Apalachicola Bay and the Gulf of Mexico from social media.","The middle part of June was unusually stormy across the area. Numerous rounds of strong to severe storms impacted the region with multiple squall lines that produced severe winds as well as supercells that produced large hail and tornadoes.  Heavy rain also occurred over a multi-day period, which saturated the ground and led to some instances of flash flooding.  ||The synoptic pattern featured well above average 250 mb zonal wind anomalies, which were traceable back to an active subtropical jet stream.  Greater than average instability was also present, in part due to anomalously warm Gulf of Mexico SSTs.  This combination of above average shear from the active subtropical jet and above average instability from the warmer than average SSTs provided a synoptic environment favorable for severe weather as upper level shortwaves moving through the area.  This pattern persisted for many days, leading to an unusually large amount of severe weather.",380
1114139,ESCAMBIA CO.,WEST PENSACOLA,06/15/2023,1935,Tornado, ,EF2,0,0,0,0,FL,CST-6, ,182690,C,33,MOB,0,0,NWS Storm Survey, ,8.58,450,1,NNE,3,W,PENSACOLA BEACH,06/15/2023,2008,30.4132,-87.2725,30.3241,-87.1722,"Damage survey found a very broad area roughly a mile and a half|wide of strong sporadic straight line winds beginning around|Fairfield drive and 52nd Ave in West Pensacola. No visual|convergence was noted until the area near N Old Corry Field Rd|and W Gregory St. Several large limbs were noted and few uproots|at this location in a loosely convergent pattern. This more|concentrated damage continued south-southeast across US 98 to|Barrancas Ave with a several mile wider swath of damaging winds.|The path at this point seems discontinuous with several weak areas|of convergence resulting in likely high end EF-0 damage embedded|within a broader damaging wind swath. A more concentrated area of|convergence appears around Fairway Drive on the north side of the|Pensacola County Club. Several hardwoods had large 2 foot in|diameter branches snapped and several softwood pines were snapped|as a more continuous path extended across the country club and|Bayshore Dr before moving out over Pensacola Bay. ||The tornado then likely continued as a waterspout traversing Pensacola Bay|dodging the western tip of Gulf Breeze before wrapping back|southeast towards Pensacola Beach. The tornado quickly|strengthened as it crossed Fort Pickens Rd near Galvez CT.|Significant damage to homes built to withstand significant|hurricanes was noted and thus damage estimates from this location leaned on|the higher side for given damage indicators. Several of the homes|across a quarter mile swath had damage to siding including|several sides beings completely removed. A few homes lost 20 to|60 percent of metal roofing material even with proper hurricane|code anchors. Several bottom floor garages were completely gutted|as garage doors were blown in and destroyed. Bottom exterior walls|blew out leading to complete exposure of the bottom floors.|Several palm trees across the area were snapped a few feet off the|ground. The most notable damage was right along Fort Pickens Rd|where a house under construction had the entire top floor and|roof removed. This damage was put on the lower end of estimates|as the house was under construction and an opening on the north|side may have helped the failure of the upper walls and floors.|However, a large dumpster likely weighing several hundred pounds|was thrown roughly 50-70 yards due east and was deposited between|two palm trees about 2 feet off the ground. The damage to the|home, dumpster combined with a garage door that failed being|wrapped around a concrete piling resulted in the peak wind|estimate of 120 mph. ||The tornado likely crossed over Fort Pickens Rd and into the |Gulf of Mexico where it likely dissipated. One other interesting |damage note was that at least two boats were tossed on the Pensacola |Bay side. One boat was found about 20-30 yards from the boat lift |upside down in the water. The other boat was thrown off the lift |and was reportedly found near Deer Point about a mile north across |the bay. This boat likely floated over there but still impressive. |There is no damage indicator for boats; however, the sheer |impressiveness helped support the higher rating given the surrounding |damage indicators.","Unusually strong wind shear combined with strong instability and numerous disturbances led to a very active period of severe weather through the month of June. Numerous reports of large hail and damaging winds were recorded along with a few tornadoes.",381
1114042,TAYLOR CO.,CABBAGE GROVE,06/16/2023,43,Tornado, ,EF0,0,0,0,0,FL,EST-5, ,181174,C,123,TAE,0,0,NWS Storm Survey, ,0.97,50,2,SW,1,SSW,CABBAGE GROVE,06/16/2023,45,30.175,-83.897,30.182,-83.883,"A brief EF0 touched down in rural western county with damage limited to trees.  A tornadic debris signature was visible on TLH radar.","The middle part of June was unusually stormy across the area. Numerous rounds of strong to severe storms impacted the region with multiple squall lines that produced severe winds as well as supercells that produced large hail and tornadoes.  Heavy rain also occurred over a multi-day period, which saturated the ground and led to some instances of flash flooding.  ||The synoptic pattern featured well above average 250 mb zonal wind anomalies, which were traceable back to an active subtropical jet stream.  Greater than average instability was also present, in part due to anomalously warm Gulf of Mexico SSTs.  This combination of above average shear from the active subtropical jet and above average instability from the warmer than average SSTs provided a synoptic environment favorable for severe weather as upper level shortwaves moving through the area.  This pattern persisted for many days, leading to an unusually large amount of severe weather.",382
1114073,TAYLOR CO.,SCANLON,06/16/2023,120,Tornado, ,EF0,0,0,0,0,FL,EST-5, ,181174,C,123,TAE,0,0,NWS Storm Survey, ,7.23,100,4,S,4,ENE,ECONFINA,06/16/2023,144,30.08,-83.88,30.15,-83.79,"A well defined tornadic debris signature tracked through the forest of rural western Taylor county.  Damage was limited to trees.","The middle part of June was unusually stormy across the area. Numerous rounds of strong to severe storms impacted the region with multiple squall lines that produced severe winds as well as supercells that produced large hail and tornadoes.  Heavy rain also occurred over a multi-day period, which saturated the ground and led to some instances of flash flooding.  ||The synoptic pattern featured well above average 250 mb zonal wind anomalies, which were traceable back to an active subtropical jet stream.  Greater than average instability was also present, in part due to anomalously warm Gulf of Mexico SSTs.  This combination of above average shear from the active subtropical jet and above average instability from the warmer than average SSTs provided a synoptic environment favorable for severe weather as upper level shortwaves moving through the area.  This pattern persisted for many days, leading to an unusually large amount of severe weather.",383
1114074,JEFFERSON CO.,HELL'S HALF ACRE,06/16/2023,209,Tornado, ,EF0,0,0,0,0,FL,EST-5, ,181174,C,65,TAE,0,0,NWS Storm Survey, ,6.37,100,6,SW,4,S,GOOSE PASTURE,06/16/2023,223,30.126,-84.044,30.146,-83.94,"A tornado touched down with a well defined tornadic debris signature on TLH radar in rural southern Jefferson county.  The only damage was to trees.","The middle part of June was unusually stormy across the area. Numerous rounds of strong to severe storms impacted the region with multiple squall lines that produced severe winds as well as supercells that produced large hail and tornadoes.  Heavy rain also occurred over a multi-day period, which saturated the ground and led to some instances of flash flooding.  ||The synoptic pattern featured well above average 250 mb zonal wind anomalies, which were traceable back to an active subtropical jet stream.  Greater than average instability was also present, in part due to anomalously warm Gulf of Mexico SSTs.  This combination of above average shear from the active subtropical jet and above average instability from the warmer than average SSTs provided a synoptic environment favorable for severe weather as upper level shortwaves moving through the area.  This pattern persisted for many days, leading to an unusually large amount of severe weather.",384
1114075,TAYLOR CO.,SCANLON,06/16/2023,230,Tornado, ,EF0,0,0,0,0,FL,EST-5, ,181174,C,123,TAE,0,0,NWS Storm Survey, ,3.42,75,2,NNE,3,SE,CABBAGE GROVE,06/16/2023,241,30.16,-83.88,30.17,-83.824,"A tornado touched down in rural western Taylor county with a well defined tornadic debris signature on TLH radar.  No structures were in the path, and the only damage was to trees.","The middle part of June was unusually stormy across the area. Numerous rounds of strong to severe storms impacted the region with multiple squall lines that produced severe winds as well as supercells that produced large hail and tornadoes.  Heavy rain also occurred over a multi-day period, which saturated the ground and led to some instances of flash flooding.  ||The synoptic pattern featured well above average 250 mb zonal wind anomalies, which were traceable back to an active subtropical jet stream.  Greater than average instability was also present, in part due to anomalously warm Gulf of Mexico SSTs.  This combination of above average shear from the active subtropical jet and above average instability from the warmer than average SSTs provided a synoptic environment favorable for severe weather as upper level shortwaves moving through the area.  This pattern persisted for many days, leading to an unusually large amount of severe weather.",385
1112719,TAYLOR CO.,(40J)PERRY-FOLEY ARPT,06/16/2023,245,Tornado, ,EF1,0,0,50000,0,FL,EST-5, ,181174,C,123,TAE,0,0,NWS Storm Survey, ,1.26,80,2,WNW,1,NNW,(40J)PERRY-FOLEY ARPT,06/16/2023,250,30.0829,-83.594,30.077,-83.574,"A tornado touched down south of Perry, FL on the north side of Houck Rd. Here the tornado produced EF-0 damage to a large metal building system, pulling some of the metal roof panels off the building and sending insulation over to Perry Foley Airport. Traveling southeast across Houck Rd, EF-1 damage was observed as the tornado then flipped up the metal roof of a porch, peeled back the metal roof of an outbuilding, snapped a tree and uprooted a very large tree. Further southeast at the airport a sign was damaged, debris from the metal building was found, and one aircraft broke free of its tail rope and was pushed sideways. The tornado then lifted shortly past the airport. Damage cost was estimated.","The middle part of June was unusually stormy across the area. Numerous rounds of strong to severe storms impacted the region with multiple squall lines that produced severe winds as well as supercells that produced large hail and tornadoes.  Heavy rain also occurred over a multi-day period, which saturated the ground and led to some instances of flash flooding.  ||The synoptic pattern featured well above average 250 mb zonal wind anomalies, which were traceable back to an active subtropical jet stream.  Greater than average instability was also present, in part due to anomalously warm Gulf of Mexico SSTs.  This combination of above average shear from the active subtropical jet and above average instability from the warmer than average SSTs provided a synoptic environment favorable for severe weather as upper level shortwaves moving through the area.  This pattern persisted for many days, leading to an unusually large amount of severe weather.",386
1097178,LEE CO.,PINE ISLAND,06/18/2023,1010,Tornado, ,EF0,0,0,5000,0,FL,EST-5, ,180092,C,71,TBW,0,0,NWS Storm Survey, ,0.01,10,1,SSE,1,SSE,PINE ISLAND,06/18/2023,1011,26.6086,-82.1149,26.6085,-82.1148,"A virtual survey using several photos captured from the area suggests that the only damage was done to a recently-constructed metal outdoor freezer. This freezer was complete, properly secured, and was made of aluminum and insulated with Styrofoam. |While some fence damage was noted, this damage could not be reliably attributed to the tornado, given a lack of nearby tree damage and little-to-debris. Imagery from the area also shows some damage to this fence before the tornado took place. As such, the |tornado was on the ground for approximately 27 feet (or 0.005 mi) and spent only a few brief seconds on the ground before lifting again.","A supercell embedded within a line of thunderstorms associated with a mesoscale convective complex moving across southwest Florida produces a brief tornado on Pine Island in Lee County, while flooding reported around Cape Coral in Lee County.",387
1112720,WALTON CO.,GULF PINES,06/19/2023,1016,Tornado, ,EF1,0,0,25000,0,FL,CST-6, ,181174,C,131,TAE,0,0,NWS Storm Survey, ,1.62,200,1,N,1,SSE,TURQUOISE BEACH,06/19/2023,1021,30.3868,-86.3288,30.3883,-86.3016,"Several videos posted on social media indicated that a tornado touched down on the Choctawhatchee Bay just west of the Sandestin Resort. Initial damage included damage to a storm shutter on the condo directly facing the Bay, and isolated snapped and toppled trees between the Bay and Baytowne Avenue West. This damage was consistent with EF0 damage. EF1 damage was observed east of Baytowne Avenue, where several hardwood trees were uprooted in multiple directions on Turnberry Court. After crossing a golf course and small unpopulated area, the highest concentration of damage occurred along Laurel Way and Ravens Run, where multiple trees were snapped and uprooted with minor roof damage noted to a few homes. The tornado continued east causing minor roof damage to a home on Olde Towne Avenue in addition to uprooting a few hardwood trees. The tornado continued to the east of the resort, snapping and uprooting trees on Mack Bayou Road and east Mack Bayou Drive where several fences sustained damage in addition to minor damage to the roof of a small business. The tornado then lifted east of Mack Bayou Drive. Damage was consistent with an EF1 max wind speed of 105 mph.","The middle part of June was unusually stormy across the area. Numerous rounds of strong to severe storms impacted the region with multiple squall lines that produced severe winds as well as supercells that produced large hail and tornadoes.  Heavy rain also occurred over a multi-day period, which saturated the ground and led to some instances of flash flooding.  ||The synoptic pattern featured well above average 250 mb zonal wind anomalies, which were traceable back to an active subtropical jet stream.  Greater than average instability was also present, in part due to anomalously warm Gulf of Mexico SSTs.  This combination of above average shear from the active subtropical jet and above average instability from the warmer than average SSTs provided a synoptic environment favorable for severe weather as upper level shortwaves moving through the area.  This pattern persisted for many days, leading to an unusually large amount of severe weather.",388
1105050,VOLUSIA CO.,CORONADO BEACH,07/22/2023,1550,Tornado, ,EF0,0,0,0,0,FL,EST-5, ,181388,C,127,MLB,0,0,Public, ,0.6,20,2,SE,2,SE,CORONADO BEACH,07/22/2023,1551,29.01,-80.88,29.01,-80.87,"Multiple videos from the public of a landspout tornado that developed on the beach in New Smyrna Beach near 25th and 26th avenue beaches. The landspout quickly moved offshore and became a waterspout. No damage or injuries were reported.","Thunderstorms produced a landspout tornado in Volusia County and a severe wind gust in Brevard County.",389
1165340,MONROE CO.,(EYW)KEY WEST INL AR,08/16/2023,855,Tornado, ,EF0,0,0,0,0,FL,EST-5, ,189477,C,87,KEY,0,0,NWS Employee, ,0.01,20,1,W,1,W,(EYW)KEY WEST INL AR,08/16/2023,855,24.5471,-81.7867,24.5471,-81.7867,"A narrow waterspout with a spray ring extending one-quarter the way up from the water surface to cloud base moved north onshore Higgs Beach as a tornado.  The tornado dissipated on the beach without any discernable damage noted.  Maximum wind speeds of 50 to 60 mph were estimated at the landfall location.","A narrow waterspout developed off the south shore of Key West, and moved north, making landfall as a tornado at Higgs Beach of Key West.",390
1129159,COLLIER CO.,(APF)NAPLES MUNI ARP,08/24/2023,1555,Tornado, ,EF0,0,0,100000,0,FL,EST-5, ,184456,C,21,MFL,0,0,NWS Storm Survey, ,0.76,50,2,ESE,1,SE,(APF)NAPLES MUNI ARP,08/24/2023,1558,26.1455,-81.7563,26.1415,-81.7677,"A brief tornado occurred during the early evening of Thursday August |24, 2023 in Naples. The tornado was believed to have touched down near |Roseate Dr and Robin Ave where multiple large tree branches were snapped off. |The tornado then traveled SW and did some roof damage to a home on Cardinal |St. Additional minor tree and aluminum damage was observed near the |Walker Technical College. The strongest wind damage was observed in the |vicinity of the college where 9 vehicles were damaged in the parking lot. Some |of the car damage was from a falling tree, and other damage was from cars being |moved into each other by the wind. The tornado then crossed Airport Rd south |of Estey Ave before lifting. Wind speeds were mostly estimated between 50-60 mph |however the strongest winds near the technical college were estimated to be |around 80 mph, for a rating of EF-0.","A brief tornado occurred during the early evening of Thursday August 24, 2023 in Naples, Florida. This led to minor damage, primarily to cars and large trees, across just less than a mile long path. There were no reports of injuries or deaths.",391
1135484,ST. JOHNS CO.,RIVERDALE,09/11/2023,1710,Tornado, ,EF0,0,0,75000,0,FL,EST-5, ,184593,C,109,JAX,0,0,Social Media, ,0.01,5,4,NE,4,NE,RIVERDALE,09/11/2023,1710,29.85,-81.5,29.85,-81.5,"The public reported a landspout near Molasses Junction. Images were shared showing   roof damage to the sheet metal and wooden structure pf a horse stable and an outdoor toilet blown over. The time of damage was based on radar.","A stalled front remains situated just to the northwest this morning with a light onshore flow near the surface while persistent southwesterly flow continues aloft. Cooler than normal mid-level temperatures created deeper instability that strengthened diurnally driven sea breeze storms as they develop along the east-coast sea breeze in the afternoon. Deeper moisture was across NE FL and portions of SE GA (generally south and east of Waycross) created more widespread storm coverage, especially along and west of the St Johns River basin as the sea breeze interacted with the river breeze. ||Strong to marginally severe wind gusts of 40-60 mph occurred. Marginal deep layer shear was around 20 kts which create a lower end hail threat. Locally heavy rainfall occurred that created mainly nuisance minor flood issues.",392
1130551,CLAY CO.,RUSSELL,09/26/2023,1540,Tornado, ,EF0,0,0,0,0,FL,EST-5, ,184621,C,19,JAX,0,0,Public, ,0.36,10,2,WSW,1,WSW,RUSSELL,09/26/2023,1544,30.043,-81.7768,30.0451,-81.7713,"A witness reported a land spout that last for about 4 minutes and tracked WSW to ENE across a construction site just south of Sandridge Road near Feed Mill Road.  The vortex crossed over a construction site where it lifted garbage debris and dust. Structure damage did not occur.","A weak surface front was near the FL-GA state-line with moist, unstable conditions south of the boundary across NE FL. Diurnally enhanced storms further intensified into the afternoon and early evening as a short-wave trough moved across the area from the west. Storm motion was slow, so locally heavy rainfall was a concern near storm mergers.",393
1130552,CLAY CO.,GREEN COVE SPGS,09/26/2023,1605,Tornado, ,EF0,0,0,0,0,FL,EST-5, ,184621,C,19,JAX,0,0,Public, ,0.01,5,1,ESE,1,ESE,GREEN COVE SPGS,09/26/2023,1605,29.99,-81.66,29.99,-81.66,"The public reported a landspout touchdown just west of the Shands Bridge near Green Cove Springs. The time of the event was based on radar. The width of the tornado was approximated. There was not noted damage.","A weak surface front was near the FL-GA state-line with moist, unstable conditions south of the boundary across NE FL. Diurnally enhanced storms further intensified into the afternoon and early evening as a short-wave trough moved across the area from the west. Storm motion was slow, so locally heavy rainfall was a concern near storm mergers.",394
1143566,SARASOTA CO.,GATOR CREEK ESTATES,10/11/2023,2159,Tornado, ,EF0,0,0,10000,0,FL,EST-5, ,185583,C,115,TBW,0,0,Official NWS Observations, ,0.18,50,1,NE,1,NE,GATOR CREEK ESTATES,10/11/2023,2200,27.2661,-82.3829,27.2686,-82.3822,"A supercell that developed over the Gulf of Mexico and likely produced a waterspout while offshore moved ashore just after 9:30 PM EST (0230Z) between Venice and Osprey. Radar-indicated rotation weakened about 10 to 15 minutes after the storm moved ashore around 9:45 PM EST (0245Z), just after it crossed Interstate 75 east of Osprey. The storm again exhibited increasing organization and rotation just after 9:50 PM EST (0250Z) as it approached SR 72/Clark Rd while continuing north-northeast, and produced a brief EF-0 tornado just before 10:00 PM EST (0300Z) that affected a neighborhood just north of SR 72/Clark Rd on the east side of Sarasota. A metal pool cage/lanai was collapsed at one home, while a small trailer was moved several feet outside of another home. The circulation weakened shortly thereafter as the storm continued across northern Sarasota County.","A severe weather episode with an area of low pressure and associated cold front moving east across the Gulf of Mexico approaching the peninsula produced multiple supercell thunderstorms and likely waterspouts over the open waters before approaching the west Florida coast, where one waterspout was observed and multiple strong wind gusts were reported.",395
1143567,PINELLAS CO.,BRIDGEPORT,10/11/2023,2313,Tornado, ,EF0,0,0,50000,0,FL,EST-5, ,185583,C,103,TBW,0,0,Official NWS Observations, ,0.26,50,0,ENE,0,SSW,OLDSMAR,10/11/2023,2315,28.0319,-82.6725,28.0355,-82.6711,"A developing supercell moved ashore near Madeira Beach in southern Pinellas County around 10:30 PM EST (0330Z) and continued north-northeast across the communities of Seminole and Highpoint over the next 30 minutes, passing just west of St Pete Clearwater Int'l Airport (PIE). Radar indicated increasing organization and rotation around midnight as it passed over the Courtney Campbell Causeway while approaching Safety Harbor, and organization continued to increase over the next 15 minutes before the storm produced an EF-0 tornado while crossing the northern shore of Safety Harbor into Oldsmar around 11:15 PM EST (0415Z), where a significant part of the roof was removed from a two-story home along Shore Drive facing south toward the shoreline located across the street. Video recorded by a local resident from just east of the tornado track showed power flashes as the storm moved across the area, consistent with the time of the most apparent rotation per radar, while the aforementioned house receiving roof damage was located along the eastern edge of the circulation as the storm moved north-northeast. Intermittent damage continued along the track north-northeast over the next quarter-mile or so before the circulation weakened, including roof damage reported to a few additional homes, and damage to large trees continuing northward to around Oldsmar Elementary school near SR 580/State St.","A severe weather episode with an area of low pressure and associated cold front moving east across the Gulf of Mexico approaching the peninsula produced multiple supercell thunderstorms and likely waterspouts over the open waters before approaching the west Florida coast, where one waterspout was observed and multiple strong wind gusts were reported.",396
1143568,PINELLAS CO.,CLEARWATER BEACH,10/12/2023,47,Tornado, ,EF2,0,0,500000,0,FL,EST-5, ,185583,C,103,TBW,0,0,NWS Storm Survey, ,4.97,300,2,N,1,SSE,OZONA,10/12/2023,55,28.003,-82.8285,28.0569,-82.7746,"Tornadic waterspout came ashore, becoming a tornado near northern Clearwater Beach and continued across the Dunedin Channel before again coming ashore near Dunedin, near the intersection of the Dunedin Causeway and Hwy 19. Multiple homes in Clearwater Beach and Dunedin suffered at least minor roof damage, with a multi-story condominium building in Dunedin losing over a third of its roof along with part of the side wall, which was tossed about 500 yards away. A nearby strip mall also experienced partial roof loss and ensuing water damage, with a few damaged or destroyed concrete poles in its parking lot. Additionally, at least 3 other homes received mainly roof damage before the tornado dissipated just east of U.S. Hwy 19.","A severe weather episode with an area of low pressure and associated cold front moving east across the Gulf of Mexico approaching the peninsula produced multiple supercell thunderstorms and likely waterspouts over the open waters before approaching the west Florida coast, where one waterspout was observed and multiple strong wind gusts were reported.",397
1143569,CITRUS CO.,INGLIS,10/12/2023,108,Tornado, ,EF2,0,0,350000,0,FL,EST-5, ,185583,C,17,TBW,0,0,NWS Storm Survey, ,5.6,300,13,SSE,10,SE,INGLIS,10/12/2023,119,28.8464,-82.6108,28.9158,-82.563,"Likely began as a tornadic waterspout that moved ashore, then tracked northeast near the Paradise Point community south of Crystal River before continuing across U.S. Hwy 19 and FL Hwy 44 into eastern parts of Crystal River before lifting northeast of the city shortly thereafter. Several hardwood trees were downed near the Plantation Golf Resort and Spa before more significant damage occurred as the tornado approached and crossed U.S. Hwy 19, with multiple homes receiving roof damage, including one with exterior walls collapsed. A warehouse along U.S. Hwy 19 also had part of its roof removed. Additional minor roof damage observed as the tornado continued northeast and across FL Hwy 44 before dissipating, along with downed electrical transmission lines.","A severe weather episode with an area of low pressure and associated cold front moving east across the Gulf of Mexico approaching the peninsula produced multiple supercell thunderstorms and likely waterspouts over the open waters before approaching the west Florida coast, where one waterspout was observed and multiple strong wind gusts were reported.",398
1143570,PASCO CO.,NEW PORT RW PASCO AR,10/12/2023,117,Tornado, ,EF0,0,0,2000,0,FL,EST-5, ,185583,C,101,TBW,0,0,Official NWS Observations, ,0.11,15,1,ENE,1,ENE,NEW PORT RW PASCO AR,10/12/2023,118,28.1865,-82.6175,28.1875,-82.6161,"A tornado-warned storm produced a very brief tornado touchdown around 1:17 AM EST (0617Z) that was captured on the doorbell camera of a home between Trinity and Odessa. Bent fence damage was observed across a pond from the street where the initial video was taken, suggesting that a very short-lived tornado occurred.","A severe weather episode with an area of low pressure and associated cold front moving east across the Gulf of Mexico approaching the peninsula produced multiple supercell thunderstorms and likely waterspouts over the open waters before approaching the west Florida coast, where one waterspout was observed and multiple strong wind gusts were reported.",399
1140943,FLAGLER CO.,ESPANOLA,10/12/2023,330,Tornado, ,EF0,0,0,0,0,FL,EST-5, ,185790,C,35,JAX,0,0,Emergency Manager, ,12.07,25,3,SSW,1,ESE,GRAND HAVEN,10/12/2023,352,29.4674,-81.3391,29.5336,-81.1534,"A weak, sporadic tornado caused intermittent tree and minor structure damage as it track NE across the east-central part of the county. Tree damage was first reported near the intersection of County Roads 302 and 75 where several pines were snapped. Damage continued along a narrow ENE track which included a flagpole blown down in the R-section of Palm Coast at near the intersection of Rymshaw Drive and Ryman Lane. The last damage report was in Painters Hill where a resident reported a wind sail was shredded and patio furniture lofted and blown away.","A surface low moved across north-Florida during the early morning hours as a warm front lifted up from central FL. Strong effective shear combined with marginal surface-based instability near the lifting warm front and surface low enabled rotating mini-supercells to form. Toward sunrise, enough low-level instability nosed inland from the Atlantic coast across Flagler County to support a couple of tornado touchdowns. Locally heavy rainfall occurred across northeast Florida, generally south of the I-10 corridor and toward the Atlantic coast.",400
1140609,FLAGLER CO.,INDIAN TRAILS,10/12/2023,340,Tornado, ,EF2,0,0,0,0,FL,EST-5, ,185790,C,35,JAX,0,0,NWS Storm Survey, ,1,200,1,S,1,WSW,PALM HARBOR,10/12/2023,346,29.5678,-81.2512,29.576,-81.2337,"The short-lived EF-2 tornado initially touched down near the Pine Lake Apartment complex, near the intersection of Belle Terre Pkwy and Pine Lakes Pkwy. The tornado traveled northeast through the B section of Palm Coast before dissipating near I-95. Several houses sustained significant roof  damage in the path, particularly the home along Baltimore Lane which suffered complete destruction of its roof. A minivan was also flipped onto its side and moved from the driveway onto the road along Birchwood Drive. Several screened lanai enclosures, sheds and fences were significantly damaged or destroyed. Several trees were snapped and powerlines were downed.","A surface low moved across north-Florida during the early morning hours as a warm front lifted up from central FL. Strong effective shear combined with marginal surface-based instability near the lifting warm front and surface low enabled rotating mini-supercells to form. Toward sunrise, enough low-level instability nosed inland from the Atlantic coast across Flagler County to support a couple of tornado touchdowns. Locally heavy rainfall occurred across northeast Florida, generally south of the I-10 corridor and toward the Atlantic coast.",401
1143571,PINELLAS CO.,BELLEAIR BLUFFS,10/12/2023,1034,Tornado, ,EF0,0,0,5000,0,FL,EST-5, ,185583,C,103,TBW,0,0,Official NWS Observations, ,0.42,15,1,WSW,0,SW,BELLEAIR BLUFFS,10/12/2023,1035,27.9163,-82.8303,27.9164,-82.8234,"A very brief tornado was observed over the intracoastal waterway along the Belleair Beach causeway at 11:34 AM EST (1534Z). At 11:35 AM EST (1535Z), the tornado moved onshore and damaged the roof of an apartment building before dissipating.","A severe weather episode with an area of low pressure and associated cold front moving east across the Gulf of Mexico approaching the peninsula produced multiple supercell thunderstorms and likely waterspouts over the open waters before approaching the west Florida coast, where one waterspout was observed and multiple strong wind gusts were reported.",402
1165342,MONROE CO.,BIG COPPIT IS,11/15/2023,627,Tornado, ,EF0,0,0,1500,0,FL,EST-5, ,187358,C,87,KEY,0,0,NWS Storm Survey, ,0.13,70,1,NNE,1,NNE,BIG COPPIT IS,11/15/2023,628,24.6918,-81.3726,24.6936,-81.373,"A brief tornado initially developed over the |southeast edge of the Eden Pines subdivision, located over the|central portion of (the island of) Big Pine Key around 6:27 AM EST.|The relatively narrow tornado moved quickly north-northwest in |the general area framed by Lantana Lane, Buttonwood and Oleander|Drives. EF-0 damage was observed via the survey included vinyl|siding torn off a portion of a home, a couple downed and snapped|buttonwood trees, and a twisted fence.  Maximum winds of 75 mph were estimated in this portion of the Eden Pines subdivision.  The directional deposition|despite relatively low volume of debris strongly suggested a |tornadic circulation at the surface along a short and narrow path.  |A resident heard a distinct audible rushing sound almost |immediately before tornado passage, notable due to the lack of any|observed wind damage off the path within the residential |subdivision. The timing of the original observation of wind |damage corresponded with the passage of a supercell on a northwest |path across central Big Pine Key and into Pine Channel.","Strong low pressure over the eastern Gulf of Mexico resulted in a slow-moving pre-frontal trough focusing heavy convective rainfall over portions of the middle and upper Florida Keys.  One EF0 tornado was observed on Big Pine Key in association with a small supercell which evolved in advance of the passing squall line. In additional, strong winds associated with a convectively-induced mesoscale low pressure system over the middle and upper Florida Keys resulted in moderate to major coastal flooding near the shores of Barnes and Card Sounds.",403
1147669,HOLMES CO.,GRITNEY,12/10/2023,530,Tornado, ,EF1,0,0,0,0,FL,CST-6, ,186649,C,59,TAE,0,0,NWS Storm Survey, ,2.97,250,2,S,2,E,GRITNEY,12/10/2023,537,30.8054,-85.8331,30.8292,-85.7915,"A tornado touched down just east of the Chattahoochee River in southern Holmes County and headed northeast. Damage along the path consisted of snapped and uprooted trees. No structural damage was found. The largest concentration of damage occurred on CR 179 along and east of Boat Ramp Road. Several pines were snapped on either side of the highway and there were a couple of uprooted hardwood trees as well. The tornado then crossed a remote unpopulated area along Wright's Creek before damaging some trees on Bonifay Gritney Road between Dyson Circle and Faircloth Drive. No additional damage was found east of that location. Damage was consistent with an EF-1 tornado with maximum winds of 90-95 mph.","A cool season severe weather setup of low instability and high wind shear brought a few reports of severe weather to portions of the tri-state region.  A couple of tornadoes occurred in Holmes county, FL, and Henry county, AL.",404
1151972,PALM BEACH CO.,LOXAHATCHEE,01/06/2024,1532,Tornado, ,EFU,0,0,0,0,FL,EST-5, ,187239,C,99,MFL,0,0,Unknown, ,0.78,100,14,SW,13,SW,LOXAHATCHEE,01/06/2024,1534,26.5273,-80.4902,26.5274,-80.4776,"High-resolution satellite imagery showed a tornado damage path through a field near Browns Farm Road southeast of Belle Glade after a severe thunderstorm moved through the area. Time, path width, and path length are estimated based on radar and satellite imagery. Due to an inability to survey the area, maximum wind speeds and EF rating are unknown.","With the influence of a mid-level trough to the north, a surface low pressure system moving across the Southeast U.S. pulled a warm front across South Florida on the morning of January 6th. This brought plenty of warm air and diurnal instability to the area ahead of a cold front, which was the source of lift to spark several showers and thunderstorms in the afternoon and evening. Some thunderstorms became severe, producing a funnel cloud and two tornadoes.",405
1149117,BROWARD CO.,PORT EVERGLADES,01/06/2024,1747,Tornado, ,EF0,0,0,150000,0,FL,EST-5, ,187239,C,11,MFL,0,0,NWS Storm Survey, ,1.56,100,1,N,2,ESE,FT LAUDERDALE,01/06/2024,1750,26.1076,-80.1297,26.1199,-80.1086,"A tornado affected the downtown Fort Lauderdale area on the evening of January 6th. First visible signs of damage were along SE 12TH ST where large branches were down in front of a home. The tornado then traveled 1.5 miles northeast through portions of Rio Vista Isles, across the New River, and then across several streets just south of Sunset Lake before lifting in the vicinity of East Las Olas Blvd per video evidence. Most of the damage observed along the path was minor tree, roof, and power line damage. Therefore, the tornado is rated as an EF-0 with estimated maximum winds near 80 mph, however, most of the damage was likely in the 60-70 mph range. Damage amounts are estimated.","With the influence of a mid-level trough to the north, a surface low pressure system moving across the Southeast U.S. pulled a warm front across South Florida on the morning of January 6th. This brought plenty of warm air and diurnal instability to the area ahead of a cold front, which was the source of lift to spark several showers and thunderstorms in the afternoon and evening. Some thunderstorms became severe, producing a funnel cloud and two tornadoes.",406
1156690,SANTA ROSA CO.,BADDAD JCT,01/09/2024,229,Tornado, ,EF1,0,0,0,0,FL,CST-6, ,188267,C,113,MOB,0,0,NWS Storm Survey, ,1.74,150,6,SSE,5,SE,BADDAD JCT,01/09/2024,234,30.4986,-87.0123,30.519,-86.9952,"A supercell thunderstorm moved onshore the Escribano Point Wildlife Management Area producing an EF1 tornado along Choctaw Field Road and crossing Grassy Point Road. This tornado likely began earlier; however, ground survey crew could only reach a point just south of Choctaw Field Road due to available road networks. Where ground survey crew was able to survey, mid to high end EF1 damage was observed along the entirety of the path with numerous softwood and hardwood uproots/snaps in a convergent damage pattern. ||Update 1/23/2024: After coordination with Eglin AFB Natural Resources and Northwest Florida Water Management it was determined the tornado began by moving onshore along the north shore of East Bay and the tornado ended at catfish basin. The tornado was EF1 intensity as it moved onshore snapping multiple pines. The end point of the tornado was also EF1 intensity crossing WMD 10 where multiple large pines were uprooted and blocking the road.","Multiple rounds of severe thunderstorms moved across the Florida Panhandle starting during the early morning hours of January 9th. This system produced one EF-1 tornado in Florida.",407
1150250,WALTON CO.,SANTA ROSA BEACH,01/09/2024,429,Tornado, ,EF1,0,0,100000,0,FL,CST-6, ,186965,C,131,TAE,0,0,NWS Storm Survey, ,10.93,220,2,SSW,1,S,FREEPORT,01/09/2024,439,30.346,-86.2317,30.4761,-86.1273,"The tornado initially moved onshore with damage to trees and buildings at the intersection of W County Highway 30A and Laura Hamilton Blvd consistent with an EF-1 rating. It would then proceed to continue moving off to the northeast sporadically damaging trees and roofs of houses across the area. The tornado would then cross through a majority wooded area before crossing US Highway 98 before entering the woods once again. A high concentration of damage to homes and trees consistent with an EF-1 rating was found off of Chat Holly Rd. before the tornado crossed Choctawhatchee Bay. Max winds were estimated near 110 mph. The tornado would then parallel US Highway 331 as it crossed the bay before making landfall once again at Bay Grove Rd. where numerous manufactured homes were damaged along with tree damage consistent with an EF-1 rating. EF-1 damage had been observed leading up to US 331 where the tornado appears to have dissipated. Thanks to Walton County Emergency Management for assistance with this damage survey.","A high impact severe weather event impacted the tri-state region on January 9th with supercells producing tornadoes, large hail, and damaging wind gusts, followed by a major squall line with widespread wind damage and additional tornadoes. Preceding this activity, very strong non-thunderstorm wind gusts of 40-60 mph occurred, with even a gust to 70 mph at the Albany airport. There were 14 tornadoes confirmed across the tri-state region, including 3 EF0s, 5 EF1s, 5 EF2s, and 1 EF3. This activity was driven by a deepening area of low pressure west of the region with a record strong low level jet crossing the region. The winds at 850 mb were in in the 65-80 knot range, and sufficient instability existed to support mixing some of these very strong environmental winds to the surface.  ||Two significant tornadoes touched down in Bay county, including 1 EF3 and 1 EF2. These two tornadoes in Bay county resulted in damage to 326 buildings for a total market value loss of $20,350,311.  There were 234 single family homes damaged, 46 mobile homes damaged, 22 condos damaged, 2 multi-family homes damaged, and 22 commercial buildings damaged.  Of these 326 buildings, 113 sustained 5% damage, 86 sustained 15% damage, 2 sustained 20% damage, 29 sustained 30% damage, 17 sustained 35% damage, 28 sustained 45% damage, and 51 sustained 100% damage.",408
1150253,WALTON CO.,EUCHEEANNA,01/09/2024,448,Tornado, ,EF1,0,0,50000,0,FL,CST-6, ,186965,C,131,TAE,0,0,NWS Storm Survey, ,5.42,160,4,SSE,2,WSW,DOUGLAS CROSSROADS,01/09/2024,455,30.5872,-86.0243,30.663,-86.001,"A tornado, associated with the same cell which produced a tornado in southern Walton County, touched down south of Rock Hill Road. A large concentration of tree damage and damage to a manufactured home were then observed off Rock Hill Rd. consistent with an EF-1 rating with max winds estimated at 95 mph. The tornado continued north and dissipated in a wooded area. Additional tree damage just to the east of the track along Rock Hill road may have been associated with very strong rear flank downdraft winds associated with this cell. Thanks to Walton County Emergency Management for assistance with this damage survey.","A high impact severe weather event impacted the tri-state region on January 9th with supercells producing tornadoes, large hail, and damaging wind gusts, followed by a major squall line with widespread wind damage and additional tornadoes. Preceding this activity, very strong non-thunderstorm wind gusts of 40-60 mph occurred, with even a gust to 70 mph at the Albany airport. There were 14 tornadoes confirmed across the tri-state region, including 3 EF0s, 5 EF1s, 5 EF2s, and 1 EF3. This activity was driven by a deepening area of low pressure west of the region with a record strong low level jet crossing the region. The winds at 850 mb were in in the 65-80 knot range, and sufficient instability existed to support mixing some of these very strong environmental winds to the surface.  ||Two significant tornadoes touched down in Bay county, including 1 EF3 and 1 EF2. These two tornadoes in Bay county resulted in damage to 326 buildings for a total market value loss of $20,350,311.  There were 234 single family homes damaged, 46 mobile homes damaged, 22 condos damaged, 2 multi-family homes damaged, and 22 commercial buildings damaged.  Of these 326 buildings, 113 sustained 5% damage, 86 sustained 15% damage, 2 sustained 20% damage, 29 sustained 30% damage, 17 sustained 35% damage, 28 sustained 45% damage, and 51 sustained 100% damage.",409
1150254,HOLMES CO.,PONCE DE LEON,01/09/2024,503,Tornado, ,EF0,0,0,75000,0,FL,CST-6, ,186965,C,59,TAE,0,0,NWS Storm Survey, ,0.96,100,4,E,3,S,WESTVILLE,01/09/2024,508,30.7121,-85.8679,30.7223,-85.8569,"A tornado touched down along R.M. Ward Road in western Holmes County. The tornado knocked down numerous trees, which caused damage to several structures, including one home and at least one vehicle. The tornado continued northeast before dissipating in a heavily wooded area northeast of Jessie Hall Lane. Damage was consistent with an EF0 tornado with max winds estimated around 80 mph. Thanks to Holmes County Emergency Management for assistance with this survey.","A high impact severe weather event impacted the tri-state region on January 9th with supercells producing tornadoes, large hail, and damaging wind gusts, followed by a major squall line with widespread wind damage and additional tornadoes. Preceding this activity, very strong non-thunderstorm wind gusts of 40-60 mph occurred, with even a gust to 70 mph at the Albany airport. There were 14 tornadoes confirmed across the tri-state region, including 3 EF0s, 5 EF1s, 5 EF2s, and 1 EF3. This activity was driven by a deepening area of low pressure west of the region with a record strong low level jet crossing the region. The winds at 850 mb were in in the 65-80 knot range, and sufficient instability existed to support mixing some of these very strong environmental winds to the surface.  ||Two significant tornadoes touched down in Bay county, including 1 EF3 and 1 EF2. These two tornadoes in Bay county resulted in damage to 326 buildings for a total market value loss of $20,350,311.  There were 234 single family homes damaged, 46 mobile homes damaged, 22 condos damaged, 2 multi-family homes damaged, and 22 commercial buildings damaged.  Of these 326 buildings, 113 sustained 5% damage, 86 sustained 15% damage, 2 sustained 20% damage, 29 sustained 30% damage, 17 sustained 35% damage, 28 sustained 45% damage, and 51 sustained 100% damage.",410
1150256,BAY CO.,BILTMORE BEACH,01/09/2024,531,Tornado, ,EF3,0,0,15350000,0,FL,CST-6, ,186965,C,5,TAE,0,0,NWS Storm Survey, ,5.2,550,0,SW,1,SW,(PFN)PANAMA CITY ARPT,01/09/2024,537,30.1384,-85.7526,30.1918,-85.6912,"A tornado moved onshore Panama City Beach in the Lower Grand Lagoon area along Spyglass Drive. Significant damage occurred to several homes, including the complete destruction of one beachfront home. The damage at this location was determined to|support an EF-3 rating with max winds estimated at 140 mph. Significant damage to homes and businesses continued as the tornado moved northeast across and along Thomas Drive where two apartment building were heavily damaged. EF-3 damage was again noted at a large boat storage facility which suffered significant structural failure. The tornado continued northeastward across Grand Lagoon and through the Bay Point Golf Club, causing additional damage to homes, before crossing Saint Andrew Bay. The damage in Panama City, after crossing the bay was more sporadic and less intense, supportive of EF-1 intensity. The tornado appears to have dissipated shortly after crossing West 23rd Street. Thanks to Bay County Emergency Management for assistance with the damage survey.","A high impact severe weather event impacted the tri-state region on January 9th with supercells producing tornadoes, large hail, and damaging wind gusts, followed by a major squall line with widespread wind damage and additional tornadoes. Preceding this activity, very strong non-thunderstorm wind gusts of 40-60 mph occurred, with even a gust to 70 mph at the Albany airport. There were 14 tornadoes confirmed across the tri-state region, including 3 EF0s, 5 EF1s, 5 EF2s, and 1 EF3. This activity was driven by a deepening area of low pressure west of the region with a record strong low level jet crossing the region. The winds at 850 mb were in in the 65-80 knot range, and sufficient instability existed to support mixing some of these very strong environmental winds to the surface.  ||Two significant tornadoes touched down in Bay county, including 1 EF3 and 1 EF2. These two tornadoes in Bay county resulted in damage to 326 buildings for a total market value loss of $20,350,311.  There were 234 single family homes damaged, 46 mobile homes damaged, 22 condos damaged, 2 multi-family homes damaged, and 22 commercial buildings damaged.  Of these 326 buildings, 113 sustained 5% damage, 86 sustained 15% damage, 2 sustained 20% damage, 29 sustained 30% damage, 17 sustained 35% damage, 28 sustained 45% damage, and 51 sustained 100% damage.",411
1150255,BAY CO.,BILTMORE BEACH,01/09/2024,531,Tornado, ,EF0,0,0,1000,0,FL,CST-6, ,186965,C,5,TAE,0,0,NWS Storm Survey, ,0.23,50,1,SSE,0,SE,BILTMORE BEACH,01/09/2024,532,30.1322,-85.7452,30.1353,-85.744,"A satellite vortex tornado of parent EF3 tornado just to the west made landfall at the western edge of St. Andrews State Park. Only very minor damage to a few tree limbs and an antenna were reported by park management. The tornado was confirmed via videos|on social media. Damage was consistent with an EF0 tornado with max winds estimated at 70 mph.","A high impact severe weather event impacted the tri-state region on January 9th with supercells producing tornadoes, large hail, and damaging wind gusts, followed by a major squall line with widespread wind damage and additional tornadoes. Preceding this activity, very strong non-thunderstorm wind gusts of 40-60 mph occurred, with even a gust to 70 mph at the Albany airport. There were 14 tornadoes confirmed across the tri-state region, including 3 EF0s, 5 EF1s, 5 EF2s, and 1 EF3. This activity was driven by a deepening area of low pressure west of the region with a record strong low level jet crossing the region. The winds at 850 mb were in in the 65-80 knot range, and sufficient instability existed to support mixing some of these very strong environmental winds to the surface.  ||Two significant tornadoes touched down in Bay county, including 1 EF3 and 1 EF2. These two tornadoes in Bay county resulted in damage to 326 buildings for a total market value loss of $20,350,311.  There were 234 single family homes damaged, 46 mobile homes damaged, 22 condos damaged, 2 multi-family homes damaged, and 22 commercial buildings damaged.  Of these 326 buildings, 113 sustained 5% damage, 86 sustained 15% damage, 2 sustained 20% damage, 29 sustained 30% damage, 17 sustained 35% damage, 28 sustained 45% damage, and 51 sustained 100% damage.",412
1150257,BAY CO.,LYNN HAVEN,01/09/2024,543,Tornado, ,EF2,0,2,5000000,0,FL,CST-6, ,186965,C,5,TAE,0,0,NWS Storm Survey, ,12.89,600,1,N,1,E,BENNETT,01/09/2024,555,30.2403,-85.6419,30.3861,-85.5071,"The same supercell that spawned the Grand Lagoon tornado dropped another in Lynn Haven where some trees were snapped and one home had some minor roof damage. The tornado then traveled northeast across the eastern portion of North Bay before causing damage in the Resota Beach area on the west shore of Deer Point Lake, destroying one double-wide manufactured home and significantly damaging another. The most significant damage in this area was to a single family home on Joanna Lane where large sections of the roof were removed and the garage was destroyed. This was consistent with EF-2 damage. After crossing Deer Point Lake, the tornado tracked through the Bay Head neighborhood where it caused the most extensive damage. One manufactured home on Magnolia Avenue was ripped from its moorings and tossed against the tree line at the back of the property. Fortunately, the two people inside suffered only minor injuries. A single family home at the intersection of Magnolia and Seminole St. had a large portion of its roof removed. Similar damage occurred to a home on Palm Avenue where substantial tree damage  also occurred. Four homes in the vicinity of Cherokee St. and Deerwood Avenue sustained similar damage. A brick home on Sunshine Drive not only had about half of its roof removed, but also saw collapse of walls on one corner of the house. All of these homes mentioned thus far in Bay Head suffered EF-2 damage, but this last one was the most severely damaged with winds estimated at 130 mph. As the tornado continued northeast, additional roof damage to homes occurred on Indian Bluff Drive, Indian Bluff Road, Piza Circle, and Miller Circle. On CR 2301 near Vickery Lane, one mobile home was shifted off its support blocks with a third of the structure destroyed. Damage northeast of this point became more sporadic and mainly to trees. The tornado appeared to lift as it crossed Mocassin Creek.","A high impact severe weather event impacted the tri-state region on January 9th with supercells producing tornadoes, large hail, and damaging wind gusts, followed by a major squall line with widespread wind damage and additional tornadoes. Preceding this activity, very strong non-thunderstorm wind gusts of 40-60 mph occurred, with even a gust to 70 mph at the Albany airport. There were 14 tornadoes confirmed across the tri-state region, including 3 EF0s, 5 EF1s, 5 EF2s, and 1 EF3. This activity was driven by a deepening area of low pressure west of the region with a record strong low level jet crossing the region. The winds at 850 mb were in in the 65-80 knot range, and sufficient instability existed to support mixing some of these very strong environmental winds to the surface.  ||Two significant tornadoes touched down in Bay county, including 1 EF3 and 1 EF2. These two tornadoes in Bay county resulted in damage to 326 buildings for a total market value loss of $20,350,311.  There were 234 single family homes damaged, 46 mobile homes damaged, 22 condos damaged, 2 multi-family homes damaged, and 22 commercial buildings damaged.  Of these 326 buildings, 113 sustained 5% damage, 86 sustained 15% damage, 2 sustained 20% damage, 29 sustained 30% damage, 17 sustained 35% damage, 28 sustained 45% damage, and 51 sustained 100% damage.",413
1150323,BAY CO.,BETTS,01/09/2024,603,Tornado, ,EF0,0,0,0,0,FL,CST-6, ,186965,C,5,TAE,0,0,NWS Storm Survey, ,1.16,450,1,SSW,0,ESE,BETTS,01/09/2024,611,30.5135,-85.3949,30.528,-85.385,"This tornado touched down in far northeast Bay county, travelled through far northwest Calhoun county, and ended in Jackson county. The Bay county portion of the tornado is rated EF0. The Calhoun and Jackson county portions of the tornado are rated EF1 with max winds estimated at 90 mph. The tornado began in northeastern Bay county where it touched down in a wooded area between US 231 and NW County road 274 snapping several trees. Multiple trees along NW County road 167 were snapped or uprooted. The track continued to the northeast into Jackson county where it crossed through forested land before crossing Freeman Road. The tornado continued through another wooded area before moving parallel with Grand Mesa Avenue where several trees were uprooted or snapped. The tornado then continued through another wooded area before crossing Varsey Lane where it damaged some small outbuilding sheds as well as snapped a few trees. The tornado continued to track parallel to Varsey Lane to the northeast before snapping tree tops along its path before lifting just beyond Celestial Lane in another wooded area. The tornado reached its maximum width of approximately 450 yards as well as its maximum intensity as it crossed NW county road 167 with the most widespread tree damage observed at this point.","A high impact severe weather event impacted the tri-state region on January 9th with supercells producing tornadoes, large hail, and damaging wind gusts, followed by a major squall line with widespread wind damage and additional tornadoes. Preceding this activity, very strong non-thunderstorm wind gusts of 40-60 mph occurred, with even a gust to 70 mph at the Albany airport. There were 14 tornadoes confirmed across the tri-state region, including 3 EF0s, 5 EF1s, 5 EF2s, and 1 EF3. This activity was driven by a deepening area of low pressure west of the region with a record strong low level jet crossing the region. The winds at 850 mb were in in the 65-80 knot range, and sufficient instability existed to support mixing some of these very strong environmental winds to the surface.  ||Two significant tornadoes touched down in Bay county, including 1 EF3 and 1 EF2. These two tornadoes in Bay county resulted in damage to 326 buildings for a total market value loss of $20,350,311.  There were 234 single family homes damaged, 46 mobile homes damaged, 22 condos damaged, 2 multi-family homes damaged, and 22 commercial buildings damaged.  Of these 326 buildings, 113 sustained 5% damage, 86 sustained 15% damage, 2 sustained 20% damage, 29 sustained 30% damage, 17 sustained 35% damage, 28 sustained 45% damage, and 51 sustained 100% damage.",414
1150324,CALHOUN CO.,CENTER LAKE,01/09/2024,611,Tornado, ,EF1,0,0,0,0,FL,CST-6, ,186965,C,13,TAE,0,0,NWS Storm Survey, ,3.08,450,4,WSW,2,WNW,CENTER LAKE,01/09/2024,614,30.528,-85.385,30.567,-85.36,"This tornado touched down in far northeast Bay county, travelled through far northwest Calhoun county, and ended in Jackson county. The Bay county portion of the tornado is rated EF0. The Calhoun and Jackson county portions of the tornado are rated EF1 with max winds estimated at 90 mph. The tornado began in northeastern Bay county where it touched down in a wooded area between US 231 and NW County road 274 snapping several trees. Multiple trees along NW County road 167 were snapped or uprooted. The track continued to the northeast into Jackson county where it crossed through forested land before crossing Freeman Road. The tornado continued through another wooded area before moving parallel with Grand Mesa Avenue where several trees were uprooted or snapped. The tornado then continued through another wooded area before crossing Varsey Lane where it damaged some small outbuilding sheds as well as snapped a few trees. The tornado continued to track parallel to Varsey Lane to the northeast before snapping tree tops along its path before lifting just beyond Celestial Lane in another wooded area. The tornado reached its maximum width of approximately 450 yards as well as its maximum intensity as it crossed NW county road 167 with the most widespread tree damage observed at this point.","A high impact severe weather event impacted the tri-state region on January 9th with supercells producing tornadoes, large hail, and damaging wind gusts, followed by a major squall line with widespread wind damage and additional tornadoes. Preceding this activity, very strong non-thunderstorm wind gusts of 40-60 mph occurred, with even a gust to 70 mph at the Albany airport. There were 14 tornadoes confirmed across the tri-state region, including 3 EF0s, 5 EF1s, 5 EF2s, and 1 EF3. This activity was driven by a deepening area of low pressure west of the region with a record strong low level jet crossing the region. The winds at 850 mb were in in the 65-80 knot range, and sufficient instability existed to support mixing some of these very strong environmental winds to the surface.  ||Two significant tornadoes touched down in Bay county, including 1 EF3 and 1 EF2. These two tornadoes in Bay county resulted in damage to 326 buildings for a total market value loss of $20,350,311.  There were 234 single family homes damaged, 46 mobile homes damaged, 22 condos damaged, 2 multi-family homes damaged, and 22 commercial buildings damaged.  Of these 326 buildings, 113 sustained 5% damage, 86 sustained 15% damage, 2 sustained 20% damage, 29 sustained 30% damage, 17 sustained 35% damage, 28 sustained 45% damage, and 51 sustained 100% damage.",415
1150325,JACKSON CO.,COMPASS LAKE,01/09/2024,614,Tornado, ,EF1,0,0,5000,0,FL,CST-6, ,186965,C,63,TAE,0,0,NWS Storm Survey, ,5.55,450,2,SE,4,ESE,ROUND LAKE,01/09/2024,619,30.567,-85.36,30.6365,-85.3131,"This tornado touched down in far northeast Bay county, travelled through far northwest Calhoun county, and ended in Jackson county. The Bay county portion of the tornado is rated EF0. The Calhoun and Jackson county portions of the tornado are rated EF1 with max winds estimated at 90 mph. The tornado began in northeastern Bay county where it touched down in a wooded area between US 231 and NW County road 274 snapping several trees. Multiple trees along NW County road 167 were snapped or uprooted. The track continued to the northeast into Jackson county where it crossed through forested land before crossing Freeman Road. The tornado continued through another wooded area before moving parallel with Grand Mesa Avenue where several trees were uprooted or snapped. The tornado then continued through another wooded area before crossing Varsey Lane where it damaged some small outbuilding sheds as well as snapped a few trees. The tornado continued to track parallel to Varsey Lane to the northeast before snapping tree tops along its path before lifting just beyond Celestial Lane in another wooded area. The tornado reached its maximum width of approximately 450 yards as well as its maximum intensity as it crossed NW county road 167 with the most widespread tree damage observed at this point.","A high impact severe weather event impacted the tri-state region on January 9th with supercells producing tornadoes, large hail, and damaging wind gusts, followed by a major squall line with widespread wind damage and additional tornadoes. Preceding this activity, very strong non-thunderstorm wind gusts of 40-60 mph occurred, with even a gust to 70 mph at the Albany airport. There were 14 tornadoes confirmed across the tri-state region, including 3 EF0s, 5 EF1s, 5 EF2s, and 1 EF3. This activity was driven by a deepening area of low pressure west of the region with a record strong low level jet crossing the region. The winds at 850 mb were in in the 65-80 knot range, and sufficient instability existed to support mixing some of these very strong environmental winds to the surface.  ||Two significant tornadoes touched down in Bay county, including 1 EF3 and 1 EF2. These two tornadoes in Bay county resulted in damage to 326 buildings for a total market value loss of $20,350,311.  There were 234 single family homes damaged, 46 mobile homes damaged, 22 condos damaged, 2 multi-family homes damaged, and 22 commercial buildings damaged.  Of these 326 buildings, 113 sustained 5% damage, 86 sustained 15% damage, 2 sustained 20% damage, 29 sustained 30% damage, 17 sustained 35% damage, 28 sustained 45% damage, and 51 sustained 100% damage.",416
1150330,JACKSON CO.,SIMSVILLE,01/09/2024,625,Tornado, ,EF2,0,7,5000000,0,FL,CST-6, ,186965,C,63,TAE,0,0,NWS Storm Survey, ,16.33,600,4,WNW,1,ESE,BASCOM,01/09/2024,643,30.71,-85.2276,30.9152,-85.0912,"The tornado began in an open field that paralleled highway 73 in central Jackson county. The tornado continued to the northeast before crossing Pandora road where it uprooted a couple large pine trees, one of which fell on an older single wide trailer, which was completely destroyed. Another slightly newer single wide trailer had half of its roof peeled back and blown into the woods behind it to the northeast. The tornado continued to the northeast where it crossed Magnolia road. Several trees were uprooted and snapped along the road. A brand new manufactured home had half of its roof blown off. A trailer park along Mark lane had several large trees snapped or uprooted, and a few roofs were peeled back on some of the single wide homes in the subdivision. The tornado then went on to cross I-10 where an 18 wheeler was knocked over. After crossing I-10, the tornado paralleled Spring Creek road where it snapped and uprooted several large hardwood trees as well as peeled back part of the roof of a shed. The tornado continued to the northeast where it crossed U.S. Highway 90 where a majority of the damage and seven injuries occurred in an RV Park and neighborhood. Several mobile homes where significantly damaged or flipped upside down while being displaced several hundred feet. Several large pine trees where snapped at the base as well. In the subdivision just to the northeast of the RV Park on Rooks Drive, two residential family homes had their roofs completely blown off. A church just across the street from the homes off Merritts Mill road had a cinder block outbuilding collapse. The church building sustained some damage to the gable. The tornado continued to the northeast where several homes off of Janette Drive had partial roof damage as well as sporadic tree damage. The tornado continued to the northeast again through a wooded area before moving through Blue Spring subdivision where extensive damage was observed to the roofs and siding of a majority of the homes. Two homes off of Spring Chase Lane had their roofs blown off along with several large mature hardwoods being snapped at their base. The tornado reached its maximum intensity and width through this stretch just beyond U.S. Highway 90. The maximum width is estimated to be around 600 yards. From the Blue Springs Road subdivision, the tornado continued to the northeast parallel to Blue Springs Road where it snapped and uprooted several trees. The tornado continued along Blue Springs road where it damaged the roofs of several single wide manufactured homes.  The tornado continued to the northeast where it collapsed the roof of another church outbuilding along Polar Springs road while also uprooting and snapping several trees on the church property. The tornado crossed Fort road to the northeast of the church where several trees were snapped and uprooted before continuing through a wooded area. The tornado crossed Wintergreen road where a few trees were uprooted along the road, before it dissipated over the field to the northeast of the road.  The tornado was rated EF2 with max winds estimated at 125 mph.","A high impact severe weather event impacted the tri-state region on January 9th with supercells producing tornadoes, large hail, and damaging wind gusts, followed by a major squall line with widespread wind damage and additional tornadoes. Preceding this activity, very strong non-thunderstorm wind gusts of 40-60 mph occurred, with even a gust to 70 mph at the Albany airport. There were 14 tornadoes confirmed across the tri-state region, including 3 EF0s, 5 EF1s, 5 EF2s, and 1 EF3. This activity was driven by a deepening area of low pressure west of the region with a record strong low level jet crossing the region. The winds at 850 mb were in in the 65-80 knot range, and sufficient instability existed to support mixing some of these very strong environmental winds to the surface.  ||Two significant tornadoes touched down in Bay county, including 1 EF3 and 1 EF2. These two tornadoes in Bay county resulted in damage to 326 buildings for a total market value loss of $20,350,311.  There were 234 single family homes damaged, 46 mobile homes damaged, 22 condos damaged, 2 multi-family homes damaged, and 22 commercial buildings damaged.  Of these 326 buildings, 113 sustained 5% damage, 86 sustained 15% damage, 2 sustained 20% damage, 29 sustained 30% damage, 17 sustained 35% damage, 28 sustained 45% damage, and 51 sustained 100% damage.",417
1150320,WALTON CO.,DE FUNIAK SPRINGS ARPT,01/09/2024,706,Tornado, ,EF1,0,0,50000,0,FL,CST-6, ,186965,C,131,TAE,0,0,NWS Storm Survey, ,0.35,200,0,WNW,1,NNW,DE FUNIAK SPRINGS ARPT,01/09/2024,707,30.7333,-86.1565,30.7375,-86.1533,"A brief tornado touched down at the Defuniak Springs airport, damaging two hangars before crossing U.S. 90. The tornado then damaged the roof of a business, as well as numerous trees in the surrounding area. The damage at the airport and the business was consistent with an EF-1 tornado. Thanks to Walton County Emergency Management for assistance with this damage survey.","A high impact severe weather event impacted the tri-state region on January 9th with supercells producing tornadoes, large hail, and damaging wind gusts, followed by a major squall line with widespread wind damage and additional tornadoes. Preceding this activity, very strong non-thunderstorm wind gusts of 40-60 mph occurred, with even a gust to 70 mph at the Albany airport. There were 14 tornadoes confirmed across the tri-state region, including 3 EF0s, 5 EF1s, 5 EF2s, and 1 EF3. This activity was driven by a deepening area of low pressure west of the region with a record strong low level jet crossing the region. The winds at 850 mb were in in the 65-80 knot range, and sufficient instability existed to support mixing some of these very strong environmental winds to the surface.  ||Two significant tornadoes touched down in Bay county, including 1 EF3 and 1 EF2. These two tornadoes in Bay county resulted in damage to 326 buildings for a total market value loss of $20,350,311.  There were 234 single family homes damaged, 46 mobile homes damaged, 22 condos damaged, 2 multi-family homes damaged, and 22 commercial buildings damaged.  Of these 326 buildings, 113 sustained 5% damage, 86 sustained 15% damage, 2 sustained 20% damage, 29 sustained 30% damage, 17 sustained 35% damage, 28 sustained 45% damage, and 51 sustained 100% damage.",418
1150319,JACKSON CO.,RICHTER CROSSROADS,01/09/2024,750,Tornado, ,EF1,0,0,250000,0,FL,CST-6, ,186965,C,63,TAE,0,0,NWS Storm Survey, ,13.82,1000,5,WNW,3,NW,ELLAVILLE,01/09/2024,803,30.8676,-85.5799,30.998,-85.403,"This tornado started in Jackson county and continued into Houston county. The Jackson county portion of the tornado is rated as an EF1.  The Houston county portion of the tornado is rated EF2 with max winds estimated at 130 mph. This tornado touched down in a swampy area, just east of Holmes Creek in northwest Jackson County. The tornado initially uprooted and snapped several softwood and hardwood trees, along Hickshill Road and in addition, it damaged an outbuilding there. The tornado continued northeast, damaging more hardwood and softwood trees along Piano Road. The first structure to be impacted by this tornado was a double-wide manufactured home on the northern side of Piano Road. Additional softwood and hardwood trees were snapped and uprooted along Danford Bay Road. Tree damage continued along Orchid Road, Damascus Church Road and Layton Road as the tornado continued to progress northeastward. An outbuilding was damaged along Orchid Road, and a single-family home suffered significant roof damage along Layton Road. The tornado then destroyed two ninety foot, seventy-year-old concrete silos. Damage was found along the entire length of Everett Road which was composed of the snapping and uprooting of trees, along with damage to an outbuilding and a mobile home succumbing to window damage. More trees were damaged along Heislar Road and Peanut Road as the tornado continued its northeastward trek. A single-family home on Peanut Road suffered significant roof damage. When the tornado reached Shiloh Church Loop, a single-family home suffered significant roof damage. The tornado continued to move northeast across Highway 2 where more softwood and hardwood trees were uprooted and snapped. Most of the damage to this point is classified as EF-1. Before the tornado crossed into Alabama, it damaged the roof of a small business on US-231. After crossing into Houston County Alabama, the tornado produced a continuous swath of damage on either side of State Line Road all the way towards the city of Cottonwood. This is also consistent of EF-1 damage. The first instance of EF-2 damage was when the tornado approached Cottonwood proper, along Ramer Loop rolling a single-wide mobile home, destroying it, despite it being well strapped. As the tornado moved through downtown Cottonwood, numerous small businesses sustained damage, ranging from blown out windows, roof damage and in one case the failure of the front-facing brick facade. Additional EF-2 damage occurred when the tornado removed the entire roof of a large two-story home. The tornado continued its northeastward jog, leaving Cottonwood proper, and commenced to destroy a two-story Moose Lodge that was composed of cinder-blocks resulting in another instance of EF-2 damage. The most significant tree damage noted on this survey occurred when the tornado paralleled Dyers Road, thus snapping numerous hardwood and softwood trees. The most significant damage along this northeastward path occurred on September Road where a double-wide home was completely destroyed, and resulted in one fatality. As the tornado continued to move northeast to across Whitaker Road and Creek Church Road, EF-1 tree damage was noted. The tornado caused mainly EF-0 damage to softwood and hardwood trees along Green Frog Road and Ed Tolar Road. One last structural damage occurred to a single-family home where it caused significant roof damage before lifting near the Chattahoochee River. In summary, while most damage was EF-1, there were instances of EF-2 damage with the max wind of 130 mph. In addition to the one fatality, there were also ten direct injuries from the tornado and an additional six indirect injuries during the response phase of the disaster, all in the Cottonwood area. Thanks to Houston County and Jackson County Emergency Management for assistance with this damage survey.","A high impact severe weather event impacted the tri-state region on January 9th with supercells producing tornadoes, large hail, and damaging wind gusts, followed by a major squall line with widespread wind damage and additional tornadoes. Preceding this activity, very strong non-thunderstorm wind gusts of 40-60 mph occurred, with even a gust to 70 mph at the Albany airport. There were 14 tornadoes confirmed across the tri-state region, including 3 EF0s, 5 EF1s, 5 EF2s, and 1 EF3. This activity was driven by a deepening area of low pressure west of the region with a record strong low level jet crossing the region. The winds at 850 mb were in in the 65-80 knot range, and sufficient instability existed to support mixing some of these very strong environmental winds to the surface.  ||Two significant tornadoes touched down in Bay county, including 1 EF3 and 1 EF2. These two tornadoes in Bay county resulted in damage to 326 buildings for a total market value loss of $20,350,311.  There were 234 single family homes damaged, 46 mobile homes damaged, 22 condos damaged, 2 multi-family homes damaged, and 22 commercial buildings damaged.  Of these 326 buildings, 113 sustained 5% damage, 86 sustained 15% damage, 2 sustained 20% damage, 29 sustained 30% damage, 17 sustained 35% damage, 28 sustained 45% damage, and 51 sustained 100% damage.",419
1150321,WASHINGTON CO.,GILBERTS MILL,01/09/2024,759,Tornado, ,EF0,0,0,0,0,FL,CST-6, ,186965,C,133,TAE,0,0,NWS Storm Survey, ,0.89,50,3,ENE,4,ENE,GILBERTS MILL,01/09/2024,800,30.65,-85.45,30.6537,-85.4357,"A brief EF0 tornado touched down in far eastern Washington county.  The only damage was to trees, and this was coincident with a brief TDS from EVX radar.","A high impact severe weather event impacted the tri-state region on January 9th with supercells producing tornadoes, large hail, and damaging wind gusts, followed by a major squall line with widespread wind damage and additional tornadoes. Preceding this activity, very strong non-thunderstorm wind gusts of 40-60 mph occurred, with even a gust to 70 mph at the Albany airport. There were 14 tornadoes confirmed across the tri-state region, including 3 EF0s, 5 EF1s, 5 EF2s, and 1 EF3. This activity was driven by a deepening area of low pressure west of the region with a record strong low level jet crossing the region. The winds at 850 mb were in in the 65-80 knot range, and sufficient instability existed to support mixing some of these very strong environmental winds to the surface.  ||Two significant tornadoes touched down in Bay county, including 1 EF3 and 1 EF2. These two tornadoes in Bay county resulted in damage to 326 buildings for a total market value loss of $20,350,311.  There were 234 single family homes damaged, 46 mobile homes damaged, 22 condos damaged, 2 multi-family homes damaged, and 22 commercial buildings damaged.  Of these 326 buildings, 113 sustained 5% damage, 86 sustained 15% damage, 2 sustained 20% damage, 29 sustained 30% damage, 17 sustained 35% damage, 28 sustained 45% damage, and 51 sustained 100% damage.",420
1150322,BAY CO.,PARKER,01/09/2024,803,Tornado, ,EF2,0,0,75000,0,FL,CST-6, ,186965,C,5,TAE,0,0,NWS Storm Survey, ,0.88,150,1,NE,2,NE,PARKER,01/09/2024,805,30.1417,-85.5907,30.1449,-85.5765,"A tornado touched down in Callaway near the intersection of South Tyndall Parkway and North Lakewood Drive. The roofs of two homes were heavily damaged in this location, consistent with an EF-2 tornado with max winds estimated at 115 mph. Damage was sporadic along the track as the tornado continued northeast until the roof of another home was removed along Chipewa Street. A manufactured home was also damaged along Chipewa Street. The tornado appears to have dissipated near Cherry Street, where debris from the damaged roof was scattered. Thanks to area media and Emergency Management for assistance with this survey.","A high impact severe weather event impacted the tri-state region on January 9th with supercells producing tornadoes, large hail, and damaging wind gusts, followed by a major squall line with widespread wind damage and additional tornadoes. Preceding this activity, very strong non-thunderstorm wind gusts of 40-60 mph occurred, with even a gust to 70 mph at the Albany airport. There were 14 tornadoes confirmed across the tri-state region, including 3 EF0s, 5 EF1s, 5 EF2s, and 1 EF3. This activity was driven by a deepening area of low pressure west of the region with a record strong low level jet crossing the region. The winds at 850 mb were in in the 65-80 knot range, and sufficient instability existed to support mixing some of these very strong environmental winds to the surface.  ||Two significant tornadoes touched down in Bay county, including 1 EF3 and 1 EF2. These two tornadoes in Bay county resulted in damage to 326 buildings for a total market value loss of $20,350,311.  There were 234 single family homes damaged, 46 mobile homes damaged, 22 condos damaged, 2 multi-family homes damaged, and 22 commercial buildings damaged.  Of these 326 buildings, 113 sustained 5% damage, 86 sustained 15% damage, 2 sustained 20% damage, 29 sustained 30% damage, 17 sustained 35% damage, 28 sustained 45% damage, and 51 sustained 100% damage.",421
1150346,LEON CO.,BLOXHAM,01/09/2024,1032,Tornado, ,EF0,0,0,0,0,FL,EST-5, ,186965,C,73,TAE,0,0,NWS Storm Survey, ,0.96,50,2,ENE,3,ENE,BLOXHAM,01/09/2024,1034,30.3879,-84.5895,30.397,-84.5773,"A brief tornado touched touch along Bloxham Cutoff, damaging several trees. The tornado moved into a wooded area south of Blountstown highway where it dissipated. No other damage was found. The tree damage was consistent with an EF0 tornado.","A high impact severe weather event impacted the tri-state region on January 9th with supercells producing tornadoes, large hail, and damaging wind gusts, followed by a major squall line with widespread wind damage and additional tornadoes. Preceding this activity, very strong non-thunderstorm wind gusts of 40-60 mph occurred, with even a gust to 70 mph at the Albany airport. There were 14 tornadoes confirmed across the tri-state region, including 3 EF0s, 5 EF1s, 5 EF2s, and 1 EF3. This activity was driven by a deepening area of low pressure west of the region with a record strong low level jet crossing the region. The winds at 850 mb were in in the 65-80 knot range, and sufficient instability existed to support mixing some of these very strong environmental winds to the surface.  ||Two significant tornadoes touched down in Bay county, including 1 EF3 and 1 EF2. These two tornadoes in Bay county resulted in damage to 326 buildings for a total market value loss of $20,350,311.  There were 234 single family homes damaged, 46 mobile homes damaged, 22 condos damaged, 2 multi-family homes damaged, and 22 commercial buildings damaged.  Of these 326 buildings, 113 sustained 5% damage, 86 sustained 15% damage, 2 sustained 20% damage, 29 sustained 30% damage, 17 sustained 35% damage, 28 sustained 45% damage, and 51 sustained 100% damage.",422
1149963,HILLSBOROUGH CO.,COSME,01/09/2024,1600,Tornado, ,EF1,0,0,250000,0,FL,EST-5, ,187366,C,57,TBW,0,0,NWS Storm Survey, ,0.58,75,4,WSW,4,WSW,COSME,01/09/2024,1602,28.1061,-82.6458,28.109,-82.6369,"A EF-1 tornado with maximum estimated winds of 90 mph tracked across The Eagles Golf Club northwest of Westchase, from just west of Birkdale Drive, across Nine Eagles Drive, Byrnwyck Lane and Benty Way, before lifting just west of Eagle Oak Drive. The most notable structural damage observed was the detachment/collapse of several pool cages backing up to the golf course. Additional roof and tree damage was noted, however, this appeared to be associated with inflow and/or an eventual microburst with a uniform direction to the damage. Along the path, there were a couple pockets of EF-1 damage. However, most of the surveyed damage was EF-0.","A prefrontal squall line ahead of a cold front over the eastern Gulf of Mexico extending south from an area of low pressure moving across the southeast U.S. and Mid-Atlantic produced tornadoes in Hillsborough and Pinellas counties, along with damaging straight-line winds in Sarasota County.",423
1151732,DUVAL CO.,BAYARD,01/09/2024,1608,Tornado, ,EF0,0,0,0,0,FL,EST-5, ,187472,C,31,JAX,0,0,NWS Storm Survey, ,0.23,30,2,SSW,2,SSW,BAYARD,01/09/2024,1610,30.125,-81.5317,30.1264,-81.5282,"A brief EF0 tornado with maximum winds near 80 mph produced widespread tree damage just east of Interstate 95 in the Bartram Park area of the Jacksonville Southside. The tornado touched down just west of Bartram Park around |4:08 pm, north of Arching Branch Circle, and tracked quickly |to the ENE across Woody Vine Drive and Roundleaf Drive before|dissipating across a wooded area just west of I-95 around |4:10 pm. There was some minor structure damage to gutters |and window screens, but the majority of damage included |snapped trees and large limbs blown down. There were |some trees were blown down and uprooted, indicative of a |descending rear flank downdraft.","A strong pre-frontal squall line of strong to severe storms moved quickly eastward across SE GA and NE FL during the afternoon and exited off the SE GA coast into the Atlantic waters by the late afternoon and offshore of the NE FL coast by the evening. Strong dynamics with this system included a very strong low-level jet of 45-55 knots and 0-6 km shear of 50-70 knots, which along with good lapse rates aloft around 6.5 C/km and high dewpoints into the upper 60s created 500-800 J/KG of CAPE. These ingredients promoted threat of damaging wind gusts of 50-70 mph or greater, hail, and isolated tornadoes within more intense storms embedded within the Squall line.",424
1149965,PINELLAS CO.,SAINT PETERSBURG PORTS SITE,01/09/2024,1623,Tornado, ,EF0,0,0,10000,0,FL,EST-5, ,187366,C,103,TBW,0,0,NWS Storm Survey, ,0.01,10,1,SW,1,SW,SAINT PETERSBURG PORTS SITE,01/09/2024,1624,27.7528,-82.6401,27.7528,-82.64,"A very brief EF-0 tornado with maximum estimated winds of around 80 mph produced minor roof damage to a structure in Saint Petersburg just north of 18th Avenue between 5th and 6th Street. Just west of the building were parked cars, trees, and a telephone pole with no damage. However, roof covering material was found deposited in this area. No other visible damage could be found in the vicinity.","A prefrontal squall line ahead of a cold front over the eastern Gulf of Mexico extending south from an area of low pressure moving across the southeast U.S. and Mid-Atlantic produced tornadoes in Hillsborough and Pinellas counties, along with damaging straight-line winds in Sarasota County.",425
1152396,MARTIN CO.,PALM CITY,01/15/2024,1643,Tornado, ,EF0,0,0,0,0,FL,EST-5, ,187683,C,85,MLB,0,0,NWS Storm Survey, ,8.22,50,6,WSW,1,W,RIO ST LUCIE,01/15/2024,1708,27.1272,-80.353,27.2232,-80.2739,"The tornado touched down to the south and west of I-95 before crossing the interstate around 4:43 PM EST. The system moved to the north-northeast into Palm City, where numerous trees were felled on properties between I-95 and SW Martin Hwy. The |circulation continued to the northeast in Stuart where numerous residents submitted videos of the tornado impacting portions of the Canopy Creek residential subdivision, though little in the way of damage was noted. Additional intermittent reports of downed |trees were reported along the path as it moved across Florida's Turnpike and into Stuart. ||The circulation eventually went on to produce a waterspout over the St. Lucie River that then pushed onshore and into the North River Shores subdivision before lifting and dissipating. The tornado produced minor damage here, including a few fallen trees |near the intersection of NW Pine Lake Dr and NW Fork Rd.","An EF-0 tornado tracked eight miles through Martin County, causing minor damage.",426
1160269,JEFFERSON CO.,DRIFTON,02/04/2024,1331,Tornado, ,EF0,0,0,0,0,FL,EST-5, ,187475,C,65,TAE,0,0,NWS Storm Survey, ,0.18,50,2,WSW,2,WSW,DRIFTON,02/04/2024,1332,30.4776,-83.9058,30.4799,-83.9072,"A brief tornado touched down along I-10 just west of U.S. Highway 319 damaging trees along either side of the interstate. The tornado appears to have been short-lived with a survey team finding no additional damage on surrounding roads.  A tornadic debris signature was briefly evident on KTLH radar.  The tornado was rated EF0 with peak winds estimated at 80 mph.","A mesoscale area of low pressure rapidly deepened across the northern Gulf and moved northward into the tri-state area.  Pressures dropped to 991 mb as it moved from near Saint George Island into the Big Bend.  As a result of this rapid deepening, very strong non-thunderstorm wind gusts impacted the Franklin and Wakulla county coasts. A 64 mph gust was measured on Dog Island with numerous other wind gusts of 50-60 mph measured at mesonet sites along the Franklin and Wakulla county coasts.  There were power outages as a result of these strong winds.  In addition, a brief tornado occurred in Jefferson county.",427
1150993,DUVAL CO.,(NZC)NAS CECIL FLD,02/04/2024,1611,Tornado, ,EF1,0,0,0,0,FL,EST-5, ,187456,C,31,JAX,0,0,Emergency Manager, ,1.05,200,2,SW,2,WSW,(NZC)NAS CECIL FLD,02/04/2024,1615,30.1988,-81.9119,30.2138,-81.9148,"A tornado touched down along Sal Taylor Creek to the southwest of|Cecil Field and moved northward across Peacock Ridge Drive,|snapping and uprooting trees that fell and damaged approximately|12 homes, with farm houses and fences also damaged along the path|of about one mile in length, with a maximum path width estimated|around 200 yards. The maximum estimated intensity was 100 miles|per hour, based on the partial loss of a roof on a manufactured|home, in addition to several large trees and large branches being|snapped. The tornado continued northward across Cochise Drive and|then lifted at approximately 4:15 PM just east of Nathan Hale|Road in the Sal Taylor Creek Preserve. Several videos and photos|of this tornado were posted on social media.","A storm system traversing the southeastern states lifted a warm front northward across northeast Florida during the late afternoon hours. Supercell thunderstorms developed in the vicinity of this lifting warm front, and two distinct tornadoes occurred over southwestern and western portions of Duval County. Supercell thunderstorms during the late afternoon hours also produced several reports of hail, varying in size from pea to half-dollar in diameter, across north central and northeast Florida, with funnel clouds also noted via photos and videos posted on social media.",428
1150987,CLAY CO.,KINGSLEY,02/04/2024,1613,Tornado, ,EF1,0,0,0,0,FL,EST-5, ,187456,C,19,JAX,0,0,NWS Storm Survey, ,0.98,100,2,NNW,2,NNW,KINGSLEY,02/04/2024,1618,29.9881,-82.0338,30.0019,-82.0298,"A tornado touched down in the northwestern portions of Clay|County, or within the Camp Blanding Wildlife Management Area|just to the northwest of Kingsley Lake, on Sunday afternoon. This|tornado was documented by pictures and video as it crossed County|Road 225 that were posted on social media. A National Weather|Service survey team determined that the peak wind was around 90|mph, resulting in snapped and uprooted pine trees along its|approximate one mile path. This tornado`s path length may have|been longer based on available video evidence, but the survey team|was unable to locate any damage beyond the indicated path length|in the heavily wooded Camp Blanding Wildlife Management Area.|Estimated path width was around 100 yards.","A storm system traversing the southeastern states lifted a warm front northward across northeast Florida during the late afternoon hours. Supercell thunderstorms developed in the vicinity of this lifting warm front, and two distinct tornadoes occurred over southwestern and western portions of Duval County. Supercell thunderstorms during the late afternoon hours also produced several reports of hail, varying in size from pea to half-dollar in diameter, across north central and northeast Florida, with funnel clouds also noted via photos and videos posted on social media.",429
1150989,DUVAL CO.,(NZC)NAS CECIL FLD,02/04/2024,1705,Tornado, ,EF0,0,0,0,0,FL,EST-5, ,187456,C,31,JAX,0,0,NWS Storm Survey, ,1.38,25,3,NNE,2,SE,OTIS,02/04/2024,1707,30.2573,-81.8646,30.2764,-81.8576,"A tornado touched down adjacent to the Immanuel Baptist Church off|Sarroca Lane, or just southwest of the intersection of Normandy|Boulevard and Cecil Commerce Center Parkway, around 5:05 PM. This|small tornado, with an estimated maximum width of 25 yards, was|captured on video as it flipped a garbage dumpster on the church|property. This tornado likely lifted before crossing Normandy|Boulevard, with the parent supercell thunderstorm moving|northeastward, producing another likely touchdown near the|intersection of Brian Lakes Drive and Justin Oaks Drive North,|where the tornado was again captured on video as it damaged fences|and trees adjacent to homes in the area. This damage represents|am estimated peak wind of around 85 mph, and the non-continuous|damage path of this tornado was around 1.38 miles. The tornado|lifted before reaching Chaffee Trail Elementary School around 5:07|PM.","A storm system traversing the southeastern states lifted a warm front northward across northeast Florida during the late afternoon hours. Supercell thunderstorms developed in the vicinity of this lifting warm front, and two distinct tornadoes occurred over southwestern and western portions of Duval County. Supercell thunderstorms during the late afternoon hours also produced several reports of hail, varying in size from pea to half-dollar in diameter, across north central and northeast Florida, with funnel clouds also noted via photos and videos posted on social media.",430
1165400,MONROE CO.,SUMMERLAND KEY,02/18/2024,1302,Tornado, ,EF0,0,0,75000,0,FL,EST-5, ,189486,C,87,KEY,0,0,NWS Storm Survey, ,4.62,120,2,WSW,3,NNE,SUMMERLAND KEY,02/18/2024,1311,24.655,-81.476,24.704,-81.426,"A waterspout was observed by resident video of a |mature waterspout passing just to the north of the southern end of |Cudjoe Key, entering Cudjoe Bay on a northeast path. The waterspout |made landfall in a residential section along Cudjoe Bay near Spanish |Main Drive and moved through the Venture Out residential community of mixed single |family and manufactured residences. The EF0 rating is based on tree |damage including snapped hardwood branches and a healthy palm trunk |roughly 15 feet above the ground. The top portion of the tree fell |onto a manufactured residence with major wall damage and release of |numerous roofing panels deposited as far as 300 yards to the |northeast. Siding was removed from several residences. The tornado |exited the northeast portion of the community and traveled over the |western portion of Kemp Channel, before crossing U.S. Highway One |just west of the Kemp Channel Bridge. A small hardwood tree and |several large hardwood limbs were downed to the north just west of |the western bridge abutment.  Maximum winds near 85 mph were estimated at the Venture Out community with a patch width near 120 yards.  ||The continuing waterspout observed by resident video of a |mature waterspout approaching the western shore of Big Torch Key |from Niles Channel approximately 2.5 miles north of the Niles |Channel Bridge. The waterspout made landfall as a tornado north of |Osprey Lane and moved northeast, crossing Dorn Road about three |miles north of U.S. Highway 1. Numerous large hardwood branches |were broken off from area trees with a lightweight residential |amenities deposited along a narrow path about 125 yards to the |northeast. No assessment could be made further northeast due to |dense mangrove marshland as the tornado moved toward the northern |portion of Pine Channel. Maximum winds were estimated near 75 mph with a path width of about 80 yards on Big Torch Key.","A waterspout originating southwest of Cudjoe Bay made landfall as an EF0 tornado  over southern portions of Cudjoe Key.  The tornado crossed U.S. Highway 1, and continued northeast as a waterspout until a second landfall as an EF0 tornado over central Big Torch Key.  The tornado was associated with a supercell thunderstorm with a well-defined mesocyclone moving northeast over the Lower Florida Keys.",431
1161486,MIAMI-DADE CO.,PENNSUCO,02/18/2024,1457,Tornado, ,EFU,0,0,0,0,FL,EST-5, ,188851,C,86,MFL,0,0,Public, ,0.63,30,8,WSW,7,WSW,PENNSUCO,02/18/2024,1459,25.84,-80.49,25.8444,-80.4811,"A brief tornado touched down in Miami-Dade County approximately 4 miles north of the intersection of SW 8th street and Highway 997 (Krome Avenue). A driver reported a tornado crossing Krome Ave via social media. Minor vegetation damage was noted. Time, path length, and path width are estimated by radar and video reports from the public. Maximum wind speed and EF rating are unknown.","A low-topped supercell embedded within a line of showers moved across a portion of Broward and Miami-Dade Counties on the afternoon of February 18th, 2024 in association with a cold front moving through the area. During several different cycles in the lifetime of this low-topped supercell, tornadic activity was reported. Due to the cyclic nature of this low-topped supercell, these tornadoes' paths were discontinuous.",432
1161483,BROWARD CO.,MIRAMAR,02/18/2024,1520,Tornado, ,EF0,0,0,10000,0,FL,EST-5, ,188851,C,11,MFL,0,0,NWS Storm Survey, ,3.36,100,4,ESE,5,WNW,HOLLYWOOD N PERRY AR,02/18/2024,1525,25.98,-80.34,26.02,-80.31,"A tornado was observed in the cities of Miramar and Pembroke Pines as showers passed in the mid-afternoon. Most damage observed along the path was minor and mainly to vegetation and fencing. The tornado was rated as an EF-0 with an estimated maximum winds near 75 mph. The tornado had a non-continuous damage path length of 3.6 miles with a maximum width of 100 yards. Damage amount is estimated.","A low-topped supercell embedded within a line of showers moved across a portion of Broward and Miami-Dade Counties on the afternoon of February 18th, 2024 in association with a cold front moving through the area. During several different cycles in the lifetime of this low-topped supercell, tornadic activity was reported. Due to the cyclic nature of this low-topped supercell, these tornadoes' paths were discontinuous.",433
1161484,BROWARD CO.,DAVIE,02/18/2024,1533,Tornado, ,EF0,0,0,15000,0,FL,EST-5, ,188851,C,11,MFL,0,0,NWS Storm Survey, ,3.4,350,2,W,2,WNW,LAUDERHILL,02/18/2024,1541,26.07,-80.26,26.11,-80.23,"A tornado was observed in portions of Cooper City, Davie, and Plantation as showers passed in the mid-afternoon. Damage was mainly to vegetation, including hardwood trees, which impacted some structures. There were public reports of tree damage and metal siding debris at the Bamford Sports Complex in Davie. The tornado was rated as an EF-0 with estimated an maximum winds near 80 mph. The tornado had a non-continuous damage path length of 3.4 miles with a maximum 350 yards. Damage amount is estimated.","A low-topped supercell embedded within a line of showers moved across a portion of Broward and Miami-Dade Counties on the afternoon of February 18th, 2024 in association with a cold front moving through the area. During several different cycles in the lifetime of this low-topped supercell, tornadic activity was reported. Due to the cyclic nature of this low-topped supercell, these tornadoes' paths were discontinuous.",434
1161485,BROWARD CO.,OAKLAND PARK,02/18/2024,1555,Tornado, ,EFU,0,0,40000,0,FL,EST-5, ,188851,C,11,MFL,0,0,Social Media, ,0.19,50,1,W,1,W,OAKLAND PARK,02/18/2024,1556,26.1705,-80.143,26.17,-80.14,"The broadcast media and public described, via social media posts and pictures, a tornado occurred within a residential neighborhood in the city of Oakland Park. There were pictures of flipped cars and damaged trees. Time, path length, and path width are estimated based on radar and satellite imagery. Due to an inability to survey the area, maximum wind speeds and EF rating are unknown. Damage amount is estimated.","A low-topped supercell embedded within a line of showers moved across a portion of Broward and Miami-Dade Counties on the afternoon of February 18th, 2024 in association with a cold front moving through the area. During several different cycles in the lifetime of this low-topped supercell, tornadic activity was reported. Due to the cyclic nature of this low-topped supercell, these tornadoes' paths were discontinuous.",435
1167778,LEON CO.,MICCOSUKEE,03/09/2024,1042,Tornado, ,EF1,0,0,0,0,FL,EST-5, ,189147,C,73,TAE,0,0,NWS Storm Survey, ,2.75,355,2,NNW,3,NE,MICCOSUKEE,03/09/2024,1045,30.611,-84.0518,30.624,-84.008,"A severe thunderstorm produced a swath of straight-line wind damage on a plantation just east of Straw Pond north of Moccasin Gap Road. Winds were estimated to be at least 80 mph on this property. The storm then produced a tornado that touched down on a nearby plantation just east of Alberta Lake Road. Numerous softwood and hardwood trees were snapped and uprooted, being felled in multiple directions. Damage in this area was consistent with 100 mph winds which warrants an EF-1 rating. After causing minor damage as it crossed Veterans Memorial Drive, the tornado then paralleled T.S. Green Road in Leon County, which becomes Lake Road in Jefferson County, lifting just east of Norias Road in Jefferson County. Damage along this stretch of roads was also consistent with EF-1 damage with wind speeds generally estimated around 90 mph. The worst of the damage occurred just west of the intersection of Lake and Norias Roads, where winds were once again estimated at 100 mph.","A line of thunderstorms moved through the tri-state area ahead of a cold front. Severe weather and flash flooding accompanied this line, mainly across southeast Alabama and southwest Georgia, although a few trees were also blown down in northwest Florida. One tornado was reported in Dale County, AL, and another tornado briefly occurred in northeast Leon County, FL extending into Jefferson county, FL.",436
1167779,JEFFERSON CO.,FINCHER,03/09/2024,1045,Tornado, ,EF1,0,0,0,0,FL,EST-5, ,189147,C,65,TAE,0,0,NWS Storm Survey, ,0.67,355,3,SW,2,SW,FINCHER,03/09/2024,1051,30.624,-84.008,30.6274,-83.9974,"A severe thunderstorm produced a swath of straight-line wind damage on a plantation just east of Straw Pond north of Moccasin Gap Road. Winds were estimated to be at least 80 mph on this property. The storm then produced a tornado that touched down on a nearby plantation just east of Alberta Lake Road. Numerous softwood and hardwood trees were snapped and uprooted, being felled in multiple directions. Damage in this area was consistent with 100 mph winds which warrants an EF-1 rating. After causing minor damage as it crossed Veterans Memorial Drive, the tornado then paralleled T.S. Green Road in Leon County, which becomes Lake Road in Jefferson County, lifting just east of Norias Road in Jefferson County. Damage along this stretch of roads was also consistent with EF-1 damage with wind speeds generally estimated around 90 mph. The worst of the damage occurred just west of the intersection of Lake and Norias Roads, where winds were once again estimated at 100 mph.","A line of thunderstorms moved through the tri-state area ahead of a cold front. Severe weather and flash flooding accompanied this line, mainly across southeast Alabama and southwest Georgia, although a few trees were also blown down in northwest Florida. One tornado was reported in Dale County, AL, and another tornado briefly occurred in northeast Leon County, FL extending into Jefferson county, FL.",437
1170801,MONROE CO.,BIG COPPIT IS,03/19/2024,301,Tornado, ,EF0,0,0,2000,0,FL,EST-5, ,190468,C,87,KEY,0,0,NWS Storm Survey, ,0.26,20,1,WSW,1,WSW,BIG COPPIT IS,03/19/2024,302,24.6756,-81.3952,24.6742,-81.3914,"A brief tornado was determined to have passed from State Road 4A through Diane Avenue and Linda Street on the northern portion of Little Torch Key.  The narrow path was marked by two downed buttonwood trees, broken small and medium-sized tree branches, a destroyed plastic storage shed, and three destroyed breakaway shade canopies.  No structural damage was observed.  Estimated maximum winds were 65 to 70 mph.","A tornado was observed at Little Torch Key as rapid development of showers and thunderstorms occurred directly over the Lower and Middle Florida Keys.  A cold front was approaching from the north, with the thunderstorms development over a pre-existing convergence boundary just as northerly surface winds were spreading over the Florida Keys.",438
1170537,ST. JOHNS CO.,DURBIN,04/03/2024,1108,Tornado, ,EF0,0,0,0,0,FL,EST-5, ,190127,C,109,JAX,0,0,NWS Storm Survey, ,0.25,125,1,WSW,1,W,DURBIN,04/03/2024,1109,30.0759,-81.47,30.0778,-81.4665,"A little after Noon on 04/03/2024, a Quasi Linear Convective |System tornado briefly developed and touched down in the Beacon |Lake Neighborhood in Northern St Johns county near US highway 1. |The tornado caused damage to roofs, fences, and patio furniture |from Beam Ln east northeast into Strobe Ct and ending at Convex |Ln along it's path that measured about one quarter of a mile. A |NWS survey of the damage found the tornado was 125 yards at it's |widest point and had winds around 70 to 80 mph at it's peak. On |the right hand side of the track was damage from the storm's |rear flank downdraft in the range of 60-70 mph.","Deep lift provided by a potent trough and upper jet aided deep convection along a prefrontal trough. A stout low level jet preceded the front itself resulting in heavily sheared low levels with bulk shear around 40-50 kts in the lowest 3km. This dynamic energy fueled organized cells embedded within the larger squall line as it pressed into Suwannee Valley and interior southeast GA zones around sunrise. The line progressed to the southeast through the morning and exited to the south late in the afternoon.",439
1177855,ESCAMBIA CO.,BELLEVIEW,04/10/2024,1233,Tornado, ,EF1,0,0,0,0,FL,CST-6, ,191294,C,33,MOB,0,0,NWS Storm Survey, ,2.26,150,1,NW,2,SSW,ENSLEY,04/10/2024,1236,30.48,-87.31,30.5,-87.28,"Tornado began along Pine Forest Rd and quickly tracked northeast towards Hillcrest Ave. Numerous very large generational live oaks were uprooted with a couple snapped trunks. One of the live oaks fell on a home causing significant damage to the home, but no injuries. The tornado continued northeast with a clear convergence track and several more uprooted hardwoods. Three mobile homes were crushed by uprooted trees along cycle drive before the tornado passed over Pine Forrest High School.The tornado may have been intermittent and discontinous during this path before damage was found near Kyle Dr. and Rolling hills rd where numerous hard and softwoods were uprooted and snapped including several significant hardwood snaps. This is where the highest damage occured before traveling and dissipating somehwere near I10.","A severe line of thunderstorms moved across the Gulf Coast during the day. This line of storms produced large and damaging winds along with a couple of tornadoes.",440
1177856,SANTA ROSA CO.,FLORIDATOWN,04/10/2024,1246,Tornado, ,EF1,0,0,0,0,FL,CST-6, ,191294,C,113,MOB,0,0,NWS Storm Survey, ,2.48,75,1,ESE,2,NNE,MULAT,04/10/2024,1250,30.57,-87.15,30.58,-87.11,"The tornado began just southwest of Sterling way near Escambia Bay. The tornado quickly intensified as it approached Peach Dr. where numerous homes suffered shingle damage. A very large oak tree was snapped with several other large hardwood branches snapped. Numerous homes lost fences and as a result the tornado was rated at its peak intensity here. The tornado continued northeast across peach Dr towards Red Cedar Rd. Numerous homes suffered shingle damage, large branches removed from trees and fencing damage. A small metal shed was lifted and deposited on Red Cedar Lane and another house had multiple 2x4s shot into the side of the house. A very small but noticeable convergent path was located here. The tornado then rapidly weakened as it approached bell lane where some smaller branches were snapped. Update 4/16/2024 After review of available Planet satellite imagery, it was determined the tornado began prior to the L N railroad crossing, moving onshore off Escambia Bay. Special thanks to NASA SPoRT for providing the imagery to support this extension in the tornado path. This portion of the track was solely in the forest and will be re-assessed later for assigning DI's if higher resolution satellite imagery becomes available.","A severe line of thunderstorms moved across the Gulf Coast during the day. This line of storms produced large and damaging winds along with a couple of tornadoes.",441
1170534,ST. JOHNS CO.,MELDRIM PARK,04/11/2024,1033,Tornado, ,EF1,0,1,0,0,FL,EST-5, ,190160,C,109,JAX,0,0,Broadcast Media, ,6.7,310,1,NE,3,N,BAKERSVILLE,04/11/2024,1045,29.8853,-81.5626,29.9481,-81.4782,"Just before noon a supercell thunderstorm, embedded within |a larger squall line, generated a tornado that touched down in the|Trailmark and Samara Lakes neighborhoods. Radar data and damage |indicate that the tornado made an initial touchdown in a heavily |wooded area along County Road 13 North. The tornado rapidly moved |northeastward, reaching County Road 208 where a tree had been |snapped and fell onto an adjacent mobile home. Within the |Trailmark neighborhood, damage considered for the EF-1 rating |included destroyed fences, vinyl siding torn from residences, |roofing tiles and soffits damaged or torn from structures, |several broken windows, and destroyed screened-in patio areas. The|tornado reached peak intensity in the Trailmark neighborhood with|maximum estimated speed of 100 mph. The 6.7 mile long track ended|northeast of the the Samara Lakes neighborhood where similar |damage occurred. NWS survey results revealed the tornado reached |its widest point of 310 yards in the Samara Lakes neighborhood. |There was one minor injury associated with this tornado event.","Several waves of strong to severe storms moved across the area. One wave brought locally heavy rainfall across the Suwannee River Valley, then as the low level jet approach through midday, shear increased as did diurnal instability which then produced strong to severe storms and an isolated tornado in the World Golf Village.",442
1186960,SANTA ROSA CO.,JAY ARPT,05/10/2024,241,Tornado, ,EF2,0,0,0,0,FL,CST-6, ,191567,C,113,MOB,0,0,NWS Storm Survey, ,20.39,1000,2,SSE,5,E,MUNSON,05/10/2024,301,30.93,-87.12,30.85,-86.789,"After thorough review of available high resolution Planet satellite imagery, it was determined the EF2 tornado that ground survey crew assessed in Munson began much earlier. The tornado began south of Highway 4 to the west of Berrydale where a persistent narrow path of significant tree damage was evident on Planet imagery. This narrow swath continued to be evident in the forest south of Berrydale near Highway 4. Once the tornado passed Highway 87 N it likely intensified significantly as deforestation extent became significant and the tornado turned more to the southeast. After its southeast jog it turned back to the east reaching Highway 4 where ground survey crew initially assessed the tornado. The tornado continued along State Highway 4 about 3 miles west northwest of Munson where pine trees were snapped, and power lines were downed in a convergent pattern. The tornado peaked in intensity at an estimated 115 mph (EF2) over Munson where numerous pine trees were snapped in a convergent pattern in a swath about 450 yards wide. The tornado then took a slight jog to the east-southeast as it essentially paralleled State Highway 4 east of Munson with numerous pine and oak trees snapped on both sides of the road. As the tornado continued east of Munson across the Blackwater River State Forest, it became a broader multivortex with several prominent sub-vortices rotating about the main tornado vortex. Snaps continued into Okaloosa County Florida where the tornado is estimated to have lifted to the northwest of Baker between Highway 4 West and Sherman Kennedy Road. This survey was able to be completed with the assistance of NASA SPoRT, NASAMSFC, NASA CSDA and the NASA Disasters Program providing high resolution Planet satellite imagery. Without the availability of this remote sensing imagery, the true path length, width, and track of this tornado would not have been able to be determined.","Two storm complexes moved across southeastern Mississippi, southwestern Alabama, and into the Florida Panhandle during the early morning hours of 5/10 producing destructive straight-line winds and multiple tornadoes.",443
1186965,SANTA ROSA CO.,NEW YORK,05/10/2024,242,Tornado, ,EFU,0,0,0,0,FL,CST-6, ,191567,C,113,MOB,0,0,NWS Storm Survey, ,4.48,30,4,E,3,NNW,ALLENTOWN,05/10/2024,246,30.824,-87.1358,30.8055,-87.0635,"A new EF-U tornado has been discovered via high resolution Planet satellite imagery from the May 10th tornado event. A radar tornado debris signature was present which necessitated the review of available satellite imagery to confirm the existence of this tornado. The tornado began near Highway 89 just northeast of Chumuckla and tracked east-southeast towards Highway 87 N. The tornado likely lifted just prior to the highway as the damage path evident on satellite imagery ends just prior to the highway. Once higher resolution imagery becomes available, the tornado intensity may be able to be assessed. This survey was able to be completed with the assistance of NASA SPoRT, NASAMSFC, NASA CSDA and the NASA Disasters Program providing high resolution Planet satellite imagery. Without the availability of this remote sensing imagery, the true path length, width, and track of this tornado would not have been able to be determined.","Two storm complexes moved across southeastern Mississippi, southwestern Alabama, and into the Florida Panhandle during the early morning hours of 5/10 producing destructive straight-line winds and multiple tornadoes.",444
1186966,SANTA ROSA CO.,ALLENTOWN,05/10/2024,250,Tornado, ,EFU,0,0,0,0,FL,CST-6, ,191567,C,113,MOB,0,0,NWS Storm Survey, ,0.7,30,5,ENE,5,ENE,ALLENTOWN,05/10/2024,251,30.8071,-86.9828,30.8037,-86.9717,"A new EF-U tornado has been discovered via high resolution Planet satellite imagery from the May 10th tornado event. A radar tornado debris signature was present which necessitated the review of available satellite imagery to confirm the existence of this tornado. The tornado began east of Paul Barnes Road and solely remained in dense forest, tracking southeast of three quarters of a mile. The tornado lifted midway between Paul Barnes Road and Three Notch Trail. Once higher resolution imagery becomes available, the tornado intensity may be able to be assessed.||This survey was able to be completed with the assistance of NASA SPoRT, NASAMSFC, NASA CSDA and the NASA Disasters Program providing high resolution Planet satellite imagery. Without the availability of this remote sensing imagery, the true path length, width, and track of this tornado would not have been able to be determined.","Two storm complexes moved across southeastern Mississippi, southwestern Alabama, and into the Florida Panhandle during the early morning hours of 5/10 producing destructive straight-line winds and multiple tornadoes.",445
1186968,SANTA ROSA CO.,INDIAN FORD,05/10/2024,254,Tornado, ,EFU,0,0,0,0,FL,CST-6, ,191567,C,113,MOB,0,0,NWS Storm Survey, ,3.16,30,5,N,5,S,MUNSON,05/10/2024,258,30.7886,-86.9177,30.7815,-86.8651,"A new EF-U tornado has been discovered via high resolution Planet satellite imagery from the May 10th tornado event. A radar tornado debris signature was present which necessitated the review of available satellite imagery to confirm the existence of this tornado. The tornado began north of Red Rock Road and just east of Will Sexton Road in forested areas. The tornado tracked east-southeast eventually crossing Red Rock Road at the intersection of Pleasant Home Church Road and Bryant Bridge Road. The tornado lifted shortly after this point. Once higher resolution imagery becomes available, the tornado intensity may be able to be assessed.||This survey was able to be completed with the assistance of NASA SPoRT, NASAMSFC, NASA CSDA and the NASA Disasters Program providing high resolution Planet satellite imagery. Without the availability of this remote sensing imagery, the true path length, width, and track of this tornado would not have been able to be determined.","Two storm complexes moved across southeastern Mississippi, southwestern Alabama, and into the Florida Panhandle during the early morning hours of 5/10 producing destructive straight-line winds and multiple tornadoes.",446
1186964,OKALOOSA CO.,BEAVER CREEK,05/10/2024,301,Tornado, ,EF2,0,0,0,0,FL,CST-6, ,191567,C,91,MOB,0,0,NWS Storm Survey, ,3.57,1000,2,SSW,3,WSW,CANNON TOWN,05/10/2024,304,30.85,-86.789,30.84,-86.73,"After thorough review of available high resolution Planet satellite imagery, it was determined the EF2 tornado that ground survey crew assessed in Munson began much earlier. The tornado began south of Highway 4 to the west of Berrydale where a persistent narrow path of significant tree damage was evident on Planet imagery. This narrow swath continued to be evident in the forest south of Berrydale near Highway 4. Once the tornado passed Highway 87 N it likely intensified significantly as deforestation extent became significant and the tornado turned more to the southeast. After its southeast jog it turned back to the east reaching Highway 4 where ground survey crew initially assessed the tornado. The tornado continued along State Highway 4 about 3 miles west northwest of Munson where pine trees were snapped, and power lines were downed in a convergent pattern. The tornado peaked in intensity at an estimated 115 mph (EF2) over Munson where numerous pine trees were snapped in a convergent pattern in a swath about 450 yards wide. The tornado then took a slight jog to the east-southeast as it essentially paralleled State Highway 4 east of Munson with numerous pine and oak trees snapped on both sides of the road. As the tornado continued east of Munson across the Blackwater River State Forest, it became a broader multivortex with several prominent sub-vortices rotating about the main tornado vortex. Snaps continued into Okaloosa County Florida where the tornado is estimated to have lifted to the northwest of Baker between Highway 4 West and Sherman Kennedy Road. This survey was able to be completed with the assistance of NASA SPoRT, NASAMSFC, NASA CSDA and the NASA Disasters Program providing high resolution Planet satellite imagery. Without the availability of this remote sensing imagery, the true path length, width, and track of this tornado would not have been able to be determined.","Two storm complexes moved across southeastern Mississippi, southwestern Alabama, and into the Florida Panhandle during the early morning hours of 5/10 producing destructive straight-line winds and multiple tornadoes.",447
1186969,OKALOOSA CO.,FLORIDALE,05/10/2024,316,Tornado, ,EFU,0,0,0,0,FL,CST-6, ,191567,C,91,MOB,0,0,NWS Storm Survey, ,2.51,30,19,E,21,E,FLORIDALE,05/10/2024,318,30.7271,-86.5168,30.7089,-86.4803,"A short lived EF-U tornado began on the south side of I-10 southeast of Crestview, tracking southeast across mainly forested areas. Planet satellite imagery revealed a narrow, persistent damage path that matched up well with a radar velocity couplet. The tornado lifted south of I-10 to the west of Range Road 207. If higher resolution satellite imagery becomes available, the intensity may be able to be assessed at a later date.||This survey was able to be completed with the assistance of NASA SPoRT, NASAMSFC, NASA CSDA and the NASA Disasters Program providing high resolution Planet satellite imagery. Without the availability of this remote sensing imagery, the true path length, width, and track of this tornado would not have been able to be determined.","Two storm complexes moved across southeastern Mississippi, southwestern Alabama, and into the Florida Panhandle during the early morning hours of 5/10 producing destructive straight-line winds and multiple tornadoes.",448
1186496,WALTON CO.,MOSSY HEAD,05/10/2024,325,Tornado, ,EF0,0,0,0,0,FL,CST-6, ,191056,C,131,TAE,0,0,NWS Storm Survey, ,3.15,25,5,SW,6,SSW,MOSSY HEAD,05/10/2024,328,30.69,-86.37,30.66,-86.33,"A brief EF0 tornado touched down in western Walton county with damage to trees and vegetation. A TDS was observed on EVX radar, and hi-resolution satellite images confirmed tree damage along the path.","May was an incredibly busy month defined by heat, heavy rain, and severe thunderstorms. The main weather event occurred on the 10th when tornadoes and swaths of intense straight-line winds ravaged the Tallahassee area. A severe squall line plowed through parts of SE AL, the FL Panhandle and Big Bend early that morning and produced a total of 7 confirmed tornadoes. Three tornadoes went through Leon County, of which two, each rated EF-2 (max winds of 115 mph), simultaneously converged on Tallahassee. That same storm also was responsible for destructive wind damage in excess of 100 mph with the FAMU Weatherstem site reporting a peak gust of 84 mph, while the Tallahassee Airport gusted to 66 mph. The former surpassed the 83-mph record gust at KTLH from 9/11/1990! The resultant impacts were widespread power outages, downed/snapped/uprooted trees, and 400+ broken utility poles (exceeding Hurricane Hermine/Irma/Michael combined, per the City of TLH). Unfortunately, there were two storm-related fatalities in Tallahassee. Damage costs to the city of Tallahassee were extensive.  The city accrued at least $50 million in damages, not even including residential damages.  Residential damage was significant.  There were a total of 174 structures deemed destroyed, 742 with major damage, 780 with minor damage, and 417 that were deemed affected.  The median home price in Tallahassee as of July 2024 is roughly $286,000.  Thus, a rough estimate for residential damage is an additional $50 million for the destroyed structures (assuming $286K damage per structure), $74.2 million for the structures with major damage (assuming $100K damage per structure), $7.8 million for the structures with minor damage (assuming $10K damage per structure), and $2.1 million for the structures that were deemed affected (assuming $5,000 damage per structure). This brings the estimated grand total to $184.1 million, which will be divided equally between the two tornadoes since they merged together over the city.",449
1186498,WALTON CO.,FREEPORT,05/10/2024,347,Tornado, ,EF0,0,0,0,0,FL,CST-6, ,191056,C,131,TAE,0,0,NWS Storm Survey, ,1.38,25,4,E,5,ESE,FREEPORT,05/10/2024,349,30.48,-86.07,30.47,-86.05,"A brief EF0 tornado moved across Highway 20 west of JW Hollington Road with damage to trees along Highway 20. A brief TDS was present on EVX radar.","May was an incredibly busy month defined by heat, heavy rain, and severe thunderstorms. The main weather event occurred on the 10th when tornadoes and swaths of intense straight-line winds ravaged the Tallahassee area. A severe squall line plowed through parts of SE AL, the FL Panhandle and Big Bend early that morning and produced a total of 7 confirmed tornadoes. Three tornadoes went through Leon County, of which two, each rated EF-2 (max winds of 115 mph), simultaneously converged on Tallahassee. That same storm also was responsible for destructive wind damage in excess of 100 mph with the FAMU Weatherstem site reporting a peak gust of 84 mph, while the Tallahassee Airport gusted to 66 mph. The former surpassed the 83-mph record gust at KTLH from 9/11/1990! The resultant impacts were widespread power outages, downed/snapped/uprooted trees, and 400+ broken utility poles (exceeding Hurricane Hermine/Irma/Michael combined, per the City of TLH). Unfortunately, there were two storm-related fatalities in Tallahassee. Damage costs to the city of Tallahassee were extensive.  The city accrued at least $50 million in damages, not even including residential damages.  Residential damage was significant.  There were a total of 174 structures deemed destroyed, 742 with major damage, 780 with minor damage, and 417 that were deemed affected.  The median home price in Tallahassee as of July 2024 is roughly $286,000.  Thus, a rough estimate for residential damage is an additional $50 million for the destroyed structures (assuming $286K damage per structure), $74.2 million for the structures with major damage (assuming $100K damage per structure), $7.8 million for the structures with minor damage (assuming $10K damage per structure), and $2.1 million for the structures that were deemed affected (assuming $5,000 damage per structure). This brings the estimated grand total to $184.1 million, which will be divided equally between the two tornadoes since they merged together over the city.",450
1186532,GADSDEN CO.,SAWDUST,05/10/2024,536,Tornado, ,EF1,0,0,75000,0,FL,EST-5, ,191056,C,39,TAE,0,0,NWS Storm Survey, ,15.04,900,1,ENE,3,ESE,MIDWAY,05/10/2024,554,30.55,-84.65,30.47,-84.415,"The tornado touched down in Gadsden county, initially damaging an old barn or farm building. The tornado track southeastward, snapping and uprooting trees through the remainder of Gadsden County before crossing the Ochlockonee River and entering western Leon County just southwest of U.S. 90. The Gadsden portion of this tornado is rated EF1.","May was an incredibly busy month defined by heat, heavy rain, and severe thunderstorms. The main weather event occurred on the 10th when tornadoes and swaths of intense straight-line winds ravaged the Tallahassee area. A severe squall line plowed through parts of SE AL, the FL Panhandle and Big Bend early that morning and produced a total of 7 confirmed tornadoes. Three tornadoes went through Leon County, of which two, each rated EF-2 (max winds of 115 mph), simultaneously converged on Tallahassee. That same storm also was responsible for destructive wind damage in excess of 100 mph with the FAMU Weatherstem site reporting a peak gust of 84 mph, while the Tallahassee Airport gusted to 66 mph. The former surpassed the 83-mph record gust at KTLH from 9/11/1990! The resultant impacts were widespread power outages, downed/snapped/uprooted trees, and 400+ broken utility poles (exceeding Hurricane Hermine/Irma/Michael combined, per the City of TLH). Unfortunately, there were two storm-related fatalities in Tallahassee. Damage costs to the city of Tallahassee were extensive.  The city accrued at least $50 million in damages, not even including residential damages.  Residential damage was significant.  There were a total of 174 structures deemed destroyed, 742 with major damage, 780 with minor damage, and 417 that were deemed affected.  The median home price in Tallahassee as of July 2024 is roughly $286,000.  Thus, a rough estimate for residential damage is an additional $50 million for the destroyed structures (assuming $286K damage per structure), $74.2 million for the structures with major damage (assuming $100K damage per structure), $7.8 million for the structures with minor damage (assuming $10K damage per structure), and $2.1 million for the structures that were deemed affected (assuming $5,000 damage per structure). This brings the estimated grand total to $184.1 million, which will be divided equally between the two tornadoes since they merged together over the city.",451
1186566,GADSDEN CO.,WETUMPKA,05/10/2024,544,Tornado, ,EF0,0,0,0,0,FL,EST-5, ,191056,C,39,TAE,0,0,NWS Storm Survey, ,2.18,1100,6,SSW,6,S,WETUMPKA,05/10/2024,545,30.4058,-84.6717,30.399,-84.636,"The tornado touched down near Lake Talquin Hwy, just west of Lake Talquin, promptly producing EF-0 tree damage. It then crossed Lake Talquin a few minutes later before moving ashore on the eastern shore of Lake Talquin where it produced EF-1 damage with several snapped and uprooted trees, some of which fell on two cars and a couple of houses. The tornado would then continue heading generally east-southeast with EF-1 damage across Blountstown Hwy and along and just south of Bloxham Cutoff Road before heading more east across Apalachicola National Forest, where downed and snapped trees were noted along some of the National Forest Roads. The tornado then crossed Springhill Road near the Trout Pond GF&A Trailhead, producing high-end EF-1 damage as it did so. The tornado then continued generally east-southeast towards US- 19 near Oak Ridge Road W, continuing to produce high-end EF-1 damage. The tornado continued along Oak Ridge Road, producing EF-1 damage with several downed and snapped trees noted along the road. Another cluster of high-end EF-1 damage was noted on the west side of Woodville Hwy near Oak Ridge Road E. The tornado passed just north of Woodville Middle School, with numerous downed and snapped trees noted between Oak Ridge Rd E and Natural Bridge Road. The tornado crossed over Taff Road, where it continued to produce high-end EF-1 damage before moving over forest and farmland that was inaccessible to the survey team. Another cluster of snapped trees were noted along Old Plank Road, where the tornado was likely ongoing before lifting just east of Old Plank Road. The maximum width was around 1100 yards along Celia Road, west of Woodville.","May was an incredibly busy month defined by heat, heavy rain, and severe thunderstorms. The main weather event occurred on the 10th when tornadoes and swaths of intense straight-line winds ravaged the Tallahassee area. A severe squall line plowed through parts of SE AL, the FL Panhandle and Big Bend early that morning and produced a total of 7 confirmed tornadoes. Three tornadoes went through Leon County, of which two, each rated EF-2 (max winds of 115 mph), simultaneously converged on Tallahassee. That same storm also was responsible for destructive wind damage in excess of 100 mph with the FAMU Weatherstem site reporting a peak gust of 84 mph, while the Tallahassee Airport gusted to 66 mph. The former surpassed the 83-mph record gust at KTLH from 9/11/1990! The resultant impacts were widespread power outages, downed/snapped/uprooted trees, and 400+ broken utility poles (exceeding Hurricane Hermine/Irma/Michael combined, per the City of TLH). Unfortunately, there were two storm-related fatalities in Tallahassee. Damage costs to the city of Tallahassee were extensive.  The city accrued at least $50 million in damages, not even including residential damages.  Residential damage was significant.  There were a total of 174 structures deemed destroyed, 742 with major damage, 780 with minor damage, and 417 that were deemed affected.  The median home price in Tallahassee as of July 2024 is roughly $286,000.  Thus, a rough estimate for residential damage is an additional $50 million for the destroyed structures (assuming $286K damage per structure), $74.2 million for the structures with major damage (assuming $100K damage per structure), $7.8 million for the structures with minor damage (assuming $10K damage per structure), and $2.1 million for the structures that were deemed affected (assuming $5,000 damage per structure). This brings the estimated grand total to $184.1 million, which will be divided equally between the two tornadoes since they merged together over the city.",452
1186570,LEON CO.,BLOXHAM,05/10/2024,545,Tornado, ,EF1,0,0,250000,0,FL,EST-5, ,191056,C,73,TAE,0,0,NWS Storm Survey, ,29.26,1100,2,NW,2,N,NATURAL BRIDGE HISTORIC SITE,05/10/2024,613,30.399,-84.636,30.3105,-84.156,"The tornado touched down near Lake Talquin Hwy, just west of Lake Talquin, promptly producing EF-0 tree damage. It then crossed Lake Talquin a few minutes later before moving ashore on the eastern shore of Lake Talquin where it produced EF-1 damage with several snapped and uprooted trees, some of which fell on two cars and a couple of houses. The tornado would then continue heading generally east-southeast with EF-1 damage across Blountstown Hwy and along and just south of Bloxham Cutoff Road before heading more east across Apalachicola National Forest, where downed and snapped trees were noted along some of the National Forest Roads. The tornado then crossed Springhill Road near the Trout Pond GF&A Trailhead, producing high-end EF-1 damage as it did so. The tornado then continued generally east-southeast towards US- 19 near Oak Ridge Road W, continuing to produce high-end EF-1 damage. The tornado continued along Oak Ridge Road, producing EF-1 damage with several downed and snapped trees noted along the road. Another cluster of high-end EF-1 damage was noted on the west side of Woodville Hwy near Oak Ridge Road E. The tornado passed just north of Woodville Middle School, with numerous downed and snapped trees noted between Oak Ridge Rd E and Natural Bridge Road. The tornado crossed over Taff Road, where it continued to produce high-end EF-1 damage before moving over forest and farmland that was inaccessible to the survey team. Another cluster of snapped trees were noted along Old Plank Road, where the tornado was likely ongoing before lifting just east of Old Plank Road. The maximum width was around 1100 yards along Celia Road, west of Woodville.","May was an incredibly busy month defined by heat, heavy rain, and severe thunderstorms. The main weather event occurred on the 10th when tornadoes and swaths of intense straight-line winds ravaged the Tallahassee area. A severe squall line plowed through parts of SE AL, the FL Panhandle and Big Bend early that morning and produced a total of 7 confirmed tornadoes. Three tornadoes went through Leon County, of which two, each rated EF-2 (max winds of 115 mph), simultaneously converged on Tallahassee. That same storm also was responsible for destructive wind damage in excess of 100 mph with the FAMU Weatherstem site reporting a peak gust of 84 mph, while the Tallahassee Airport gusted to 66 mph. The former surpassed the 83-mph record gust at KTLH from 9/11/1990! The resultant impacts were widespread power outages, downed/snapped/uprooted trees, and 400+ broken utility poles (exceeding Hurricane Hermine/Irma/Michael combined, per the City of TLH). Unfortunately, there were two storm-related fatalities in Tallahassee. Damage costs to the city of Tallahassee were extensive.  The city accrued at least $50 million in damages, not even including residential damages.  Residential damage was significant.  There were a total of 174 structures deemed destroyed, 742 with major damage, 780 with minor damage, and 417 that were deemed affected.  The median home price in Tallahassee as of July 2024 is roughly $286,000.  Thus, a rough estimate for residential damage is an additional $50 million for the destroyed structures (assuming $286K damage per structure), $74.2 million for the structures with major damage (assuming $100K damage per structure), $7.8 million for the structures with minor damage (assuming $10K damage per structure), and $2.1 million for the structures that were deemed affected (assuming $5,000 damage per structure). This brings the estimated grand total to $184.1 million, which will be divided equally between the two tornadoes since they merged together over the city.",453
1186559,LEON CO.,FORT BRADEN,05/10/2024,550,Tornado, ,EF2,2,0,92100000,0,FL,EST-5, ,191056,C,73,TAE,0,0,NWS Storm Survey, ,24.81,1400,3,ENE,2,ESE,CHAIRES CROSSING,05/10/2024,614,30.44,-84.49,30.411,-84.075,"The tornado touched down in Lake Talquin State Park at Williams Landing, promptly producing EF-1 damage snapping numerous softwood and hardwood trees. The tornado would then continue trekking east-southeast before making a hard right and traveling due east as  it passed the intersection of Blountstown Highway and Ft. Braden Trail Road, producing damage consistent with an EF-1 rating by snapping numerous hardwood and softwood trees along the way. The tornado would then continue east, paralleling Blountstown Highway as it then impacted Lake Talquin State Recreational Area where it would continue producing EF-1 damage by snapping trees. The tornado would then shift its trajectory to east-southeast once again, impacting many subdivisions in the Norfleet neighborhood south of Blountstown Highway snapping numerous trees across the area. It would then continue on its east- southeast path before traveling east once again as it reached just north of the intersection of Capital Circle SW and Orange Ave W in Tallahassee. It would then go on to impact the neighborhoods of Seminole Manor and Mabry Manor snapping many trees along the way and causing damage to Sabal Palm Elementary School. The tornado would then continue its eastern track impacting Florida A&M University (FAMU) producing EF-1 damage by snapping numerous trees along the way. This included roof damage to at least two university buildings. EF-0 damage was observed a handful of times to eve's on homes and businesses as well as occasional shingle damage. The tornado would continue moving east toward Capital City Country Club Golf Course producing EF-1 damage by snapping numerous trees along the way and across the golf course. The tracks of both tornadoes moving through Tallahassee at this time converged at Capital City Country Club, with this tornado seemingly becoming the dominant circulation moving forward. As the tornado exited the golf course, very intense tree damage consistent with an EF-2 rating was observed as numerous trees were snapped at a height of around 75 feet. This most intense tree damage occurred from Country Club Dr. through the Indian Head Acres subdivisions. This is where the maximum estimated winds of 115mph most likely occurred. EF-1 damage would be observed through the remainder of its eastern trajectory as the tornado impacted Old St. Augustine Rd. It would go on producing EF-1 tree damage within the subdivision of Paradise Village East, Old Friends Rd, and areas along Southwood Plantation Rd before moving on to mostly forested areas north of Old St. Augustine Rd. The last concentrated area of EF-1 damage would be observed in neighborhoods along Louvinia Drive and WW Lee Road. The tornado would then continue east before uprooting a few trees along U.S. 27 as it moved to the Leon-Jefferson county line before dissipating. The tornado reached its maximum width of 1400yds as it crossed Monroe St. in downtown Tallahassee and entered into the Capital City Country Club Golf Course. Unfortunately, two fatalities occurred in association with this tornado, both due to trees falling. In one case, trees fell through a mobile home, and in the other case, a tree fell on a person who was outdoors.","May was an incredibly busy month defined by heat, heavy rain, and severe thunderstorms. The main weather event occurred on the 10th when tornadoes and swaths of intense straight-line winds ravaged the Tallahassee area. A severe squall line plowed through parts of SE AL, the FL Panhandle and Big Bend early that morning and produced a total of 7 confirmed tornadoes. Three tornadoes went through Leon County, of which two, each rated EF-2 (max winds of 115 mph), simultaneously converged on Tallahassee. That same storm also was responsible for destructive wind damage in excess of 100 mph with the FAMU Weatherstem site reporting a peak gust of 84 mph, while the Tallahassee Airport gusted to 66 mph. The former surpassed the 83-mph record gust at KTLH from 9/11/1990! The resultant impacts were widespread power outages, downed/snapped/uprooted trees, and 400+ broken utility poles (exceeding Hurricane Hermine/Irma/Michael combined, per the City of TLH). Unfortunately, there were two storm-related fatalities in Tallahassee. Damage costs to the city of Tallahassee were extensive.  The city accrued at least $50 million in damages, not even including residential damages.  Residential damage was significant.  There were a total of 174 structures deemed destroyed, 742 with major damage, 780 with minor damage, and 417 that were deemed affected.  The median home price in Tallahassee as of July 2024 is roughly $286,000.  Thus, a rough estimate for residential damage is an additional $50 million for the destroyed structures (assuming $286K damage per structure), $74.2 million for the structures with major damage (assuming $100K damage per structure), $7.8 million for the structures with minor damage (assuming $10K damage per structure), and $2.1 million for the structures that were deemed affected (assuming $5,000 damage per structure). This brings the estimated grand total to $184.1 million, which will be divided equally between the two tornadoes since they merged together over the city.",454
1186538,LEON CO.,ANDREW,05/10/2024,554,Tornado, ,EF2,0,0,92000000,0,FL,EST-5, ,191056,C,73,TAE,0,0,NWS Storm Survey, ,9.17,900,5,N,1,ESE,KLEMAN PLAZA,05/10/2024,603,30.47,-84.415,30.4271,-84.2694,"This is a continuation of the Gadsden county tornado. The Leon county portion of this tornado is rated EF2.  Extensive tree damage was noted at a mobile home park on Emily Loop where several homes were damaged by falling trees. The tornado caused roof and siding damage to a hotel and shopping center near the intersection of Capital Circle Northwest and U.S. 90. The tornado appears to have intensified as it moved southeast after crossing Capital Circle and approaching Blountstown Highway. EF-2 damage was noted to an automotive repair building along Blountstown Highway, along with intense tree damage, with a swath of nearly every pine tree snapped at approximately 75 feet above the ground. This level of damage continues across Pat Thomas Boulevard. Significant tree damage was noted on the campuses of Lively Technical College and Tallahassee Community College before the tornado crossed Appleyard Drive. Another area of intense tree damage was noted along Cactus Drive, consistent with an EF-2 rating. Numerous homes were damaged by falling trees. The tornado then moved through a densely populated area of single family and multi-family homes, causing widespread EF-1 tree damage. Numerous homes and businesses were damaged by falling trees as the tornado crossed Pensacola Street and approached the Florida State University Campus. Numerous trees were downed on the southwestern part of the campus. In addition, the tent housing the Florida State University Flying High Circus was destroyed and the outfield fence at Dick Howser Stadium was severely damaged. The tornado moved along Gaines Street, causing damage to a few businesses, and causing a construction crane to collapse. At Railroad Square, several warehouse buildings were severely damaged, along with the roof of the railroad depot. Snapped and uprooted trees were also noted in the downtown area, just south of the State Capital Building near the state Department of Education Building. At this point, the tornado began to turn more southeastward as it began to interact with the nearby tornado to its south. The tornado caused damage at Cascades Park, and significant tree damage in Myers Park. The tornado then moved through Country Club Estates and onto the Capital City Country Club. At this time, the track converged with that of the tornado to the south, with the tornado to the south appearing to become the dominant feature moving forward. The peak intensity EF-2 intensity of 115mph is estimated to have occurred in a couple of spots between Blountstown Highway and Cactus Street. The maximum width was approximately 900 yards.","May was an incredibly busy month defined by heat, heavy rain, and severe thunderstorms. The main weather event occurred on the 10th when tornadoes and swaths of intense straight-line winds ravaged the Tallahassee area. A severe squall line plowed through parts of SE AL, the FL Panhandle and Big Bend early that morning and produced a total of 7 confirmed tornadoes. Three tornadoes went through Leon County, of which two, each rated EF-2 (max winds of 115 mph), simultaneously converged on Tallahassee. That same storm also was responsible for destructive wind damage in excess of 100 mph with the FAMU Weatherstem site reporting a peak gust of 84 mph, while the Tallahassee Airport gusted to 66 mph. The former surpassed the 83-mph record gust at KTLH from 9/11/1990! The resultant impacts were widespread power outages, downed/snapped/uprooted trees, and 400+ broken utility poles (exceeding Hurricane Hermine/Irma/Michael combined, per the City of TLH). Unfortunately, there were two storm-related fatalities in Tallahassee. Damage costs to the city of Tallahassee were extensive.  The city accrued at least $50 million in damages, not even including residential damages.  Residential damage was significant.  There were a total of 174 structures deemed destroyed, 742 with major damage, 780 with minor damage, and 417 that were deemed affected.  The median home price in Tallahassee as of July 2024 is roughly $286,000.  Thus, a rough estimate for residential damage is an additional $50 million for the destroyed structures (assuming $286K damage per structure), $74.2 million for the structures with major damage (assuming $100K damage per structure), $7.8 million for the structures with minor damage (assuming $10K damage per structure), and $2.1 million for the structures that were deemed affected (assuming $5,000 damage per structure). This brings the estimated grand total to $184.1 million, which will be divided equally between the two tornadoes since they merged together over the city.",455
1187078,JEFFERSON CO.,LAMONT,05/10/2024,631,Tornado, ,EF0,0,0,0,0,FL,EST-5, ,191056,C,65,TAE,0,0,NWS Storm Survey, ,2.98,1300,2,SW,3,SSE,LAMONT,05/10/2024,632,30.3468,-83.8326,30.323,-83.791,"The tornado initially touched down in Jefferson county just north of the intersection of Hall Road and S Salt Road where it twisted, uprooted, and snapped many young pine trees on the side of the road as it moved southeast. The Jefferson county portion of this tornado was rated EF0. The tornado would first reach EF1 intensity as it crossed SW Mount Olive Church Road in Madison County where numerous trees were uprooted and a trailer was damaged. The tornado would then begin a more easterly trajectory where trees were snapped along the Madison-Taylor county line. It would continue east-northeast through Madison county mostly through rural areas producing concentrated areas of EF1 damage to pine and oak trees throughout the duration. The tornado would continue its path over farmland just south of state route 8, tipping and twisting many irrigation spickets as well as snapping and uprooting adjacent trees. The tornado would dissipate over a field just west of the Madison-Suwannee county border. This tornado was rated as an EF1 with maximum winds of 100 mph and a maximum|width of 1300 yards.","May was an incredibly busy month defined by heat, heavy rain, and severe thunderstorms. The main weather event occurred on the 10th when tornadoes and swaths of intense straight-line winds ravaged the Tallahassee area. A severe squall line plowed through parts of SE AL, the FL Panhandle and Big Bend early that morning and produced a total of 7 confirmed tornadoes. Three tornadoes went through Leon County, of which two, each rated EF-2 (max winds of 115 mph), simultaneously converged on Tallahassee. That same storm also was responsible for destructive wind damage in excess of 100 mph with the FAMU Weatherstem site reporting a peak gust of 84 mph, while the Tallahassee Airport gusted to 66 mph. The former surpassed the 83-mph record gust at KTLH from 9/11/1990! The resultant impacts were widespread power outages, downed/snapped/uprooted trees, and 400+ broken utility poles (exceeding Hurricane Hermine/Irma/Michael combined, per the City of TLH). Unfortunately, there were two storm-related fatalities in Tallahassee. Damage costs to the city of Tallahassee were extensive.  The city accrued at least $50 million in damages, not even including residential damages.  Residential damage was significant.  There were a total of 174 structures deemed destroyed, 742 with major damage, 780 with minor damage, and 417 that were deemed affected.  The median home price in Tallahassee as of July 2024 is roughly $286,000.  Thus, a rough estimate for residential damage is an additional $50 million for the destroyed structures (assuming $286K damage per structure), $74.2 million for the structures with major damage (assuming $100K damage per structure), $7.8 million for the structures with minor damage (assuming $10K damage per structure), and $2.1 million for the structures that were deemed affected (assuming $5,000 damage per structure). This brings the estimated grand total to $184.1 million, which will be divided equally between the two tornadoes since they merged together over the city.",456
1187079,MADISON CO.,SIRMANS,05/10/2024,632,Tornado, ,EF1,0,0,100000,0,FL,EST-5, ,191056,C,79,TAE,0,0,NWS Storm Survey, ,34.54,1300,8,WSW,7,SE,LEE,05/10/2024,702,30.323,-83.791,30.3492,-83.2126,"The tornado initially touched down in Jefferson county just north of the intersection of Hall Road and S Salt Road where it twisted, uprooted, and snapped many young pine trees on the side of the road as it moved southeast. The Jefferson county portion of this tornado was rated EF0. The tornado would first reach EF1 intensity as it crossed SW Mount Olive Church Road in Madison County where numerous trees were uprooted and a trailer was damaged. The tornado would then begin a more easterly trajectory where trees were snapped along the Madison-Taylor county line. It would continue east-northeast through Madison county mostly through rural areas producing concentrated areas of EF1 damage to pine and oak trees throughout the duration. The tornado would continue its path over farmland just south of state route 8, tipping and twisting many irrigation spickets as well as snapping and uprooting adjacent trees. The tornado would dissipate over a field just west of the Madison-Suwannee county border. This tornado was rated as an EF1 with maximum winds of 100 mph and a maximum width of 1300 yards.","May was an incredibly busy month defined by heat, heavy rain, and severe thunderstorms. The main weather event occurred on the 10th when tornadoes and swaths of intense straight-line winds ravaged the Tallahassee area. A severe squall line plowed through parts of SE AL, the FL Panhandle and Big Bend early that morning and produced a total of 7 confirmed tornadoes. Three tornadoes went through Leon County, of which two, each rated EF-2 (max winds of 115 mph), simultaneously converged on Tallahassee. That same storm also was responsible for destructive wind damage in excess of 100 mph with the FAMU Weatherstem site reporting a peak gust of 84 mph, while the Tallahassee Airport gusted to 66 mph. The former surpassed the 83-mph record gust at KTLH from 9/11/1990! The resultant impacts were widespread power outages, downed/snapped/uprooted trees, and 400+ broken utility poles (exceeding Hurricane Hermine/Irma/Michael combined, per the City of TLH). Unfortunately, there were two storm-related fatalities in Tallahassee. Damage costs to the city of Tallahassee were extensive.  The city accrued at least $50 million in damages, not even including residential damages.  Residential damage was significant.  There were a total of 174 structures deemed destroyed, 742 with major damage, 780 with minor damage, and 417 that were deemed affected.  The median home price in Tallahassee as of July 2024 is roughly $286,000.  Thus, a rough estimate for residential damage is an additional $50 million for the destroyed structures (assuming $286K damage per structure), $74.2 million for the structures with major damage (assuming $100K damage per structure), $7.8 million for the structures with minor damage (assuming $10K damage per structure), and $2.1 million for the structures that were deemed affected (assuming $5,000 damage per structure). This brings the estimated grand total to $184.1 million, which will be divided equally between the two tornadoes since they merged together over the city.",457
1185766,WALTON CO.,SANTA ROSA BEACH,05/13/2024,1044,Tornado, ,EFU,0,0,0,0,FL,CST-6, ,191959,C,131,TAE,0,0,Broadcast Media, ,0.01,10,2,ENE,2,ENE,SANTA ROSA BEACH,05/13/2024,1045,30.39,-86.18,30.39,-86.1799,"The media forwarded a video of a waterspout moving onshore as a tornado just off the US-331 bridge at North Beach social. No damage was reported.","A couple of rounds of showers and thunderstorms impacted portions of northwest Florida on May 13 and 14th ahead of a cold front. A few reports of severe weather occurred, mainly in the form of trees and power lines blown down. One waterspout also moved ashore as a tornado in south Walton county, but no damage occurred.",458
1183131,ORANGE CO.,PIEDMONT,06/06/2024,1800,Tornado, ,EF0,0,0,0,0,FL,EST-5, ,192019,C,95,MLB,0,0,Department of Highways, ,0.03,5,0,N,0,S,PIEDMONT,06/06/2024,1801,28.63,-81.45,28.6296,-81.45,"DOT cameras show a likely landspout with lofted dust along FL-414 at the intersection of US-441. No damage was reported.","Strong to Severe storms produced wind damage, severe hail, and led to one fatality over interior east central Florida.",459
1183718,MARTIN CO.,HOBE SOUND,06/12/2024,937,Tornado, ,EF1,0,0,0,0,FL,EST-5, ,192077,C,85,MLB,0,0,NWS Storm Survey, ,1.74,500,1,SW,1,SE,JUPITER IS,06/12/2024,944,27.059,-80.1412,27.0646,-80.1136,"The tornado touched down in a wooded area to the west of US-1 around 10:37 AM, very near the Island Mall shopping plaza. The system crossed US-1 where it continued to produced a swath of mainly vegetative damage, with numerous trees felled within the parking lot of a second shopping plaza. The circulation moved east toward A1A where additional damage to softwood and hardwood trees was noted in the vicinity of Hobe Sound Elementary School.||The most notable damage was along Bridge Road just before where the road crosses the Indian River Lagoon. Here, a total of 20 to 25 large ficus trees were toppled (uprooted) as a result of wind gusts that peaked between 85 to 95 mph. The tornado moved over the Indian River Lagoon and into Jupiter Island where more trees were|felled from peak winds of 75 to 85 mph. Finally, the circulation moved into the Atlantic Ocean where it briefly became a waterspout before dissipating.||The vast majority of damage related to this tornado was confined to vegetation, most notably hardwood and softwood trees. Only minor structural damage, including a home|with torn shingles and a grocery store with limited roof damage, was noted during the survey.","Storms moving offshore produced a tornado in Hobe Sound.",460
1198382,CITRUS CO.,CRYSTAL RIVER,06/16/2024,1702,Tornado, ,EFU,0,0,100000,0,FL,EST-5, ,193941,C,17,TBW,0,0,Emergency Manager, ,0.02,50,1,S,1,S,CRYSTAL RIVER,06/16/2024,1704,28.8847,-82.6012,28.8845,-82.6015,"Pictures from the public showed a funnel associated with a waterspout over Kings Bay that would later move ashore over western Kings Bay, becoming a tornado and damaging two structures. Additional pictures relayed by local EM showed significant damage to the structures, however the initial integrity of the structures in question could not be confirmed, as they were likely somewhat aged.","Developing sea breeze convection along the sea breeze produced a waterspout in Kings Bay that ultimately moved ashore near Crystal River in Citrus County, becoming a tornado and damaging two homes.",461
1183757,BREVARD CO.,EAU GALLIE,06/27/2024,1656,Tornado, ,EF0,0,0,0,0,FL,EST-5, ,192080,C,9,MLB,0,0,NWS Storm Survey, ,1.1,75,1,WSW,1,NNE,(MLB)WFO MELBOURNE A,06/27/2024,1700,28.1239,-80.652,28.1085,-80.6474,"Surveys determined that a brief EF-0 tornado occurred shortly before 6:00 PM EDT, which was on the ground for approximately 4 minutes. The preliminary width of the tornado was 75 yards with a total path length of 1.1 miles.||The tornado touched down near Adams Avenue and moved south-southeast toward Sarno Road. In this area, multiple homes experienced carport, roof, siding, and soffit damage. Several trees were uprooted or partially uprooted, large tree branches|were scattered, and a few power poles were snapped. As the tornado moved south of Sarno Road into the Ixora Park neighborhood, it continued to produce sporadic damage to trees, fences, and collapsed a pool enclosure at one home. The tornado went through a wooded area on the north side of Melbourne Airport affecting trees|and a few hangars before dissipating.","A storm merging with the sea breeze produced a tornado in Melbourne.",462
1191459,DUVAL CO.,SOUTHSIDE ESTATES,06/28/2024,1315,Tornado, ,EF1,0,0,0,0,FL,EST-5, ,193010,C,31,JAX,0,0,Emergency Manager, ,1.41,200,1,SSW,1,NNE,HOGAN,06/28/2024,1325,30.2866,-81.5547,30.2912,-81.5766,"An initial and brief touchdown occurred south of Beach Boulevard |where a parked vehicle on a car dealership lot was overturned and|tossed onto Beach Blvd. From there, the tornado did not maintain|contact with the ground; it skipped to the west northwest where |the supporting circulation tightened near a residential |neighborhood in the Holiday Hill area where significant damage |occurred. Primary damage in this area included several trees |snapped and downed powerlines in the area of Grove Park Boulevard |and Catalina Road East. Secondary damage to a home occurred due to|a large uprooted tree in the same area. The tornado then shifted|westward, crossing Pottsburg Creek before finally dissipating near|Tara Lane and Parental Home Road.","Prevailing SW flow over a moist and unstable airmass triggered strong to pulse severe storms toward the Atlantic coast where sea breeze and boundary mergers occurred.",463
1188388,LEE CO.,BONITA BEACH,06/30/2024,1316,Tornado, ,EFU,0,0,0,0,FL,EST-5, ,192549,C,71,TBW,0,0,Broadcast Media, ,0.03,15,1,NNE,1,NNE,BONITA BEACH,06/30/2024,1317,26.3611,-81.8455,26.3606,-81.8455,"Broadcast media relayed multiple videos of waterspout traversing Estero Bay near Bonita Springs, briefly becoming a tornado as it passed over a 200-foot diameter swath of an uninhabited island in the bay.","Afternoon thunderstorms associated with the sea breeze produce a waterspout over Estero Bay near Bonita Springs in Lee County. The waterspout very briefly became a tornado as it crossed over a 200-foot diameter swath of an uninhabited island in the bay before again becoming a waterspout after crossing the island.",464
1204284,PASCO CO.,ARIPEKA,07/20/2024,1515,Tornado, ,EF0,0,0,0,0,FL,EST-5, ,194759,C,101,TBW,0,0,Public, ,0.01,15,4,E,4,E,ARIPEKA,07/20/2024,1516,28.43,-82.6,28.4302,-82.5999,"Public videos depicted a very brief tornado touch down west-southwest of Spring Hill that snapped a few tree limbs, but otherwise caused no damage or injuries.","Afternoon thunderstorms associated with the sea breeze produce a brief land spout tornado in southern Hernando County and a funnel cloud in northern Pasco County, both near Spring Hill.",465
1195724,PUTNAM CO.,GEORGETOWN,07/20/2024,1800,Tornado, ,EF0,0,0,0,0,FL,EST-5, ,193246,C,107,JAX,0,0,Public, ,1.49,5,3,SE,1,SSE,GEORGETOWN,07/20/2024,1805,29.3557,-81.6157,29.3628,-81.6391,"Waterspout on Lake George went onto Drayton Island and became a land spout. No injuries or damage was reported. Photos from multiple viewpoints were relayed. Time was estimated by radar.","A prevailing SW flow combined with the river, lake and sea breezes converged east of Highway 301 in the late evening over a moist and unstable airmass. Numerous boundary mergers produced waterspouts over the St. Johns River west of Hastings, FL and over Lake George. The waterspout over Lake George shifted onto Drayton Island and became a landspout. No damages or injuries were reported. Other storms produced gusty winds and locally heavy rainfall especially across SE GA, including some localized flooding reports.",466
1195725,PUTNAM CO.,ORANGE MILLS,07/20/2024,2033,Tornado, ,EF0,0,0,0,0,FL,EST-5, ,193246,C,107,JAX,0,0,County Official, ,0.42,5,2,N,2,N,ORANGE MILLS,07/20/2024,2035,29.7156,-81.566,29.7111,-81.5706,"Waterspout was spotted by county deputy over the St. Johns River near SR 207 and Rector Road. No injuries or damage was reported.","A prevailing SW flow combined with the river, lake and sea breezes converged east of Highway 301 in the late evening over a moist and unstable airmass. Numerous boundary mergers produced waterspouts over the St. Johns River west of Hastings, FL and over Lake George. The waterspout over Lake George shifted onto Drayton Island and became a landspout. No damages or injuries were reported. Other storms produced gusty winds and locally heavy rainfall especially across SE GA, including some localized flooding reports.",467
1204294,POLK CO.,WEST LAKE WALES,07/23/2024,1630,Tornado, ,EF0,0,0,5000,0,FL,EST-5, ,194764,C,105,TBW,0,0,Broadcast Media, ,0.06,25,1,WSW,1,WSW,WEST LAKE WALES,07/23/2024,1632,27.87,-81.67,27.87,-81.671,"Broadcast media shared video from a social media account depicting a very brief land spout tornado impacting a trailer and small carport-style structure, causing minor damage. No additional damage was reported.","Afternoon thunderstorms associated with the sea breeze produce a brief land spout tornado near Lake Wales in Polk County after moving inland.",468
1224074,HARDEE CO.,BOWLING GREEN,08/04/2024,1225,Tornado, ,EF0,0,0,0,0,FL,EST-5, ,196303,C,49,TBW,0,0,Public, ,0.48,25,2,W,2,WNW,BOWLING GREEN,08/04/2024,1226,27.64,-81.85,27.6462,-81.8535,"A long-lived supercell embedded within an outer rainband associated with Tropical Storm Debby tracked north-northwestward across much of interior southwest Florida, including parts of Lee, Charlotte and DeSoto counties, before again exhibiting signs of increased organization as it moved west of Zolfo Springs in Hardee County around 12:08 EST. Continuing north-northwest, and despite a degrading radar presentation, the storm passed west of Bowling Green where a tornado was spotted and reported via a picture submitted by a NWS volunteer, around 12:25 EST. The tornado track continued into Polk County at 12:26 EST, where it would continue for approximately another two-thirds of a mile before dissipating north of County Line Rd. Maximum winds were estimated around 75 mph.","Hurricane Debby made landfall north of the local area along the Big Bend region of Florida near Steinhatchee around 7 AM EST on August 5th as a Category 1 hurricane with maximum sustained winds of 80 mph and a minimum pressure of 979 mb. Despite Debby���s track west of the Florida peninsula, impacts overspread the area from coastal locations spreading inland.|Storm surge affected the immediate coast from Ft. Myers northward through Cedar Key, where water levels peaked over 4 feet above normally dry ground across the upper Nature Coast and the Cedar Key area. Wind gusts of up to 60 to 70 mph affected much of the western Florida coast, with the strongest winds occurring along immediate coastal areas from around Tampa and St. Petersburg northward across Nature Coast locations, producing generally minor damage along with power outages. Torrential rainfall accompanied Debby as the rainbands east of its center moved across the area. Totals as high as 15 to 20 inches were reported, with hardest hit west-central and southwest Florida areas requiring numerous water rescues from flooded vehicles and homes as a result of extensive flash flooding and subsequent river flooding, and at least one official river gauge site established a new record crest. Multiple supercells embedded within outer rain bands east of Debby���s center produced at least 3 tornadoes across the area, however, associated damage remained relatively minor. |Debby���s overall impacts across the western Florida peninsula resulted in 2 direct fatalities and 3 indirect fatalities, with numerous homes and additional businesses receiving damage from freshwater flash and river flooding.",469
1225281,POLK CO.,BOWLING GREEN,08/04/2024,1226,Tornado, ,EF0,0,0,0,0,FL,EST-5, ,196303,C,105,TBW,0,0,Public, ,0.69,25,2,WNW,3,WNW,BOWLING GREEN,08/04/2024,1227,27.6462,-81.8535,27.6551,-81.8585,"Continuation of the tornado track that originated in Hardee County after a long-lived supercell embedded within an outer rainband associated with Tropical Storm Debby tracked north-northwestward across much of interior southwest Florida, including parts of Lee, Charlotte and DeSoto counties, before a tornado was spotted west of Bowling Green and reported via a picture submitted by a NWS volunteer, around 12:25 EST. The tornado crossed into Polk County at 12:26 EST before it was estimated to have dissipated shortly thereafter north of County Line Rd, after traversing a mostly rural area. Maximum winds were estimated around 75 mph.","Hurricane Debby made landfall north of the local area along the Big Bend region of Florida near Steinhatchee around 7 AM EST on August 5th as a Category 1 hurricane with maximum sustained winds of 80 mph and a minimum pressure of 979 mb. Despite Debby���s track west of the Florida peninsula, impacts overspread the area from coastal locations spreading inland.|Storm surge affected the immediate coast from Ft. Myers northward through Cedar Key, where water levels peaked over 4 feet above normally dry ground across the upper Nature Coast and the Cedar Key area. Wind gusts of up to 60 to 70 mph affected much of the western Florida coast, with the strongest winds occurring along immediate coastal areas from around Tampa and St. Petersburg northward across Nature Coast locations, producing generally minor damage along with power outages. Torrential rainfall accompanied Debby as the rainbands east of its center moved across the area. Totals as high as 15 to 20 inches were reported, with hardest hit west-central and southwest Florida areas requiring numerous water rescues from flooded vehicles and homes as a result of extensive flash flooding and subsequent river flooding, and at least one official river gauge site established a new record crest. Multiple supercells embedded within outer rain bands east of Debby���s center produced at least 3 tornadoes across the area, however, associated damage remained relatively minor. |Debby���s overall impacts across the western Florida peninsula resulted in 2 direct fatalities and 3 indirect fatalities, with numerous homes and additional businesses receiving damage from freshwater flash and river flooding.",470
1224073,POLK CO.,SOUTH MULBERRY,08/04/2024,1358,Tornado, ,EF0,0,0,0,0,FL,EST-5, ,196303,C,105,TBW,0,0,Public, ,1.52,25,3,SE,2,ESE,SOUTH MULBERRY,08/04/2024,1400,27.85,-81.88,27.8692,-81.892,"A supercell embedded within an outer rainband associated with Tropical Storm Debby began showing signs of increased organization around 13:40 EST as it moved north-northwest across southern Polk County between Bowling Green and Fort Meade. The storm continued exhibiting signs of increasing organization as it passed west of Fort Meade, before a NWS volunteer relayed video of a tornado associated with the storm around 13:58 EST just north of FL Hwy 640 near Agricola Rd. The volunteer relayed that the tornado continued on the ground for approximately 2 minutes before dissipating over open field after tracking around a mile and a half. No significant damage was reported, with likely only minor tree damage resulting from the tornado. Maximum winds were estimated around 75 mph.","Hurricane Debby made landfall north of the local area along the Big Bend region of Florida near Steinhatchee around 7 AM EST on August 5th as a Category 1 hurricane with maximum sustained winds of 80 mph and a minimum pressure of 979 mb. Despite Debby���s track west of the Florida peninsula, impacts overspread the area from coastal locations spreading inland.|Storm surge affected the immediate coast from Ft. Myers northward through Cedar Key, where water levels peaked over 4 feet above normally dry ground across the upper Nature Coast and the Cedar Key area. Wind gusts of up to 60 to 70 mph affected much of the western Florida coast, with the strongest winds occurring along immediate coastal areas from around Tampa and St. Petersburg northward across Nature Coast locations, producing generally minor damage along with power outages. Torrential rainfall accompanied Debby as the rainbands east of its center moved across the area. Totals as high as 15 to 20 inches were reported, with hardest hit west-central and southwest Florida areas requiring numerous water rescues from flooded vehicles and homes as a result of extensive flash flooding and subsequent river flooding, and at least one official river gauge site established a new record crest. Multiple supercells embedded within outer rain bands east of Debby���s center produced at least 3 tornadoes across the area, however, associated damage remained relatively minor. |Debby���s overall impacts across the western Florida peninsula resulted in 2 direct fatalities and 3 indirect fatalities, with numerous homes and additional businesses receiving damage from freshwater flash and river flooding.",471
1224075,PINELLAS CO.,MADEIRA BEACH,08/04/2024,1750,Tornado, ,EF0,0,0,25000,0,FL,EST-5, ,196303,C,103,TBW,0,0,Public, ,2.18,50,0,WSW,0,WNW,OAKHURST,08/04/2024,1753,27.7994,-82.8014,27.8309,-82.8022,"A supercell embedded within an outer rainband associated with Tropical Storm Debby produced a waterspout as it passed west of Treasure Island around 17:44 EST, that was captured on a nearby webcam. The waterspout continued northward, crossing the coast near Madeira Beach in Pinellas County around 17:50 EST, where residents reported minor damage to fencing and a trailer in the Boca Ciega Point community. Radar indicated the circulation weakened shortly thereafter with the tornado estimated to have dissipated around 17:53 EST southwest of Seminole. Maximum winds were estimated around 80 mph.","Hurricane Debby made landfall north of the local area along the Big Bend region of Florida near Steinhatchee around 7 AM EST on August 5th as a Category 1 hurricane with maximum sustained winds of 80 mph and a minimum pressure of 979 mb. Despite Debby���s track west of the Florida peninsula, impacts overspread the area from coastal locations spreading inland.|Storm surge affected the immediate coast from Ft. Myers northward through Cedar Key, where water levels peaked over 4 feet above normally dry ground across the upper Nature Coast and the Cedar Key area. Wind gusts of up to 60 to 70 mph affected much of the western Florida coast, with the strongest winds occurring along immediate coastal areas from around Tampa and St. Petersburg northward across Nature Coast locations, producing generally minor damage along with power outages. Torrential rainfall accompanied Debby as the rainbands east of its center moved across the area. Totals as high as 15 to 20 inches were reported, with hardest hit west-central and southwest Florida areas requiring numerous water rescues from flooded vehicles and homes as a result of extensive flash flooding and subsequent river flooding, and at least one official river gauge site established a new record crest. Multiple supercells embedded within outer rain bands east of Debby���s center produced at least 3 tornadoes across the area, however, associated damage remained relatively minor. |Debby���s overall impacts across the western Florida peninsula resulted in 2 direct fatalities and 3 indirect fatalities, with numerous homes and additional businesses receiving damage from freshwater flash and river flooding.",472
1198823,UNION CO.,PROVIDENCE,08/04/2024,1840,Tornado, ,EF1,0,0,0,0,FL,EST-5, ,193980,C,125,JAX,0,0,NWS Storm Survey, ,0.18,20,1,E,1,E,PROVIDENCE,08/04/2024,1841,29.9999,-82.5064,30.0011,-82.509,"The tornado produced EF1 tornado damage at 7:40 PM as it touched down |south of State road 238 by snapping the tree trunk of a large hardwood |tree. The tornado proceeded northwestward to a homes along Southwest |85th Path, overturning a travel trailer, knocking down a wooden fence, |and uprooting another hardwood tree. The tornado's last impact was |tearing off the roof of a shed along southwest 85th Path before it |lifted. The tornado was on the ground for about 1 minute and was on |the ground a distance of just under a quarter of a mile. The Tornado |had a maximum width of about 20 yards and had maximum winds up to 93 |mph.","Hurricane Debby made landfall as a Category 1 storm along the FL Big Bend coast during the early morning of August 5, 2024. Prior to landfall, outer convective bands produced tornadoes across portions of northeast Florida on August 4th. Widespread flooding moved inland with Debby across the Suwannee River Valley and inland Southeast Georgia where flash flooding and moderate to major river flooding occurred.",473
1198825,COLUMBIA CO.,MASON,08/04/2024,1856,Tornado, ,EF0,0,0,0,0,FL,EST-5, ,193980,C,23,JAX,0,0,Emergency Manager, ,1.38,20,0,N,1,S,COUNTRY CLUB ESTATES,08/04/2024,1857,30.05,-82.6,30.06,-82.62,"At 7:56 pm local time, the Columbia County EM reported an observed |            tornado on the ground off HWY 441 near Lake |            City Airpark. Time estimated via radar and |            report. At 7:57 pm, a trained spotter reported an observed tornado |            crossing I-75 about 3-4 miles south of Lake |            City. Time estimated via report and radar.","Hurricane Debby made landfall as a Category 1 storm along the FL Big Bend coast during the early morning of August 5, 2024. Prior to landfall, outer convective bands produced tornadoes across portions of northeast Florida on August 4th. Widespread flooding moved inland with Debby across the Suwannee River Valley and inland Southeast Georgia where flash flooding and moderate to major river flooding occurred.",474
1204026,SEMINOLE CO.,CAMERON CITY,08/21/2024,1018,Tornado, ,EF0,0,0,0,0,FL,EST-5, ,194735,C,117,MLB,0,0,Public, ,1.28,5,1,SE,2,ESE,CAMERON CITY,08/21/2024,1027,28.74,-81.21,28.74,-81.1889,"Reports and video from the Orlando-Sanford International Airport tower as well as public and broadcast media show a waterspout developed over Lake Jesup. It remained over the lake and did not move onshore.","A thunderstorm produced a waterspout on Lake Jesup. It did not move onshore.",475
1215145,PASCO CO.,NEW PORT RW PASCO AR,08/28/2024,1540,Tornado, ,EFU,0,0,0,0,FL,EST-5, ,196350,C,101,TBW,0,0,Public, ,0.09,10,2,NNE,1,NNE,NEW PORT RW PASCO AR,08/28/2024,1541,28.2,-82.62,28.199,-82.6209,"Public pictures relayed via social media showed a brief tornado between Odessa and Trinity. No damage was reported.","Afternoon thunderstorms associated with the sea breeze produce a brief land spout tornado near Odessa in Pasco County and residential fire due to lightning in Pinellas County.",476
1213508,NASSAU CO.,FERNANDINA BEACH,09/03/2024,939,Tornado, ,EF0,0,0,0,0,FL,EST-5, ,196125,C,89,JAX,0,0,Social Media, ,0.08,25,1,E,1,E,FERNANDINA BEACH,09/03/2024,940,30.67,-81.43,30.6709,-81.4308,"A waterspout moved onshore as a landspout on Amelia Island. There was some debris lofted near oceanfront homes, likely from the roofs, as the landspout moved inland. The location is approximated.","A front was stalled across NE FL with a meandering coastal low offshore of the local Atlantic coast. Above normal atmospheric moisture, warm temperatures aloft and slow storm motion produced localized heavy rainfall over a diurnally unstable airmass with waves of gusty showers moving onshore. Wind gusts with the coastal low along the local Atlantic coast increased to 40-50 mph after 8 pm on 9/3 through midnight along the Duval County FL coast.",477
1217134,COLLIER CO.,GOLDEN GATE,09/25/2024,2354,Tornado, ,EF0,0,0,0,0,FL,EST-5, ,196757,C,21,MFL,0,0,Public, ,0.1,25,10,ENE,10,ENE,GOLDEN GATE,09/25/2024,2354,26.202,-81.515,26.202,-81.515,"The public reported outdoor items laying across DeSoto Blvd and 16th Avenue SE in Golden Gate Estates. Lawn furniture, boat cushions, tree damage was found. A tornadic cell likely moved over this area based on radar data, with time estimated.","The center of Hurricane Helene passed about 200 miles west of Naples as a Category 3 hurricane moving N-NE over the eastern Gulf of Mexico around midday on Thursday, September 26th, then made landfall later that evening in the Florida Big Bend as a Category 4 hurricane with maximum sustained winds of 140 mph and lowest central pressure of 938 mb. The large wind field around Helene brought tropical storm force winds to a good portion of southern Florida, with the most consistent area of sustained tropical storm force winds over western Collier County on September 26th. Brief but strong tropical storm force wind gusts affected the remainder of southern Florida. Some of the strong wind gusts associated with Helene were not directly associated with rainbands, but due to the very strong pressure gradient and daytime heating which acted to mix down strong winds just above the surface. Most locations experienced some wind damage, primarily to trees. Sections of Collier County observed minor roof and structural damage from wind. ||Significant coastal flooding occurred along the Collier County coast from storm surge.|The first flooding episode, of up to moderate levels, occurred with the high tide on the morning and midday of September 26th when the initial storm surge from Helene reached the area. The subsequent low tide was muted by increasing surge from the major hurricane, with the highest and most impactful flooding occurring during the evening/night high tide cycle of September 26th and early morning of September 27th.|Tide levels reached 4.02 ft above Mean Higher High Water (MHHW) at Naples Bay near the city dock, and NWS storm surveys indicated an 3-4 feet above ground in beachfront locations in Naples, and 1-3 feet above ground in Marco Island, Goodland, Everglades City, and Chokoloskee. Storm surge flooding mainly affected streets and parking lots, but several structures near and along the coast had minor to moderate water intrusion. ||Two EF-0 tornadoes impacted Collier County with very minor damage.||The total effects of Helene in South Florida resulted in about $1.3 million in damage, almost entirely from storm surge flooding in coastal Collier County.",478
1217135,COLLIER CO.,GOLDEN GATE,09/26/2024,55,Tornado, ,EF0,0,0,0,0,FL,EST-5, ,196757,C,21,MFL,0,0,Public, ,0.1,25,10,NE,10,NE,GOLDEN GATE,09/26/2024,55,26.277,-81.556,26.277,-81.556,"The public reported trees down on Randall Boulevard two blocks east of 16th Street NE. A tornadic cell likely moved over this area based on radar data, with time estimated.","The center of Hurricane Helene passed about 200 miles west of Naples as a Category 3 hurricane moving N-NE over the eastern Gulf of Mexico around midday on Thursday, September 26th, then made landfall later that evening in the Florida Big Bend as a Category 4 hurricane with maximum sustained winds of 140 mph and lowest central pressure of 938 mb. The large wind field around Helene brought tropical storm force winds to a good portion of southern Florida, with the most consistent area of sustained tropical storm force winds over western Collier County on September 26th. Brief but strong tropical storm force wind gusts affected the remainder of southern Florida. Some of the strong wind gusts associated with Helene were not directly associated with rainbands, but due to the very strong pressure gradient and daytime heating which acted to mix down strong winds just above the surface. Most locations experienced some wind damage, primarily to trees. Sections of Collier County observed minor roof and structural damage from wind. ||Significant coastal flooding occurred along the Collier County coast from storm surge.|The first flooding episode, of up to moderate levels, occurred with the high tide on the morning and midday of September 26th when the initial storm surge from Helene reached the area. The subsequent low tide was muted by increasing surge from the major hurricane, with the highest and most impactful flooding occurring during the evening/night high tide cycle of September 26th and early morning of September 27th.|Tide levels reached 4.02 ft above Mean Higher High Water (MHHW) at Naples Bay near the city dock, and NWS storm surveys indicated an 3-4 feet above ground in beachfront locations in Naples, and 1-3 feet above ground in Marco Island, Goodland, Everglades City, and Chokoloskee. Storm surge flooding mainly affected streets and parking lots, but several structures near and along the coast had minor to moderate water intrusion. ||Two EF-0 tornadoes impacted Collier County with very minor damage.||The total effects of Helene in South Florida resulted in about $1.3 million in damage, almost entirely from storm surge flooding in coastal Collier County.",479
1220170,MONROE CO.,(EYW)KEY WEST INL AR,10/08/2024,2237,Tornado, ,EF1,0,0,0,0,FL,EST-5, ,197219,C,87,KEY,0,0,NWS Storm Survey, ,0.28,60,2,W,2,SW,STOCK IS,10/08/2024,2239,24.544,-81.804,24.548,-81.805,"A waterspout with a concentrated single vortex was |observed on the oceanside moving north shortly prior to landfall in |the Truman Annex section of Key West. The subsequent tornado moved |north through a small complex of residential apartmentments. |Numerous large hardwood tree limbs and a snapped set of umbrella |tree trunks were noted, along with removed flashing and shingles |from the corners of one of of the residential structurs. A light |pole of lightweight composite spun material snapped just above its |base along the western side of the the tornado circulation. It was |this location that the maximum estimated peak wind of 95 mph was |assessed. While not specifically rated, partially-filled trash |(approximately 96 gallons) and recycling recepticles were lofted |north and northeastward, with one impact breaking the window frame |and shattering windows on one of the apartment facilities. The |tornado bended very slightly west of due north, passing near a |chapel facility snapping numerous healthy, solid-wood large limbs |from a medium-sized gumbo limbo tree, as well as snappling the |trunks of a medium-large hardwood tree of ill health and a loaded, |unharvested medium-sized coconut palm. The differing directions of |the damage path suggested the tornado likely continued as a narrow |with estimated wind speeds of 80 to 90 mph. The tornado damage path |ended in an undeveloped portion of the Truman Annex with no sign of |continuation into the Key West-Truman Annex Inner Mole waterfront.","Hurricane Milton moved northeast across the eastern Gulf of Mexico, gradually weakening from category 5 to category 4 strength while passing, at the closest approach, about 180 statue miles to the northwest of Key West on the afternoon of October 9, 2024. Widespread lower-end tropical storm force winds overspread the Lower Florida Keys and its adjacent coastal waters producing isolated large tree limb and utility line damage. Coastal flooding in lowest elevation parts of the Florida Keys occurred initially with storm surge around 1.5 feet MHHW along the oceanside of the Florida Keys accompanied by heavy wave action on October 9th, with a secondary Gulfside and Florida Bayside storm surge of higher magnitude during the early through mid morning hours October 10th. The highest storm surge values near 3.0 feet above MHHW occurred in Key Largo along Blackwater Sound. One tornado was observed as a waterspout moved ashore the far southwest portion of Key West.",480
1219580,MIAMI-DADE CO.,FLORIDA CITY,10/09/2024,327,Tornado, ,EF1,0,0,0,0,FL,EST-5, ,196745,C,86,MFL,0,0,NWS Storm Survey, ,2.93,75,3,WSW,3,NW,FLORIDA CITY,10/09/2024,340,25.4329,-80.5207,25.4751,-80.5144,"A cluster of small supercells in Florida City and Homestead produced a brief tornado that was able to attain EF-1 intensity with estimated maximum winds of 87 mph. While the tornado never produced a tornadic debris signature, it did have a couple instances of gate to gate rotation. The tornado had a non-continuous damage path length of 2.93 miles with a maximum width of 75 yards. Most of the damage was characterized by light fence, tree, or yard damage. The worst damage was in Florida City, where several trees were reported down. Damage amount is estimated.","Hurricane Milton became a Category 5 hurricane in the southwestern Gulf of Mexico on Monday, October 7th about 735 miles SW of Tampa while moving east-southeast, then turned east and northeast on Tuesday, October 8th while maintaining Category 4 and 5 strength. Milton's maximum winds decreased as it approached the Florida peninsula on Wednesday, October 9th, and made landfall near Siesta Key as a Category 3 hurricane with maximum sustained winds of 120 mph and a minimum central pressure of 954 mb. The outer circulation of Milton began affecting South Florida late on October 8th, with sustained tropical storm force winds spreading across much of the region through the early morning hours of Thursday, October 10th. ||A total of 15 tornadoes were recorded across South Florida on Wednesday, October 9th, two of these reaching EF-3 on the Enhanced Fujita Scale.||Moderate to major coastal flooding occurred most of the Collier County coast, mainly on October 9th from late morning through the overnight. Inundation above ground was in the 2-4 foot range across much of the beach and bayfront locations across the county, with a maximum estimated inundation of near 5 feet in Chokoloskee. The tide level at the NOS gauge in Naples Bay near the city dock reached 5.08 ft above Mean Higher High Water (MHHW). ||A total of 2,900 people evacuated to refuge centers in Collier County, and about 1,000 in Palm Beach County.||All of the associated effects of Milton in South Florida resulted in 10 injuries and at least $361 million in property damage. The 15 tornadoes associated with Milton resulted in 10 injuries and at least $81 million in damage, mainly in Palm Beach and Glades counties.",481
1219710,MIAMI-DADE CO.,HOMESTEAD GEN AVN AR,10/09/2024,745,Tornado, ,EF0,0,0,0,0,FL,EST-5, ,196745,C,86,MFL,0,0,NWS Storm Survey, ,9.04,50,25,NW,30,WNW,MIAMI NEW TAMIAMI AR,10/09/2024,749,25.7157,-80.8679,25.8471,-80.8679,"This tornado was the first associated with a long track supercell that would go on to product a total of 4 tornadoes beginning in Miami-Dade County and through Collier, Hendry, and Glades counties. While a discernible tornado debris signature was not noted with the storm at this point in western Miami-Dade County, a strong gate to gate signature was present in the area where damage was found during a survey. The storm survey team found evidence indicating multiple snapped hardwood limbs and mangroves located a couple miles to the south-southwest of Fortymile Bend along Tamiami Trail in far western Miami-Dade County. The tornado was rated as an EF-0 with estimated an maximum winds near 80 mph. Time and path width are estimated based on radar evidence and damage found during the survey. Damage amount is estimated.","Hurricane Milton became a Category 5 hurricane in the southwestern Gulf of Mexico on Monday, October 7th about 735 miles SW of Tampa while moving east-southeast, then turned east and northeast on Tuesday, October 8th while maintaining Category 4 and 5 strength. Milton's maximum winds decreased as it approached the Florida peninsula on Wednesday, October 9th, and made landfall near Siesta Key as a Category 3 hurricane with maximum sustained winds of 120 mph and a minimum central pressure of 954 mb. The outer circulation of Milton began affecting South Florida late on October 8th, with sustained tropical storm force winds spreading across much of the region through the early morning hours of Thursday, October 10th. ||A total of 15 tornadoes were recorded across South Florida on Wednesday, October 9th, two of these reaching EF-3 on the Enhanced Fujita Scale.||Moderate to major coastal flooding occurred most of the Collier County coast, mainly on October 9th from late morning through the overnight. Inundation above ground was in the 2-4 foot range across much of the beach and bayfront locations across the county, with a maximum estimated inundation of near 5 feet in Chokoloskee. The tide level at the NOS gauge in Naples Bay near the city dock reached 5.08 ft above Mean Higher High Water (MHHW). ||A total of 2,900 people evacuated to refuge centers in Collier County, and about 1,000 in Palm Beach County.||All of the associated effects of Milton in South Florida resulted in 10 injuries and at least $361 million in property damage. The 15 tornadoes associated with Milton resulted in 10 injuries and at least $81 million in damage, mainly in Palm Beach and Glades counties.",482
1219753,COLLIER CO.,MONROE STATION,10/09/2024,842,Tornado, ,EFU,0,0,0,0,FL,EST-5, ,196745,C,21,MFL,0,0,NWS Storm Survey, ,9.51,50,24,NNE,27,E,SUNNILAND,10/09/2024,853,26.1261,-80.8774,26.26,-80.9,"From the same storm that produced a brief tornado across US Highway 41 in far western Miami-Dade County, a new tornado was first spotted looking southwest from the Miccosukee Rest Area at Exit 41 along Interstate 75. Florida Department of Transportation traffic cameras and numerous public videos showed the progress of a large tornado across Interstate 75 just west of the Collier/Broward County line, moving north-northwestward over rural portions of eastern Collier County to the west of Snake Road. After traveling 9.51 miles, the tornado was spotted crossing the Hendry County line and entered the Big Cypress Seminole Indian Reservation around 8:53 AM EST. There were no reports, nor storm survey findings, indicating damage caused by the tornado.","Hurricane Milton became a Category 5 hurricane in the southwestern Gulf of Mexico on Monday, October 7th about 735 miles SW of Tampa while moving east-southeast, then turned east and northeast on Tuesday, October 8th while maintaining Category 4 and 5 strength. Milton's maximum winds decreased as it approached the Florida peninsula on Wednesday, October 9th, and made landfall near Siesta Key as a Category 3 hurricane with maximum sustained winds of 120 mph and a minimum central pressure of 954 mb. The outer circulation of Milton began affecting South Florida late on October 8th, with sustained tropical storm force winds spreading across much of the region through the early morning hours of Thursday, October 10th. ||A total of 15 tornadoes were recorded across South Florida on Wednesday, October 9th, two of these reaching EF-3 on the Enhanced Fujita Scale.||Moderate to major coastal flooding occurred most of the Collier County coast, mainly on October 9th from late morning through the overnight. Inundation above ground was in the 2-4 foot range across much of the beach and bayfront locations across the county, with a maximum estimated inundation of near 5 feet in Chokoloskee. The tide level at the NOS gauge in Naples Bay near the city dock reached 5.08 ft above Mean Higher High Water (MHHW). ||A total of 2,900 people evacuated to refuge centers in Collier County, and about 1,000 in Palm Beach County.||All of the associated effects of Milton in South Florida resulted in 10 injuries and at least $361 million in property damage. The 15 tornadoes associated with Milton resulted in 10 injuries and at least $81 million in damage, mainly in Palm Beach and Glades counties.",483
1219754,HENDRY CO.,HARLEM,10/09/2024,853,Tornado, ,EFU,0,0,0,0,FL,EST-5, ,196745,C,51,MFL,0,0,Storm Chaser, ,4.01,50,33,S,28,S,HARLEM,10/09/2024,906,26.26,-80.9,26.3195,-80.9145,"The tornado first spotted near Interstate 75 just west of the Collier/Broward County line traveled a total 13.52 miles through Collier and Hendry Counties. Florida Department of Transportation traffic cameras and numerous public videos showed the progress of a large tornado across Interstate 75 and north-northwestward over rural portions of eastern Collier County to the west of Snake Road. After traveling 9.51 miles, the tornado was spotted crossing the Hendry County line and entered the Big Cypress Seminole Indian Reservation around 8:53 AM EST. It traveled north-northwestward for an additional 4.01 miles in Hendry County before dissipating. A storm chaser provided a video with debris aloft crossing Josie Billie Highway just east of Big Cypress Seminole Village. There were no reports, nor storm survey findings, indicating damage caused by the tornado.","Hurricane Milton became a Category 5 hurricane in the southwestern Gulf of Mexico on Monday, October 7th about 735 miles SW of Tampa while moving east-southeast, then turned east and northeast on Tuesday, October 8th while maintaining Category 4 and 5 strength. Milton's maximum winds decreased as it approached the Florida peninsula on Wednesday, October 9th, and made landfall near Siesta Key as a Category 3 hurricane with maximum sustained winds of 120 mph and a minimum central pressure of 954 mb. The outer circulation of Milton began affecting South Florida late on October 8th, with sustained tropical storm force winds spreading across much of the region through the early morning hours of Thursday, October 10th. ||A total of 15 tornadoes were recorded across South Florida on Wednesday, October 9th, two of these reaching EF-3 on the Enhanced Fujita Scale.||Moderate to major coastal flooding occurred most of the Collier County coast, mainly on October 9th from late morning through the overnight. Inundation above ground was in the 2-4 foot range across much of the beach and bayfront locations across the county, with a maximum estimated inundation of near 5 feet in Chokoloskee. The tide level at the NOS gauge in Naples Bay near the city dock reached 5.08 ft above Mean Higher High Water (MHHW). ||A total of 2,900 people evacuated to refuge centers in Collier County, and about 1,000 in Palm Beach County.||All of the associated effects of Milton in South Florida resulted in 10 injuries and at least $361 million in property damage. The 15 tornadoes associated with Milton resulted in 10 injuries and at least $81 million in damage, mainly in Palm Beach and Glades counties.",484
1219587,BROWARD CO.,MIRAMAR,10/09/2024,904,Tornado, ,EFU,0,0,0,0,FL,EST-5, ,196745,C,11,MFL,0,0,Storm Chaser, ,4.69,50,12,NW,16,NW,MIRAMAR,10/09/2024,915,26.1268,-80.5309,26.1921,-80.5515,"A brief tornado was observed on traffic cameras and a via a storm chaser crossing Interstate 75/Alligator Alley in western Broward County. This tornado was also sighted from far western metro Broward County near US 27. There was no visible damage since the area where the tornado was on the ground was inaccessible and unpopulated. Maximum wind speed and EF rating are unknown with path width estimated from observations.","Hurricane Milton became a Category 5 hurricane in the southwestern Gulf of Mexico on Monday, October 7th about 735 miles SW of Tampa while moving east-southeast, then turned east and northeast on Tuesday, October 8th while maintaining Category 4 and 5 strength. Milton's maximum winds decreased as it approached the Florida peninsula on Wednesday, October 9th, and made landfall near Siesta Key as a Category 3 hurricane with maximum sustained winds of 120 mph and a minimum central pressure of 954 mb. The outer circulation of Milton began affecting South Florida late on October 8th, with sustained tropical storm force winds spreading across much of the region through the early morning hours of Thursday, October 10th. ||A total of 15 tornadoes were recorded across South Florida on Wednesday, October 9th, two of these reaching EF-3 on the Enhanced Fujita Scale.||Moderate to major coastal flooding occurred most of the Collier County coast, mainly on October 9th from late morning through the overnight. Inundation above ground was in the 2-4 foot range across much of the beach and bayfront locations across the county, with a maximum estimated inundation of near 5 feet in Chokoloskee. The tide level at the NOS gauge in Naples Bay near the city dock reached 5.08 ft above Mean Higher High Water (MHHW). ||A total of 2,900 people evacuated to refuge centers in Collier County, and about 1,000 in Palm Beach County.||All of the associated effects of Milton in South Florida resulted in 10 injuries and at least $361 million in property damage. The 15 tornadoes associated with Milton resulted in 10 injuries and at least $81 million in damage, mainly in Palm Beach and Glades counties.",485
1219887,HENDRY CO.,HARLEM,10/09/2024,942,Tornado, ,EF1,0,0,0,0,FL,EST-5, ,196745,C,51,MFL,0,0,NWS Storm Survey, ,13.13,150,10,SSW,4,NE,CLEWISTON AIRGLADES,10/09/2024,1011,26.5841,-80.9634,26.7706,-81.0061,"The supercell that produced tornadoes further south, near Interstate 75 and US Highway 41, spawned a new tornado which moved through rural portions of eastern Hendry County until it passed just west of the city of Clewiston. It moved across the area of the Sky Valley neighborhood west of Clewiston around 10:10 AM before crossing county boundaries and entering Glades County at 10:11 AM EST. A public video and photo reports from the area around the Clewiston Walmart show a large tornado with debris crossing Sugarland Highway/US 27 near Sky Valley. The tornado was rated as an EF-1 with an estimated maximum winds at 95 mph. There were trees damaged and downed powerlines across the area. Path width is estimated based on pictures and video.","Hurricane Milton became a Category 5 hurricane in the southwestern Gulf of Mexico on Monday, October 7th about 735 miles SW of Tampa while moving east-southeast, then turned east and northeast on Tuesday, October 8th while maintaining Category 4 and 5 strength. Milton's maximum winds decreased as it approached the Florida peninsula on Wednesday, October 9th, and made landfall near Siesta Key as a Category 3 hurricane with maximum sustained winds of 120 mph and a minimum central pressure of 954 mb. The outer circulation of Milton began affecting South Florida late on October 8th, with sustained tropical storm force winds spreading across much of the region through the early morning hours of Thursday, October 10th. ||A total of 15 tornadoes were recorded across South Florida on Wednesday, October 9th, two of these reaching EF-3 on the Enhanced Fujita Scale.||Moderate to major coastal flooding occurred most of the Collier County coast, mainly on October 9th from late morning through the overnight. Inundation above ground was in the 2-4 foot range across much of the beach and bayfront locations across the county, with a maximum estimated inundation of near 5 feet in Chokoloskee. The tide level at the NOS gauge in Naples Bay near the city dock reached 5.08 ft above Mean Higher High Water (MHHW). ||A total of 2,900 people evacuated to refuge centers in Collier County, and about 1,000 in Palm Beach County.||All of the associated effects of Milton in South Florida resulted in 10 injuries and at least $361 million in property damage. The 15 tornadoes associated with Milton resulted in 10 injuries and at least $81 million in damage, mainly in Palm Beach and Glades counties.",486
1219888,GLADES CO.,BENBOW,10/09/2024,1011,Tornado, ,EF1,0,0,0,0,FL,EST-5, ,196745,C,43,MFL,0,0,NWS Storm Survey, ,3.84,50,2,W,3,ESE,MOORE HAVEN,10/09/2024,1020,26.7706,-81.0061,26.8212,-81.0321,"After a tornado moved through Clewiston and rural portions of eastern Hendry County, it entered sugarcane fields in southeastern Glades County around 10:11 AM EST. It traveled another 3.84 miles before dissipating at 10:10:20 AM EST. The tornado was rated as an EF-1, with a total path length of 16.97 miles, and an estimated maximum winds at 95 mph. There were trees and crops damaged across its path in Glades County.","Hurricane Milton became a Category 5 hurricane in the southwestern Gulf of Mexico on Monday, October 7th about 735 miles SW of Tampa while moving east-southeast, then turned east and northeast on Tuesday, October 8th while maintaining Category 4 and 5 strength. Milton's maximum winds decreased as it approached the Florida peninsula on Wednesday, October 9th, and made landfall near Siesta Key as a Category 3 hurricane with maximum sustained winds of 120 mph and a minimum central pressure of 954 mb. The outer circulation of Milton began affecting South Florida late on October 8th, with sustained tropical storm force winds spreading across much of the region through the early morning hours of Thursday, October 10th. ||A total of 15 tornadoes were recorded across South Florida on Wednesday, October 9th, two of these reaching EF-3 on the Enhanced Fujita Scale.||Moderate to major coastal flooding occurred most of the Collier County coast, mainly on October 9th from late morning through the overnight. Inundation above ground was in the 2-4 foot range across much of the beach and bayfront locations across the county, with a maximum estimated inundation of near 5 feet in Chokoloskee. The tide level at the NOS gauge in Naples Bay near the city dock reached 5.08 ft above Mean Higher High Water (MHHW). ||A total of 2,900 people evacuated to refuge centers in Collier County, and about 1,000 in Palm Beach County.||All of the associated effects of Milton in South Florida resulted in 10 injuries and at least $361 million in property damage. The 15 tornadoes associated with Milton resulted in 10 injuries and at least $81 million in damage, mainly in Palm Beach and Glades counties.",487
1219889,HENDRY CO.,CLEWISTON AIRGLADES,10/09/2024,1027,Tornado, ,EF1,0,0,15000,0,FL,EST-5, ,196745,C,51,MFL,0,0,NWS Storm Survey, ,19.6,50,17,SSW,10,WNW,CLEWISTON AIRGLADES,10/09/2024,1055,26.4952,-81.1237,26.77,-81.2,"A tornado was produced as a storm took on super-cellular characteristics as it exited Collier County and moved into Hendry County. Although there were no eyewitness reports, a National Weather Service survey team was able to find scattered areas of utility pole damage. Coincident with one area of pole damage was a tornadic debris signature (TDS) as the tornado crossed State Route 80 at the Hendry/Glades County line around 10:55 AM EST. The TDS dissipated and the last damage was identified just south of Palmdale in Glades County. |The tornado was rated as an EF-1, after traveling a total 29.89 miles, with an estimated maximum winds around 110 mph.","Hurricane Milton became a Category 5 hurricane in the southwestern Gulf of Mexico on Monday, October 7th about 735 miles SW of Tampa while moving east-southeast, then turned east and northeast on Tuesday, October 8th while maintaining Category 4 and 5 strength. Milton's maximum winds decreased as it approached the Florida peninsula on Wednesday, October 9th, and made landfall near Siesta Key as a Category 3 hurricane with maximum sustained winds of 120 mph and a minimum central pressure of 954 mb. The outer circulation of Milton began affecting South Florida late on October 8th, with sustained tropical storm force winds spreading across much of the region through the early morning hours of Thursday, October 10th. ||A total of 15 tornadoes were recorded across South Florida on Wednesday, October 9th, two of these reaching EF-3 on the Enhanced Fujita Scale.||Moderate to major coastal flooding occurred most of the Collier County coast, mainly on October 9th from late morning through the overnight. Inundation above ground was in the 2-4 foot range across much of the beach and bayfront locations across the county, with a maximum estimated inundation of near 5 feet in Chokoloskee. The tide level at the NOS gauge in Naples Bay near the city dock reached 5.08 ft above Mean Higher High Water (MHHW). ||A total of 2,900 people evacuated to refuge centers in Collier County, and about 1,000 in Palm Beach County.||All of the associated effects of Milton in South Florida resulted in 10 injuries and at least $361 million in property damage. The 15 tornadoes associated with Milton resulted in 10 injuries and at least $81 million in damage, mainly in Palm Beach and Glades counties.",488
1219708,PALM BEACH CO.,CARDWELL,10/09/2024,1040,Tornado, ,EF0,0,0,1000,0,FL,EST-5, ,196745,C,99,MFL,0,0,NWS Storm Survey, ,15.53,50,5,SE,7,N,CANAL PT,10/09/2024,1108,26.7286,-80.5906,26.9531,-80.615,"A tornado was spawned from a supercell that produced a tornado earlier, near the Interstate 75 and US 27 intersection in central Broward County. A storm chaser witnessed the initial touchdown of this tornado at 1040 AM EST just south of US Highway 98 before briefly lifting and then remaining on the ground for at least ten minutes. The only damage indicator found with this tornado was on the eastern edge of Lake Okeechobee just as it was about to exit Palm Beach County. There was damage to a large hardwood tree used for the classification. The tornado was rated as an EF-0 with estimated an maximum winds near 74 mph. Time and path width are estimated based on radar velocity couplet and storm chaser report. Damage amount is estimated.","Hurricane Milton became a Category 5 hurricane in the southwestern Gulf of Mexico on Monday, October 7th about 735 miles SW of Tampa while moving east-southeast, then turned east and northeast on Tuesday, October 8th while maintaining Category 4 and 5 strength. Milton's maximum winds decreased as it approached the Florida peninsula on Wednesday, October 9th, and made landfall near Siesta Key as a Category 3 hurricane with maximum sustained winds of 120 mph and a minimum central pressure of 954 mb. The outer circulation of Milton began affecting South Florida late on October 8th, with sustained tropical storm force winds spreading across much of the region through the early morning hours of Thursday, October 10th. ||A total of 15 tornadoes were recorded across South Florida on Wednesday, October 9th, two of these reaching EF-3 on the Enhanced Fujita Scale.||Moderate to major coastal flooding occurred most of the Collier County coast, mainly on October 9th from late morning through the overnight. Inundation above ground was in the 2-4 foot range across much of the beach and bayfront locations across the county, with a maximum estimated inundation of near 5 feet in Chokoloskee. The tide level at the NOS gauge in Naples Bay near the city dock reached 5.08 ft above Mean Higher High Water (MHHW). ||A total of 2,900 people evacuated to refuge centers in Collier County, and about 1,000 in Palm Beach County.||All of the associated effects of Milton in South Florida resulted in 10 injuries and at least $361 million in property damage. The 15 tornadoes associated with Milton resulted in 10 injuries and at least $81 million in damage, mainly in Palm Beach and Glades counties.",489
1219891,GLADES CO.,LAKEPORT,10/09/2024,1044,Tornado, ,EF1,0,0,0,0,FL,EST-5, ,196745,C,43,MFL,0,0,NWS Storm Survey, ,6.28,120,3,ENE,7,N,LAKEPORT,10/09/2024,1059,26.9874,-81.0846,27.0754,-81.1119,"A tornado was spawned across the western portions of Lake Okeechobee, where it was captured by the Harney Pond WeatherSTEM camera between 10:35 AM EST and 10:44 AM EST. The tornado emerged over the Herbert Hoover Dike and entered the Miller Drive/Friendship Drive neighborhood where it damaged several manufactured homes and vegetation before crossing Florida State Road 78. The tornado advanced down Click Drive where it damaged several manufactured homes, rolled an outbuilding|off its foundation, and snapped a wooden utility pole at its base. The tornado proceeded into fields to the west of the Harney Pond Canal before entering the Brighton Seminole Indian Reservation. Residents reported seeing the tornado to the west of the Harney Pond Canal from the embankment as it crossed several cattle pastures before entering the Red Barn area to the west of Brighton Seminole Village. Several mature hardwood trees were uprooted or suffered a loss of their crowns along Red Barn Road. It likely dissipated as it crossed the canal to the north around 10:59 AM EST. The tornado was rated as an EF-1, after traveling a total 6.28 miles, with an estimated maximum winds around 110 mph. Click Drive appeared to have some of the highest damage indicators attributable to building damage with this tornado damage survey. No official damage amount was available.","Hurricane Milton became a Category 5 hurricane in the southwestern Gulf of Mexico on Monday, October 7th about 735 miles SW of Tampa while moving east-southeast, then turned east and northeast on Tuesday, October 8th while maintaining Category 4 and 5 strength. Milton's maximum winds decreased as it approached the Florida peninsula on Wednesday, October 9th, and made landfall near Siesta Key as a Category 3 hurricane with maximum sustained winds of 120 mph and a minimum central pressure of 954 mb. The outer circulation of Milton began affecting South Florida late on October 8th, with sustained tropical storm force winds spreading across much of the region through the early morning hours of Thursday, October 10th. ||A total of 15 tornadoes were recorded across South Florida on Wednesday, October 9th, two of these reaching EF-3 on the Enhanced Fujita Scale.||Moderate to major coastal flooding occurred most of the Collier County coast, mainly on October 9th from late morning through the overnight. Inundation above ground was in the 2-4 foot range across much of the beach and bayfront locations across the county, with a maximum estimated inundation of near 5 feet in Chokoloskee. The tide level at the NOS gauge in Naples Bay near the city dock reached 5.08 ft above Mean Higher High Water (MHHW). ||A total of 2,900 people evacuated to refuge centers in Collier County, and about 1,000 in Palm Beach County.||All of the associated effects of Milton in South Florida resulted in 10 injuries and at least $361 million in property damage. The 15 tornadoes associated with Milton resulted in 10 injuries and at least $81 million in damage, mainly in Palm Beach and Glades counties.",490
1223127,LEE CO.,PUNTA RASSA,10/09/2024,1045,Tornado, ,EF0,0,0,50000,0,FL,EST-5, ,197468,C,71,TBW,0,0,NWS Storm Survey, ,0.24,33,1,S,1,S,PUNTA RASSA,10/09/2024,1047,26.493,-81.9965,26.4964,-81.997,"The first tornado of the day to impact Fort Myers, this supercell|went on to produce the Matlacha Tornado a few minutes later. As|the cell approached the coast, a brief tornado touched down in|the Jonathan Harbour community, causing damage to one home,|destroying a houseboat, and lifting a second pontoon boat onto a|dock. The tornado then continued into Punta Rassa Cove before|dissipating. Maximum estimated winds were 80 mph.","Hurricane Milton made landfall along the west-central Florida coast near Siesta Key at 7:30 PM EST on October 9th as a major, Category 3 hurricane with maximum sustained winds of 120 mph and a minimum pressure of 954 mb. 2 days prior to landfall on October 7th, Milton reached its peak intensity as a Category 5 hurricane with maximum sustained winds of 180 mph and a minimum pressure of 897 mb, making it the 5th most intense Atlantic hurricane of record in terms of pressure, and the strongest Atlantic hurricane since the 2005 Atlantic hurricane season. Milton would weaken due to an eyewall replacement cycle the following day before reattaining Category 5 status, before a weakening trend ensued early on the 9th and persisted through landfall due to increasing vertical wind shear and dry air. Milton produced wide ranging impacts across the western Florida panhandle from all commonly associated tropical cyclone hazards.|Milton produced a widespread swath of wind gusts of 80 to 100 mph across Pinellas, Hillsborough, Manatee and Sarasota counties, affecting the heavily populated Tampa-St. Petersburg metro area along with other large population centers including Bradenton and Sarasota. Wind gusts over 60 mph extended well into southwest Florida and up into the Nature Coast as well. Widespread significant structural and tree damage resulted from the strong winds, leading to numerous power outages that saw a peak of over 3.5 million customers without power. |Official storm surge measured by tidal gauges ranged from around 5 to 7 feet above normally dry ground in Sarasota, Charlotte and Lee counties, south of where the center moved ashore; however, peak water levels were estimated to have reached up to 10 feet above normally dry ground per NWS storm surveys following the storm, with numerous homes and structures damaged or destroyed by the storm surge across coastal Sarasota, Charlotte and Lee counties. Offshore winds north of Milton's center produced blowout tide conditions resulting in lower than normal water levels, which occurred from around Tampa Bay extending northward across coastal Nature Coast locations.|Milton produced a widespread swath of heavy rainfall just north of its track across the peninsula, with maximum storm totals of generally 12 to 18 inches and some local totals in excess of 20 inches, spanning from the Tampa Bay area north and east into parts of Pasco, Polk and Sumter counties. These heavy rains resulted in widespread flash flooding and eventually led to moderate to major river flooding, with some river gauge sites establishing new record crests as a result.|Prior to landfall, at least a dozen tornadoes impacted west central and southwest Florida as outer rainbands moved across the area, establishing a new record number of tornadoes to affect the area in a 24-hour period. The strongest of these tornadoes were two EF-2 tornadoes, one that tracked through the Fort Myers area, and another that tracked across the Lake Placid area. While the tornadoes were responsible for structural and agricultural damage, only an injury was reported.|Milton's overall impacts across the western Florida peninsula resulted in 7 direct fatalities, 4 indirect fatalities, and over $3 billion in insured losses. Over 200 homes were destroyed, with over 2,000 suffering major damage, and 5,000 suffering minor damage. Over 400 businesses were impacted by Milton.",491
1219890,GLADES CO.,GOODNO,10/09/2024,1055,Tornado, ,EF1,0,0,15000,0,FL,EST-5, ,196745,C,43,MFL,0,0,NWS Storm Survey, ,10.29,50,8,E,4,ESE,PALMDALE,10/09/2024,1111,26.7706,-81.2,26.9135,-81.2528,"A tornado formed around 10:30 AM EST as a supercell traveled northward into extreme southeastern Hendry County. Although there were no eyewitness reports of a tornado, a National Weather Service survey team was able to find scattered areas of utility pole damage. Coincide with one area of pole damage was a tornadic debris signature (TDS) as the tornado crossed State Route 80 at the Hendry/Glades County line around 10:55 AM EST. After traveling 10.29 miles northwest across southern Glades County, the TDS dissipated and the last damage was identified just south of Palmdale in the form of broken tree branches. The tornado was rated as an EF-1, after traveling a total 29.89 miles, with an estimated maximum winds around 110 mph.","Hurricane Milton became a Category 5 hurricane in the southwestern Gulf of Mexico on Monday, October 7th about 735 miles SW of Tampa while moving east-southeast, then turned east and northeast on Tuesday, October 8th while maintaining Category 4 and 5 strength. Milton's maximum winds decreased as it approached the Florida peninsula on Wednesday, October 9th, and made landfall near Siesta Key as a Category 3 hurricane with maximum sustained winds of 120 mph and a minimum central pressure of 954 mb. The outer circulation of Milton began affecting South Florida late on October 8th, with sustained tropical storm force winds spreading across much of the region through the early morning hours of Thursday, October 10th. ||A total of 15 tornadoes were recorded across South Florida on Wednesday, October 9th, two of these reaching EF-3 on the Enhanced Fujita Scale.||Moderate to major coastal flooding occurred most of the Collier County coast, mainly on October 9th from late morning through the overnight. Inundation above ground was in the 2-4 foot range across much of the beach and bayfront locations across the county, with a maximum estimated inundation of near 5 feet in Chokoloskee. The tide level at the NOS gauge in Naples Bay near the city dock reached 5.08 ft above Mean Higher High Water (MHHW). ||A total of 2,900 people evacuated to refuge centers in Collier County, and about 1,000 in Palm Beach County.||All of the associated effects of Milton in South Florida resulted in 10 injuries and at least $361 million in property damage. The 15 tornadoes associated with Milton resulted in 10 injuries and at least $81 million in damage, mainly in Palm Beach and Glades counties.",492
1223128,LEE CO.,MATLACHA,10/09/2024,1101,Tornado, ,EF1,0,0,50000,0,FL,EST-5, ,197468,C,71,TBW,0,0,NWS Storm Survey, ,0.9,100,1,NNE,1,NNW,MATLACHA,10/09/2024,1103,26.6281,-82.0679,26.6394,-82.0753,"A waterspout moved over the Matlacha area, causing roof and siding damage to several homes along the track. The worst of the damage was to two homes, one where half of the roof was ripped off, and the other was a mobile home that had half the roof ripped off and walls collapse under it. The tornado moved back over the water and dissipated. Maximum estimated winds were 105 mph.","Hurricane Milton made landfall along the west-central Florida coast near Siesta Key at 7:30 PM EST on October 9th as a major, Category 3 hurricane with maximum sustained winds of 120 mph and a minimum pressure of 954 mb. 2 days prior to landfall on October 7th, Milton reached its peak intensity as a Category 5 hurricane with maximum sustained winds of 180 mph and a minimum pressure of 897 mb, making it the 5th most intense Atlantic hurricane of record in terms of pressure, and the strongest Atlantic hurricane since the 2005 Atlantic hurricane season. Milton would weaken due to an eyewall replacement cycle the following day before reattaining Category 5 status, before a weakening trend ensued early on the 9th and persisted through landfall due to increasing vertical wind shear and dry air. Milton produced wide ranging impacts across the western Florida panhandle from all commonly associated tropical cyclone hazards.|Milton produced a widespread swath of wind gusts of 80 to 100 mph across Pinellas, Hillsborough, Manatee and Sarasota counties, affecting the heavily populated Tampa-St. Petersburg metro area along with other large population centers including Bradenton and Sarasota. Wind gusts over 60 mph extended well into southwest Florida and up into the Nature Coast as well. Widespread significant structural and tree damage resulted from the strong winds, leading to numerous power outages that saw a peak of over 3.5 million customers without power. |Official storm surge measured by tidal gauges ranged from around 5 to 7 feet above normally dry ground in Sarasota, Charlotte and Lee counties, south of where the center moved ashore; however, peak water levels were estimated to have reached up to 10 feet above normally dry ground per NWS storm surveys following the storm, with numerous homes and structures damaged or destroyed by the storm surge across coastal Sarasota, Charlotte and Lee counties. Offshore winds north of Milton's center produced blowout tide conditions resulting in lower than normal water levels, which occurred from around Tampa Bay extending northward across coastal Nature Coast locations.|Milton produced a widespread swath of heavy rainfall just north of its track across the peninsula, with maximum storm totals of generally 12 to 18 inches and some local totals in excess of 20 inches, spanning from the Tampa Bay area north and east into parts of Pasco, Polk and Sumter counties. These heavy rains resulted in widespread flash flooding and eventually led to moderate to major river flooding, with some river gauge sites establishing new record crests as a result.|Prior to landfall, at least a dozen tornadoes impacted west central and southwest Florida as outer rainbands moved across the area, establishing a new record number of tornadoes to affect the area in a 24-hour period. The strongest of these tornadoes were two EF-2 tornadoes, one that tracked through the Fort Myers area, and another that tracked across the Lake Placid area. While the tornadoes were responsible for structural and agricultural damage, only an injury was reported.|Milton's overall impacts across the western Florida peninsula resulted in 7 direct fatalities, 4 indirect fatalities, and over $3 billion in insured losses. Over 200 homes were destroyed, with over 2,000 suffering major damage, and 5,000 suffering minor damage. Over 400 businesses were impacted by Milton.",493
1223131,LEE CO.,FORT MYERS VILLAS,10/09/2024,1109,Tornado, ,EF2,0,0,500000,0,FL,EST-5, ,197468,C,71,TBW,0,0,NWS Storm Survey, ,16.29,500,2,SSE,4,NNW,NORTH FORT MYERS,10/09/2024,1141,26.5215,-81.8602,26.7498,-81.9258,"The tornado began just north of US Hwy 41 and just south of Gladiolus Drive with|some minor roof damage. The strongest damage in Fort Myers was|then noted to the north-northwest across Colonial Blvd along|Orangewood Ave, where a large portion of a roof was torn off of a|home and the wall in the garage area collapsed. Roof damage was|also noted across the street from this point, but was already|being repaired. The track continued to the north-northwest across|the Fort Myers Country Club, with snapped and uprooted trees|noted along the track as well as other minor to moderate damage|to homes. The tornado then crossed the Caloosahatchee River.|Continuing into North Fort Myers, the tornado weakened, but|continued to produce scattered tree damage before damaging|several structures in a manufactured home community. Continuing|northward, the tornado then intensified once more, and the|strongest damage was noted to a warehouse structure on the north|side of Pine Island Rd. As the tornado continued on a N-NW track,|passing through several additional neighborhoods, scattered tree|and roof damage continued to be noted. The tornado then passed|through another manufactured home community, producing|significant damage to several structures before lifting near U.S. Hwy|41.  Maximum estimated winds were 130 mph.","Hurricane Milton made landfall along the west-central Florida coast near Siesta Key at 7:30 PM EST on October 9th as a major, Category 3 hurricane with maximum sustained winds of 120 mph and a minimum pressure of 954 mb. 2 days prior to landfall on October 7th, Milton reached its peak intensity as a Category 5 hurricane with maximum sustained winds of 180 mph and a minimum pressure of 897 mb, making it the 5th most intense Atlantic hurricane of record in terms of pressure, and the strongest Atlantic hurricane since the 2005 Atlantic hurricane season. Milton would weaken due to an eyewall replacement cycle the following day before reattaining Category 5 status, before a weakening trend ensued early on the 9th and persisted through landfall due to increasing vertical wind shear and dry air. Milton produced wide ranging impacts across the western Florida panhandle from all commonly associated tropical cyclone hazards.|Milton produced a widespread swath of wind gusts of 80 to 100 mph across Pinellas, Hillsborough, Manatee and Sarasota counties, affecting the heavily populated Tampa-St. Petersburg metro area along with other large population centers including Bradenton and Sarasota. Wind gusts over 60 mph extended well into southwest Florida and up into the Nature Coast as well. Widespread significant structural and tree damage resulted from the strong winds, leading to numerous power outages that saw a peak of over 3.5 million customers without power. |Official storm surge measured by tidal gauges ranged from around 5 to 7 feet above normally dry ground in Sarasota, Charlotte and Lee counties, south of where the center moved ashore; however, peak water levels were estimated to have reached up to 10 feet above normally dry ground per NWS storm surveys following the storm, with numerous homes and structures damaged or destroyed by the storm surge across coastal Sarasota, Charlotte and Lee counties. Offshore winds north of Milton's center produced blowout tide conditions resulting in lower than normal water levels, which occurred from around Tampa Bay extending northward across coastal Nature Coast locations.|Milton produced a widespread swath of heavy rainfall just north of its track across the peninsula, with maximum storm totals of generally 12 to 18 inches and some local totals in excess of 20 inches, spanning from the Tampa Bay area north and east into parts of Pasco, Polk and Sumter counties. These heavy rains resulted in widespread flash flooding and eventually led to moderate to major river flooding, with some river gauge sites establishing new record crests as a result.|Prior to landfall, at least a dozen tornadoes impacted west central and southwest Florida as outer rainbands moved across the area, establishing a new record number of tornadoes to affect the area in a 24-hour period. The strongest of these tornadoes were two EF-2 tornadoes, one that tracked through the Fort Myers area, and another that tracked across the Lake Placid area. While the tornadoes were responsible for structural and agricultural damage, only an injury was reported.|Milton's overall impacts across the western Florida peninsula resulted in 7 direct fatalities, 4 indirect fatalities, and over $3 billion in insured losses. Over 200 homes were destroyed, with over 2,000 suffering major damage, and 5,000 suffering minor damage. Over 400 businesses were impacted by Milton.",494
1223132,HIGHLANDS CO.,WILD IS,10/09/2024,1137,Tornado, ,EF1,0,0,50000,0,FL,EST-5, ,197468,C,55,TBW,0,0,NWS Storm Survey, ,6.84,500,1,SSW,1,ENE,LORIDA,10/09/2024,1150,27.362,-81.205,27.4556,-81.2414,"Tornado estimated to have begun over rural area south of Wild|Island and county road 621 in conjunction with robust|reflectivity and velocity signatures via the distant KTBW radar.|Social media pictures and videos of the tornado emerged shortly|thereafter of the tornado passing near Wild Island while tracking|north-northwest. The tornado continued over mostly rural|countryside for another approximately five miles with additional|pictures and videos capturing it along its track, and a TDS|became apparent at a height up to around six thousand feet as the|circulation neared Hacienda Drive, about a mile before crossing|U.S. Highway 98 east of Lorida, where several power poles and|pine trees were snapped. Continuing north-northwest, the tornado|then tracked across Bluff Hammock Rd where eyewitnesses reported|its passage, and then North Lake Drive, where it peeled off large|metal roof panels of an outbuilding and buckled its doors, before|a weakening radar signature suggested the tornado likely weakened|and dissipated. Maximum estimated winds were 105 mph.","Hurricane Milton made landfall along the west-central Florida coast near Siesta Key at 7:30 PM EST on October 9th as a major, Category 3 hurricane with maximum sustained winds of 120 mph and a minimum pressure of 954 mb. 2 days prior to landfall on October 7th, Milton reached its peak intensity as a Category 5 hurricane with maximum sustained winds of 180 mph and a minimum pressure of 897 mb, making it the 5th most intense Atlantic hurricane of record in terms of pressure, and the strongest Atlantic hurricane since the 2005 Atlantic hurricane season. Milton would weaken due to an eyewall replacement cycle the following day before reattaining Category 5 status, before a weakening trend ensued early on the 9th and persisted through landfall due to increasing vertical wind shear and dry air. Milton produced wide ranging impacts across the western Florida panhandle from all commonly associated tropical cyclone hazards.|Milton produced a widespread swath of wind gusts of 80 to 100 mph across Pinellas, Hillsborough, Manatee and Sarasota counties, affecting the heavily populated Tampa-St. Petersburg metro area along with other large population centers including Bradenton and Sarasota. Wind gusts over 60 mph extended well into southwest Florida and up into the Nature Coast as well. Widespread significant structural and tree damage resulted from the strong winds, leading to numerous power outages that saw a peak of over 3.5 million customers without power. |Official storm surge measured by tidal gauges ranged from around 5 to 7 feet above normally dry ground in Sarasota, Charlotte and Lee counties, south of where the center moved ashore; however, peak water levels were estimated to have reached up to 10 feet above normally dry ground per NWS storm surveys following the storm, with numerous homes and structures damaged or destroyed by the storm surge across coastal Sarasota, Charlotte and Lee counties. Offshore winds north of Milton's center produced blowout tide conditions resulting in lower than normal water levels, which occurred from around Tampa Bay extending northward across coastal Nature Coast locations.|Milton produced a widespread swath of heavy rainfall just north of its track across the peninsula, with maximum storm totals of generally 12 to 18 inches and some local totals in excess of 20 inches, spanning from the Tampa Bay area north and east into parts of Pasco, Polk and Sumter counties. These heavy rains resulted in widespread flash flooding and eventually led to moderate to major river flooding, with some river gauge sites establishing new record crests as a result.|Prior to landfall, at least a dozen tornadoes impacted west central and southwest Florida as outer rainbands moved across the area, establishing a new record number of tornadoes to affect the area in a 24-hour period. The strongest of these tornadoes were two EF-2 tornadoes, one that tracked through the Fort Myers area, and another that tracked across the Lake Placid area. While the tornadoes were responsible for structural and agricultural damage, only an injury was reported.|Milton's overall impacts across the western Florida peninsula resulted in 7 direct fatalities, 4 indirect fatalities, and over $3 billion in insured losses. Over 200 homes were destroyed, with over 2,000 suffering major damage, and 5,000 suffering minor damage. Over 400 businesses were impacted by Milton.",495
1223133,CHARLOTTE CO.,CHARLOTTE BEACH,10/09/2024,1141,Tornado, ,EF1,0,0,30000,0,FL,EST-5, ,197468,C,15,TBW,0,0,NWS Storm Survey, ,2.2,450,2,E,2,NNE,EL JOBEAN,10/09/2024,1143,26.9443,-82.1875,26.9721,-82.205,"A brief tornado began as a waterspout in the mouth of the Myakka|River near Charlotte Harbor. As the parent cell pivoted inland,|the tornado moved onshore in El Jobean, producing EF1 damage in|the small community along the river. After moving through, the|tornado quickly dissipated. Maximum estimated winds were 95 mph.","Hurricane Milton made landfall along the west-central Florida coast near Siesta Key at 7:30 PM EST on October 9th as a major, Category 3 hurricane with maximum sustained winds of 120 mph and a minimum pressure of 954 mb. 2 days prior to landfall on October 7th, Milton reached its peak intensity as a Category 5 hurricane with maximum sustained winds of 180 mph and a minimum pressure of 897 mb, making it the 5th most intense Atlantic hurricane of record in terms of pressure, and the strongest Atlantic hurricane since the 2005 Atlantic hurricane season. Milton would weaken due to an eyewall replacement cycle the following day before reattaining Category 5 status, before a weakening trend ensued early on the 9th and persisted through landfall due to increasing vertical wind shear and dry air. Milton produced wide ranging impacts across the western Florida panhandle from all commonly associated tropical cyclone hazards.|Milton produced a widespread swath of wind gusts of 80 to 100 mph across Pinellas, Hillsborough, Manatee and Sarasota counties, affecting the heavily populated Tampa-St. Petersburg metro area along with other large population centers including Bradenton and Sarasota. Wind gusts over 60 mph extended well into southwest Florida and up into the Nature Coast as well. Widespread significant structural and tree damage resulted from the strong winds, leading to numerous power outages that saw a peak of over 3.5 million customers without power. |Official storm surge measured by tidal gauges ranged from around 5 to 7 feet above normally dry ground in Sarasota, Charlotte and Lee counties, south of where the center moved ashore; however, peak water levels were estimated to have reached up to 10 feet above normally dry ground per NWS storm surveys following the storm, with numerous homes and structures damaged or destroyed by the storm surge across coastal Sarasota, Charlotte and Lee counties. Offshore winds north of Milton's center produced blowout tide conditions resulting in lower than normal water levels, which occurred from around Tampa Bay extending northward across coastal Nature Coast locations.|Milton produced a widespread swath of heavy rainfall just north of its track across the peninsula, with maximum storm totals of generally 12 to 18 inches and some local totals in excess of 20 inches, spanning from the Tampa Bay area north and east into parts of Pasco, Polk and Sumter counties. These heavy rains resulted in widespread flash flooding and eventually led to moderate to major river flooding, with some river gauge sites establishing new record crests as a result.|Prior to landfall, at least a dozen tornadoes impacted west central and southwest Florida as outer rainbands moved across the area, establishing a new record number of tornadoes to affect the area in a 24-hour period. The strongest of these tornadoes were two EF-2 tornadoes, one that tracked through the Fort Myers area, and another that tracked across the Lake Placid area. While the tornadoes were responsible for structural and agricultural damage, only an injury was reported.|Milton's overall impacts across the western Florida peninsula resulted in 7 direct fatalities, 4 indirect fatalities, and over $3 billion in insured losses. Over 200 homes were destroyed, with over 2,000 suffering major damage, and 5,000 suffering minor damage. Over 400 businesses were impacted by Milton.",496
1223134,CHARLOTTE CO.,TUCKERS CORNER,10/09/2024,1154,Tornado, ,EF0,0,0,25000,0,FL,EST-5, ,197468,C,15,TBW,0,0,NWS Storm Survey, ,0.5,25,5,WSW,5,WSW,TUCKERS CORNER,10/09/2024,1156,26.8199,-81.8348,26.8272,-81.8348,"A brief tornado touched down from the same cyclical|supercell that produced the longer-lived Fort Myers tornado. A|debris signature was noted on local radar in the vicinity, and|several trees were uprooted and one structure was damaged while a|camper was overturned. Maximum estimated winds were 85 mph.","Hurricane Milton made landfall along the west-central Florida coast near Siesta Key at 7:30 PM EST on October 9th as a major, Category 3 hurricane with maximum sustained winds of 120 mph and a minimum pressure of 954 mb. 2 days prior to landfall on October 7th, Milton reached its peak intensity as a Category 5 hurricane with maximum sustained winds of 180 mph and a minimum pressure of 897 mb, making it the 5th most intense Atlantic hurricane of record in terms of pressure, and the strongest Atlantic hurricane since the 2005 Atlantic hurricane season. Milton would weaken due to an eyewall replacement cycle the following day before reattaining Category 5 status, before a weakening trend ensued early on the 9th and persisted through landfall due to increasing vertical wind shear and dry air. Milton produced wide ranging impacts across the western Florida panhandle from all commonly associated tropical cyclone hazards.|Milton produced a widespread swath of wind gusts of 80 to 100 mph across Pinellas, Hillsborough, Manatee and Sarasota counties, affecting the heavily populated Tampa-St. Petersburg metro area along with other large population centers including Bradenton and Sarasota. Wind gusts over 60 mph extended well into southwest Florida and up into the Nature Coast as well. Widespread significant structural and tree damage resulted from the strong winds, leading to numerous power outages that saw a peak of over 3.5 million customers without power. |Official storm surge measured by tidal gauges ranged from around 5 to 7 feet above normally dry ground in Sarasota, Charlotte and Lee counties, south of where the center moved ashore; however, peak water levels were estimated to have reached up to 10 feet above normally dry ground per NWS storm surveys following the storm, with numerous homes and structures damaged or destroyed by the storm surge across coastal Sarasota, Charlotte and Lee counties. Offshore winds north of Milton's center produced blowout tide conditions resulting in lower than normal water levels, which occurred from around Tampa Bay extending northward across coastal Nature Coast locations.|Milton produced a widespread swath of heavy rainfall just north of its track across the peninsula, with maximum storm totals of generally 12 to 18 inches and some local totals in excess of 20 inches, spanning from the Tampa Bay area north and east into parts of Pasco, Polk and Sumter counties. These heavy rains resulted in widespread flash flooding and eventually led to moderate to major river flooding, with some river gauge sites establishing new record crests as a result.|Prior to landfall, at least a dozen tornadoes impacted west central and southwest Florida as outer rainbands moved across the area, establishing a new record number of tornadoes to affect the area in a 24-hour period. The strongest of these tornadoes were two EF-2 tornadoes, one that tracked through the Fort Myers area, and another that tracked across the Lake Placid area. While the tornadoes were responsible for structural and agricultural damage, only an injury was reported.|Milton's overall impacts across the western Florida peninsula resulted in 7 direct fatalities, 4 indirect fatalities, and over $3 billion in insured losses. Over 200 homes were destroyed, with over 2,000 suffering major damage, and 5,000 suffering minor damage. Over 400 businesses were impacted by Milton.",497
1223135,CHARLOTTE CO.,CLEVELAND,10/09/2024,1210,Tornado, ,EF0,0,0,5000,0,FL,EST-5, ,197468,C,15,TBW,0,0,NWS Storm Survey, ,0.09,50,8,ENE,8,ENE,CLEVELAND,10/09/2024,1212,26.988,-81.8705,26.9893,-81.8709,"Two homes along Cypress Grove Circle sustained minor damage to pool|cages attached to them, with no additional damage to the homes or|nearby surroundings. Maximum estimated winds were 70 mph.","Hurricane Milton made landfall along the west-central Florida coast near Siesta Key at 7:30 PM EST on October 9th as a major, Category 3 hurricane with maximum sustained winds of 120 mph and a minimum pressure of 954 mb. 2 days prior to landfall on October 7th, Milton reached its peak intensity as a Category 5 hurricane with maximum sustained winds of 180 mph and a minimum pressure of 897 mb, making it the 5th most intense Atlantic hurricane of record in terms of pressure, and the strongest Atlantic hurricane since the 2005 Atlantic hurricane season. Milton would weaken due to an eyewall replacement cycle the following day before reattaining Category 5 status, before a weakening trend ensued early on the 9th and persisted through landfall due to increasing vertical wind shear and dry air. Milton produced wide ranging impacts across the western Florida panhandle from all commonly associated tropical cyclone hazards.|Milton produced a widespread swath of wind gusts of 80 to 100 mph across Pinellas, Hillsborough, Manatee and Sarasota counties, affecting the heavily populated Tampa-St. Petersburg metro area along with other large population centers including Bradenton and Sarasota. Wind gusts over 60 mph extended well into southwest Florida and up into the Nature Coast as well. Widespread significant structural and tree damage resulted from the strong winds, leading to numerous power outages that saw a peak of over 3.5 million customers without power. |Official storm surge measured by tidal gauges ranged from around 5 to 7 feet above normally dry ground in Sarasota, Charlotte and Lee counties, south of where the center moved ashore; however, peak water levels were estimated to have reached up to 10 feet above normally dry ground per NWS storm surveys following the storm, with numerous homes and structures damaged or destroyed by the storm surge across coastal Sarasota, Charlotte and Lee counties. Offshore winds north of Milton's center produced blowout tide conditions resulting in lower than normal water levels, which occurred from around Tampa Bay extending northward across coastal Nature Coast locations.|Milton produced a widespread swath of heavy rainfall just north of its track across the peninsula, with maximum storm totals of generally 12 to 18 inches and some local totals in excess of 20 inches, spanning from the Tampa Bay area north and east into parts of Pasco, Polk and Sumter counties. These heavy rains resulted in widespread flash flooding and eventually led to moderate to major river flooding, with some river gauge sites establishing new record crests as a result.|Prior to landfall, at least a dozen tornadoes impacted west central and southwest Florida as outer rainbands moved across the area, establishing a new record number of tornadoes to affect the area in a 24-hour period. The strongest of these tornadoes were two EF-2 tornadoes, one that tracked through the Fort Myers area, and another that tracked across the Lake Placid area. While the tornadoes were responsible for structural and agricultural damage, only an injury was reported.|Milton's overall impacts across the western Florida peninsula resulted in 7 direct fatalities, 4 indirect fatalities, and over $3 billion in insured losses. Over 200 homes were destroyed, with over 2,000 suffering major damage, and 5,000 suffering minor damage. Over 400 businesses were impacted by Milton.",498
1220133,OKEECHOBEE CO.,OKEECHOBEE CO ARPT,10/09/2024,1304,Tornado, ,EF2,0,2,3500000,0,FL,EST-5, ,197213,C,93,MLB,0,0,NWS Storm Survey, ,8.5,250,2,WNW,4,E,BASINGER,10/09/2024,1320,27.2822,-80.8798,27.3823,-80.9577,"A tornado impacted portions of southwest Okeechobee County, where it produced widespread EF-1 and at least some EF-2 damage. Based on radar analysis and public reports, the tornado touched down south of US-98 just northwest of the Okeechobee County Airport. ||The first damage encountered during a NWS Storm Survey was on the path was on US-98 where a manufactured home was lifted from its foundation, stripped from the tie downs, and thrown northward nearly 200 yards while being completely destroyed. Two individuals were injured at this location. A steel/metal barn was damaged on its south side; metal was torn off and the steel structure was bent and twisted. Here, the damage was consistent with both EF-1 and EF-2 winds of 90 - 115 mph.||Along US-98, agricultural irrigation equipment was flipped over. A home suffered partial roof loss and the remaining roof appeared shifted to the north based on columns facing the road. A palm tree was also snapped in half at this property. Along NW 67th Ln, another mobile home was destroyed and a small farm outbuilding collapsed. Maximum winds on this portion of the track ranged from 95 - 110 mph, or EF-1 strength.||From there, the tornado continued into Dixie Ranch Acres. Block by block, multiple homes suffered roof and soffit damage, and many outbuildings were either damaged or destroyed. At least one home lost over 20% of its roof. Substantial tree damage occurred, with many losing large branches. There was at least one instance of a hardwood tree being snapped only feet from the ground. EF-1 winds occurred throughout the path in Dixie Ranch Acres, with winds of 90 - 110 mph.||Beyond this location, no damage was noted as the tornado moved into open pasture. However, based on dual-polarimetric radar data, the tornado continued for approximately 4 miles to the northwest before lifting near NW 160th St.","Hurricane Milton moved ashore the west-central Florida coast as a category 3 hurricane on Oct 9 around 1930EST. The system continued slowly in an east-northeast trajectory across central Florida, becoming a category 1 hurricane before emerging into the Atlantic Ocean near Cape Canaveral. The outer rainbands of Milton overspread the Florida peninsula earlier in the day, leading to a prolific tornado outbreak across Okeechobee, Martin, St. Lucie, Indian River, Osceola and Brevard counties with over 19 confirmed tornadoes within a 4-hour period. Milton's slow forward motion produced very heavy rainfall, with significant urban and street flooding particularly near and north of the center's track, as well as a significant river flood event along the St. Johns. Considerable tree damage and some structural damage occurred due to the system's tropical storm force winds, and hurricane force wind gusts, particularly near and north of the track of the center.",499
1220131,MARTIN CO.,INDIANTOWN CRL T ARP,10/09/2024,1305,Tornado, ,EF0,0,0,100000,0,FL,EST-5, ,197213,C,85,MLB,0,0,NWS Storm Survey, ,5.57,200,7,NNE,8,WNW,LIGHTHOUSE PT,10/09/2024,1315,27.127,-80.384,27.206,-80.402,"The tornado initially touched down in a wooded area in Martin County, to the south of the SW Martin Hwy and I-95 Interchange. Martin County Fire Rescue reported a tractor trailer was flipped by the tornado near mile marker 109. The circulation continued north along the interstate, downing numerous trees along its path with estimated peak wind speeds of 75 to 85 mph. The tornado continued into St. Lucie County very near the intersection of the County Line Canal and Interstate 95 (near Mile Marker 114).","Hurricane Milton moved ashore the west-central Florida coast as a category 3 hurricane on Oct 9 around 1930EST. The system continued slowly in an east-northeast trajectory across central Florida, becoming a category 1 hurricane before emerging into the Atlantic Ocean near Cape Canaveral. The outer rainbands of Milton overspread the Florida peninsula earlier in the day, leading to a prolific tornado outbreak across Okeechobee, Martin, St. Lucie, Indian River, Osceola and Brevard counties with over 19 confirmed tornadoes within a 4-hour period. Milton's slow forward motion produced very heavy rainfall, with significant urban and street flooding particularly near and north of the center's track, as well as a significant river flood event along the St. Johns. Considerable tree damage and some structural damage occurred due to the system's tropical storm force winds, and hurricane force wind gusts, particularly near and north of the track of the center.",500
